experiment,fold,filename,true_label,prediction,correct
Exp1_XGB_baseline,1,Train5.csv,Normal,Normal,True
Exp1_XGB_baseline,1,Train11.csv,Normal,Normal,True
Exp1_XGB_baseline,1,Train12.csv,Side II,Normal,False
Exp1_XGB_baseline,1,Train16.csv,Normal,Normal,True
Exp1_XGB_baseline,1,Train19.csv,Normal,Normal,True
Exp1_XGB_baseline,1,Train22.csv,Normal,Normal,True
Exp1_XGB_baseline,1,Train24.csv,Normal,Normal,True
Exp1_XGB_baseline,1,Train26.csv,Side II,Side II,True
Exp1_XGB_baseline,1,Train29.csv,Normal,Normal,True
Exp1_XGB_baseline,1,Train30.csv,Side II,Normal,False
Exp1_XGB_baseline,1,Train34.csv,Normal,Normal,True
Exp1_XGB_baseline,1,Train37.csv,Normal,Normal,True
Exp1_XGB_baseline,1,Train42.csv,Normal,Normal,True
Exp1_XGB_baseline,1,Train66.csv,Normal,Normal,True
Exp1_XGB_baseline,1,Train78.csv,Normal,Normal,True
Exp1_XGB_baseline,1,Train82.csv,Normal,Normal,True
Exp1_XGB_baseline,1,Train92.csv,Normal,Normal,True
Exp1_XGB_baseline,1,Train94.csv,Normal,Normal,True
Exp1_XGB_baseline,1,Train95.csv,Normal,Normal,True
Exp1_XGB_baseline,1,Train96.csv,Normal,Normal,True
Exp1_XGB_baseline,1,Train97.csv,Normal,Normal,True
Exp1_XGB_baseline,1,Train100.csv,Side I,Side II,False
Exp1_XGB_baseline,1,Train109.csv,Normal,Normal,True
Exp1_XGB_baseline,1,Train115.csv,Normal,Normal,True
Exp1_XGB_baseline,1,Train119.csv,Normal,Normal,True
Exp1_XGB_baseline,1,Train120.csv,Normal,Normal,True
Exp1_XGB_baseline,1,Train123.csv,Normal,Normal,True
Exp1_XGB_baseline,1,Train134.csv,Normal,Normal,True
Exp1_XGB_baseline,1,Train138.csv,Normal,Normal,True
Exp1_XGB_baseline,1,Train142.csv,Normal,Normal,True
Exp1_XGB_baseline,1,Train143.csv,Normal,Normal,True
Exp1_XGB_baseline,1,Train146.csv,Normal,Normal,True
Exp1_XGB_baseline,1,Train147.csv,Normal,Normal,True
Exp1_XGB_baseline,1,Train149.csv,Normal,Normal,True
Exp1_XGB_baseline,1,Train152.csv,Normal,Normal,True
Exp1_XGB_baseline,1,Train161.csv,Normal,Normal,True
Exp1_XGB_baseline,1,Train165.csv,Normal,Normal,True
Exp1_XGB_baseline,1,Train167.csv,Normal,Normal,True
Exp1_XGB_baseline,1,Train172.csv,Normal,Normal,True
Exp1_XGB_baseline,1,Train177.csv,Normal,Side I,False
Exp1_XGB_baseline,1,Train180.csv,Side I,Normal,False
Exp1_XGB_baseline,1,Train182.csv,Normal,Normal,True
Exp1_XGB_baseline,1,Train185.csv,Side I,Normal,False
Exp1_XGB_baseline,1,Train195.csv,Normal,Normal,True
Exp1_XGB_baseline,1,Train196.csv,Normal,Normal,True
Exp1_XGB_baseline,1,Train198.csv,Side II,Side II,True
Exp1_XGB_baseline,1,Train206.csv,Normal,Normal,True
Exp1_XGB_baseline,1,Train208.csv,Normal,Normal,True
Exp1_XGB_baseline,1,Train212.csv,Normal,Normal,True
Exp1_XGB_baseline,1,Train216.csv,Side II,Normal,False
Exp1_XGB_baseline,1,Train236.csv,Normal,Normal,True
Exp1_XGB_baseline,1,Train244.csv,Normal,Normal,True
Exp1_XGB_baseline,1,Train247.csv,Normal,Normal,True
Exp1_XGB_baseline,1,Train263.csv,Normal,Normal,True
Exp1_XGB_baseline,1,Train269.csv,Normal,Normal,True
Exp1_XGB_baseline,2,Train1.csv,Normal,Normal,True
Exp1_XGB_baseline,2,Train9.csv,Normal,Normal,True
Exp1_XGB_baseline,2,Train14.csv,Normal,Normal,True
Exp1_XGB_baseline,2,Train31.csv,Normal,Normal,True
Exp1_XGB_baseline,2,Train33.csv,Normal,Normal,True
Exp1_XGB_baseline,2,Train36.csv,Normal,Normal,True
Exp1_XGB_baseline,2,Train43.csv,Side II,Side I,False
Exp1_XGB_baseline,2,Train49.csv,Normal,Normal,True
Exp1_XGB_baseline,2,Train52.csv,Normal,Normal,True
Exp1_XGB_baseline,2,Train53.csv,Side II,Side II,True
Exp1_XGB_baseline,2,Train65.csv,Normal,Normal,True
Exp1_XGB_baseline,2,Train73.csv,Normal,Normal,True
Exp1_XGB_baseline,2,Train76.csv,Normal,Normal,True
Exp1_XGB_baseline,2,Train77.csv,Normal,Normal,True
Exp1_XGB_baseline,2,Train81.csv,Normal,Normal,True
Exp1_XGB_baseline,2,Train84.csv,Normal,Normal,True
Exp1_XGB_baseline,2,Train88.csv,Normal,Normal,True
Exp1_XGB_baseline,2,Train102.csv,Normal,Normal,True
Exp1_XGB_baseline,2,Train108.csv,Normal,Normal,True
Exp1_XGB_baseline,2,Train113.csv,Normal,Normal,True
Exp1_XGB_baseline,2,Train121.csv,Side I,Normal,False
Exp1_XGB_baseline,2,Train122.csv,Normal,Normal,True
Exp1_XGB_baseline,2,Train129.csv,Normal,Normal,True
Exp1_XGB_baseline,2,Train130.csv,Normal,Normal,True
Exp1_XGB_baseline,2,Train136.csv,Normal,Normal,True
Exp1_XGB_baseline,2,Train150.csv,Side I,Side I,True
Exp1_XGB_baseline,2,Train154.csv,Normal,Normal,True
Exp1_XGB_baseline,2,Train158.csv,Normal,Normal,True
Exp1_XGB_baseline,2,Train160.csv,Normal,Normal,True
Exp1_XGB_baseline,2,Train171.csv,Normal,Normal,True
Exp1_XGB_baseline,2,Train174.csv,Normal,Normal,True
Exp1_XGB_baseline,2,Train184.csv,Normal,Normal,True
Exp1_XGB_baseline,2,Train191.csv,Normal,Normal,True
Exp1_XGB_baseline,2,Train193.csv,Normal,Normal,True
Exp1_XGB_baseline,2,Train194.csv,Side I,Normal,False
Exp1_XGB_baseline,2,Train200.csv,Normal,Normal,True
Exp1_XGB_baseline,2,Train201.csv,Normal,Normal,True
Exp1_XGB_baseline,2,Train205.csv,Normal,Normal,True
Exp1_XGB_baseline,2,Train207.csv,Side II,Side II,True
Exp1_XGB_baseline,2,Train209.csv,Normal,Normal,True
Exp1_XGB_baseline,2,Train215.csv,Normal,Normal,True
Exp1_XGB_baseline,2,Train217.csv,Side II,Normal,False
Exp1_XGB_baseline,2,Train222.csv,Normal,Normal,True
Exp1_XGB_baseline,2,Train223.csv,Normal,Normal,True
Exp1_XGB_baseline,2,Train225.csv,Normal,Normal,True
Exp1_XGB_baseline,2,Train233.csv,Normal,Normal,True
Exp1_XGB_baseline,2,Train234.csv,Normal,Normal,True
Exp1_XGB_baseline,2,Train235.csv,Normal,Normal,True
Exp1_XGB_baseline,2,Train237.csv,Normal,Normal,True
Exp1_XGB_baseline,2,Train248.csv,Side II,Side II,True
Exp1_XGB_baseline,2,Train249.csv,Normal,Normal,True
Exp1_XGB_baseline,2,Train256.csv,Normal,Normal,True
Exp1_XGB_baseline,2,Train258.csv,Normal,Normal,True
Exp1_XGB_baseline,2,Train266.csv,Normal,Normal,True
Exp1_XGB_baseline,2,Train270.csv,Normal,Normal,True
Exp1_XGB_baseline,3,Train2.csv,Side II,Side II,True
Exp1_XGB_baseline,3,Train6.csv,Normal,Normal,True
Exp1_XGB_baseline,3,Train7.csv,Normal,Normal,True
Exp1_XGB_baseline,3,Train20.csv,Normal,Normal,True
Exp1_XGB_baseline,3,Train25.csv,Normal,Normal,True
Exp1_XGB_baseline,3,Train38.csv,Normal,Normal,True
Exp1_XGB_baseline,3,Train39.csv,Normal,Normal,True
Exp1_XGB_baseline,3,Train48.csv,Normal,Normal,True
Exp1_XGB_baseline,3,Train54.csv,Normal,Normal,True
Exp1_XGB_baseline,3,Train61.csv,Normal,Normal,True
Exp1_XGB_baseline,3,Train63.csv,Normal,Normal,True
Exp1_XGB_baseline,3,Train67.csv,Normal,Normal,True
Exp1_XGB_baseline,3,Train70.csv,Normal,Normal,True
Exp1_XGB_baseline,3,Train72.csv,Side II,Side II,True
Exp1_XGB_baseline,3,Train75.csv,Normal,Normal,True
Exp1_XGB_baseline,3,Train79.csv,Normal,Normal,True
Exp1_XGB_baseline,3,Train80.csv,Normal,Normal,True
Exp1_XGB_baseline,3,Train83.csv,Side I,Normal,False
Exp1_XGB_baseline,3,Train85.csv,Normal,Normal,True
Exp1_XGB_baseline,3,Train89.csv,Normal,Normal,True
Exp1_XGB_baseline,3,Train91.csv,Normal,Normal,True
Exp1_XGB_baseline,3,Train98.csv,Normal,Normal,True
Exp1_XGB_baseline,3,Train99.csv,Normal,Normal,True
Exp1_XGB_baseline,3,Train104.csv,Side II,Side II,True
Exp1_XGB_baseline,3,Train110.csv,Normal,Normal,True
Exp1_XGB_baseline,3,Train114.csv,Normal,Normal,True
Exp1_XGB_baseline,3,Train124.csv,Normal,Normal,True
Exp1_XGB_baseline,3,Train125.csv,Normal,Normal,True
Exp1_XGB_baseline,3,Train126.csv,Normal,Normal,True
Exp1_XGB_baseline,3,Train127.csv,Side II,Side II,True
Exp1_XGB_baseline,3,Train133.csv,Normal,Normal,True
Exp1_XGB_baseline,3,Train135.csv,Normal,Normal,True
Exp1_XGB_baseline,3,Train139.csv,Normal,Normal,True
Exp1_XGB_baseline,3,Train141.csv,Normal,Normal,True
Exp1_XGB_baseline,3,Train151.csv,Normal,Normal,True
Exp1_XGB_baseline,3,Train155.csv,Normal,Normal,True
Exp1_XGB_baseline,3,Train163.csv,Side I,Side I,True
Exp1_XGB_baseline,3,Train164.csv,Side II,Side II,True
Exp1_XGB_baseline,3,Train166.csv,Normal,Normal,True
Exp1_XGB_baseline,3,Train175.csv,Normal,Normal,True
Exp1_XGB_baseline,3,Train183.csv,Normal,Normal,True
Exp1_XGB_baseline,3,Train186.csv,Normal,Normal,True
Exp1_XGB_baseline,3,Train197.csv,Normal,Normal,True
Exp1_XGB_baseline,3,Train211.csv,Normal,Normal,True
Exp1_XGB_baseline,3,Train219.csv,Normal,Normal,True
Exp1_XGB_baseline,3,Train224.csv,Normal,Normal,True
Exp1_XGB_baseline,3,Train243.csv,Normal,Normal,True
Exp1_XGB_baseline,3,Train251.csv,Normal,Side II,False
Exp1_XGB_baseline,3,Train253.csv,Normal,Normal,True
Exp1_XGB_baseline,3,Train254.csv,Normal,Normal,True
Exp1_XGB_baseline,3,Train255.csv,Normal,Normal,True
Exp1_XGB_baseline,3,Train261.csv,Normal,Normal,True
Exp1_XGB_baseline,3,Train268.csv,Normal,Normal,True
Exp1_XGB_baseline,3,Train272.csv,Normal,Normal,True
Exp1_XGB_baseline,4,Train4.csv,Normal,Normal,True
Exp1_XGB_baseline,4,Train18.csv,Normal,Normal,True
Exp1_XGB_baseline,4,Train27.csv,Normal,Normal,True
Exp1_XGB_baseline,4,Train32.csv,Normal,Normal,True
Exp1_XGB_baseline,4,Train35.csv,Normal,Normal,True
Exp1_XGB_baseline,4,Train40.csv,Normal,Normal,True
Exp1_XGB_baseline,4,Train41.csv,Normal,Normal,True
Exp1_XGB_baseline,4,Train44.csv,Normal,Normal,True
Exp1_XGB_baseline,4,Train45.csv,Normal,Normal,True
Exp1_XGB_baseline,4,Train46.csv,Normal,Normal,True
Exp1_XGB_baseline,4,Train55.csv,Normal,Normal,True
Exp1_XGB_baseline,4,Train56.csv,Normal,Normal,True
Exp1_XGB_baseline,4,Train57.csv,Normal,Normal,True
Exp1_XGB_baseline,4,Train59.csv,Normal,Normal,True
Exp1_XGB_baseline,4,Train64.csv,Normal,Normal,True
Exp1_XGB_baseline,4,Train68.csv,Normal,Normal,True
Exp1_XGB_baseline,4,Train69.csv,Normal,Normal,True
Exp1_XGB_baseline,4,Train86.csv,Normal,Normal,True
Exp1_XGB_baseline,4,Train87.csv,Normal,Normal,True
Exp1_XGB_baseline,4,Train93.csv,Side II,Side II,True
Exp1_XGB_baseline,4,Train103.csv,Side II,Normal,False
Exp1_XGB_baseline,4,Train105.csv,Normal,Normal,True
Exp1_XGB_baseline,4,Train107.csv,Normal,Normal,True
Exp1_XGB_baseline,4,Train112.csv,Normal,Normal,True
Exp1_XGB_baseline,4,Train116.csv,Normal,Normal,True
Exp1_XGB_baseline,4,Train118.csv,Normal,Normal,True
Exp1_XGB_baseline,4,Train128.csv,Normal,Normal,True
Exp1_XGB_baseline,4,Train131.csv,Normal,Normal,True
Exp1_XGB_baseline,4,Train132.csv,Normal,Normal,True
Exp1_XGB_baseline,4,Train145.csv,Normal,Normal,True
Exp1_XGB_baseline,4,Train148.csv,Normal,Normal,True
Exp1_XGB_baseline,4,Train153.csv,Normal,Normal,True
Exp1_XGB_baseline,4,Train157.csv,Normal,Normal,True
Exp1_XGB_baseline,4,Train159.csv,Normal,Normal,True
Exp1_XGB_baseline,4,Train162.csv,Normal,Normal,True
Exp1_XGB_baseline,4,Train168.csv,Normal,Normal,True
Exp1_XGB_baseline,4,Train170.csv,Side I,Normal,False
Exp1_XGB_baseline,4,Train176.csv,Normal,Normal,True
Exp1_XGB_baseline,4,Train178.csv,Normal,Normal,True
Exp1_XGB_baseline,4,Train181.csv,Normal,Normal,True
Exp1_XGB_baseline,4,Train188.csv,Side II,Side II,True
Exp1_XGB_baseline,4,Train192.csv,Normal,Normal,True
Exp1_XGB_baseline,4,Train202.csv,Side I,Normal,False
Exp1_XGB_baseline,4,Train213.csv,Side I,Normal,False
Exp1_XGB_baseline,4,Train214.csv,Normal,Normal,True
Exp1_XGB_baseline,4,Train227.csv,Normal,Normal,True
Exp1_XGB_baseline,4,Train232.csv,Normal,Normal,True
Exp1_XGB_baseline,4,Train238.csv,Normal,Normal,True
Exp1_XGB_baseline,4,Train241.csv,Normal,Normal,True
Exp1_XGB_baseline,4,Train245.csv,Normal,Normal,True
Exp1_XGB_baseline,4,Train250.csv,Normal,Normal,True
Exp1_XGB_baseline,4,Train252.csv,Normal,Normal,True
Exp1_XGB_baseline,4,Train267.csv,Side II,Side II,True
Exp1_XGB_baseline,4,Train271.csv,Normal,Normal,True
Exp1_XGB_baseline,5,Train3.csv,Normal,Normal,True
Exp1_XGB_baseline,5,Train8.csv,Normal,Normal,True
Exp1_XGB_baseline,5,Train10.csv,Normal,Normal,True
Exp1_XGB_baseline,5,Train13.csv,Normal,Normal,True
Exp1_XGB_baseline,5,Train15.csv,Normal,Normal,True
Exp1_XGB_baseline,5,Train17.csv,Normal,Normal,True
Exp1_XGB_baseline,5,Train21.csv,Normal,Normal,True
Exp1_XGB_baseline,5,Train23.csv,Normal,Normal,True
Exp1_XGB_baseline,5,Train28.csv,Normal,Normal,True
Exp1_XGB_baseline,5,Train47.csv,Normal,Normal,True
Exp1_XGB_baseline,5,Train50.csv,Normal,Normal,True
Exp1_XGB_baseline,5,Train51.csv,Normal,Normal,True
Exp1_XGB_baseline,5,Train58.csv,Normal,Normal,True
Exp1_XGB_baseline,5,Train60.csv,Normal,Normal,True
Exp1_XGB_baseline,5,Train62.csv,Side I,Normal,False
Exp1_XGB_baseline,5,Train71.csv,Normal,Normal,True
Exp1_XGB_baseline,5,Train74.csv,Normal,Normal,True
Exp1_XGB_baseline,5,Train90.csv,Normal,Normal,True
Exp1_XGB_baseline,5,Train101.csv,Normal,Normal,True
Exp1_XGB_baseline,5,Train106.csv,Side I,Normal,False
Exp1_XGB_baseline,5,Train111.csv,Side II,Side II,True
Exp1_XGB_baseline,5,Train117.csv,Normal,Normal,True
Exp1_XGB_baseline,5,Train137.csv,Side I,Side I,True
Exp1_XGB_baseline,5,Train140.csv,Normal,Normal,True
Exp1_XGB_baseline,5,Train144.csv,Normal,Normal,True
Exp1_XGB_baseline,5,Train156.csv,Normal,Normal,True
Exp1_XGB_baseline,5,Train169.csv,Normal,Normal,True
Exp1_XGB_baseline,5,Train173.csv,Normal,Normal,True
Exp1_XGB_baseline,5,Train179.csv,Side II,Side II,True
Exp1_XGB_baseline,5,Train187.csv,Normal,Normal,True
Exp1_XGB_baseline,5,Train189.csv,Normal,Normal,True
Exp1_XGB_baseline,5,Train190.csv,Normal,Normal,True
Exp1_XGB_baseline,5,Train199.csv,Side II,Side II,True
Exp1_XGB_baseline,5,Train203.csv,Normal,Normal,True
Exp1_XGB_baseline,5,Train204.csv,Normal,Normal,True
Exp1_XGB_baseline,5,Train210.csv,Normal,Normal,True
Exp1_XGB_baseline,5,Train218.csv,Normal,Normal,True
Exp1_XGB_baseline,5,Train220.csv,Normal,Normal,True
Exp1_XGB_baseline,5,Train221.csv,Normal,Normal,True
Exp1_XGB_baseline,5,Train226.csv,Normal,Normal,True
Exp1_XGB_baseline,5,Train228.csv,Normal,Normal,True
Exp1_XGB_baseline,5,Train229.csv,Normal,Normal,True
Exp1_XGB_baseline,5,Train230.csv,Normal,Normal,True
Exp1_XGB_baseline,5,Train231.csv,Normal,Normal,True
Exp1_XGB_baseline,5,Train239.csv,Normal,Normal,True
Exp1_XGB_baseline,5,Train240.csv,Side II,Normal,False
Exp1_XGB_baseline,5,Train242.csv,Normal,Normal,True
Exp1_XGB_baseline,5,Train246.csv,Normal,Normal,True
Exp1_XGB_baseline,5,Train257.csv,Normal,Normal,True
Exp1_XGB_baseline,5,Train259.csv,Normal,Normal,True
Exp1_XGB_baseline,5,Train260.csv,Normal,Normal,True
Exp1_XGB_baseline,5,Train262.csv,Normal,Normal,True
Exp1_XGB_baseline,5,Train264.csv,Normal,Normal,True
Exp1_XGB_baseline,5,Train265.csv,Side II,Normal,False
Exp1_XGB_baseline,6,Train5.csv,Normal,Normal,True
Exp1_XGB_baseline,6,Train17.csv,Normal,Normal,True
Exp1_XGB_baseline,6,Train24.csv,Normal,Normal,True
Exp1_XGB_baseline,6,Train25.csv,Normal,Normal,True
Exp1_XGB_baseline,6,Train28.csv,Normal,Normal,True
Exp1_XGB_baseline,6,Train29.csv,Normal,Normal,True
Exp1_XGB_baseline,6,Train30.csv,Side II,Normal,False
Exp1_XGB_baseline,6,Train55.csv,Normal,Normal,True
Exp1_XGB_baseline,6,Train56.csv,Normal,Normal,True
Exp1_XGB_baseline,6,Train70.csv,Normal,Normal,True
Exp1_XGB_baseline,6,Train75.csv,Normal,Normal,True
Exp1_XGB_baseline,6,Train76.csv,Normal,Normal,True
Exp1_XGB_baseline,6,Train78.csv,Normal,Normal,True
Exp1_XGB_baseline,6,Train86.csv,Normal,Normal,True
Exp1_XGB_baseline,6,Train91.csv,Normal,Normal,True
Exp1_XGB_baseline,6,Train94.csv,Normal,Normal,True
Exp1_XGB_baseline,6,Train97.csv,Normal,Normal,True
Exp1_XGB_baseline,6,Train106.csv,Side I,Normal,False
Exp1_XGB_baseline,6,Train109.csv,Normal,Normal,True
Exp1_XGB_baseline,6,Train111.csv,Side II,Side II,True
Exp1_XGB_baseline,6,Train131.csv,Normal,Normal,True
Exp1_XGB_baseline,6,Train135.csv,Normal,Normal,True
Exp1_XGB_baseline,6,Train136.csv,Normal,Normal,True
Exp1_XGB_baseline,6,Train141.csv,Normal,Normal,True
Exp1_XGB_baseline,6,Train142.csv,Normal,Normal,True
Exp1_XGB_baseline,6,Train143.csv,Normal,Normal,True
Exp1_XGB_baseline,6,Train145.csv,Normal,Normal,True
Exp1_XGB_baseline,6,Train148.csv,Normal,Normal,True
Exp1_XGB_baseline,6,Train152.csv,Normal,Normal,True
Exp1_XGB_baseline,6,Train153.csv,Normal,Normal,True
Exp1_XGB_baseline,6,Train154.csv,Normal,Normal,True
Exp1_XGB_baseline,6,Train160.csv,Normal,Normal,True
Exp1_XGB_baseline,6,Train169.csv,Normal,Normal,True
Exp1_XGB_baseline,6,Train171.csv,Normal,Normal,True
Exp1_XGB_baseline,6,Train181.csv,Normal,Normal,True
Exp1_XGB_baseline,6,Train182.csv,Normal,Normal,True
Exp1_XGB_baseline,6,Train185.csv,Side I,Normal,False
Exp1_XGB_baseline,6,Train186.csv,Normal,Normal,True
Exp1_XGB_baseline,6,Train189.csv,Normal,Normal,True
Exp1_XGB_baseline,6,Train191.csv,Normal,Normal,True
Exp1_XGB_baseline,6,Train193.csv,Normal,Normal,True
Exp1_XGB_baseline,6,Train194.csv,Side I,Normal,False
Exp1_XGB_baseline,6,Train195.csv,Normal,Normal,True
Exp1_XGB_baseline,6,Train203.csv,Normal,Normal,True
Exp1_XGB_baseline,6,Train205.csv,Normal,Normal,True
Exp1_XGB_baseline,6,Train209.csv,Normal,Normal,True
Exp1_XGB_baseline,6,Train210.csv,Normal,Normal,True
Exp1_XGB_baseline,6,Train214.csv,Normal,Normal,True
Exp1_XGB_baseline,6,Train216.csv,Side II,Normal,False
Exp1_XGB_baseline,6,Train217.csv,Side II,Normal,False
Exp1_XGB_baseline,6,Train218.csv,Normal,Normal,True
Exp1_XGB_baseline,6,Train230.csv,Normal,Normal,True
Exp1_XGB_baseline,6,Train232.csv,Normal,Normal,True
Exp1_XGB_baseline,6,Train248.csv,Side II,Side II,True
Exp1_XGB_baseline,6,Train272.csv,Normal,Normal,True
Exp1_XGB_baseline,7,Train3.csv,Normal,Normal,True
Exp1_XGB_baseline,7,Train6.csv,Normal,Normal,True
Exp1_XGB_baseline,7,Train14.csv,Normal,Normal,True
Exp1_XGB_baseline,7,Train15.csv,Normal,Normal,True
Exp1_XGB_baseline,7,Train16.csv,Normal,Normal,True
Exp1_XGB_baseline,7,Train18.csv,Normal,Normal,True
Exp1_XGB_baseline,7,Train20.csv,Normal,Normal,True
Exp1_XGB_baseline,7,Train21.csv,Normal,Normal,True
Exp1_XGB_baseline,7,Train26.csv,Side II,Side II,True
Exp1_XGB_baseline,7,Train32.csv,Normal,Normal,True
Exp1_XGB_baseline,7,Train34.csv,Normal,Normal,True
Exp1_XGB_baseline,7,Train39.csv,Normal,Normal,True
Exp1_XGB_baseline,7,Train41.csv,Normal,Normal,True
Exp1_XGB_baseline,7,Train43.csv,Side II,Side II,True
Exp1_XGB_baseline,7,Train44.csv,Normal,Normal,True
Exp1_XGB_baseline,7,Train45.csv,Normal,Normal,True
Exp1_XGB_baseline,7,Train60.csv,Normal,Normal,True
Exp1_XGB_baseline,7,Train62.csv,Side I,Normal,False
Exp1_XGB_baseline,7,Train63.csv,Normal,Normal,True
Exp1_XGB_baseline,7,Train72.csv,Side II,Side II,True
Exp1_XGB_baseline,7,Train74.csv,Normal,Normal,True
Exp1_XGB_baseline,7,Train80.csv,Normal,Normal,True
Exp1_XGB_baseline,7,Train82.csv,Normal,Normal,True
Exp1_XGB_baseline,7,Train92.csv,Normal,Normal,True
Exp1_XGB_baseline,7,Train98.csv,Normal,Normal,True
Exp1_XGB_baseline,7,Train99.csv,Normal,Normal,True
Exp1_XGB_baseline,7,Train108.csv,Normal,Normal,True
Exp1_XGB_baseline,7,Train110.csv,Normal,Normal,True
Exp1_XGB_baseline,7,Train117.csv,Normal,Normal,True
Exp1_XGB_baseline,7,Train124.csv,Normal,Normal,True
Exp1_XGB_baseline,7,Train128.csv,Normal,Normal,True
Exp1_XGB_baseline,7,Train130.csv,Normal,Normal,True
Exp1_XGB_baseline,7,Train132.csv,Normal,Normal,True
Exp1_XGB_baseline,7,Train134.csv,Normal,Normal,True
Exp1_XGB_baseline,7,Train137.csv,Side I,Normal,False
Exp1_XGB_baseline,7,Train140.csv,Normal,Normal,True
Exp1_XGB_baseline,7,Train144.csv,Normal,Normal,True
Exp1_XGB_baseline,7,Train147.csv,Normal,Normal,True
Exp1_XGB_baseline,7,Train149.csv,Normal,Normal,True
Exp1_XGB_baseline,7,Train159.csv,Normal,Normal,True
Exp1_XGB_baseline,7,Train163.csv,Side I,Side I,True
Exp1_XGB_baseline,7,Train167.csv,Normal,Normal,True
Exp1_XGB_baseline,7,Train173.csv,Normal,Normal,True
Exp1_XGB_baseline,7,Train192.csv,Normal,Normal,True
Exp1_XGB_baseline,7,Train198.csv,Side II,Side II,True
Exp1_XGB_baseline,7,Train199.csv,Side II,Side II,True
Exp1_XGB_baseline,7,Train200.csv,Normal,Normal,True
Exp1_XGB_baseline,7,Train211.csv,Normal,Normal,True
Exp1_XGB_baseline,7,Train233.csv,Normal,Normal,True
Exp1_XGB_baseline,7,Train241.csv,Normal,Normal,True
Exp1_XGB_baseline,7,Train245.csv,Normal,Normal,True
Exp1_XGB_baseline,7,Train250.csv,Normal,Normal,True
Exp1_XGB_baseline,7,Train256.csv,Normal,Normal,True
Exp1_XGB_baseline,7,Train261.csv,Normal,Normal,True
Exp1_XGB_baseline,7,Train268.csv,Normal,Normal,True
Exp1_XGB_baseline,8,Train1.csv,Normal,Normal,True
Exp1_XGB_baseline,8,Train8.csv,Normal,Normal,True
Exp1_XGB_baseline,8,Train23.csv,Normal,Normal,True
Exp1_XGB_baseline,8,Train36.csv,Normal,Normal,True
Exp1_XGB_baseline,8,Train47.csv,Normal,Normal,True
Exp1_XGB_baseline,8,Train49.csv,Normal,Normal,True
Exp1_XGB_baseline,8,Train52.csv,Normal,Normal,True
Exp1_XGB_baseline,8,Train57.csv,Normal,Normal,True
Exp1_XGB_baseline,8,Train59.csv,Normal,Normal,True
Exp1_XGB_baseline,8,Train66.csv,Normal,Normal,True
Exp1_XGB_baseline,8,Train79.csv,Normal,Normal,True
Exp1_XGB_baseline,8,Train81.csv,Normal,Normal,True
Exp1_XGB_baseline,8,Train83.csv,Side I,Side I,True
Exp1_XGB_baseline,8,Train84.csv,Normal,Normal,True
Exp1_XGB_baseline,8,Train85.csv,Normal,Normal,True
Exp1_XGB_baseline,8,Train88.csv,Normal,Normal,True
Exp1_XGB_baseline,8,Train90.csv,Normal,Normal,True
Exp1_XGB_baseline,8,Train101.csv,Normal,Normal,True
Exp1_XGB_baseline,8,Train102.csv,Normal,Normal,True
Exp1_XGB_baseline,8,Train103.csv,Side II,Normal,False
Exp1_XGB_baseline,8,Train113.csv,Normal,Normal,True
Exp1_XGB_baseline,8,Train114.csv,Normal,Normal,True
Exp1_XGB_baseline,8,Train118.csv,Normal,Normal,True
Exp1_XGB_baseline,8,Train123.csv,Normal,Normal,True
Exp1_XGB_baseline,8,Train126.csv,Normal,Normal,True
Exp1_XGB_baseline,8,Train127.csv,Side II,Side II,True
Exp1_XGB_baseline,8,Train129.csv,Normal,Normal,True
Exp1_XGB_baseline,8,Train146.csv,Normal,Normal,True
Exp1_XGB_baseline,8,Train157.csv,Normal,Normal,True
Exp1_XGB_baseline,8,Train158.csv,Normal,Normal,True
Exp1_XGB_baseline,8,Train161.csv,Normal,Normal,True
Exp1_XGB_baseline,8,Train164.csv,Side II,Side II,True
Exp1_XGB_baseline,8,Train170.csv,Side I,Normal,False
Exp1_XGB_baseline,8,Train176.csv,Normal,Normal,True
Exp1_XGB_baseline,8,Train183.csv,Normal,Normal,True
Exp1_XGB_baseline,8,Train187.csv,Normal,Normal,True
Exp1_XGB_baseline,8,Train201.csv,Normal,Normal,True
Exp1_XGB_baseline,8,Train204.csv,Normal,Normal,True
Exp1_XGB_baseline,8,Train212.csv,Normal,Normal,True
Exp1_XGB_baseline,8,Train219.csv,Normal,Normal,True
Exp1_XGB_baseline,8,Train220.csv,Normal,Normal,True
Exp1_XGB_baseline,8,Train225.csv,Normal,Normal,True
Exp1_XGB_baseline,8,Train226.csv,Normal,Normal,True
Exp1_XGB_baseline,8,Train240.csv,Side II,Side II,True
Exp1_XGB_baseline,8,Train242.csv,Normal,Normal,True
Exp1_XGB_baseline,8,Train243.csv,Normal,Normal,True
Exp1_XGB_baseline,8,Train249.csv,Normal,Normal,True
Exp1_XGB_baseline,8,Train251.csv,Normal,Side II,False
Exp1_XGB_baseline,8,Train255.csv,Normal,Normal,True
Exp1_XGB_baseline,8,Train257.csv,Normal,Normal,True
Exp1_XGB_baseline,8,Train260.csv,Normal,Normal,True
Exp1_XGB_baseline,8,Train264.csv,Normal,Normal,True
Exp1_XGB_baseline,8,Train265.csv,Side II,Normal,False
Exp1_XGB_baseline,8,Train270.csv,Normal,Normal,True
Exp1_XGB_baseline,9,Train2.csv,Side II,Normal,False
Exp1_XGB_baseline,9,Train4.csv,Normal,Normal,True
Exp1_XGB_baseline,9,Train7.csv,Normal,Normal,True
Exp1_XGB_baseline,9,Train9.csv,Normal,Normal,True
Exp1_XGB_baseline,9,Train10.csv,Normal,Normal,True
Exp1_XGB_baseline,9,Train11.csv,Normal,Normal,True
Exp1_XGB_baseline,9,Train13.csv,Normal,Normal,True
Exp1_XGB_baseline,9,Train19.csv,Normal,Normal,True
Exp1_XGB_baseline,9,Train22.csv,Normal,Normal,True
Exp1_XGB_baseline,9,Train33.csv,Normal,Normal,True
Exp1_XGB_baseline,9,Train35.csv,Normal,Normal,True
Exp1_XGB_baseline,9,Train37.csv,Normal,Normal,True
Exp1_XGB_baseline,9,Train38.csv,Normal,Normal,True
Exp1_XGB_baseline,9,Train40.csv,Normal,Normal,True
Exp1_XGB_baseline,9,Train42.csv,Normal,Normal,True
Exp1_XGB_baseline,9,Train46.csv,Normal,Normal,True
Exp1_XGB_baseline,9,Train51.csv,Normal,Normal,True
Exp1_XGB_baseline,9,Train53.csv,Side II,Side II,True
Exp1_XGB_baseline,9,Train58.csv,Normal,Normal,True
Exp1_XGB_baseline,9,Train61.csv,Normal,Normal,True
Exp1_XGB_baseline,9,Train64.csv,Normal,Normal,True
Exp1_XGB_baseline,9,Train67.csv,Normal,Normal,True
Exp1_XGB_baseline,9,Train87.csv,Normal,Normal,True
Exp1_XGB_baseline,9,Train89.csv,Normal,Normal,True
Exp1_XGB_baseline,9,Train93.csv,Side II,Side II,True
Exp1_XGB_baseline,9,Train100.csv,Side I,Side II,False
Exp1_XGB_baseline,9,Train116.csv,Normal,Normal,True
Exp1_XGB_baseline,9,Train122.csv,Normal,Normal,True
Exp1_XGB_baseline,9,Train133.csv,Normal,Normal,True
Exp1_XGB_baseline,9,Train139.csv,Normal,Normal,True
Exp1_XGB_baseline,9,Train155.csv,Normal,Normal,True
Exp1_XGB_baseline,9,Train156.csv,Normal,Normal,True
Exp1_XGB_baseline,9,Train162.csv,Normal,Normal,True
Exp1_XGB_baseline,9,Train166.csv,Normal,Normal,True
Exp1_XGB_baseline,9,Train175.csv,Normal,Normal,True
Exp1_XGB_baseline,9,Train180.csv,Side I,Normal,False
Exp1_XGB_baseline,9,Train190.csv,Normal,Normal,True
Exp1_XGB_baseline,9,Train208.csv,Normal,Normal,True
Exp1_XGB_baseline,9,Train213.csv,Side I,Normal,False
Exp1_XGB_baseline,9,Train215.csv,Normal,Normal,True
Exp1_XGB_baseline,9,Train221.csv,Normal,Normal,True
Exp1_XGB_baseline,9,Train224.csv,Normal,Normal,True
Exp1_XGB_baseline,9,Train231.csv,Normal,Normal,True
Exp1_XGB_baseline,9,Train235.csv,Normal,Normal,True
Exp1_XGB_baseline,9,Train237.csv,Normal,Normal,True
Exp1_XGB_baseline,9,Train244.csv,Normal,Normal,True
Exp1_XGB_baseline,9,Train246.csv,Normal,Normal,True
Exp1_XGB_baseline,9,Train252.csv,Normal,Normal,True
Exp1_XGB_baseline,9,Train253.csv,Normal,Normal,True
Exp1_XGB_baseline,9,Train259.csv,Normal,Normal,True
Exp1_XGB_baseline,9,Train262.csv,Normal,Normal,True
Exp1_XGB_baseline,9,Train263.csv,Normal,Normal,True
Exp1_XGB_baseline,9,Train267.csv,Side II,Side II,True
Exp1_XGB_baseline,9,Train269.csv,Normal,Normal,True
Exp1_XGB_baseline,10,Train12.csv,Side II,Side II,True
Exp1_XGB_baseline,10,Train27.csv,Normal,Normal,True
Exp1_XGB_baseline,10,Train31.csv,Normal,Normal,True
Exp1_XGB_baseline,10,Train48.csv,Normal,Normal,True
Exp1_XGB_baseline,10,Train50.csv,Normal,Normal,True
Exp1_XGB_baseline,10,Train54.csv,Normal,Normal,True
Exp1_XGB_baseline,10,Train65.csv,Normal,Normal,True
Exp1_XGB_baseline,10,Train68.csv,Normal,Normal,True
Exp1_XGB_baseline,10,Train69.csv,Normal,Normal,True
Exp1_XGB_baseline,10,Train71.csv,Normal,Normal,True
Exp1_XGB_baseline,10,Train73.csv,Normal,Normal,True
Exp1_XGB_baseline,10,Train77.csv,Normal,Normal,True
Exp1_XGB_baseline,10,Train95.csv,Normal,Normal,True
Exp1_XGB_baseline,10,Train96.csv,Normal,Normal,True
Exp1_XGB_baseline,10,Train104.csv,Side II,Side II,True
Exp1_XGB_baseline,10,Train105.csv,Normal,Normal,True
Exp1_XGB_baseline,10,Train107.csv,Normal,Normal,True
Exp1_XGB_baseline,10,Train112.csv,Normal,Normal,True
Exp1_XGB_baseline,10,Train115.csv,Normal,Normal,True
Exp1_XGB_baseline,10,Train119.csv,Normal,Normal,True
Exp1_XGB_baseline,10,Train120.csv,Normal,Normal,True
Exp1_XGB_baseline,10,Train121.csv,Side I,Normal,False
Exp1_XGB_baseline,10,Train125.csv,Normal,Normal,True
Exp1_XGB_baseline,10,Train138.csv,Normal,Normal,True
Exp1_XGB_baseline,10,Train150.csv,Side I,Side I,True
Exp1_XGB_baseline,10,Train151.csv,Normal,Normal,True
Exp1_XGB_baseline,10,Train165.csv,Normal,Normal,True
Exp1_XGB_baseline,10,Train168.csv,Normal,Normal,True
Exp1_XGB_baseline,10,Train172.csv,Normal,Normal,True
Exp1_XGB_baseline,10,Train174.csv,Normal,Normal,True
Exp1_XGB_baseline,10,Train177.csv,Normal,Side I,False
Exp1_XGB_baseline,10,Train178.csv,Normal,Normal,True
Exp1_XGB_baseline,10,Train179.csv,Side II,Side II,True
Exp1_XGB_baseline,10,Train184.csv,Normal,Normal,True
Exp1_XGB_baseline,10,Train188.csv,Side II,Side II,True
Exp1_XGB_baseline,10,Train196.csv,Normal,Normal,True
Exp1_XGB_baseline,10,Train197.csv,Normal,Normal,True
Exp1_XGB_baseline,10,Train202.csv,Side I,Normal,False
Exp1_XGB_baseline,10,Train206.csv,Normal,Normal,True
Exp1_XGB_baseline,10,Train207.csv,Side II,Side II,True
Exp1_XGB_baseline,10,Train222.csv,Normal,Normal,True
Exp1_XGB_baseline,10,Train223.csv,Normal,Normal,True
Exp1_XGB_baseline,10,Train227.csv,Normal,Normal,True
Exp1_XGB_baseline,10,Train228.csv,Normal,Normal,True
Exp1_XGB_baseline,10,Train229.csv,Normal,Normal,True
Exp1_XGB_baseline,10,Train234.csv,Normal,Normal,True
Exp1_XGB_baseline,10,Train236.csv,Normal,Normal,True
Exp1_XGB_baseline,10,Train238.csv,Normal,Normal,True
Exp1_XGB_baseline,10,Train239.csv,Normal,Normal,True
Exp1_XGB_baseline,10,Train247.csv,Normal,Normal,True
Exp1_XGB_baseline,10,Train254.csv,Normal,Normal,True
Exp1_XGB_baseline,10,Train258.csv,Normal,Normal,True
Exp1_XGB_baseline,10,Train266.csv,Normal,Normal,True
Exp1_XGB_baseline,10,Train271.csv,Normal,Normal,True
Exp1_XGB_baseline,11,Train14.csv,Normal,Normal,True
Exp1_XGB_baseline,11,Train15.csv,Normal,Normal,True
Exp1_XGB_baseline,11,Train25.csv,Normal,Normal,True
Exp1_XGB_baseline,11,Train42.csv,Normal,Normal,True
Exp1_XGB_baseline,11,Train47.csv,Normal,Normal,True
Exp1_XGB_baseline,11,Train49.csv,Normal,Normal,True
Exp1_XGB_baseline,11,Train51.csv,Normal,Normal,True
Exp1_XGB_baseline,11,Train61.csv,Normal,Normal,True
Exp1_XGB_baseline,11,Train63.csv,Normal,Normal,True
Exp1_XGB_baseline,11,Train71.csv,Normal,Normal,True
Exp1_XGB_baseline,11,Train72.csv,Side II,Side II,True
Exp1_XGB_baseline,11,Train73.csv,Normal,Normal,True
Exp1_XGB_baseline,11,Train81.csv,Normal,Normal,True
Exp1_XGB_baseline,11,Train89.csv,Normal,Normal,True
Exp1_XGB_baseline,11,Train91.csv,Normal,Normal,True
Exp1_XGB_baseline,11,Train102.csv,Normal,Normal,True
Exp1_XGB_baseline,11,Train105.csv,Normal,Normal,True
Exp1_XGB_baseline,11,Train109.csv,Normal,Normal,True
Exp1_XGB_baseline,11,Train110.csv,Normal,Normal,True
Exp1_XGB_baseline,11,Train111.csv,Side II,Side II,True
Exp1_XGB_baseline,11,Train112.csv,Normal,Normal,True
Exp1_XGB_baseline,11,Train115.csv,Normal,Normal,True
Exp1_XGB_baseline,11,Train117.csv,Normal,Normal,True
Exp1_XGB_baseline,11,Train128.csv,Normal,Normal,True
Exp1_XGB_baseline,11,Train131.csv,Normal,Normal,True
Exp1_XGB_baseline,11,Train133.csv,Normal,Normal,True
Exp1_XGB_baseline,11,Train135.csv,Normal,Normal,True
Exp1_XGB_baseline,11,Train138.csv,Normal,Normal,True
Exp1_XGB_baseline,11,Train139.csv,Normal,Normal,True
Exp1_XGB_baseline,11,Train148.csv,Normal,Normal,True
Exp1_XGB_baseline,11,Train163.csv,Side I,Side I,True
Exp1_XGB_baseline,11,Train167.csv,Normal,Normal,True
Exp1_XGB_baseline,11,Train176.csv,Normal,Normal,True
Exp1_XGB_baseline,11,Train177.csv,Normal,Side I,False
Exp1_XGB_baseline,11,Train181.csv,Normal,Normal,True
Exp1_XGB_baseline,11,Train184.csv,Normal,Normal,True
Exp1_XGB_baseline,11,Train194.csv,Side I,Normal,False
Exp1_XGB_baseline,11,Train201.csv,Normal,Normal,True
Exp1_XGB_baseline,11,Train202.csv,Side I,Normal,False
Exp1_XGB_baseline,11,Train204.csv,Normal,Normal,True
Exp1_XGB_baseline,11,Train207.csv,Side II,Side II,True
Exp1_XGB_baseline,11,Train212.csv,Normal,Normal,True
Exp1_XGB_baseline,11,Train217.csv,Side II,Side I,False
Exp1_XGB_baseline,11,Train225.csv,Normal,Normal,True
Exp1_XGB_baseline,11,Train226.csv,Normal,Normal,True
Exp1_XGB_baseline,11,Train233.csv,Normal,Normal,True
Exp1_XGB_baseline,11,Train242.csv,Normal,Normal,True
Exp1_XGB_baseline,11,Train243.csv,Normal,Normal,True
Exp1_XGB_baseline,11,Train246.csv,Normal,Normal,True
Exp1_XGB_baseline,11,Train247.csv,Normal,Normal,True
Exp1_XGB_baseline,11,Train251.csv,Normal,Side II,False
Exp1_XGB_baseline,11,Train252.csv,Normal,Normal,True
Exp1_XGB_baseline,11,Train258.csv,Normal,Normal,True
Exp1_XGB_baseline,11,Train265.csv,Side II,Side I,False
Exp1_XGB_baseline,11,Train269.csv,Normal,Normal,True
Exp1_XGB_baseline,12,Train1.csv,Normal,Normal,True
Exp1_XGB_baseline,12,Train4.csv,Normal,Normal,True
Exp1_XGB_baseline,12,Train10.csv,Normal,Normal,True
Exp1_XGB_baseline,12,Train12.csv,Side II,Side II,True
Exp1_XGB_baseline,12,Train17.csv,Normal,Normal,True
Exp1_XGB_baseline,12,Train18.csv,Normal,Normal,True
Exp1_XGB_baseline,12,Train21.csv,Normal,Normal,True
Exp1_XGB_baseline,12,Train24.csv,Normal,Normal,True
Exp1_XGB_baseline,12,Train26.csv,Side II,Side II,True
Exp1_XGB_baseline,12,Train27.csv,Normal,Normal,True
Exp1_XGB_baseline,12,Train28.csv,Normal,Normal,True
Exp1_XGB_baseline,12,Train43.csv,Side II,Side II,True
Exp1_XGB_baseline,12,Train45.csv,Normal,Normal,True
Exp1_XGB_baseline,12,Train48.csv,Normal,Normal,True
Exp1_XGB_baseline,12,Train55.csv,Normal,Normal,True
Exp1_XGB_baseline,12,Train56.csv,Normal,Normal,True
Exp1_XGB_baseline,12,Train57.csv,Normal,Normal,True
Exp1_XGB_baseline,12,Train59.csv,Normal,Normal,True
Exp1_XGB_baseline,12,Train62.csv,Side I,Normal,False
Exp1_XGB_baseline,12,Train67.csv,Normal,Normal,True
Exp1_XGB_baseline,12,Train80.csv,Normal,Normal,True
Exp1_XGB_baseline,12,Train82.csv,Normal,Normal,True
Exp1_XGB_baseline,12,Train84.csv,Normal,Normal,True
Exp1_XGB_baseline,12,Train85.csv,Normal,Normal,True
Exp1_XGB_baseline,12,Train93.csv,Side II,Side II,True
Exp1_XGB_baseline,12,Train94.csv,Normal,Normal,True
Exp1_XGB_baseline,12,Train101.csv,Normal,Normal,True
Exp1_XGB_baseline,12,Train107.csv,Normal,Normal,True
Exp1_XGB_baseline,12,Train113.csv,Normal,Normal,True
Exp1_XGB_baseline,12,Train124.csv,Normal,Normal,True
Exp1_XGB_baseline,12,Train125.csv,Normal,Normal,True
Exp1_XGB_baseline,12,Train140.csv,Normal,Normal,True
Exp1_XGB_baseline,12,Train144.csv,Normal,Normal,True
Exp1_XGB_baseline,12,Train147.csv,Normal,Normal,True
Exp1_XGB_baseline,12,Train152.csv,Normal,Normal,True
Exp1_XGB_baseline,12,Train153.csv,Normal,Normal,True
Exp1_XGB_baseline,12,Train158.csv,Normal,Normal,True
Exp1_XGB_baseline,12,Train159.csv,Normal,Normal,True
Exp1_XGB_baseline,12,Train162.csv,Normal,Normal,True
Exp1_XGB_baseline,12,Train168.csv,Normal,Normal,True
Exp1_XGB_baseline,12,Train170.csv,Side I,Normal,False
Exp1_XGB_baseline,12,Train172.csv,Normal,Normal,True
Exp1_XGB_baseline,12,Train179.csv,Side II,Side II,True
Exp1_XGB_baseline,12,Train185.csv,Side I,Normal,False
Exp1_XGB_baseline,12,Train187.csv,Normal,Normal,True
Exp1_XGB_baseline,12,Train192.csv,Normal,Normal,True
Exp1_XGB_baseline,12,Train205.csv,Normal,Normal,True
Exp1_XGB_baseline,12,Train209.csv,Normal,Normal,True
Exp1_XGB_baseline,12,Train218.csv,Normal,Normal,True
Exp1_XGB_baseline,12,Train222.csv,Normal,Normal,True
Exp1_XGB_baseline,12,Train223.csv,Normal,Normal,True
Exp1_XGB_baseline,12,Train227.csv,Normal,Normal,True
Exp1_XGB_baseline,12,Train236.csv,Normal,Normal,True
Exp1_XGB_baseline,12,Train238.csv,Normal,Normal,True
Exp1_XGB_baseline,12,Train239.csv,Normal,Normal,True
Exp1_XGB_baseline,13,Train5.csv,Normal,Normal,True
Exp1_XGB_baseline,13,Train7.csv,Normal,Normal,True
Exp1_XGB_baseline,13,Train9.csv,Normal,Normal,True
Exp1_XGB_baseline,13,Train20.csv,Normal,Normal,True
Exp1_XGB_baseline,13,Train22.csv,Normal,Normal,True
Exp1_XGB_baseline,13,Train32.csv,Normal,Normal,True
Exp1_XGB_baseline,13,Train34.csv,Normal,Normal,True
Exp1_XGB_baseline,13,Train40.csv,Normal,Normal,True
Exp1_XGB_baseline,13,Train50.csv,Normal,Normal,True
Exp1_XGB_baseline,13,Train52.csv,Normal,Normal,True
Exp1_XGB_baseline,13,Train53.csv,Side II,Side II,True
Exp1_XGB_baseline,13,Train58.csv,Normal,Normal,True
Exp1_XGB_baseline,13,Train65.csv,Normal,Normal,True
Exp1_XGB_baseline,13,Train69.csv,Normal,Normal,True
Exp1_XGB_baseline,13,Train78.csv,Normal,Normal,True
Exp1_XGB_baseline,13,Train86.csv,Normal,Normal,True
Exp1_XGB_baseline,13,Train88.csv,Normal,Normal,True
Exp1_XGB_baseline,13,Train98.csv,Normal,Normal,True
Exp1_XGB_baseline,13,Train99.csv,Normal,Normal,True
Exp1_XGB_baseline,13,Train100.csv,Side I,Side II,False
Exp1_XGB_baseline,13,Train103.csv,Side II,Side II,True
Exp1_XGB_baseline,13,Train108.csv,Normal,Normal,True
Exp1_XGB_baseline,13,Train127.csv,Side II,Side II,True
Exp1_XGB_baseline,13,Train130.csv,Normal,Normal,True
Exp1_XGB_baseline,13,Train134.csv,Normal,Normal,True
Exp1_XGB_baseline,13,Train143.csv,Normal,Normal,True
Exp1_XGB_baseline,13,Train145.csv,Normal,Normal,True
Exp1_XGB_baseline,13,Train150.csv,Side I,Normal,False
Exp1_XGB_baseline,13,Train151.csv,Normal,Normal,True
Exp1_XGB_baseline,13,Train155.csv,Normal,Normal,True
Exp1_XGB_baseline,13,Train160.csv,Normal,Normal,True
Exp1_XGB_baseline,13,Train166.csv,Normal,Normal,True
Exp1_XGB_baseline,13,Train174.csv,Normal,Normal,True
Exp1_XGB_baseline,13,Train182.csv,Normal,Normal,True
Exp1_XGB_baseline,13,Train188.csv,Side II,Side II,True
Exp1_XGB_baseline,13,Train195.csv,Normal,Normal,True
Exp1_XGB_baseline,13,Train196.csv,Normal,Normal,True
Exp1_XGB_baseline,13,Train203.csv,Normal,Normal,True
Exp1_XGB_baseline,13,Train210.csv,Normal,Normal,True
Exp1_XGB_baseline,13,Train219.csv,Normal,Normal,True
Exp1_XGB_baseline,13,Train221.csv,Normal,Normal,True
Exp1_XGB_baseline,13,Train224.csv,Normal,Normal,True
Exp1_XGB_baseline,13,Train230.csv,Normal,Normal,True
Exp1_XGB_baseline,13,Train231.csv,Normal,Normal,True
Exp1_XGB_baseline,13,Train235.csv,Normal,Normal,True
Exp1_XGB_baseline,13,Train237.csv,Normal,Normal,True
Exp1_XGB_baseline,13,Train240.csv,Side II,Normal,False
Exp1_XGB_baseline,13,Train244.csv,Normal,Normal,True
Exp1_XGB_baseline,13,Train250.csv,Normal,Normal,True
Exp1_XGB_baseline,13,Train256.csv,Normal,Normal,True
Exp1_XGB_baseline,13,Train259.csv,Normal,Normal,True
Exp1_XGB_baseline,13,Train264.csv,Normal,Normal,True
Exp1_XGB_baseline,13,Train266.csv,Normal,Normal,True
Exp1_XGB_baseline,13,Train272.csv,Normal,Normal,True
Exp1_XGB_baseline,14,Train3.csv,Normal,Normal,True
Exp1_XGB_baseline,14,Train6.csv,Normal,Normal,True
Exp1_XGB_baseline,14,Train8.csv,Normal,Normal,True
Exp1_XGB_baseline,14,Train11.csv,Normal,Normal,True
Exp1_XGB_baseline,14,Train16.csv,Normal,Normal,True
Exp1_XGB_baseline,14,Train19.csv,Normal,Normal,True
Exp1_XGB_baseline,14,Train23.csv,Normal,Normal,True
Exp1_XGB_baseline,14,Train30.csv,Side II,Side II,True
Exp1_XGB_baseline,14,Train35.csv,Normal,Normal,True
Exp1_XGB_baseline,14,Train36.csv,Normal,Normal,True
Exp1_XGB_baseline,14,Train37.csv,Normal,Normal,True
Exp1_XGB_baseline,14,Train44.csv,Normal,Normal,True
Exp1_XGB_baseline,14,Train54.csv,Normal,Normal,True
Exp1_XGB_baseline,14,Train64.csv,Normal,Normal,True
Exp1_XGB_baseline,14,Train66.csv,Normal,Normal,True
Exp1_XGB_baseline,14,Train75.csv,Normal,Normal,True
Exp1_XGB_baseline,14,Train76.csv,Normal,Normal,True
Exp1_XGB_baseline,14,Train79.csv,Normal,Normal,True
Exp1_XGB_baseline,14,Train83.csv,Side I,Normal,False
Exp1_XGB_baseline,14,Train95.csv,Normal,Normal,True
Exp1_XGB_baseline,14,Train96.csv,Normal,Normal,True
Exp1_XGB_baseline,14,Train116.csv,Normal,Normal,True
Exp1_XGB_baseline,14,Train120.csv,Normal,Normal,True
Exp1_XGB_baseline,14,Train123.csv,Normal,Normal,True
Exp1_XGB_baseline,14,Train129.csv,Normal,Normal,True
Exp1_XGB_baseline,14,Train132.csv,Normal,Normal,True
Exp1_XGB_baseline,14,Train136.csv,Normal,Normal,True
Exp1_XGB_baseline,14,Train141.csv,Normal,Normal,True
Exp1_XGB_baseline,14,Train156.csv,Normal,Normal,True
Exp1_XGB_baseline,14,Train157.csv,Normal,Normal,True
Exp1_XGB_baseline,14,Train169.csv,Normal,Normal,True
Exp1_XGB_baseline,14,Train173.csv,Normal,Normal,True
Exp1_XGB_baseline,14,Train175.csv,Normal,Normal,True
Exp1_XGB_baseline,14,Train178.csv,Normal,Normal,True
Exp1_XGB_baseline,14,Train180.csv,Side I,Normal,False
Exp1_XGB_baseline,14,Train186.csv,Normal,Normal,True
Exp1_XGB_baseline,14,Train191.csv,Normal,Normal,True
Exp1_XGB_baseline,14,Train193.csv,Normal,Normal,True
Exp1_XGB_baseline,14,Train197.csv,Normal,Normal,True
Exp1_XGB_baseline,14,Train198.csv,Side II,Side II,True
Exp1_XGB_baseline,14,Train199.csv,Side II,Side II,True
Exp1_XGB_baseline,14,Train200.csv,Normal,Normal,True
Exp1_XGB_baseline,14,Train206.csv,Normal,Normal,True
Exp1_XGB_baseline,14,Train211.csv,Normal,Normal,True
Exp1_XGB_baseline,14,Train213.csv,Side I,Normal,False
Exp1_XGB_baseline,14,Train220.csv,Normal,Normal,True
Exp1_XGB_baseline,14,Train228.csv,Normal,Normal,True
Exp1_XGB_baseline,14,Train234.csv,Normal,Normal,True
Exp1_XGB_baseline,14,Train248.csv,Side II,Side II,True
Exp1_XGB_baseline,14,Train249.csv,Normal,Normal,True
Exp1_XGB_baseline,14,Train254.csv,Normal,Normal,True
Exp1_XGB_baseline,14,Train260.csv,Normal,Normal,True
Exp1_XGB_baseline,14,Train262.csv,Normal,Normal,True
Exp1_XGB_baseline,14,Train271.csv,Normal,Normal,True
Exp1_XGB_baseline,15,Train2.csv,Side II,Normal,False
Exp1_XGB_baseline,15,Train13.csv,Normal,Normal,True
Exp1_XGB_baseline,15,Train29.csv,Normal,Normal,True
Exp1_XGB_baseline,15,Train31.csv,Normal,Normal,True
Exp1_XGB_baseline,15,Train33.csv,Normal,Normal,True
Exp1_XGB_baseline,15,Train38.csv,Normal,Normal,True
Exp1_XGB_baseline,15,Train39.csv,Normal,Normal,True
Exp1_XGB_baseline,15,Train41.csv,Normal,Normal,True
Exp1_XGB_baseline,15,Train46.csv,Normal,Normal,True
Exp1_XGB_baseline,15,Train60.csv,Normal,Normal,True
Exp1_XGB_baseline,15,Train68.csv,Normal,Normal,True
Exp1_XGB_baseline,15,Train70.csv,Normal,Normal,True
Exp1_XGB_baseline,15,Train74.csv,Normal,Normal,True
Exp1_XGB_baseline,15,Train77.csv,Normal,Normal,True
Exp1_XGB_baseline,15,Train87.csv,Normal,Normal,True
Exp1_XGB_baseline,15,Train90.csv,Normal,Normal,True
Exp1_XGB_baseline,15,Train92.csv,Normal,Normal,True
Exp1_XGB_baseline,15,Train97.csv,Normal,Normal,True
Exp1_XGB_baseline,15,Train104.csv,Side II,Side II,True
Exp1_XGB_baseline,15,Train106.csv,Side I,Normal,False
Exp1_XGB_baseline,15,Train114.csv,Normal,Normal,True
Exp1_XGB_baseline,15,Train118.csv,Normal,Normal,True
Exp1_XGB_baseline,15,Train119.csv,Normal,Normal,True
Exp1_XGB_baseline,15,Train121.csv,Side I,Normal,False
Exp1_XGB_baseline,15,Train122.csv,Normal,Normal,True
Exp1_XGB_baseline,15,Train126.csv,Normal,Normal,True
Exp1_XGB_baseline,15,Train137.csv,Side I,Normal,False
Exp1_XGB_baseline,15,Train142.csv,Normal,Normal,True
Exp1_XGB_baseline,15,Train146.csv,Normal,Normal,True
Exp1_XGB_baseline,15,Train149.csv,Normal,Normal,True
Exp1_XGB_baseline,15,Train154.csv,Normal,Normal,True
Exp1_XGB_baseline,15,Train161.csv,Normal,Normal,True
Exp1_XGB_baseline,15,Train164.csv,Side II,Side II,True
Exp1_XGB_baseline,15,Train165.csv,Normal,Normal,True
Exp1_XGB_baseline,15,Train171.csv,Normal,Normal,True
Exp1_XGB_baseline,15,Train183.csv,Normal,Normal,True
Exp1_XGB_baseline,15,Train189.csv,Normal,Normal,True
Exp1_XGB_baseline,15,Train190.csv,Normal,Normal,True
Exp1_XGB_baseline,15,Train208.csv,Normal,Normal,True
Exp1_XGB_baseline,15,Train214.csv,Normal,Normal,True
Exp1_XGB_baseline,15,Train215.csv,Normal,Normal,True
Exp1_XGB_baseline,15,Train216.csv,Side II,Normal,False
Exp1_XGB_baseline,15,Train229.csv,Normal,Normal,True
Exp1_XGB_baseline,15,Train232.csv,Normal,Normal,True
Exp1_XGB_baseline,15,Train241.csv,Normal,Normal,True
Exp1_XGB_baseline,15,Train245.csv,Normal,Normal,True
Exp1_XGB_baseline,15,Train253.csv,Normal,Normal,True
Exp1_XGB_baseline,15,Train255.csv,Normal,Normal,True
Exp1_XGB_baseline,15,Train257.csv,Normal,Normal,True
Exp1_XGB_baseline,15,Train261.csv,Normal,Normal,True
Exp1_XGB_baseline,15,Train263.csv,Normal,Normal,True
Exp1_XGB_baseline,15,Train267.csv,Side II,Side II,True
Exp1_XGB_baseline,15,Train268.csv,Normal,Normal,True
Exp1_XGB_baseline,15,Train270.csv,Normal,Normal,True
Exp2_XGB_sample_weighted,1,Train5.csv,Normal,Normal,True
Exp2_XGB_sample_weighted,1,Train11.csv,Normal,Normal,True
Exp2_XGB_sample_weighted,1,Train12.csv,Side II,Side II,True
Exp2_XGB_sample_weighted,1,Train16.csv,Normal,Normal,True
Exp2_XGB_sample_weighted,1,Train19.csv,Normal,Normal,True
Exp2_XGB_sample_weighted,1,Train22.csv,Normal,Normal,True
Exp2_XGB_sample_weighted,1,Train24.csv,Normal,Normal,True
Exp2_XGB_sample_weighted,1,Train26.csv,Side II,Side II,True
Exp2_XGB_sample_weighted,1,Train29.csv,Normal,Normal,True
Exp2_XGB_sample_weighted,1,Train30.csv,Side II,Side II,True
Exp2_XGB_sample_weighted,1,Train34.csv,Normal,Normal,True
Exp2_XGB_sample_weighted,1,Train37.csv,Normal,Normal,True
Exp2_XGB_sample_weighted,1,Train42.csv,Normal,Normal,True
Exp2_XGB_sample_weighted,1,Train66.csv,Normal,Normal,True
Exp2_XGB_sample_weighted,1,Train78.csv,Normal,Normal,True
Exp2_XGB_sample_weighted,1,Train82.csv,Normal,Normal,True
Exp2_XGB_sample_weighted,1,Train92.csv,Normal,Normal,True
Exp2_XGB_sample_weighted,1,Train94.csv,Normal,Normal,True
Exp2_XGB_sample_weighted,1,Train95.csv,Normal,Normal,True
Exp2_XGB_sample_weighted,1,Train96.csv,Normal,Normal,True
Exp2_XGB_sample_weighted,1,Train97.csv,Normal,Normal,True
Exp2_XGB_sample_weighted,1,Train100.csv,Side I,Side II,False
Exp2_XGB_sample_weighted,1,Train109.csv,Normal,Normal,True
Exp2_XGB_sample_weighted,1,Train115.csv,Normal,Normal,True
Exp2_XGB_sample_weighted,1,Train119.csv,Normal,Normal,True
Exp2_XGB_sample_weighted,1,Train120.csv,Normal,Normal,True
Exp2_XGB_sample_weighted,1,Train123.csv,Normal,Side I,False
Exp2_XGB_sample_weighted,1,Train134.csv,Normal,Normal,True
Exp2_XGB_sample_weighted,1,Train138.csv,Normal,Normal,True
Exp2_XGB_sample_weighted,1,Train142.csv,Normal,Normal,True
Exp2_XGB_sample_weighted,1,Train143.csv,Normal,Normal,True
Exp2_XGB_sample_weighted,1,Train146.csv,Normal,Normal,True
Exp2_XGB_sample_weighted,1,Train147.csv,Normal,Normal,True
Exp2_XGB_sample_weighted,1,Train149.csv,Normal,Normal,True
Exp2_XGB_sample_weighted,1,Train152.csv,Normal,Normal,True
Exp2_XGB_sample_weighted,1,Train161.csv,Normal,Normal,True
Exp2_XGB_sample_weighted,1,Train165.csv,Normal,Normal,True
Exp2_XGB_sample_weighted,1,Train167.csv,Normal,Normal,True
Exp2_XGB_sample_weighted,1,Train172.csv,Normal,Normal,True
Exp2_XGB_sample_weighted,1,Train177.csv,Normal,Side I,False
Exp2_XGB_sample_weighted,1,Train180.csv,Side I,Normal,False
Exp2_XGB_sample_weighted,1,Train182.csv,Normal,Normal,True
Exp2_XGB_sample_weighted,1,Train185.csv,Side I,Normal,False
Exp2_XGB_sample_weighted,1,Train195.csv,Normal,Normal,True
Exp2_XGB_sample_weighted,1,Train196.csv,Normal,Normal,True
Exp2_XGB_sample_weighted,1,Train198.csv,Side II,Side II,True
Exp2_XGB_sample_weighted,1,Train206.csv,Normal,Normal,True
Exp2_XGB_sample_weighted,1,Train208.csv,Normal,Normal,True
Exp2_XGB_sample_weighted,1,Train212.csv,Normal,Normal,True
Exp2_XGB_sample_weighted,1,Train216.csv,Side II,Normal,False
Exp2_XGB_sample_weighted,1,Train236.csv,Normal,Normal,True
Exp2_XGB_sample_weighted,1,Train244.csv,Normal,Normal,True
Exp2_XGB_sample_weighted,1,Train247.csv,Normal,Normal,True
Exp2_XGB_sample_weighted,1,Train263.csv,Normal,Normal,True
Exp2_XGB_sample_weighted,1,Train269.csv,Normal,Normal,True
Exp2_XGB_sample_weighted,2,Train1.csv,Normal,Normal,True
Exp2_XGB_sample_weighted,2,Train9.csv,Normal,Normal,True
Exp2_XGB_sample_weighted,2,Train14.csv,Normal,Normal,True
Exp2_XGB_sample_weighted,2,Train31.csv,Normal,Normal,True
Exp2_XGB_sample_weighted,2,Train33.csv,Normal,Normal,True
Exp2_XGB_sample_weighted,2,Train36.csv,Normal,Normal,True
Exp2_XGB_sample_weighted,2,Train43.csv,Side II,Side I,False
Exp2_XGB_sample_weighted,2,Train49.csv,Normal,Normal,True
Exp2_XGB_sample_weighted,2,Train52.csv,Normal,Normal,True
Exp2_XGB_sample_weighted,2,Train53.csv,Side II,Side II,True
Exp2_XGB_sample_weighted,2,Train65.csv,Normal,Normal,True
Exp2_XGB_sample_weighted,2,Train73.csv,Normal,Normal,True
Exp2_XGB_sample_weighted,2,Train76.csv,Normal,Normal,True
Exp2_XGB_sample_weighted,2,Train77.csv,Normal,Normal,True
Exp2_XGB_sample_weighted,2,Train81.csv,Normal,Normal,True
Exp2_XGB_sample_weighted,2,Train84.csv,Normal,Normal,True
Exp2_XGB_sample_weighted,2,Train88.csv,Normal,Normal,True
Exp2_XGB_sample_weighted,2,Train102.csv,Normal,Normal,True
Exp2_XGB_sample_weighted,2,Train108.csv,Normal,Normal,True
Exp2_XGB_sample_weighted,2,Train113.csv,Normal,Normal,True
Exp2_XGB_sample_weighted,2,Train121.csv,Side I,Side I,True
Exp2_XGB_sample_weighted,2,Train122.csv,Normal,Normal,True
Exp2_XGB_sample_weighted,2,Train129.csv,Normal,Normal,True
Exp2_XGB_sample_weighted,2,Train130.csv,Normal,Normal,True
Exp2_XGB_sample_weighted,2,Train136.csv,Normal,Normal,True
Exp2_XGB_sample_weighted,2,Train150.csv,Side I,Side I,True
Exp2_XGB_sample_weighted,2,Train154.csv,Normal,Normal,True
Exp2_XGB_sample_weighted,2,Train158.csv,Normal,Normal,True
Exp2_XGB_sample_weighted,2,Train160.csv,Normal,Normal,True
Exp2_XGB_sample_weighted,2,Train171.csv,Normal,Normal,True
Exp2_XGB_sample_weighted,2,Train174.csv,Normal,Normal,True
Exp2_XGB_sample_weighted,2,Train184.csv,Normal,Normal,True
Exp2_XGB_sample_weighted,2,Train191.csv,Normal,Normal,True
Exp2_XGB_sample_weighted,2,Train193.csv,Normal,Normal,True
Exp2_XGB_sample_weighted,2,Train194.csv,Side I,Normal,False
Exp2_XGB_sample_weighted,2,Train200.csv,Normal,Normal,True
Exp2_XGB_sample_weighted,2,Train201.csv,Normal,Normal,True
Exp2_XGB_sample_weighted,2,Train205.csv,Normal,Normal,True
Exp2_XGB_sample_weighted,2,Train207.csv,Side II,Side II,True
Exp2_XGB_sample_weighted,2,Train209.csv,Normal,Normal,True
Exp2_XGB_sample_weighted,2,Train215.csv,Normal,Normal,True
Exp2_XGB_sample_weighted,2,Train217.csv,Side II,Normal,False
Exp2_XGB_sample_weighted,2,Train222.csv,Normal,Side I,False
Exp2_XGB_sample_weighted,2,Train223.csv,Normal,Normal,True
Exp2_XGB_sample_weighted,2,Train225.csv,Normal,Normal,True
Exp2_XGB_sample_weighted,2,Train233.csv,Normal,Normal,True
Exp2_XGB_sample_weighted,2,Train234.csv,Normal,Normal,True
Exp2_XGB_sample_weighted,2,Train235.csv,Normal,Normal,True
Exp2_XGB_sample_weighted,2,Train237.csv,Normal,Normal,True
Exp2_XGB_sample_weighted,2,Train248.csv,Side II,Side II,True
Exp2_XGB_sample_weighted,2,Train249.csv,Normal,Normal,True
Exp2_XGB_sample_weighted,2,Train256.csv,Normal,Normal,True
Exp2_XGB_sample_weighted,2,Train258.csv,Normal,Normal,True
Exp2_XGB_sample_weighted,2,Train266.csv,Normal,Normal,True
Exp2_XGB_sample_weighted,2,Train270.csv,Normal,Normal,True
Exp2_XGB_sample_weighted,3,Train2.csv,Side II,Side II,True
Exp2_XGB_sample_weighted,3,Train6.csv,Normal,Normal,True
Exp2_XGB_sample_weighted,3,Train7.csv,Normal,Normal,True
Exp2_XGB_sample_weighted,3,Train20.csv,Normal,Normal,True
Exp2_XGB_sample_weighted,3,Train25.csv,Normal,Normal,True
Exp2_XGB_sample_weighted,3,Train38.csv,Normal,Normal,True
Exp2_XGB_sample_weighted,3,Train39.csv,Normal,Normal,True
Exp2_XGB_sample_weighted,3,Train48.csv,Normal,Normal,True
Exp2_XGB_sample_weighted,3,Train54.csv,Normal,Normal,True
Exp2_XGB_sample_weighted,3,Train61.csv,Normal,Normal,True
Exp2_XGB_sample_weighted,3,Train63.csv,Normal,Normal,True
Exp2_XGB_sample_weighted,3,Train67.csv,Normal,Normal,True
Exp2_XGB_sample_weighted,3,Train70.csv,Normal,Normal,True
Exp2_XGB_sample_weighted,3,Train72.csv,Side II,Side II,True
Exp2_XGB_sample_weighted,3,Train75.csv,Normal,Normal,True
Exp2_XGB_sample_weighted,3,Train79.csv,Normal,Normal,True
Exp2_XGB_sample_weighted,3,Train80.csv,Normal,Normal,True
Exp2_XGB_sample_weighted,3,Train83.csv,Side I,Side I,True
Exp2_XGB_sample_weighted,3,Train85.csv,Normal,Normal,True
Exp2_XGB_sample_weighted,3,Train89.csv,Normal,Normal,True
Exp2_XGB_sample_weighted,3,Train91.csv,Normal,Normal,True
Exp2_XGB_sample_weighted,3,Train98.csv,Normal,Normal,True
Exp2_XGB_sample_weighted,3,Train99.csv,Normal,Normal,True
Exp2_XGB_sample_weighted,3,Train104.csv,Side II,Side II,True
Exp2_XGB_sample_weighted,3,Train110.csv,Normal,Normal,True
Exp2_XGB_sample_weighted,3,Train114.csv,Normal,Normal,True
Exp2_XGB_sample_weighted,3,Train124.csv,Normal,Normal,True
Exp2_XGB_sample_weighted,3,Train125.csv,Normal,Normal,True
Exp2_XGB_sample_weighted,3,Train126.csv,Normal,Normal,True
Exp2_XGB_sample_weighted,3,Train127.csv,Side II,Side II,True
Exp2_XGB_sample_weighted,3,Train133.csv,Normal,Normal,True
Exp2_XGB_sample_weighted,3,Train135.csv,Normal,Normal,True
Exp2_XGB_sample_weighted,3,Train139.csv,Normal,Normal,True
Exp2_XGB_sample_weighted,3,Train141.csv,Normal,Normal,True
Exp2_XGB_sample_weighted,3,Train151.csv,Normal,Normal,True
Exp2_XGB_sample_weighted,3,Train155.csv,Normal,Normal,True
Exp2_XGB_sample_weighted,3,Train163.csv,Side I,Side I,True
Exp2_XGB_sample_weighted,3,Train164.csv,Side II,Side II,True
Exp2_XGB_sample_weighted,3,Train166.csv,Normal,Normal,True
Exp2_XGB_sample_weighted,3,Train175.csv,Normal,Normal,True
Exp2_XGB_sample_weighted,3,Train183.csv,Normal,Normal,True
Exp2_XGB_sample_weighted,3,Train186.csv,Normal,Normal,True
Exp2_XGB_sample_weighted,3,Train197.csv,Normal,Normal,True
Exp2_XGB_sample_weighted,3,Train211.csv,Normal,Normal,True
Exp2_XGB_sample_weighted,3,Train219.csv,Normal,Normal,True
Exp2_XGB_sample_weighted,3,Train224.csv,Normal,Normal,True
Exp2_XGB_sample_weighted,3,Train243.csv,Normal,Normal,True
Exp2_XGB_sample_weighted,3,Train251.csv,Normal,Side II,False
Exp2_XGB_sample_weighted,3,Train253.csv,Normal,Normal,True
Exp2_XGB_sample_weighted,3,Train254.csv,Normal,Normal,True
Exp2_XGB_sample_weighted,3,Train255.csv,Normal,Normal,True
Exp2_XGB_sample_weighted,3,Train261.csv,Normal,Normal,True
Exp2_XGB_sample_weighted,3,Train268.csv,Normal,Normal,True
Exp2_XGB_sample_weighted,3,Train272.csv,Normal,Normal,True
Exp2_XGB_sample_weighted,4,Train4.csv,Normal,Normal,True
Exp2_XGB_sample_weighted,4,Train18.csv,Normal,Normal,True
Exp2_XGB_sample_weighted,4,Train27.csv,Normal,Normal,True
Exp2_XGB_sample_weighted,4,Train32.csv,Normal,Normal,True
Exp2_XGB_sample_weighted,4,Train35.csv,Normal,Normal,True
Exp2_XGB_sample_weighted,4,Train40.csv,Normal,Normal,True
Exp2_XGB_sample_weighted,4,Train41.csv,Normal,Normal,True
Exp2_XGB_sample_weighted,4,Train44.csv,Normal,Normal,True
Exp2_XGB_sample_weighted,4,Train45.csv,Normal,Normal,True
Exp2_XGB_sample_weighted,4,Train46.csv,Normal,Normal,True
Exp2_XGB_sample_weighted,4,Train55.csv,Normal,Normal,True
Exp2_XGB_sample_weighted,4,Train56.csv,Normal,Normal,True
Exp2_XGB_sample_weighted,4,Train57.csv,Normal,Normal,True
Exp2_XGB_sample_weighted,4,Train59.csv,Normal,Normal,True
Exp2_XGB_sample_weighted,4,Train64.csv,Normal,Normal,True
Exp2_XGB_sample_weighted,4,Train68.csv,Normal,Normal,True
Exp2_XGB_sample_weighted,4,Train69.csv,Normal,Normal,True
Exp2_XGB_sample_weighted,4,Train86.csv,Normal,Normal,True
Exp2_XGB_sample_weighted,4,Train87.csv,Normal,Normal,True
Exp2_XGB_sample_weighted,4,Train93.csv,Side II,Side II,True
Exp2_XGB_sample_weighted,4,Train103.csv,Side II,Side II,True
Exp2_XGB_sample_weighted,4,Train105.csv,Normal,Normal,True
Exp2_XGB_sample_weighted,4,Train107.csv,Normal,Normal,True
Exp2_XGB_sample_weighted,4,Train112.csv,Normal,Normal,True
Exp2_XGB_sample_weighted,4,Train116.csv,Normal,Normal,True
Exp2_XGB_sample_weighted,4,Train118.csv,Normal,Normal,True
Exp2_XGB_sample_weighted,4,Train128.csv,Normal,Normal,True
Exp2_XGB_sample_weighted,4,Train131.csv,Normal,Normal,True
Exp2_XGB_sample_weighted,4,Train132.csv,Normal,Normal,True
Exp2_XGB_sample_weighted,4,Train145.csv,Normal,Normal,True
Exp2_XGB_sample_weighted,4,Train148.csv,Normal,Normal,True
Exp2_XGB_sample_weighted,4,Train153.csv,Normal,Normal,True
Exp2_XGB_sample_weighted,4,Train157.csv,Normal,Normal,True
Exp2_XGB_sample_weighted,4,Train159.csv,Normal,Normal,True
Exp2_XGB_sample_weighted,4,Train162.csv,Normal,Normal,True
Exp2_XGB_sample_weighted,4,Train168.csv,Normal,Normal,True
Exp2_XGB_sample_weighted,4,Train170.csv,Side I,Normal,False
Exp2_XGB_sample_weighted,4,Train176.csv,Normal,Side II,False
Exp2_XGB_sample_weighted,4,Train178.csv,Normal,Normal,True
Exp2_XGB_sample_weighted,4,Train181.csv,Normal,Normal,True
Exp2_XGB_sample_weighted,4,Train188.csv,Side II,Side II,True
Exp2_XGB_sample_weighted,4,Train192.csv,Normal,Normal,True
Exp2_XGB_sample_weighted,4,Train202.csv,Side I,Normal,False
Exp2_XGB_sample_weighted,4,Train213.csv,Side I,Normal,False
Exp2_XGB_sample_weighted,4,Train214.csv,Normal,Normal,True
Exp2_XGB_sample_weighted,4,Train227.csv,Normal,Normal,True
Exp2_XGB_sample_weighted,4,Train232.csv,Normal,Normal,True
Exp2_XGB_sample_weighted,4,Train238.csv,Normal,Normal,True
Exp2_XGB_sample_weighted,4,Train241.csv,Normal,Normal,True
Exp2_XGB_sample_weighted,4,Train245.csv,Normal,Normal,True
Exp2_XGB_sample_weighted,4,Train250.csv,Normal,Normal,True
Exp2_XGB_sample_weighted,4,Train252.csv,Normal,Normal,True
Exp2_XGB_sample_weighted,4,Train267.csv,Side II,Side II,True
Exp2_XGB_sample_weighted,4,Train271.csv,Normal,Normal,True
Exp2_XGB_sample_weighted,5,Train3.csv,Normal,Normal,True
Exp2_XGB_sample_weighted,5,Train8.csv,Normal,Normal,True
Exp2_XGB_sample_weighted,5,Train10.csv,Normal,Normal,True
Exp2_XGB_sample_weighted,5,Train13.csv,Normal,Normal,True
Exp2_XGB_sample_weighted,5,Train15.csv,Normal,Normal,True
Exp2_XGB_sample_weighted,5,Train17.csv,Normal,Normal,True
Exp2_XGB_sample_weighted,5,Train21.csv,Normal,Normal,True
Exp2_XGB_sample_weighted,5,Train23.csv,Normal,Normal,True
Exp2_XGB_sample_weighted,5,Train28.csv,Normal,Normal,True
Exp2_XGB_sample_weighted,5,Train47.csv,Normal,Normal,True
Exp2_XGB_sample_weighted,5,Train50.csv,Normal,Normal,True
Exp2_XGB_sample_weighted,5,Train51.csv,Normal,Normal,True
Exp2_XGB_sample_weighted,5,Train58.csv,Normal,Normal,True
Exp2_XGB_sample_weighted,5,Train60.csv,Normal,Normal,True
Exp2_XGB_sample_weighted,5,Train62.csv,Side I,Normal,False
Exp2_XGB_sample_weighted,5,Train71.csv,Normal,Normal,True
Exp2_XGB_sample_weighted,5,Train74.csv,Normal,Normal,True
Exp2_XGB_sample_weighted,5,Train90.csv,Normal,Normal,True
Exp2_XGB_sample_weighted,5,Train101.csv,Normal,Normal,True
Exp2_XGB_sample_weighted,5,Train106.csv,Side I,Normal,False
Exp2_XGB_sample_weighted,5,Train111.csv,Side II,Side II,True
Exp2_XGB_sample_weighted,5,Train117.csv,Normal,Normal,True
Exp2_XGB_sample_weighted,5,Train137.csv,Side I,Side I,True
Exp2_XGB_sample_weighted,5,Train140.csv,Normal,Normal,True
Exp2_XGB_sample_weighted,5,Train144.csv,Normal,Normal,True
Exp2_XGB_sample_weighted,5,Train156.csv,Normal,Normal,True
Exp2_XGB_sample_weighted,5,Train169.csv,Normal,Side II,False
Exp2_XGB_sample_weighted,5,Train173.csv,Normal,Normal,True
Exp2_XGB_sample_weighted,5,Train179.csv,Side II,Side II,True
Exp2_XGB_sample_weighted,5,Train187.csv,Normal,Normal,True
Exp2_XGB_sample_weighted,5,Train189.csv,Normal,Normal,True
Exp2_XGB_sample_weighted,5,Train190.csv,Normal,Normal,True
Exp2_XGB_sample_weighted,5,Train199.csv,Side II,Side II,True
Exp2_XGB_sample_weighted,5,Train203.csv,Normal,Normal,True
Exp2_XGB_sample_weighted,5,Train204.csv,Normal,Normal,True
Exp2_XGB_sample_weighted,5,Train210.csv,Normal,Normal,True
Exp2_XGB_sample_weighted,5,Train218.csv,Normal,Normal,True
Exp2_XGB_sample_weighted,5,Train220.csv,Normal,Normal,True
Exp2_XGB_sample_weighted,5,Train221.csv,Normal,Normal,True
Exp2_XGB_sample_weighted,5,Train226.csv,Normal,Normal,True
Exp2_XGB_sample_weighted,5,Train228.csv,Normal,Normal,True
Exp2_XGB_sample_weighted,5,Train229.csv,Normal,Normal,True
Exp2_XGB_sample_weighted,5,Train230.csv,Normal,Normal,True
Exp2_XGB_sample_weighted,5,Train231.csv,Normal,Normal,True
Exp2_XGB_sample_weighted,5,Train239.csv,Normal,Normal,True
Exp2_XGB_sample_weighted,5,Train240.csv,Side II,Side II,True
Exp2_XGB_sample_weighted,5,Train242.csv,Normal,Normal,True
Exp2_XGB_sample_weighted,5,Train246.csv,Normal,Normal,True
Exp2_XGB_sample_weighted,5,Train257.csv,Normal,Normal,True
Exp2_XGB_sample_weighted,5,Train259.csv,Normal,Normal,True
Exp2_XGB_sample_weighted,5,Train260.csv,Normal,Normal,True
Exp2_XGB_sample_weighted,5,Train262.csv,Normal,Normal,True
Exp2_XGB_sample_weighted,5,Train264.csv,Normal,Normal,True
Exp2_XGB_sample_weighted,5,Train265.csv,Side II,Side I,False
Exp2_XGB_sample_weighted,6,Train5.csv,Normal,Normal,True
Exp2_XGB_sample_weighted,6,Train17.csv,Normal,Normal,True
Exp2_XGB_sample_weighted,6,Train24.csv,Normal,Normal,True
Exp2_XGB_sample_weighted,6,Train25.csv,Normal,Normal,True
Exp2_XGB_sample_weighted,6,Train28.csv,Normal,Normal,True
Exp2_XGB_sample_weighted,6,Train29.csv,Normal,Normal,True
Exp2_XGB_sample_weighted,6,Train30.csv,Side II,Side II,True
Exp2_XGB_sample_weighted,6,Train55.csv,Normal,Normal,True
Exp2_XGB_sample_weighted,6,Train56.csv,Normal,Normal,True
Exp2_XGB_sample_weighted,6,Train70.csv,Normal,Normal,True
Exp2_XGB_sample_weighted,6,Train75.csv,Normal,Normal,True
Exp2_XGB_sample_weighted,6,Train76.csv,Normal,Normal,True
Exp2_XGB_sample_weighted,6,Train78.csv,Normal,Normal,True
Exp2_XGB_sample_weighted,6,Train86.csv,Normal,Normal,True
Exp2_XGB_sample_weighted,6,Train91.csv,Normal,Normal,True
Exp2_XGB_sample_weighted,6,Train94.csv,Normal,Normal,True
Exp2_XGB_sample_weighted,6,Train97.csv,Normal,Normal,True
Exp2_XGB_sample_weighted,6,Train106.csv,Side I,Side I,True
Exp2_XGB_sample_weighted,6,Train109.csv,Normal,Normal,True
Exp2_XGB_sample_weighted,6,Train111.csv,Side II,Side II,True
Exp2_XGB_sample_weighted,6,Train131.csv,Normal,Normal,True
Exp2_XGB_sample_weighted,6,Train135.csv,Normal,Normal,True
Exp2_XGB_sample_weighted,6,Train136.csv,Normal,Normal,True
Exp2_XGB_sample_weighted,6,Train141.csv,Normal,Normal,True
Exp2_XGB_sample_weighted,6,Train142.csv,Normal,Normal,True
Exp2_XGB_sample_weighted,6,Train143.csv,Normal,Normal,True
Exp2_XGB_sample_weighted,6,Train145.csv,Normal,Normal,True
Exp2_XGB_sample_weighted,6,Train148.csv,Normal,Normal,True
Exp2_XGB_sample_weighted,6,Train152.csv,Normal,Normal,True
Exp2_XGB_sample_weighted,6,Train153.csv,Normal,Normal,True
Exp2_XGB_sample_weighted,6,Train154.csv,Normal,Normal,True
Exp2_XGB_sample_weighted,6,Train160.csv,Normal,Normal,True
Exp2_XGB_sample_weighted,6,Train169.csv,Normal,Normal,True
Exp2_XGB_sample_weighted,6,Train171.csv,Normal,Normal,True
Exp2_XGB_sample_weighted,6,Train181.csv,Normal,Normal,True
Exp2_XGB_sample_weighted,6,Train182.csv,Normal,Normal,True
Exp2_XGB_sample_weighted,6,Train185.csv,Side I,Normal,False
Exp2_XGB_sample_weighted,6,Train186.csv,Normal,Normal,True
Exp2_XGB_sample_weighted,6,Train189.csv,Normal,Normal,True
Exp2_XGB_sample_weighted,6,Train191.csv,Normal,Normal,True
Exp2_XGB_sample_weighted,6,Train193.csv,Normal,Normal,True
Exp2_XGB_sample_weighted,6,Train194.csv,Side I,Normal,False
Exp2_XGB_sample_weighted,6,Train195.csv,Normal,Normal,True
Exp2_XGB_sample_weighted,6,Train203.csv,Normal,Normal,True
Exp2_XGB_sample_weighted,6,Train205.csv,Normal,Normal,True
Exp2_XGB_sample_weighted,6,Train209.csv,Normal,Normal,True
Exp2_XGB_sample_weighted,6,Train210.csv,Normal,Normal,True
Exp2_XGB_sample_weighted,6,Train214.csv,Normal,Normal,True
Exp2_XGB_sample_weighted,6,Train216.csv,Side II,Normal,False
Exp2_XGB_sample_weighted,6,Train217.csv,Side II,Side I,False
Exp2_XGB_sample_weighted,6,Train218.csv,Normal,Normal,True
Exp2_XGB_sample_weighted,6,Train230.csv,Normal,Normal,True
Exp2_XGB_sample_weighted,6,Train232.csv,Normal,Normal,True
Exp2_XGB_sample_weighted,6,Train248.csv,Side II,Side II,True
Exp2_XGB_sample_weighted,6,Train272.csv,Normal,Normal,True
Exp2_XGB_sample_weighted,7,Train3.csv,Normal,Normal,True
Exp2_XGB_sample_weighted,7,Train6.csv,Normal,Normal,True
Exp2_XGB_sample_weighted,7,Train14.csv,Normal,Normal,True
Exp2_XGB_sample_weighted,7,Train15.csv,Normal,Normal,True
Exp2_XGB_sample_weighted,7,Train16.csv,Normal,Normal,True
Exp2_XGB_sample_weighted,7,Train18.csv,Normal,Normal,True
Exp2_XGB_sample_weighted,7,Train20.csv,Normal,Normal,True
Exp2_XGB_sample_weighted,7,Train21.csv,Normal,Normal,True
Exp2_XGB_sample_weighted,7,Train26.csv,Side II,Side II,True
Exp2_XGB_sample_weighted,7,Train32.csv,Normal,Normal,True
Exp2_XGB_sample_weighted,7,Train34.csv,Normal,Normal,True
Exp2_XGB_sample_weighted,7,Train39.csv,Normal,Normal,True
Exp2_XGB_sample_weighted,7,Train41.csv,Normal,Normal,True
Exp2_XGB_sample_weighted,7,Train43.csv,Side II,Side II,True
Exp2_XGB_sample_weighted,7,Train44.csv,Normal,Side I,False
Exp2_XGB_sample_weighted,7,Train45.csv,Normal,Normal,True
Exp2_XGB_sample_weighted,7,Train60.csv,Normal,Normal,True
Exp2_XGB_sample_weighted,7,Train62.csv,Side I,Normal,False
Exp2_XGB_sample_weighted,7,Train63.csv,Normal,Normal,True
Exp2_XGB_sample_weighted,7,Train72.csv,Side II,Side II,True
Exp2_XGB_sample_weighted,7,Train74.csv,Normal,Normal,True
Exp2_XGB_sample_weighted,7,Train80.csv,Normal,Normal,True
Exp2_XGB_sample_weighted,7,Train82.csv,Normal,Normal,True
Exp2_XGB_sample_weighted,7,Train92.csv,Normal,Normal,True
Exp2_XGB_sample_weighted,7,Train98.csv,Normal,Normal,True
Exp2_XGB_sample_weighted,7,Train99.csv,Normal,Normal,True
Exp2_XGB_sample_weighted,7,Train108.csv,Normal,Normal,True
Exp2_XGB_sample_weighted,7,Train110.csv,Normal,Normal,True
Exp2_XGB_sample_weighted,7,Train117.csv,Normal,Normal,True
Exp2_XGB_sample_weighted,7,Train124.csv,Normal,Normal,True
Exp2_XGB_sample_weighted,7,Train128.csv,Normal,Normal,True
Exp2_XGB_sample_weighted,7,Train130.csv,Normal,Normal,True
Exp2_XGB_sample_weighted,7,Train132.csv,Normal,Normal,True
Exp2_XGB_sample_weighted,7,Train134.csv,Normal,Normal,True
Exp2_XGB_sample_weighted,7,Train137.csv,Side I,Side I,True
Exp2_XGB_sample_weighted,7,Train140.csv,Normal,Normal,True
Exp2_XGB_sample_weighted,7,Train144.csv,Normal,Normal,True
Exp2_XGB_sample_weighted,7,Train147.csv,Normal,Normal,True
Exp2_XGB_sample_weighted,7,Train149.csv,Normal,Normal,True
Exp2_XGB_sample_weighted,7,Train159.csv,Normal,Normal,True
Exp2_XGB_sample_weighted,7,Train163.csv,Side I,Side I,True
Exp2_XGB_sample_weighted,7,Train167.csv,Normal,Normal,True
Exp2_XGB_sample_weighted,7,Train173.csv,Normal,Normal,True
Exp2_XGB_sample_weighted,7,Train192.csv,Normal,Normal,True
Exp2_XGB_sample_weighted,7,Train198.csv,Side II,Side II,True
Exp2_XGB_sample_weighted,7,Train199.csv,Side II,Side II,True
Exp2_XGB_sample_weighted,7,Train200.csv,Normal,Normal,True
Exp2_XGB_sample_weighted,7,Train211.csv,Normal,Normal,True
Exp2_XGB_sample_weighted,7,Train233.csv,Normal,Normal,True
Exp2_XGB_sample_weighted,7,Train241.csv,Normal,Normal,True
Exp2_XGB_sample_weighted,7,Train245.csv,Normal,Normal,True
Exp2_XGB_sample_weighted,7,Train250.csv,Normal,Normal,True
Exp2_XGB_sample_weighted,7,Train256.csv,Normal,Normal,True
Exp2_XGB_sample_weighted,7,Train261.csv,Normal,Normal,True
Exp2_XGB_sample_weighted,7,Train268.csv,Normal,Normal,True
Exp2_XGB_sample_weighted,8,Train1.csv,Normal,Normal,True
Exp2_XGB_sample_weighted,8,Train8.csv,Normal,Normal,True
Exp2_XGB_sample_weighted,8,Train23.csv,Normal,Normal,True
Exp2_XGB_sample_weighted,8,Train36.csv,Normal,Normal,True
Exp2_XGB_sample_weighted,8,Train47.csv,Normal,Normal,True
Exp2_XGB_sample_weighted,8,Train49.csv,Normal,Normal,True
Exp2_XGB_sample_weighted,8,Train52.csv,Normal,Normal,True
Exp2_XGB_sample_weighted,8,Train57.csv,Normal,Normal,True
Exp2_XGB_sample_weighted,8,Train59.csv,Normal,Normal,True
Exp2_XGB_sample_weighted,8,Train66.csv,Normal,Normal,True
Exp2_XGB_sample_weighted,8,Train79.csv,Normal,Normal,True
Exp2_XGB_sample_weighted,8,Train81.csv,Normal,Normal,True
Exp2_XGB_sample_weighted,8,Train83.csv,Side I,Side I,True
Exp2_XGB_sample_weighted,8,Train84.csv,Normal,Normal,True
Exp2_XGB_sample_weighted,8,Train85.csv,Normal,Normal,True
Exp2_XGB_sample_weighted,8,Train88.csv,Normal,Normal,True
Exp2_XGB_sample_weighted,8,Train90.csv,Normal,Normal,True
Exp2_XGB_sample_weighted,8,Train101.csv,Normal,Normal,True
Exp2_XGB_sample_weighted,8,Train102.csv,Normal,Normal,True
Exp2_XGB_sample_weighted,8,Train103.csv,Side II,Normal,False
Exp2_XGB_sample_weighted,8,Train113.csv,Normal,Normal,True
Exp2_XGB_sample_weighted,8,Train114.csv,Normal,Normal,True
Exp2_XGB_sample_weighted,8,Train118.csv,Normal,Normal,True
Exp2_XGB_sample_weighted,8,Train123.csv,Normal,Side I,False
Exp2_XGB_sample_weighted,8,Train126.csv,Normal,Normal,True
Exp2_XGB_sample_weighted,8,Train127.csv,Side II,Side II,True
Exp2_XGB_sample_weighted,8,Train129.csv,Normal,Normal,True
Exp2_XGB_sample_weighted,8,Train146.csv,Normal,Normal,True
Exp2_XGB_sample_weighted,8,Train157.csv,Normal,Normal,True
Exp2_XGB_sample_weighted,8,Train158.csv,Normal,Normal,True
Exp2_XGB_sample_weighted,8,Train161.csv,Normal,Normal,True
Exp2_XGB_sample_weighted,8,Train164.csv,Side II,Side II,True
Exp2_XGB_sample_weighted,8,Train170.csv,Side I,Normal,False
Exp2_XGB_sample_weighted,8,Train176.csv,Normal,Normal,True
Exp2_XGB_sample_weighted,8,Train183.csv,Normal,Normal,True
Exp2_XGB_sample_weighted,8,Train187.csv,Normal,Normal,True
Exp2_XGB_sample_weighted,8,Train201.csv,Normal,Normal,True
Exp2_XGB_sample_weighted,8,Train204.csv,Normal,Normal,True
Exp2_XGB_sample_weighted,8,Train212.csv,Normal,Normal,True
Exp2_XGB_sample_weighted,8,Train219.csv,Normal,Normal,True
Exp2_XGB_sample_weighted,8,Train220.csv,Normal,Normal,True
Exp2_XGB_sample_weighted,8,Train225.csv,Normal,Normal,True
Exp2_XGB_sample_weighted,8,Train226.csv,Normal,Normal,True
Exp2_XGB_sample_weighted,8,Train240.csv,Side II,Side II,True
Exp2_XGB_sample_weighted,8,Train242.csv,Normal,Normal,True
Exp2_XGB_sample_weighted,8,Train243.csv,Normal,Normal,True
Exp2_XGB_sample_weighted,8,Train249.csv,Normal,Normal,True
Exp2_XGB_sample_weighted,8,Train251.csv,Normal,Side II,False
Exp2_XGB_sample_weighted,8,Train255.csv,Normal,Normal,True
Exp2_XGB_sample_weighted,8,Train257.csv,Normal,Normal,True
Exp2_XGB_sample_weighted,8,Train260.csv,Normal,Normal,True
Exp2_XGB_sample_weighted,8,Train264.csv,Normal,Normal,True
Exp2_XGB_sample_weighted,8,Train265.csv,Side II,Side I,False
Exp2_XGB_sample_weighted,8,Train270.csv,Normal,Normal,True
Exp2_XGB_sample_weighted,9,Train2.csv,Side II,Side II,True
Exp2_XGB_sample_weighted,9,Train4.csv,Normal,Normal,True
Exp2_XGB_sample_weighted,9,Train7.csv,Normal,Normal,True
Exp2_XGB_sample_weighted,9,Train9.csv,Normal,Normal,True
Exp2_XGB_sample_weighted,9,Train10.csv,Normal,Normal,True
Exp2_XGB_sample_weighted,9,Train11.csv,Normal,Normal,True
Exp2_XGB_sample_weighted,9,Train13.csv,Normal,Normal,True
Exp2_XGB_sample_weighted,9,Train19.csv,Normal,Normal,True
Exp2_XGB_sample_weighted,9,Train22.csv,Normal,Normal,True
Exp2_XGB_sample_weighted,9,Train33.csv,Normal,Normal,True
Exp2_XGB_sample_weighted,9,Train35.csv,Normal,Normal,True
Exp2_XGB_sample_weighted,9,Train37.csv,Normal,Normal,True
Exp2_XGB_sample_weighted,9,Train38.csv,Normal,Normal,True
Exp2_XGB_sample_weighted,9,Train40.csv,Normal,Normal,True
Exp2_XGB_sample_weighted,9,Train42.csv,Normal,Normal,True
Exp2_XGB_sample_weighted,9,Train46.csv,Normal,Normal,True
Exp2_XGB_sample_weighted,9,Train51.csv,Normal,Normal,True
Exp2_XGB_sample_weighted,9,Train53.csv,Side II,Side II,True
Exp2_XGB_sample_weighted,9,Train58.csv,Normal,Normal,True
Exp2_XGB_sample_weighted,9,Train61.csv,Normal,Normal,True
Exp2_XGB_sample_weighted,9,Train64.csv,Normal,Normal,True
Exp2_XGB_sample_weighted,9,Train67.csv,Normal,Normal,True
Exp2_XGB_sample_weighted,9,Train87.csv,Normal,Normal,True
Exp2_XGB_sample_weighted,9,Train89.csv,Normal,Normal,True
Exp2_XGB_sample_weighted,9,Train93.csv,Side II,Side II,True
Exp2_XGB_sample_weighted,9,Train100.csv,Side I,Side II,False
Exp2_XGB_sample_weighted,9,Train116.csv,Normal,Normal,True
Exp2_XGB_sample_weighted,9,Train122.csv,Normal,Normal,True
Exp2_XGB_sample_weighted,9,Train133.csv,Normal,Normal,True
Exp2_XGB_sample_weighted,9,Train139.csv,Normal,Normal,True
Exp2_XGB_sample_weighted,9,Train155.csv,Normal,Normal,True
Exp2_XGB_sample_weighted,9,Train156.csv,Normal,Normal,True
Exp2_XGB_sample_weighted,9,Train162.csv,Normal,Normal,True
Exp2_XGB_sample_weighted,9,Train166.csv,Normal,Normal,True
Exp2_XGB_sample_weighted,9,Train175.csv,Normal,Normal,True
Exp2_XGB_sample_weighted,9,Train180.csv,Side I,Side I,True
Exp2_XGB_sample_weighted,9,Train190.csv,Normal,Normal,True
Exp2_XGB_sample_weighted,9,Train208.csv,Normal,Normal,True
Exp2_XGB_sample_weighted,9,Train213.csv,Side I,Side I,True
Exp2_XGB_sample_weighted,9,Train215.csv,Normal,Normal,True
Exp2_XGB_sample_weighted,9,Train221.csv,Normal,Normal,True
Exp2_XGB_sample_weighted,9,Train224.csv,Normal,Normal,True
Exp2_XGB_sample_weighted,9,Train231.csv,Normal,Normal,True
Exp2_XGB_sample_weighted,9,Train235.csv,Normal,Normal,True
Exp2_XGB_sample_weighted,9,Train237.csv,Normal,Normal,True
Exp2_XGB_sample_weighted,9,Train244.csv,Normal,Normal,True
Exp2_XGB_sample_weighted,9,Train246.csv,Normal,Normal,True
Exp2_XGB_sample_weighted,9,Train252.csv,Normal,Normal,True
Exp2_XGB_sample_weighted,9,Train253.csv,Normal,Normal,True
Exp2_XGB_sample_weighted,9,Train259.csv,Normal,Normal,True
Exp2_XGB_sample_weighted,9,Train262.csv,Normal,Normal,True
Exp2_XGB_sample_weighted,9,Train263.csv,Normal,Normal,True
Exp2_XGB_sample_weighted,9,Train267.csv,Side II,Side II,True
Exp2_XGB_sample_weighted,9,Train269.csv,Normal,Normal,True
Exp2_XGB_sample_weighted,10,Train12.csv,Side II,Side II,True
Exp2_XGB_sample_weighted,10,Train27.csv,Normal,Normal,True
Exp2_XGB_sample_weighted,10,Train31.csv,Normal,Normal,True
Exp2_XGB_sample_weighted,10,Train48.csv,Normal,Normal,True
Exp2_XGB_sample_weighted,10,Train50.csv,Normal,Normal,True
Exp2_XGB_sample_weighted,10,Train54.csv,Normal,Normal,True
Exp2_XGB_sample_weighted,10,Train65.csv,Normal,Normal,True
Exp2_XGB_sample_weighted,10,Train68.csv,Normal,Normal,True
Exp2_XGB_sample_weighted,10,Train69.csv,Normal,Normal,True
Exp2_XGB_sample_weighted,10,Train71.csv,Normal,Normal,True
Exp2_XGB_sample_weighted,10,Train73.csv,Normal,Normal,True
Exp2_XGB_sample_weighted,10,Train77.csv,Normal,Normal,True
Exp2_XGB_sample_weighted,10,Train95.csv,Normal,Normal,True
Exp2_XGB_sample_weighted,10,Train96.csv,Normal,Normal,True
Exp2_XGB_sample_weighted,10,Train104.csv,Side II,Side II,True
Exp2_XGB_sample_weighted,10,Train105.csv,Normal,Normal,True
Exp2_XGB_sample_weighted,10,Train107.csv,Normal,Normal,True
Exp2_XGB_sample_weighted,10,Train112.csv,Normal,Normal,True
Exp2_XGB_sample_weighted,10,Train115.csv,Normal,Normal,True
Exp2_XGB_sample_weighted,10,Train119.csv,Normal,Normal,True
Exp2_XGB_sample_weighted,10,Train120.csv,Normal,Normal,True
Exp2_XGB_sample_weighted,10,Train121.csv,Side I,Normal,False
Exp2_XGB_sample_weighted,10,Train125.csv,Normal,Normal,True
Exp2_XGB_sample_weighted,10,Train138.csv,Normal,Normal,True
Exp2_XGB_sample_weighted,10,Train150.csv,Side I,Side I,True
Exp2_XGB_sample_weighted,10,Train151.csv,Normal,Normal,True
Exp2_XGB_sample_weighted,10,Train165.csv,Normal,Normal,True
Exp2_XGB_sample_weighted,10,Train168.csv,Normal,Normal,True
Exp2_XGB_sample_weighted,10,Train172.csv,Normal,Normal,True
Exp2_XGB_sample_weighted,10,Train174.csv,Normal,Normal,True
Exp2_XGB_sample_weighted,10,Train177.csv,Normal,Side I,False
Exp2_XGB_sample_weighted,10,Train178.csv,Normal,Normal,True
Exp2_XGB_sample_weighted,10,Train179.csv,Side II,Side II,True
Exp2_XGB_sample_weighted,10,Train184.csv,Normal,Normal,True
Exp2_XGB_sample_weighted,10,Train188.csv,Side II,Side II,True
Exp2_XGB_sample_weighted,10,Train196.csv,Normal,Normal,True
Exp2_XGB_sample_weighted,10,Train197.csv,Normal,Side II,False
Exp2_XGB_sample_weighted,10,Train202.csv,Side I,Normal,False
Exp2_XGB_sample_weighted,10,Train206.csv,Normal,Normal,True
Exp2_XGB_sample_weighted,10,Train207.csv,Side II,Side II,True
Exp2_XGB_sample_weighted,10,Train222.csv,Normal,Normal,True
Exp2_XGB_sample_weighted,10,Train223.csv,Normal,Normal,True
Exp2_XGB_sample_weighted,10,Train227.csv,Normal,Normal,True
Exp2_XGB_sample_weighted,10,Train228.csv,Normal,Normal,True
Exp2_XGB_sample_weighted,10,Train229.csv,Normal,Normal,True
Exp2_XGB_sample_weighted,10,Train234.csv,Normal,Normal,True
Exp2_XGB_sample_weighted,10,Train236.csv,Normal,Normal,True
Exp2_XGB_sample_weighted,10,Train238.csv,Normal,Normal,True
Exp2_XGB_sample_weighted,10,Train239.csv,Normal,Normal,True
Exp2_XGB_sample_weighted,10,Train247.csv,Normal,Normal,True
Exp2_XGB_sample_weighted,10,Train254.csv,Normal,Normal,True
Exp2_XGB_sample_weighted,10,Train258.csv,Normal,Normal,True
Exp2_XGB_sample_weighted,10,Train266.csv,Normal,Normal,True
Exp2_XGB_sample_weighted,10,Train271.csv,Normal,Normal,True
Exp2_XGB_sample_weighted,11,Train14.csv,Normal,Normal,True
Exp2_XGB_sample_weighted,11,Train15.csv,Normal,Normal,True
Exp2_XGB_sample_weighted,11,Train25.csv,Normal,Normal,True
Exp2_XGB_sample_weighted,11,Train42.csv,Normal,Normal,True
Exp2_XGB_sample_weighted,11,Train47.csv,Normal,Normal,True
Exp2_XGB_sample_weighted,11,Train49.csv,Normal,Normal,True
Exp2_XGB_sample_weighted,11,Train51.csv,Normal,Normal,True
Exp2_XGB_sample_weighted,11,Train61.csv,Normal,Normal,True
Exp2_XGB_sample_weighted,11,Train63.csv,Normal,Normal,True
Exp2_XGB_sample_weighted,11,Train71.csv,Normal,Normal,True
Exp2_XGB_sample_weighted,11,Train72.csv,Side II,Side II,True
Exp2_XGB_sample_weighted,11,Train73.csv,Normal,Normal,True
Exp2_XGB_sample_weighted,11,Train81.csv,Normal,Normal,True
Exp2_XGB_sample_weighted,11,Train89.csv,Normal,Normal,True
Exp2_XGB_sample_weighted,11,Train91.csv,Normal,Normal,True
Exp2_XGB_sample_weighted,11,Train102.csv,Normal,Normal,True
Exp2_XGB_sample_weighted,11,Train105.csv,Normal,Normal,True
Exp2_XGB_sample_weighted,11,Train109.csv,Normal,Normal,True
Exp2_XGB_sample_weighted,11,Train110.csv,Normal,Normal,True
Exp2_XGB_sample_weighted,11,Train111.csv,Side II,Side II,True
Exp2_XGB_sample_weighted,11,Train112.csv,Normal,Normal,True
Exp2_XGB_sample_weighted,11,Train115.csv,Normal,Normal,True
Exp2_XGB_sample_weighted,11,Train117.csv,Normal,Normal,True
Exp2_XGB_sample_weighted,11,Train128.csv,Normal,Normal,True
Exp2_XGB_sample_weighted,11,Train131.csv,Normal,Normal,True
Exp2_XGB_sample_weighted,11,Train133.csv,Normal,Normal,True
Exp2_XGB_sample_weighted,11,Train135.csv,Normal,Normal,True
Exp2_XGB_sample_weighted,11,Train138.csv,Normal,Normal,True
Exp2_XGB_sample_weighted,11,Train139.csv,Normal,Normal,True
Exp2_XGB_sample_weighted,11,Train148.csv,Normal,Normal,True
Exp2_XGB_sample_weighted,11,Train163.csv,Side I,Side I,True
Exp2_XGB_sample_weighted,11,Train167.csv,Normal,Normal,True
Exp2_XGB_sample_weighted,11,Train176.csv,Normal,Normal,True
Exp2_XGB_sample_weighted,11,Train177.csv,Normal,Side I,False
Exp2_XGB_sample_weighted,11,Train181.csv,Normal,Normal,True
Exp2_XGB_sample_weighted,11,Train184.csv,Normal,Normal,True
Exp2_XGB_sample_weighted,11,Train194.csv,Side I,Side I,True
Exp2_XGB_sample_weighted,11,Train201.csv,Normal,Normal,True
Exp2_XGB_sample_weighted,11,Train202.csv,Side I,Normal,False
Exp2_XGB_sample_weighted,11,Train204.csv,Normal,Normal,True
Exp2_XGB_sample_weighted,11,Train207.csv,Side II,Side II,True
Exp2_XGB_sample_weighted,11,Train212.csv,Normal,Normal,True
Exp2_XGB_sample_weighted,11,Train217.csv,Side II,Side I,False
Exp2_XGB_sample_weighted,11,Train225.csv,Normal,Normal,True
Exp2_XGB_sample_weighted,11,Train226.csv,Normal,Normal,True
Exp2_XGB_sample_weighted,11,Train233.csv,Normal,Normal,True
Exp2_XGB_sample_weighted,11,Train242.csv,Normal,Normal,True
Exp2_XGB_sample_weighted,11,Train243.csv,Normal,Normal,True
Exp2_XGB_sample_weighted,11,Train246.csv,Normal,Normal,True
Exp2_XGB_sample_weighted,11,Train247.csv,Normal,Normal,True
Exp2_XGB_sample_weighted,11,Train251.csv,Normal,Side II,False
Exp2_XGB_sample_weighted,11,Train252.csv,Normal,Normal,True
Exp2_XGB_sample_weighted,11,Train258.csv,Normal,Normal,True
Exp2_XGB_sample_weighted,11,Train265.csv,Side II,Side I,False
Exp2_XGB_sample_weighted,11,Train269.csv,Normal,Normal,True
Exp2_XGB_sample_weighted,12,Train1.csv,Normal,Normal,True
Exp2_XGB_sample_weighted,12,Train4.csv,Normal,Normal,True
Exp2_XGB_sample_weighted,12,Train10.csv,Normal,Normal,True
Exp2_XGB_sample_weighted,12,Train12.csv,Side II,Side II,True
Exp2_XGB_sample_weighted,12,Train17.csv,Normal,Normal,True
Exp2_XGB_sample_weighted,12,Train18.csv,Normal,Normal,True
Exp2_XGB_sample_weighted,12,Train21.csv,Normal,Normal,True
Exp2_XGB_sample_weighted,12,Train24.csv,Normal,Normal,True
Exp2_XGB_sample_weighted,12,Train26.csv,Side II,Side II,True
Exp2_XGB_sample_weighted,12,Train27.csv,Normal,Normal,True
Exp2_XGB_sample_weighted,12,Train28.csv,Normal,Normal,True
Exp2_XGB_sample_weighted,12,Train43.csv,Side II,Side II,True
Exp2_XGB_sample_weighted,12,Train45.csv,Normal,Normal,True
Exp2_XGB_sample_weighted,12,Train48.csv,Normal,Normal,True
Exp2_XGB_sample_weighted,12,Train55.csv,Normal,Normal,True
Exp2_XGB_sample_weighted,12,Train56.csv,Normal,Normal,True
Exp2_XGB_sample_weighted,12,Train57.csv,Normal,Normal,True
Exp2_XGB_sample_weighted,12,Train59.csv,Normal,Normal,True
Exp2_XGB_sample_weighted,12,Train62.csv,Side I,Side I,True
Exp2_XGB_sample_weighted,12,Train67.csv,Normal,Normal,True
Exp2_XGB_sample_weighted,12,Train80.csv,Normal,Normal,True
Exp2_XGB_sample_weighted,12,Train82.csv,Normal,Normal,True
Exp2_XGB_sample_weighted,12,Train84.csv,Normal,Normal,True
Exp2_XGB_sample_weighted,12,Train85.csv,Normal,Normal,True
Exp2_XGB_sample_weighted,12,Train93.csv,Side II,Side II,True
Exp2_XGB_sample_weighted,12,Train94.csv,Normal,Normal,True
Exp2_XGB_sample_weighted,12,Train101.csv,Normal,Normal,True
Exp2_XGB_sample_weighted,12,Train107.csv,Normal,Normal,True
Exp2_XGB_sample_weighted,12,Train113.csv,Normal,Normal,True
Exp2_XGB_sample_weighted,12,Train124.csv,Normal,Normal,True
Exp2_XGB_sample_weighted,12,Train125.csv,Normal,Normal,True
Exp2_XGB_sample_weighted,12,Train140.csv,Normal,Normal,True
Exp2_XGB_sample_weighted,12,Train144.csv,Normal,Normal,True
Exp2_XGB_sample_weighted,12,Train147.csv,Normal,Normal,True
Exp2_XGB_sample_weighted,12,Train152.csv,Normal,Normal,True
Exp2_XGB_sample_weighted,12,Train153.csv,Normal,Normal,True
Exp2_XGB_sample_weighted,12,Train158.csv,Normal,Normal,True
Exp2_XGB_sample_weighted,12,Train159.csv,Normal,Normal,True
Exp2_XGB_sample_weighted,12,Train162.csv,Normal,Normal,True
Exp2_XGB_sample_weighted,12,Train168.csv,Normal,Normal,True
Exp2_XGB_sample_weighted,12,Train170.csv,Side I,Normal,False
Exp2_XGB_sample_weighted,12,Train172.csv,Normal,Normal,True
Exp2_XGB_sample_weighted,12,Train179.csv,Side II,Side II,True
Exp2_XGB_sample_weighted,12,Train185.csv,Side I,Normal,False
Exp2_XGB_sample_weighted,12,Train187.csv,Normal,Normal,True
Exp2_XGB_sample_weighted,12,Train192.csv,Normal,Normal,True
Exp2_XGB_sample_weighted,12,Train205.csv,Normal,Side I,False
Exp2_XGB_sample_weighted,12,Train209.csv,Normal,Normal,True
Exp2_XGB_sample_weighted,12,Train218.csv,Normal,Normal,True
Exp2_XGB_sample_weighted,12,Train222.csv,Normal,Normal,True
Exp2_XGB_sample_weighted,12,Train223.csv,Normal,Normal,True
Exp2_XGB_sample_weighted,12,Train227.csv,Normal,Normal,True
Exp2_XGB_sample_weighted,12,Train236.csv,Normal,Normal,True
Exp2_XGB_sample_weighted,12,Train238.csv,Normal,Normal,True
Exp2_XGB_sample_weighted,12,Train239.csv,Normal,Normal,True
Exp2_XGB_sample_weighted,13,Train5.csv,Normal,Normal,True
Exp2_XGB_sample_weighted,13,Train7.csv,Normal,Normal,True
Exp2_XGB_sample_weighted,13,Train9.csv,Normal,Normal,True
Exp2_XGB_sample_weighted,13,Train20.csv,Normal,Normal,True
Exp2_XGB_sample_weighted,13,Train22.csv,Normal,Normal,True
Exp2_XGB_sample_weighted,13,Train32.csv,Normal,Normal,True
Exp2_XGB_sample_weighted,13,Train34.csv,Normal,Normal,True
Exp2_XGB_sample_weighted,13,Train40.csv,Normal,Normal,True
Exp2_XGB_sample_weighted,13,Train50.csv,Normal,Normal,True
Exp2_XGB_sample_weighted,13,Train52.csv,Normal,Normal,True
Exp2_XGB_sample_weighted,13,Train53.csv,Side II,Side II,True
Exp2_XGB_sample_weighted,13,Train58.csv,Normal,Normal,True
Exp2_XGB_sample_weighted,13,Train65.csv,Normal,Normal,True
Exp2_XGB_sample_weighted,13,Train69.csv,Normal,Normal,True
Exp2_XGB_sample_weighted,13,Train78.csv,Normal,Normal,True
Exp2_XGB_sample_weighted,13,Train86.csv,Normal,Normal,True
Exp2_XGB_sample_weighted,13,Train88.csv,Normal,Normal,True
Exp2_XGB_sample_weighted,13,Train98.csv,Normal,Normal,True
Exp2_XGB_sample_weighted,13,Train99.csv,Normal,Normal,True
Exp2_XGB_sample_weighted,13,Train100.csv,Side I,Side II,False
Exp2_XGB_sample_weighted,13,Train103.csv,Side II,Side II,True
Exp2_XGB_sample_weighted,13,Train108.csv,Normal,Normal,True
Exp2_XGB_sample_weighted,13,Train127.csv,Side II,Side II,True
Exp2_XGB_sample_weighted,13,Train130.csv,Normal,Side I,False
Exp2_XGB_sample_weighted,13,Train134.csv,Normal,Normal,True
Exp2_XGB_sample_weighted,13,Train143.csv,Normal,Normal,True
Exp2_XGB_sample_weighted,13,Train145.csv,Normal,Normal,True
Exp2_XGB_sample_weighted,13,Train150.csv,Side I,Normal,False
Exp2_XGB_sample_weighted,13,Train151.csv,Normal,Normal,True
Exp2_XGB_sample_weighted,13,Train155.csv,Normal,Normal,True
Exp2_XGB_sample_weighted,13,Train160.csv,Normal,Normal,True
Exp2_XGB_sample_weighted,13,Train166.csv,Normal,Normal,True
Exp2_XGB_sample_weighted,13,Train174.csv,Normal,Normal,True
Exp2_XGB_sample_weighted,13,Train182.csv,Normal,Normal,True
Exp2_XGB_sample_weighted,13,Train188.csv,Side II,Side II,True
Exp2_XGB_sample_weighted,13,Train195.csv,Normal,Normal,True
Exp2_XGB_sample_weighted,13,Train196.csv,Normal,Normal,True
Exp2_XGB_sample_weighted,13,Train203.csv,Normal,Normal,True
Exp2_XGB_sample_weighted,13,Train210.csv,Normal,Normal,True
Exp2_XGB_sample_weighted,13,Train219.csv,Normal,Normal,True
Exp2_XGB_sample_weighted,13,Train221.csv,Normal,Normal,True
Exp2_XGB_sample_weighted,13,Train224.csv,Normal,Normal,True
Exp2_XGB_sample_weighted,13,Train230.csv,Normal,Normal,True
Exp2_XGB_sample_weighted,13,Train231.csv,Normal,Normal,True
Exp2_XGB_sample_weighted,13,Train235.csv,Normal,Normal,True
Exp2_XGB_sample_weighted,13,Train237.csv,Normal,Normal,True
Exp2_XGB_sample_weighted,13,Train240.csv,Side II,Side II,True
Exp2_XGB_sample_weighted,13,Train244.csv,Normal,Normal,True
Exp2_XGB_sample_weighted,13,Train250.csv,Normal,Normal,True
Exp2_XGB_sample_weighted,13,Train256.csv,Normal,Normal,True
Exp2_XGB_sample_weighted,13,Train259.csv,Normal,Normal,True
Exp2_XGB_sample_weighted,13,Train264.csv,Normal,Normal,True
Exp2_XGB_sample_weighted,13,Train266.csv,Normal,Normal,True
Exp2_XGB_sample_weighted,13,Train272.csv,Normal,Normal,True
Exp2_XGB_sample_weighted,14,Train3.csv,Normal,Normal,True
Exp2_XGB_sample_weighted,14,Train6.csv,Normal,Normal,True
Exp2_XGB_sample_weighted,14,Train8.csv,Normal,Normal,True
Exp2_XGB_sample_weighted,14,Train11.csv,Normal,Normal,True
Exp2_XGB_sample_weighted,14,Train16.csv,Normal,Normal,True
Exp2_XGB_sample_weighted,14,Train19.csv,Normal,Normal,True
Exp2_XGB_sample_weighted,14,Train23.csv,Normal,Normal,True
Exp2_XGB_sample_weighted,14,Train30.csv,Side II,Side II,True
Exp2_XGB_sample_weighted,14,Train35.csv,Normal,Normal,True
Exp2_XGB_sample_weighted,14,Train36.csv,Normal,Normal,True
Exp2_XGB_sample_weighted,14,Train37.csv,Normal,Normal,True
Exp2_XGB_sample_weighted,14,Train44.csv,Normal,Normal,True
Exp2_XGB_sample_weighted,14,Train54.csv,Normal,Normal,True
Exp2_XGB_sample_weighted,14,Train64.csv,Normal,Normal,True
Exp2_XGB_sample_weighted,14,Train66.csv,Normal,Normal,True
Exp2_XGB_sample_weighted,14,Train75.csv,Normal,Normal,True
Exp2_XGB_sample_weighted,14,Train76.csv,Normal,Normal,True
Exp2_XGB_sample_weighted,14,Train79.csv,Normal,Normal,True
Exp2_XGB_sample_weighted,14,Train83.csv,Side I,Side I,True
Exp2_XGB_sample_weighted,14,Train95.csv,Normal,Normal,True
Exp2_XGB_sample_weighted,14,Train96.csv,Normal,Normal,True
Exp2_XGB_sample_weighted,14,Train116.csv,Normal,Normal,True
Exp2_XGB_sample_weighted,14,Train120.csv,Normal,Normal,True
Exp2_XGB_sample_weighted,14,Train123.csv,Normal,Normal,True
Exp2_XGB_sample_weighted,14,Train129.csv,Normal,Normal,True
Exp2_XGB_sample_weighted,14,Train132.csv,Normal,Normal,True
Exp2_XGB_sample_weighted,14,Train136.csv,Normal,Normal,True
Exp2_XGB_sample_weighted,14,Train141.csv,Normal,Normal,True
Exp2_XGB_sample_weighted,14,Train156.csv,Normal,Normal,True
Exp2_XGB_sample_weighted,14,Train157.csv,Normal,Normal,True
Exp2_XGB_sample_weighted,14,Train169.csv,Normal,Normal,True
Exp2_XGB_sample_weighted,14,Train173.csv,Normal,Normal,True
Exp2_XGB_sample_weighted,14,Train175.csv,Normal,Normal,True
Exp2_XGB_sample_weighted,14,Train178.csv,Normal,Normal,True
Exp2_XGB_sample_weighted,14,Train180.csv,Side I,Side I,True
Exp2_XGB_sample_weighted,14,Train186.csv,Normal,Normal,True
Exp2_XGB_sample_weighted,14,Train191.csv,Normal,Normal,True
Exp2_XGB_sample_weighted,14,Train193.csv,Normal,Normal,True
Exp2_XGB_sample_weighted,14,Train197.csv,Normal,Side II,False
Exp2_XGB_sample_weighted,14,Train198.csv,Side II,Side II,True
Exp2_XGB_sample_weighted,14,Train199.csv,Side II,Side II,True
Exp2_XGB_sample_weighted,14,Train200.csv,Normal,Normal,True
Exp2_XGB_sample_weighted,14,Train206.csv,Normal,Normal,True
Exp2_XGB_sample_weighted,14,Train211.csv,Normal,Normal,True
Exp2_XGB_sample_weighted,14,Train213.csv,Side I,Side I,True
Exp2_XGB_sample_weighted,14,Train220.csv,Normal,Normal,True
Exp2_XGB_sample_weighted,14,Train228.csv,Normal,Normal,True
Exp2_XGB_sample_weighted,14,Train234.csv,Normal,Normal,True
Exp2_XGB_sample_weighted,14,Train248.csv,Side II,Side II,True
Exp2_XGB_sample_weighted,14,Train249.csv,Normal,Normal,True
Exp2_XGB_sample_weighted,14,Train254.csv,Normal,Normal,True
Exp2_XGB_sample_weighted,14,Train260.csv,Normal,Normal,True
Exp2_XGB_sample_weighted,14,Train262.csv,Normal,Normal,True
Exp2_XGB_sample_weighted,14,Train271.csv,Normal,Normal,True
Exp2_XGB_sample_weighted,15,Train2.csv,Side II,Side II,True
Exp2_XGB_sample_weighted,15,Train13.csv,Normal,Normal,True
Exp2_XGB_sample_weighted,15,Train29.csv,Normal,Normal,True
Exp2_XGB_sample_weighted,15,Train31.csv,Normal,Normal,True
Exp2_XGB_sample_weighted,15,Train33.csv,Normal,Normal,True
Exp2_XGB_sample_weighted,15,Train38.csv,Normal,Normal,True
Exp2_XGB_sample_weighted,15,Train39.csv,Normal,Normal,True
Exp2_XGB_sample_weighted,15,Train41.csv,Normal,Normal,True
Exp2_XGB_sample_weighted,15,Train46.csv,Normal,Normal,True
Exp2_XGB_sample_weighted,15,Train60.csv,Normal,Normal,True
Exp2_XGB_sample_weighted,15,Train68.csv,Normal,Normal,True
Exp2_XGB_sample_weighted,15,Train70.csv,Normal,Normal,True
Exp2_XGB_sample_weighted,15,Train74.csv,Normal,Normal,True
Exp2_XGB_sample_weighted,15,Train77.csv,Normal,Normal,True
Exp2_XGB_sample_weighted,15,Train87.csv,Normal,Normal,True
Exp2_XGB_sample_weighted,15,Train90.csv,Normal,Normal,True
Exp2_XGB_sample_weighted,15,Train92.csv,Normal,Normal,True
Exp2_XGB_sample_weighted,15,Train97.csv,Normal,Normal,True
Exp2_XGB_sample_weighted,15,Train104.csv,Side II,Side II,True
Exp2_XGB_sample_weighted,15,Train106.csv,Side I,Side I,True
Exp2_XGB_sample_weighted,15,Train114.csv,Normal,Normal,True
Exp2_XGB_sample_weighted,15,Train118.csv,Normal,Normal,True
Exp2_XGB_sample_weighted,15,Train119.csv,Normal,Normal,True
Exp2_XGB_sample_weighted,15,Train121.csv,Side I,Normal,False
Exp2_XGB_sample_weighted,15,Train122.csv,Normal,Normal,True
Exp2_XGB_sample_weighted,15,Train126.csv,Normal,Normal,True
Exp2_XGB_sample_weighted,15,Train137.csv,Side I,Normal,False
Exp2_XGB_sample_weighted,15,Train142.csv,Normal,Normal,True
Exp2_XGB_sample_weighted,15,Train146.csv,Normal,Normal,True
Exp2_XGB_sample_weighted,15,Train149.csv,Normal,Normal,True
Exp2_XGB_sample_weighted,15,Train154.csv,Normal,Normal,True
Exp2_XGB_sample_weighted,15,Train161.csv,Normal,Normal,True
Exp2_XGB_sample_weighted,15,Train164.csv,Side II,Side II,True
Exp2_XGB_sample_weighted,15,Train165.csv,Normal,Normal,True
Exp2_XGB_sample_weighted,15,Train171.csv,Normal,Normal,True
Exp2_XGB_sample_weighted,15,Train183.csv,Normal,Normal,True
Exp2_XGB_sample_weighted,15,Train189.csv,Normal,Normal,True
Exp2_XGB_sample_weighted,15,Train190.csv,Normal,Normal,True
Exp2_XGB_sample_weighted,15,Train208.csv,Normal,Normal,True
Exp2_XGB_sample_weighted,15,Train214.csv,Normal,Normal,True
Exp2_XGB_sample_weighted,15,Train215.csv,Normal,Normal,True
Exp2_XGB_sample_weighted,15,Train216.csv,Side II,Normal,False
Exp2_XGB_sample_weighted,15,Train229.csv,Normal,Normal,True
Exp2_XGB_sample_weighted,15,Train232.csv,Normal,Normal,True
Exp2_XGB_sample_weighted,15,Train241.csv,Normal,Normal,True
Exp2_XGB_sample_weighted,15,Train245.csv,Normal,Normal,True
Exp2_XGB_sample_weighted,15,Train253.csv,Normal,Normal,True
Exp2_XGB_sample_weighted,15,Train255.csv,Normal,Normal,True
Exp2_XGB_sample_weighted,15,Train257.csv,Normal,Normal,True
Exp2_XGB_sample_weighted,15,Train261.csv,Normal,Normal,True
Exp2_XGB_sample_weighted,15,Train263.csv,Normal,Normal,True
Exp2_XGB_sample_weighted,15,Train267.csv,Side II,Side II,True
Exp2_XGB_sample_weighted,15,Train268.csv,Normal,Normal,True
Exp2_XGB_sample_weighted,15,Train270.csv,Normal,Normal,True
Exp3_XGB_enhanced_features,1,Train5.csv,Normal,Normal,True
Exp3_XGB_enhanced_features,1,Train11.csv,Normal,Normal,True
Exp3_XGB_enhanced_features,1,Train12.csv,Side II,Side II,True
Exp3_XGB_enhanced_features,1,Train16.csv,Normal,Normal,True
Exp3_XGB_enhanced_features,1,Train19.csv,Normal,Normal,True
Exp3_XGB_enhanced_features,1,Train22.csv,Normal,Normal,True
Exp3_XGB_enhanced_features,1,Train24.csv,Normal,Normal,True
Exp3_XGB_enhanced_features,1,Train26.csv,Side II,Side II,True
Exp3_XGB_enhanced_features,1,Train29.csv,Normal,Normal,True
Exp3_XGB_enhanced_features,1,Train30.csv,Side II,Side II,True
Exp3_XGB_enhanced_features,1,Train34.csv,Normal,Normal,True
Exp3_XGB_enhanced_features,1,Train37.csv,Normal,Normal,True
Exp3_XGB_enhanced_features,1,Train42.csv,Normal,Normal,True
Exp3_XGB_enhanced_features,1,Train66.csv,Normal,Normal,True
Exp3_XGB_enhanced_features,1,Train78.csv,Normal,Normal,True
Exp3_XGB_enhanced_features,1,Train82.csv,Normal,Normal,True
Exp3_XGB_enhanced_features,1,Train92.csv,Normal,Normal,True
Exp3_XGB_enhanced_features,1,Train94.csv,Normal,Normal,True
Exp3_XGB_enhanced_features,1,Train95.csv,Normal,Normal,True
Exp3_XGB_enhanced_features,1,Train96.csv,Normal,Normal,True
Exp3_XGB_enhanced_features,1,Train97.csv,Normal,Normal,True
Exp3_XGB_enhanced_features,1,Train100.csv,Side I,Side II,False
Exp3_XGB_enhanced_features,1,Train109.csv,Normal,Normal,True
Exp3_XGB_enhanced_features,1,Train115.csv,Normal,Normal,True
Exp3_XGB_enhanced_features,1,Train119.csv,Normal,Normal,True
Exp3_XGB_enhanced_features,1,Train120.csv,Normal,Normal,True
Exp3_XGB_enhanced_features,1,Train123.csv,Normal,Side I,False
Exp3_XGB_enhanced_features,1,Train134.csv,Normal,Normal,True
Exp3_XGB_enhanced_features,1,Train138.csv,Normal,Normal,True
Exp3_XGB_enhanced_features,1,Train142.csv,Normal,Normal,True
Exp3_XGB_enhanced_features,1,Train143.csv,Normal,Normal,True
Exp3_XGB_enhanced_features,1,Train146.csv,Normal,Normal,True
Exp3_XGB_enhanced_features,1,Train147.csv,Normal,Normal,True
Exp3_XGB_enhanced_features,1,Train149.csv,Normal,Normal,True
Exp3_XGB_enhanced_features,1,Train152.csv,Normal,Normal,True
Exp3_XGB_enhanced_features,1,Train161.csv,Normal,Normal,True
Exp3_XGB_enhanced_features,1,Train165.csv,Normal,Normal,True
Exp3_XGB_enhanced_features,1,Train167.csv,Normal,Normal,True
Exp3_XGB_enhanced_features,1,Train172.csv,Normal,Normal,True
Exp3_XGB_enhanced_features,1,Train177.csv,Normal,Side I,False
Exp3_XGB_enhanced_features,1,Train180.csv,Side I,Normal,False
Exp3_XGB_enhanced_features,1,Train182.csv,Normal,Normal,True
Exp3_XGB_enhanced_features,1,Train185.csv,Side I,Normal,False
Exp3_XGB_enhanced_features,1,Train195.csv,Normal,Normal,True
Exp3_XGB_enhanced_features,1,Train196.csv,Normal,Normal,True
Exp3_XGB_enhanced_features,1,Train198.csv,Side II,Side II,True
Exp3_XGB_enhanced_features,1,Train206.csv,Normal,Normal,True
Exp3_XGB_enhanced_features,1,Train208.csv,Normal,Normal,True
Exp3_XGB_enhanced_features,1,Train212.csv,Normal,Normal,True
Exp3_XGB_enhanced_features,1,Train216.csv,Side II,Normal,False
Exp3_XGB_enhanced_features,1,Train236.csv,Normal,Normal,True
Exp3_XGB_enhanced_features,1,Train244.csv,Normal,Normal,True
Exp3_XGB_enhanced_features,1,Train247.csv,Normal,Normal,True
Exp3_XGB_enhanced_features,1,Train263.csv,Normal,Normal,True
Exp3_XGB_enhanced_features,1,Train269.csv,Normal,Normal,True
Exp3_XGB_enhanced_features,2,Train1.csv,Normal,Normal,True
Exp3_XGB_enhanced_features,2,Train9.csv,Normal,Normal,True
Exp3_XGB_enhanced_features,2,Train14.csv,Normal,Normal,True
Exp3_XGB_enhanced_features,2,Train31.csv,Normal,Normal,True
Exp3_XGB_enhanced_features,2,Train33.csv,Normal,Normal,True
Exp3_XGB_enhanced_features,2,Train36.csv,Normal,Normal,True
Exp3_XGB_enhanced_features,2,Train43.csv,Side II,Side I,False
Exp3_XGB_enhanced_features,2,Train49.csv,Normal,Normal,True
Exp3_XGB_enhanced_features,2,Train52.csv,Normal,Normal,True
Exp3_XGB_enhanced_features,2,Train53.csv,Side II,Side II,True
Exp3_XGB_enhanced_features,2,Train65.csv,Normal,Normal,True
Exp3_XGB_enhanced_features,2,Train73.csv,Normal,Normal,True
Exp3_XGB_enhanced_features,2,Train76.csv,Normal,Normal,True
Exp3_XGB_enhanced_features,2,Train77.csv,Normal,Normal,True
Exp3_XGB_enhanced_features,2,Train81.csv,Normal,Normal,True
Exp3_XGB_enhanced_features,2,Train84.csv,Normal,Normal,True
Exp3_XGB_enhanced_features,2,Train88.csv,Normal,Normal,True
Exp3_XGB_enhanced_features,2,Train102.csv,Normal,Normal,True
Exp3_XGB_enhanced_features,2,Train108.csv,Normal,Normal,True
Exp3_XGB_enhanced_features,2,Train113.csv,Normal,Normal,True
Exp3_XGB_enhanced_features,2,Train121.csv,Side I,Side I,True
Exp3_XGB_enhanced_features,2,Train122.csv,Normal,Normal,True
Exp3_XGB_enhanced_features,2,Train129.csv,Normal,Normal,True
Exp3_XGB_enhanced_features,2,Train130.csv,Normal,Normal,True
Exp3_XGB_enhanced_features,2,Train136.csv,Normal,Normal,True
Exp3_XGB_enhanced_features,2,Train150.csv,Side I,Side I,True
Exp3_XGB_enhanced_features,2,Train154.csv,Normal,Normal,True
Exp3_XGB_enhanced_features,2,Train158.csv,Normal,Normal,True
Exp3_XGB_enhanced_features,2,Train160.csv,Normal,Normal,True
Exp3_XGB_enhanced_features,2,Train171.csv,Normal,Normal,True
Exp3_XGB_enhanced_features,2,Train174.csv,Normal,Normal,True
Exp3_XGB_enhanced_features,2,Train184.csv,Normal,Normal,True
Exp3_XGB_enhanced_features,2,Train191.csv,Normal,Normal,True
Exp3_XGB_enhanced_features,2,Train193.csv,Normal,Normal,True
Exp3_XGB_enhanced_features,2,Train194.csv,Side I,Side I,True
Exp3_XGB_enhanced_features,2,Train200.csv,Normal,Normal,True
Exp3_XGB_enhanced_features,2,Train201.csv,Normal,Normal,True
Exp3_XGB_enhanced_features,2,Train205.csv,Normal,Normal,True
Exp3_XGB_enhanced_features,2,Train207.csv,Side II,Side II,True
Exp3_XGB_enhanced_features,2,Train209.csv,Normal,Normal,True
Exp3_XGB_enhanced_features,2,Train215.csv,Normal,Normal,True
Exp3_XGB_enhanced_features,2,Train217.csv,Side II,Normal,False
Exp3_XGB_enhanced_features,2,Train222.csv,Normal,Normal,True
Exp3_XGB_enhanced_features,2,Train223.csv,Normal,Normal,True
Exp3_XGB_enhanced_features,2,Train225.csv,Normal,Normal,True
Exp3_XGB_enhanced_features,2,Train233.csv,Normal,Normal,True
Exp3_XGB_enhanced_features,2,Train234.csv,Normal,Normal,True
Exp3_XGB_enhanced_features,2,Train235.csv,Normal,Normal,True
Exp3_XGB_enhanced_features,2,Train237.csv,Normal,Normal,True
Exp3_XGB_enhanced_features,2,Train248.csv,Side II,Side II,True
Exp3_XGB_enhanced_features,2,Train249.csv,Normal,Normal,True
Exp3_XGB_enhanced_features,2,Train256.csv,Normal,Normal,True
Exp3_XGB_enhanced_features,2,Train258.csv,Normal,Normal,True
Exp3_XGB_enhanced_features,2,Train266.csv,Normal,Normal,True
Exp3_XGB_enhanced_features,2,Train270.csv,Normal,Normal,True
Exp3_XGB_enhanced_features,3,Train2.csv,Side II,Side II,True
Exp3_XGB_enhanced_features,3,Train6.csv,Normal,Normal,True
Exp3_XGB_enhanced_features,3,Train7.csv,Normal,Normal,True
Exp3_XGB_enhanced_features,3,Train20.csv,Normal,Normal,True
Exp3_XGB_enhanced_features,3,Train25.csv,Normal,Normal,True
Exp3_XGB_enhanced_features,3,Train38.csv,Normal,Normal,True
Exp3_XGB_enhanced_features,3,Train39.csv,Normal,Normal,True
Exp3_XGB_enhanced_features,3,Train48.csv,Normal,Normal,True
Exp3_XGB_enhanced_features,3,Train54.csv,Normal,Normal,True
Exp3_XGB_enhanced_features,3,Train61.csv,Normal,Normal,True
Exp3_XGB_enhanced_features,3,Train63.csv,Normal,Normal,True
Exp3_XGB_enhanced_features,3,Train67.csv,Normal,Normal,True
Exp3_XGB_enhanced_features,3,Train70.csv,Normal,Normal,True
Exp3_XGB_enhanced_features,3,Train72.csv,Side II,Side II,True
Exp3_XGB_enhanced_features,3,Train75.csv,Normal,Normal,True
Exp3_XGB_enhanced_features,3,Train79.csv,Normal,Normal,True
Exp3_XGB_enhanced_features,3,Train80.csv,Normal,Normal,True
Exp3_XGB_enhanced_features,3,Train83.csv,Side I,Side I,True
Exp3_XGB_enhanced_features,3,Train85.csv,Normal,Normal,True
Exp3_XGB_enhanced_features,3,Train89.csv,Normal,Normal,True
Exp3_XGB_enhanced_features,3,Train91.csv,Normal,Normal,True
Exp3_XGB_enhanced_features,3,Train98.csv,Normal,Normal,True
Exp3_XGB_enhanced_features,3,Train99.csv,Normal,Normal,True
Exp3_XGB_enhanced_features,3,Train104.csv,Side II,Side II,True
Exp3_XGB_enhanced_features,3,Train110.csv,Normal,Normal,True
Exp3_XGB_enhanced_features,3,Train114.csv,Normal,Normal,True
Exp3_XGB_enhanced_features,3,Train124.csv,Normal,Normal,True
Exp3_XGB_enhanced_features,3,Train125.csv,Normal,Normal,True
Exp3_XGB_enhanced_features,3,Train126.csv,Normal,Normal,True
Exp3_XGB_enhanced_features,3,Train127.csv,Side II,Side II,True
Exp3_XGB_enhanced_features,3,Train133.csv,Normal,Normal,True
Exp3_XGB_enhanced_features,3,Train135.csv,Normal,Normal,True
Exp3_XGB_enhanced_features,3,Train139.csv,Normal,Normal,True
Exp3_XGB_enhanced_features,3,Train141.csv,Normal,Normal,True
Exp3_XGB_enhanced_features,3,Train151.csv,Normal,Normal,True
Exp3_XGB_enhanced_features,3,Train155.csv,Normal,Normal,True
Exp3_XGB_enhanced_features,3,Train163.csv,Side I,Side I,True
Exp3_XGB_enhanced_features,3,Train164.csv,Side II,Side II,True
Exp3_XGB_enhanced_features,3,Train166.csv,Normal,Normal,True
Exp3_XGB_enhanced_features,3,Train175.csv,Normal,Normal,True
Exp3_XGB_enhanced_features,3,Train183.csv,Normal,Normal,True
Exp3_XGB_enhanced_features,3,Train186.csv,Normal,Normal,True
Exp3_XGB_enhanced_features,3,Train197.csv,Normal,Side II,False
Exp3_XGB_enhanced_features,3,Train211.csv,Normal,Normal,True
Exp3_XGB_enhanced_features,3,Train219.csv,Normal,Normal,True
Exp3_XGB_enhanced_features,3,Train224.csv,Normal,Normal,True
Exp3_XGB_enhanced_features,3,Train243.csv,Normal,Normal,True
Exp3_XGB_enhanced_features,3,Train251.csv,Normal,Side II,False
Exp3_XGB_enhanced_features,3,Train253.csv,Normal,Normal,True
Exp3_XGB_enhanced_features,3,Train254.csv,Normal,Normal,True
Exp3_XGB_enhanced_features,3,Train255.csv,Normal,Normal,True
Exp3_XGB_enhanced_features,3,Train261.csv,Normal,Normal,True
Exp3_XGB_enhanced_features,3,Train268.csv,Normal,Normal,True
Exp3_XGB_enhanced_features,3,Train272.csv,Normal,Normal,True
Exp3_XGB_enhanced_features,4,Train4.csv,Normal,Normal,True
Exp3_XGB_enhanced_features,4,Train18.csv,Normal,Normal,True
Exp3_XGB_enhanced_features,4,Train27.csv,Normal,Normal,True
Exp3_XGB_enhanced_features,4,Train32.csv,Normal,Normal,True
Exp3_XGB_enhanced_features,4,Train35.csv,Normal,Normal,True
Exp3_XGB_enhanced_features,4,Train40.csv,Normal,Normal,True
Exp3_XGB_enhanced_features,4,Train41.csv,Normal,Normal,True
Exp3_XGB_enhanced_features,4,Train44.csv,Normal,Normal,True
Exp3_XGB_enhanced_features,4,Train45.csv,Normal,Normal,True
Exp3_XGB_enhanced_features,4,Train46.csv,Normal,Normal,True
Exp3_XGB_enhanced_features,4,Train55.csv,Normal,Normal,True
Exp3_XGB_enhanced_features,4,Train56.csv,Normal,Normal,True
Exp3_XGB_enhanced_features,4,Train57.csv,Normal,Normal,True
Exp3_XGB_enhanced_features,4,Train59.csv,Normal,Normal,True
Exp3_XGB_enhanced_features,4,Train64.csv,Normal,Normal,True
Exp3_XGB_enhanced_features,4,Train68.csv,Normal,Normal,True
Exp3_XGB_enhanced_features,4,Train69.csv,Normal,Normal,True
Exp3_XGB_enhanced_features,4,Train86.csv,Normal,Normal,True
Exp3_XGB_enhanced_features,4,Train87.csv,Normal,Normal,True
Exp3_XGB_enhanced_features,4,Train93.csv,Side II,Side II,True
Exp3_XGB_enhanced_features,4,Train103.csv,Side II,Side II,True
Exp3_XGB_enhanced_features,4,Train105.csv,Normal,Normal,True
Exp3_XGB_enhanced_features,4,Train107.csv,Normal,Normal,True
Exp3_XGB_enhanced_features,4,Train112.csv,Normal,Normal,True
Exp3_XGB_enhanced_features,4,Train116.csv,Normal,Normal,True
Exp3_XGB_enhanced_features,4,Train118.csv,Normal,Normal,True
Exp3_XGB_enhanced_features,4,Train128.csv,Normal,Normal,True
Exp3_XGB_enhanced_features,4,Train131.csv,Normal,Normal,True
Exp3_XGB_enhanced_features,4,Train132.csv,Normal,Normal,True
Exp3_XGB_enhanced_features,4,Train145.csv,Normal,Normal,True
Exp3_XGB_enhanced_features,4,Train148.csv,Normal,Normal,True
Exp3_XGB_enhanced_features,4,Train153.csv,Normal,Normal,True
Exp3_XGB_enhanced_features,4,Train157.csv,Normal,Normal,True
Exp3_XGB_enhanced_features,4,Train159.csv,Normal,Normal,True
Exp3_XGB_enhanced_features,4,Train162.csv,Normal,Normal,True
Exp3_XGB_enhanced_features,4,Train168.csv,Normal,Normal,True
Exp3_XGB_enhanced_features,4,Train170.csv,Side I,Normal,False
Exp3_XGB_enhanced_features,4,Train176.csv,Normal,Normal,True
Exp3_XGB_enhanced_features,4,Train178.csv,Normal,Normal,True
Exp3_XGB_enhanced_features,4,Train181.csv,Normal,Normal,True
Exp3_XGB_enhanced_features,4,Train188.csv,Side II,Side II,True
Exp3_XGB_enhanced_features,4,Train192.csv,Normal,Normal,True
Exp3_XGB_enhanced_features,4,Train202.csv,Side I,Normal,False
Exp3_XGB_enhanced_features,4,Train213.csv,Side I,Side I,True
Exp3_XGB_enhanced_features,4,Train214.csv,Normal,Normal,True
Exp3_XGB_enhanced_features,4,Train227.csv,Normal,Normal,True
Exp3_XGB_enhanced_features,4,Train232.csv,Normal,Normal,True
Exp3_XGB_enhanced_features,4,Train238.csv,Normal,Normal,True
Exp3_XGB_enhanced_features,4,Train241.csv,Normal,Normal,True
Exp3_XGB_enhanced_features,4,Train245.csv,Normal,Normal,True
Exp3_XGB_enhanced_features,4,Train250.csv,Normal,Normal,True
Exp3_XGB_enhanced_features,4,Train252.csv,Normal,Normal,True
Exp3_XGB_enhanced_features,4,Train267.csv,Side II,Side II,True
Exp3_XGB_enhanced_features,4,Train271.csv,Normal,Normal,True
Exp3_XGB_enhanced_features,5,Train3.csv,Normal,Normal,True
Exp3_XGB_enhanced_features,5,Train8.csv,Normal,Normal,True
Exp3_XGB_enhanced_features,5,Train10.csv,Normal,Normal,True
Exp3_XGB_enhanced_features,5,Train13.csv,Normal,Normal,True
Exp3_XGB_enhanced_features,5,Train15.csv,Normal,Normal,True
Exp3_XGB_enhanced_features,5,Train17.csv,Normal,Normal,True
Exp3_XGB_enhanced_features,5,Train21.csv,Normal,Normal,True
Exp3_XGB_enhanced_features,5,Train23.csv,Normal,Normal,True
Exp3_XGB_enhanced_features,5,Train28.csv,Normal,Normal,True
Exp3_XGB_enhanced_features,5,Train47.csv,Normal,Normal,True
Exp3_XGB_enhanced_features,5,Train50.csv,Normal,Normal,True
Exp3_XGB_enhanced_features,5,Train51.csv,Normal,Normal,True
Exp3_XGB_enhanced_features,5,Train58.csv,Normal,Normal,True
Exp3_XGB_enhanced_features,5,Train60.csv,Normal,Normal,True
Exp3_XGB_enhanced_features,5,Train62.csv,Side I,Normal,False
Exp3_XGB_enhanced_features,5,Train71.csv,Normal,Normal,True
Exp3_XGB_enhanced_features,5,Train74.csv,Normal,Normal,True
Exp3_XGB_enhanced_features,5,Train90.csv,Normal,Normal,True
Exp3_XGB_enhanced_features,5,Train101.csv,Normal,Normal,True
Exp3_XGB_enhanced_features,5,Train106.csv,Side I,Normal,False
Exp3_XGB_enhanced_features,5,Train111.csv,Side II,Side II,True
Exp3_XGB_enhanced_features,5,Train117.csv,Normal,Normal,True
Exp3_XGB_enhanced_features,5,Train137.csv,Side I,Side I,True
Exp3_XGB_enhanced_features,5,Train140.csv,Normal,Normal,True
Exp3_XGB_enhanced_features,5,Train144.csv,Normal,Normal,True
Exp3_XGB_enhanced_features,5,Train156.csv,Normal,Normal,True
Exp3_XGB_enhanced_features,5,Train169.csv,Normal,Normal,True
Exp3_XGB_enhanced_features,5,Train173.csv,Normal,Normal,True
Exp3_XGB_enhanced_features,5,Train179.csv,Side II,Side II,True
Exp3_XGB_enhanced_features,5,Train187.csv,Normal,Normal,True
Exp3_XGB_enhanced_features,5,Train189.csv,Normal,Normal,True
Exp3_XGB_enhanced_features,5,Train190.csv,Normal,Normal,True
Exp3_XGB_enhanced_features,5,Train199.csv,Side II,Side II,True
Exp3_XGB_enhanced_features,5,Train203.csv,Normal,Normal,True
Exp3_XGB_enhanced_features,5,Train204.csv,Normal,Normal,True
Exp3_XGB_enhanced_features,5,Train210.csv,Normal,Normal,True
Exp3_XGB_enhanced_features,5,Train218.csv,Normal,Normal,True
Exp3_XGB_enhanced_features,5,Train220.csv,Normal,Normal,True
Exp3_XGB_enhanced_features,5,Train221.csv,Normal,Normal,True
Exp3_XGB_enhanced_features,5,Train226.csv,Normal,Normal,True
Exp3_XGB_enhanced_features,5,Train228.csv,Normal,Normal,True
Exp3_XGB_enhanced_features,5,Train229.csv,Normal,Normal,True
Exp3_XGB_enhanced_features,5,Train230.csv,Normal,Normal,True
Exp3_XGB_enhanced_features,5,Train231.csv,Normal,Normal,True
Exp3_XGB_enhanced_features,5,Train239.csv,Normal,Normal,True
Exp3_XGB_enhanced_features,5,Train240.csv,Side II,Side II,True
Exp3_XGB_enhanced_features,5,Train242.csv,Normal,Normal,True
Exp3_XGB_enhanced_features,5,Train246.csv,Normal,Normal,True
Exp3_XGB_enhanced_features,5,Train257.csv,Normal,Normal,True
Exp3_XGB_enhanced_features,5,Train259.csv,Normal,Normal,True
Exp3_XGB_enhanced_features,5,Train260.csv,Normal,Normal,True
Exp3_XGB_enhanced_features,5,Train262.csv,Normal,Normal,True
Exp3_XGB_enhanced_features,5,Train264.csv,Normal,Normal,True
Exp3_XGB_enhanced_features,5,Train265.csv,Side II,Side I,False
Exp3_XGB_enhanced_features,6,Train5.csv,Normal,Normal,True
Exp3_XGB_enhanced_features,6,Train17.csv,Normal,Normal,True
Exp3_XGB_enhanced_features,6,Train24.csv,Normal,Normal,True
Exp3_XGB_enhanced_features,6,Train25.csv,Normal,Normal,True
Exp3_XGB_enhanced_features,6,Train28.csv,Normal,Normal,True
Exp3_XGB_enhanced_features,6,Train29.csv,Normal,Normal,True
Exp3_XGB_enhanced_features,6,Train30.csv,Side II,Side II,True
Exp3_XGB_enhanced_features,6,Train55.csv,Normal,Normal,True
Exp3_XGB_enhanced_features,6,Train56.csv,Normal,Normal,True
Exp3_XGB_enhanced_features,6,Train70.csv,Normal,Normal,True
Exp3_XGB_enhanced_features,6,Train75.csv,Normal,Normal,True
Exp3_XGB_enhanced_features,6,Train76.csv,Normal,Normal,True
Exp3_XGB_enhanced_features,6,Train78.csv,Normal,Normal,True
Exp3_XGB_enhanced_features,6,Train86.csv,Normal,Normal,True
Exp3_XGB_enhanced_features,6,Train91.csv,Normal,Normal,True
Exp3_XGB_enhanced_features,6,Train94.csv,Normal,Normal,True
Exp3_XGB_enhanced_features,6,Train97.csv,Normal,Normal,True
Exp3_XGB_enhanced_features,6,Train106.csv,Side I,Side I,True
Exp3_XGB_enhanced_features,6,Train109.csv,Normal,Normal,True
Exp3_XGB_enhanced_features,6,Train111.csv,Side II,Side II,True
Exp3_XGB_enhanced_features,6,Train131.csv,Normal,Normal,True
Exp3_XGB_enhanced_features,6,Train135.csv,Normal,Normal,True
Exp3_XGB_enhanced_features,6,Train136.csv,Normal,Normal,True
Exp3_XGB_enhanced_features,6,Train141.csv,Normal,Normal,True
Exp3_XGB_enhanced_features,6,Train142.csv,Normal,Normal,True
Exp3_XGB_enhanced_features,6,Train143.csv,Normal,Normal,True
Exp3_XGB_enhanced_features,6,Train145.csv,Normal,Normal,True
Exp3_XGB_enhanced_features,6,Train148.csv,Normal,Normal,True
Exp3_XGB_enhanced_features,6,Train152.csv,Normal,Normal,True
Exp3_XGB_enhanced_features,6,Train153.csv,Normal,Normal,True
Exp3_XGB_enhanced_features,6,Train154.csv,Normal,Normal,True
Exp3_XGB_enhanced_features,6,Train160.csv,Normal,Normal,True
Exp3_XGB_enhanced_features,6,Train169.csv,Normal,Normal,True
Exp3_XGB_enhanced_features,6,Train171.csv,Normal,Normal,True
Exp3_XGB_enhanced_features,6,Train181.csv,Normal,Normal,True
Exp3_XGB_enhanced_features,6,Train182.csv,Normal,Normal,True
Exp3_XGB_enhanced_features,6,Train185.csv,Side I,Normal,False
Exp3_XGB_enhanced_features,6,Train186.csv,Normal,Normal,True
Exp3_XGB_enhanced_features,6,Train189.csv,Normal,Normal,True
Exp3_XGB_enhanced_features,6,Train191.csv,Normal,Normal,True
Exp3_XGB_enhanced_features,6,Train193.csv,Normal,Normal,True
Exp3_XGB_enhanced_features,6,Train194.csv,Side I,Normal,False
Exp3_XGB_enhanced_features,6,Train195.csv,Normal,Normal,True
Exp3_XGB_enhanced_features,6,Train203.csv,Normal,Normal,True
Exp3_XGB_enhanced_features,6,Train205.csv,Normal,Normal,True
Exp3_XGB_enhanced_features,6,Train209.csv,Normal,Normal,True
Exp3_XGB_enhanced_features,6,Train210.csv,Normal,Normal,True
Exp3_XGB_enhanced_features,6,Train214.csv,Normal,Normal,True
Exp3_XGB_enhanced_features,6,Train216.csv,Side II,Normal,False
Exp3_XGB_enhanced_features,6,Train217.csv,Side II,Side I,False
Exp3_XGB_enhanced_features,6,Train218.csv,Normal,Normal,True
Exp3_XGB_enhanced_features,6,Train230.csv,Normal,Normal,True
Exp3_XGB_enhanced_features,6,Train232.csv,Normal,Normal,True
Exp3_XGB_enhanced_features,6,Train248.csv,Side II,Side II,True
Exp3_XGB_enhanced_features,6,Train272.csv,Normal,Normal,True
Exp3_XGB_enhanced_features,7,Train3.csv,Normal,Normal,True
Exp3_XGB_enhanced_features,7,Train6.csv,Normal,Normal,True
Exp3_XGB_enhanced_features,7,Train14.csv,Normal,Normal,True
Exp3_XGB_enhanced_features,7,Train15.csv,Normal,Normal,True
Exp3_XGB_enhanced_features,7,Train16.csv,Normal,Normal,True
Exp3_XGB_enhanced_features,7,Train18.csv,Normal,Normal,True
Exp3_XGB_enhanced_features,7,Train20.csv,Normal,Normal,True
Exp3_XGB_enhanced_features,7,Train21.csv,Normal,Normal,True
Exp3_XGB_enhanced_features,7,Train26.csv,Side II,Side II,True
Exp3_XGB_enhanced_features,7,Train32.csv,Normal,Normal,True
Exp3_XGB_enhanced_features,7,Train34.csv,Normal,Normal,True
Exp3_XGB_enhanced_features,7,Train39.csv,Normal,Normal,True
Exp3_XGB_enhanced_features,7,Train41.csv,Normal,Normal,True
Exp3_XGB_enhanced_features,7,Train43.csv,Side II,Side II,True
Exp3_XGB_enhanced_features,7,Train44.csv,Normal,Side I,False
Exp3_XGB_enhanced_features,7,Train45.csv,Normal,Normal,True
Exp3_XGB_enhanced_features,7,Train60.csv,Normal,Normal,True
Exp3_XGB_enhanced_features,7,Train62.csv,Side I,Normal,False
Exp3_XGB_enhanced_features,7,Train63.csv,Normal,Normal,True
Exp3_XGB_enhanced_features,7,Train72.csv,Side II,Side II,True
Exp3_XGB_enhanced_features,7,Train74.csv,Normal,Normal,True
Exp3_XGB_enhanced_features,7,Train80.csv,Normal,Normal,True
Exp3_XGB_enhanced_features,7,Train82.csv,Normal,Normal,True
Exp3_XGB_enhanced_features,7,Train92.csv,Normal,Normal,True
Exp3_XGB_enhanced_features,7,Train98.csv,Normal,Normal,True
Exp3_XGB_enhanced_features,7,Train99.csv,Normal,Normal,True
Exp3_XGB_enhanced_features,7,Train108.csv,Normal,Normal,True
Exp3_XGB_enhanced_features,7,Train110.csv,Normal,Normal,True
Exp3_XGB_enhanced_features,7,Train117.csv,Normal,Normal,True
Exp3_XGB_enhanced_features,7,Train124.csv,Normal,Normal,True
Exp3_XGB_enhanced_features,7,Train128.csv,Normal,Normal,True
Exp3_XGB_enhanced_features,7,Train130.csv,Normal,Normal,True
Exp3_XGB_enhanced_features,7,Train132.csv,Normal,Normal,True
Exp3_XGB_enhanced_features,7,Train134.csv,Normal,Normal,True
Exp3_XGB_enhanced_features,7,Train137.csv,Side I,Side I,True
Exp3_XGB_enhanced_features,7,Train140.csv,Normal,Normal,True
Exp3_XGB_enhanced_features,7,Train144.csv,Normal,Normal,True
Exp3_XGB_enhanced_features,7,Train147.csv,Normal,Normal,True
Exp3_XGB_enhanced_features,7,Train149.csv,Normal,Normal,True
Exp3_XGB_enhanced_features,7,Train159.csv,Normal,Normal,True
Exp3_XGB_enhanced_features,7,Train163.csv,Side I,Side I,True
Exp3_XGB_enhanced_features,7,Train167.csv,Normal,Normal,True
Exp3_XGB_enhanced_features,7,Train173.csv,Normal,Normal,True
Exp3_XGB_enhanced_features,7,Train192.csv,Normal,Normal,True
Exp3_XGB_enhanced_features,7,Train198.csv,Side II,Side II,True
Exp3_XGB_enhanced_features,7,Train199.csv,Side II,Side II,True
Exp3_XGB_enhanced_features,7,Train200.csv,Normal,Normal,True
Exp3_XGB_enhanced_features,7,Train211.csv,Normal,Normal,True
Exp3_XGB_enhanced_features,7,Train233.csv,Normal,Normal,True
Exp3_XGB_enhanced_features,7,Train241.csv,Normal,Normal,True
Exp3_XGB_enhanced_features,7,Train245.csv,Normal,Normal,True
Exp3_XGB_enhanced_features,7,Train250.csv,Normal,Normal,True
Exp3_XGB_enhanced_features,7,Train256.csv,Normal,Normal,True
Exp3_XGB_enhanced_features,7,Train261.csv,Normal,Normal,True
Exp3_XGB_enhanced_features,7,Train268.csv,Normal,Normal,True
Exp3_XGB_enhanced_features,8,Train1.csv,Normal,Normal,True
Exp3_XGB_enhanced_features,8,Train8.csv,Normal,Normal,True
Exp3_XGB_enhanced_features,8,Train23.csv,Normal,Normal,True
Exp3_XGB_enhanced_features,8,Train36.csv,Normal,Normal,True
Exp3_XGB_enhanced_features,8,Train47.csv,Normal,Normal,True
Exp3_XGB_enhanced_features,8,Train49.csv,Normal,Normal,True
Exp3_XGB_enhanced_features,8,Train52.csv,Normal,Normal,True
Exp3_XGB_enhanced_features,8,Train57.csv,Normal,Normal,True
Exp3_XGB_enhanced_features,8,Train59.csv,Normal,Normal,True
Exp3_XGB_enhanced_features,8,Train66.csv,Normal,Normal,True
Exp3_XGB_enhanced_features,8,Train79.csv,Normal,Normal,True
Exp3_XGB_enhanced_features,8,Train81.csv,Normal,Normal,True
Exp3_XGB_enhanced_features,8,Train83.csv,Side I,Side I,True
Exp3_XGB_enhanced_features,8,Train84.csv,Normal,Normal,True
Exp3_XGB_enhanced_features,8,Train85.csv,Normal,Normal,True
Exp3_XGB_enhanced_features,8,Train88.csv,Normal,Normal,True
Exp3_XGB_enhanced_features,8,Train90.csv,Normal,Normal,True
Exp3_XGB_enhanced_features,8,Train101.csv,Normal,Normal,True
Exp3_XGB_enhanced_features,8,Train102.csv,Normal,Normal,True
Exp3_XGB_enhanced_features,8,Train103.csv,Side II,Side II,True
Exp3_XGB_enhanced_features,8,Train113.csv,Normal,Normal,True
Exp3_XGB_enhanced_features,8,Train114.csv,Normal,Normal,True
Exp3_XGB_enhanced_features,8,Train118.csv,Normal,Normal,True
Exp3_XGB_enhanced_features,8,Train123.csv,Normal,Side I,False
Exp3_XGB_enhanced_features,8,Train126.csv,Normal,Normal,True
Exp3_XGB_enhanced_features,8,Train127.csv,Side II,Side II,True
Exp3_XGB_enhanced_features,8,Train129.csv,Normal,Normal,True
Exp3_XGB_enhanced_features,8,Train146.csv,Normal,Normal,True
Exp3_XGB_enhanced_features,8,Train157.csv,Normal,Normal,True
Exp3_XGB_enhanced_features,8,Train158.csv,Normal,Normal,True
Exp3_XGB_enhanced_features,8,Train161.csv,Normal,Normal,True
Exp3_XGB_enhanced_features,8,Train164.csv,Side II,Side II,True
Exp3_XGB_enhanced_features,8,Train170.csv,Side I,Normal,False
Exp3_XGB_enhanced_features,8,Train176.csv,Normal,Normal,True
Exp3_XGB_enhanced_features,8,Train183.csv,Normal,Normal,True
Exp3_XGB_enhanced_features,8,Train187.csv,Normal,Normal,True
Exp3_XGB_enhanced_features,8,Train201.csv,Normal,Normal,True
Exp3_XGB_enhanced_features,8,Train204.csv,Normal,Normal,True
Exp3_XGB_enhanced_features,8,Train212.csv,Normal,Normal,True
Exp3_XGB_enhanced_features,8,Train219.csv,Normal,Normal,True
Exp3_XGB_enhanced_features,8,Train220.csv,Normal,Normal,True
Exp3_XGB_enhanced_features,8,Train225.csv,Normal,Normal,True
Exp3_XGB_enhanced_features,8,Train226.csv,Normal,Normal,True
Exp3_XGB_enhanced_features,8,Train240.csv,Side II,Side II,True
Exp3_XGB_enhanced_features,8,Train242.csv,Normal,Normal,True
Exp3_XGB_enhanced_features,8,Train243.csv,Normal,Normal,True
Exp3_XGB_enhanced_features,8,Train249.csv,Normal,Normal,True
Exp3_XGB_enhanced_features,8,Train251.csv,Normal,Side II,False
Exp3_XGB_enhanced_features,8,Train255.csv,Normal,Normal,True
Exp3_XGB_enhanced_features,8,Train257.csv,Normal,Normal,True
Exp3_XGB_enhanced_features,8,Train260.csv,Normal,Normal,True
Exp3_XGB_enhanced_features,8,Train264.csv,Normal,Normal,True
Exp3_XGB_enhanced_features,8,Train265.csv,Side II,Side I,False
Exp3_XGB_enhanced_features,8,Train270.csv,Normal,Normal,True
Exp3_XGB_enhanced_features,9,Train2.csv,Side II,Side II,True
Exp3_XGB_enhanced_features,9,Train4.csv,Normal,Normal,True
Exp3_XGB_enhanced_features,9,Train7.csv,Normal,Normal,True
Exp3_XGB_enhanced_features,9,Train9.csv,Normal,Normal,True
Exp3_XGB_enhanced_features,9,Train10.csv,Normal,Normal,True
Exp3_XGB_enhanced_features,9,Train11.csv,Normal,Normal,True
Exp3_XGB_enhanced_features,9,Train13.csv,Normal,Normal,True
Exp3_XGB_enhanced_features,9,Train19.csv,Normal,Normal,True
Exp3_XGB_enhanced_features,9,Train22.csv,Normal,Normal,True
Exp3_XGB_enhanced_features,9,Train33.csv,Normal,Normal,True
Exp3_XGB_enhanced_features,9,Train35.csv,Normal,Normal,True
Exp3_XGB_enhanced_features,9,Train37.csv,Normal,Normal,True
Exp3_XGB_enhanced_features,9,Train38.csv,Normal,Normal,True
Exp3_XGB_enhanced_features,9,Train40.csv,Normal,Normal,True
Exp3_XGB_enhanced_features,9,Train42.csv,Normal,Normal,True
Exp3_XGB_enhanced_features,9,Train46.csv,Normal,Normal,True
Exp3_XGB_enhanced_features,9,Train51.csv,Normal,Normal,True
Exp3_XGB_enhanced_features,9,Train53.csv,Side II,Side II,True
Exp3_XGB_enhanced_features,9,Train58.csv,Normal,Normal,True
Exp3_XGB_enhanced_features,9,Train61.csv,Normal,Normal,True
Exp3_XGB_enhanced_features,9,Train64.csv,Normal,Normal,True
Exp3_XGB_enhanced_features,9,Train67.csv,Normal,Normal,True
Exp3_XGB_enhanced_features,9,Train87.csv,Normal,Normal,True
Exp3_XGB_enhanced_features,9,Train89.csv,Normal,Normal,True
Exp3_XGB_enhanced_features,9,Train93.csv,Side II,Side II,True
Exp3_XGB_enhanced_features,9,Train100.csv,Side I,Side II,False
Exp3_XGB_enhanced_features,9,Train116.csv,Normal,Normal,True
Exp3_XGB_enhanced_features,9,Train122.csv,Normal,Normal,True
Exp3_XGB_enhanced_features,9,Train133.csv,Normal,Normal,True
Exp3_XGB_enhanced_features,9,Train139.csv,Normal,Normal,True
Exp3_XGB_enhanced_features,9,Train155.csv,Normal,Normal,True
Exp3_XGB_enhanced_features,9,Train156.csv,Normal,Normal,True
Exp3_XGB_enhanced_features,9,Train162.csv,Normal,Normal,True
Exp3_XGB_enhanced_features,9,Train166.csv,Normal,Normal,True
Exp3_XGB_enhanced_features,9,Train175.csv,Normal,Normal,True
Exp3_XGB_enhanced_features,9,Train180.csv,Side I,Side I,True
Exp3_XGB_enhanced_features,9,Train190.csv,Normal,Normal,True
Exp3_XGB_enhanced_features,9,Train208.csv,Normal,Normal,True
Exp3_XGB_enhanced_features,9,Train213.csv,Side I,Side I,True
Exp3_XGB_enhanced_features,9,Train215.csv,Normal,Normal,True
Exp3_XGB_enhanced_features,9,Train221.csv,Normal,Normal,True
Exp3_XGB_enhanced_features,9,Train224.csv,Normal,Normal,True
Exp3_XGB_enhanced_features,9,Train231.csv,Normal,Normal,True
Exp3_XGB_enhanced_features,9,Train235.csv,Normal,Normal,True
Exp3_XGB_enhanced_features,9,Train237.csv,Normal,Normal,True
Exp3_XGB_enhanced_features,9,Train244.csv,Normal,Normal,True
Exp3_XGB_enhanced_features,9,Train246.csv,Normal,Normal,True
Exp3_XGB_enhanced_features,9,Train252.csv,Normal,Normal,True
Exp3_XGB_enhanced_features,9,Train253.csv,Normal,Normal,True
Exp3_XGB_enhanced_features,9,Train259.csv,Normal,Normal,True
Exp3_XGB_enhanced_features,9,Train262.csv,Normal,Normal,True
Exp3_XGB_enhanced_features,9,Train263.csv,Normal,Normal,True
Exp3_XGB_enhanced_features,9,Train267.csv,Side II,Side II,True
Exp3_XGB_enhanced_features,9,Train269.csv,Normal,Normal,True
Exp3_XGB_enhanced_features,10,Train12.csv,Side II,Side II,True
Exp3_XGB_enhanced_features,10,Train27.csv,Normal,Normal,True
Exp3_XGB_enhanced_features,10,Train31.csv,Normal,Normal,True
Exp3_XGB_enhanced_features,10,Train48.csv,Normal,Normal,True
Exp3_XGB_enhanced_features,10,Train50.csv,Normal,Normal,True
Exp3_XGB_enhanced_features,10,Train54.csv,Normal,Normal,True
Exp3_XGB_enhanced_features,10,Train65.csv,Normal,Normal,True
Exp3_XGB_enhanced_features,10,Train68.csv,Normal,Normal,True
Exp3_XGB_enhanced_features,10,Train69.csv,Normal,Normal,True
Exp3_XGB_enhanced_features,10,Train71.csv,Normal,Normal,True
Exp3_XGB_enhanced_features,10,Train73.csv,Normal,Normal,True
Exp3_XGB_enhanced_features,10,Train77.csv,Normal,Normal,True
Exp3_XGB_enhanced_features,10,Train95.csv,Normal,Normal,True
Exp3_XGB_enhanced_features,10,Train96.csv,Normal,Normal,True
Exp3_XGB_enhanced_features,10,Train104.csv,Side II,Side II,True
Exp3_XGB_enhanced_features,10,Train105.csv,Normal,Normal,True
Exp3_XGB_enhanced_features,10,Train107.csv,Normal,Normal,True
Exp3_XGB_enhanced_features,10,Train112.csv,Normal,Normal,True
Exp3_XGB_enhanced_features,10,Train115.csv,Normal,Normal,True
Exp3_XGB_enhanced_features,10,Train119.csv,Normal,Normal,True
Exp3_XGB_enhanced_features,10,Train120.csv,Normal,Normal,True
Exp3_XGB_enhanced_features,10,Train121.csv,Side I,Normal,False
Exp3_XGB_enhanced_features,10,Train125.csv,Normal,Normal,True
Exp3_XGB_enhanced_features,10,Train138.csv,Normal,Normal,True
Exp3_XGB_enhanced_features,10,Train150.csv,Side I,Side I,True
Exp3_XGB_enhanced_features,10,Train151.csv,Normal,Normal,True
Exp3_XGB_enhanced_features,10,Train165.csv,Normal,Normal,True
Exp3_XGB_enhanced_features,10,Train168.csv,Normal,Normal,True
Exp3_XGB_enhanced_features,10,Train172.csv,Normal,Normal,True
Exp3_XGB_enhanced_features,10,Train174.csv,Normal,Normal,True
Exp3_XGB_enhanced_features,10,Train177.csv,Normal,Side I,False
Exp3_XGB_enhanced_features,10,Train178.csv,Normal,Normal,True
Exp3_XGB_enhanced_features,10,Train179.csv,Side II,Side II,True
Exp3_XGB_enhanced_features,10,Train184.csv,Normal,Normal,True
Exp3_XGB_enhanced_features,10,Train188.csv,Side II,Side II,True
Exp3_XGB_enhanced_features,10,Train196.csv,Normal,Normal,True
Exp3_XGB_enhanced_features,10,Train197.csv,Normal,Normal,True
Exp3_XGB_enhanced_features,10,Train202.csv,Side I,Normal,False
Exp3_XGB_enhanced_features,10,Train206.csv,Normal,Normal,True
Exp3_XGB_enhanced_features,10,Train207.csv,Side II,Side II,True
Exp3_XGB_enhanced_features,10,Train222.csv,Normal,Normal,True
Exp3_XGB_enhanced_features,10,Train223.csv,Normal,Normal,True
Exp3_XGB_enhanced_features,10,Train227.csv,Normal,Normal,True
Exp3_XGB_enhanced_features,10,Train228.csv,Normal,Normal,True
Exp3_XGB_enhanced_features,10,Train229.csv,Normal,Normal,True
Exp3_XGB_enhanced_features,10,Train234.csv,Normal,Normal,True
Exp3_XGB_enhanced_features,10,Train236.csv,Normal,Normal,True
Exp3_XGB_enhanced_features,10,Train238.csv,Normal,Normal,True
Exp3_XGB_enhanced_features,10,Train239.csv,Normal,Normal,True
Exp3_XGB_enhanced_features,10,Train247.csv,Normal,Normal,True
Exp3_XGB_enhanced_features,10,Train254.csv,Normal,Normal,True
Exp3_XGB_enhanced_features,10,Train258.csv,Normal,Normal,True
Exp3_XGB_enhanced_features,10,Train266.csv,Normal,Normal,True
Exp3_XGB_enhanced_features,10,Train271.csv,Normal,Normal,True
Exp3_XGB_enhanced_features,11,Train14.csv,Normal,Normal,True
Exp3_XGB_enhanced_features,11,Train15.csv,Normal,Normal,True
Exp3_XGB_enhanced_features,11,Train25.csv,Normal,Normal,True
Exp3_XGB_enhanced_features,11,Train42.csv,Normal,Normal,True
Exp3_XGB_enhanced_features,11,Train47.csv,Normal,Normal,True
Exp3_XGB_enhanced_features,11,Train49.csv,Normal,Normal,True
Exp3_XGB_enhanced_features,11,Train51.csv,Normal,Normal,True
Exp3_XGB_enhanced_features,11,Train61.csv,Normal,Normal,True
Exp3_XGB_enhanced_features,11,Train63.csv,Normal,Normal,True
Exp3_XGB_enhanced_features,11,Train71.csv,Normal,Normal,True
Exp3_XGB_enhanced_features,11,Train72.csv,Side II,Side II,True
Exp3_XGB_enhanced_features,11,Train73.csv,Normal,Normal,True
Exp3_XGB_enhanced_features,11,Train81.csv,Normal,Normal,True
Exp3_XGB_enhanced_features,11,Train89.csv,Normal,Normal,True
Exp3_XGB_enhanced_features,11,Train91.csv,Normal,Normal,True
Exp3_XGB_enhanced_features,11,Train102.csv,Normal,Normal,True
Exp3_XGB_enhanced_features,11,Train105.csv,Normal,Normal,True
Exp3_XGB_enhanced_features,11,Train109.csv,Normal,Normal,True
Exp3_XGB_enhanced_features,11,Train110.csv,Normal,Normal,True
Exp3_XGB_enhanced_features,11,Train111.csv,Side II,Side II,True
Exp3_XGB_enhanced_features,11,Train112.csv,Normal,Normal,True
Exp3_XGB_enhanced_features,11,Train115.csv,Normal,Normal,True
Exp3_XGB_enhanced_features,11,Train117.csv,Normal,Normal,True
Exp3_XGB_enhanced_features,11,Train128.csv,Normal,Normal,True
Exp3_XGB_enhanced_features,11,Train131.csv,Normal,Normal,True
Exp3_XGB_enhanced_features,11,Train133.csv,Normal,Normal,True
Exp3_XGB_enhanced_features,11,Train135.csv,Normal,Normal,True
Exp3_XGB_enhanced_features,11,Train138.csv,Normal,Normal,True
Exp3_XGB_enhanced_features,11,Train139.csv,Normal,Normal,True
Exp3_XGB_enhanced_features,11,Train148.csv,Normal,Normal,True
Exp3_XGB_enhanced_features,11,Train163.csv,Side I,Side I,True
Exp3_XGB_enhanced_features,11,Train167.csv,Normal,Normal,True
Exp3_XGB_enhanced_features,11,Train176.csv,Normal,Normal,True
Exp3_XGB_enhanced_features,11,Train177.csv,Normal,Side I,False
Exp3_XGB_enhanced_features,11,Train181.csv,Normal,Normal,True
Exp3_XGB_enhanced_features,11,Train184.csv,Normal,Normal,True
Exp3_XGB_enhanced_features,11,Train194.csv,Side I,Side I,True
Exp3_XGB_enhanced_features,11,Train201.csv,Normal,Normal,True
Exp3_XGB_enhanced_features,11,Train202.csv,Side I,Normal,False
Exp3_XGB_enhanced_features,11,Train204.csv,Normal,Normal,True
Exp3_XGB_enhanced_features,11,Train207.csv,Side II,Side II,True
Exp3_XGB_enhanced_features,11,Train212.csv,Normal,Normal,True
Exp3_XGB_enhanced_features,11,Train217.csv,Side II,Side I,False
Exp3_XGB_enhanced_features,11,Train225.csv,Normal,Normal,True
Exp3_XGB_enhanced_features,11,Train226.csv,Normal,Normal,True
Exp3_XGB_enhanced_features,11,Train233.csv,Normal,Normal,True
Exp3_XGB_enhanced_features,11,Train242.csv,Normal,Side I,False
Exp3_XGB_enhanced_features,11,Train243.csv,Normal,Normal,True
Exp3_XGB_enhanced_features,11,Train246.csv,Normal,Normal,True
Exp3_XGB_enhanced_features,11,Train247.csv,Normal,Normal,True
Exp3_XGB_enhanced_features,11,Train251.csv,Normal,Side II,False
Exp3_XGB_enhanced_features,11,Train252.csv,Normal,Normal,True
Exp3_XGB_enhanced_features,11,Train258.csv,Normal,Normal,True
Exp3_XGB_enhanced_features,11,Train265.csv,Side II,Side I,False
Exp3_XGB_enhanced_features,11,Train269.csv,Normal,Normal,True
Exp3_XGB_enhanced_features,12,Train1.csv,Normal,Normal,True
Exp3_XGB_enhanced_features,12,Train4.csv,Normal,Normal,True
Exp3_XGB_enhanced_features,12,Train10.csv,Normal,Normal,True
Exp3_XGB_enhanced_features,12,Train12.csv,Side II,Side II,True
Exp3_XGB_enhanced_features,12,Train17.csv,Normal,Normal,True
Exp3_XGB_enhanced_features,12,Train18.csv,Normal,Normal,True
Exp3_XGB_enhanced_features,12,Train21.csv,Normal,Normal,True
Exp3_XGB_enhanced_features,12,Train24.csv,Normal,Normal,True
Exp3_XGB_enhanced_features,12,Train26.csv,Side II,Side II,True
Exp3_XGB_enhanced_features,12,Train27.csv,Normal,Normal,True
Exp3_XGB_enhanced_features,12,Train28.csv,Normal,Normal,True
Exp3_XGB_enhanced_features,12,Train43.csv,Side II,Side II,True
Exp3_XGB_enhanced_features,12,Train45.csv,Normal,Normal,True
Exp3_XGB_enhanced_features,12,Train48.csv,Normal,Normal,True
Exp3_XGB_enhanced_features,12,Train55.csv,Normal,Normal,True
Exp3_XGB_enhanced_features,12,Train56.csv,Normal,Normal,True
Exp3_XGB_enhanced_features,12,Train57.csv,Normal,Normal,True
Exp3_XGB_enhanced_features,12,Train59.csv,Normal,Normal,True
Exp3_XGB_enhanced_features,12,Train62.csv,Side I,Side I,True
Exp3_XGB_enhanced_features,12,Train67.csv,Normal,Normal,True
Exp3_XGB_enhanced_features,12,Train80.csv,Normal,Normal,True
Exp3_XGB_enhanced_features,12,Train82.csv,Normal,Normal,True
Exp3_XGB_enhanced_features,12,Train84.csv,Normal,Normal,True
Exp3_XGB_enhanced_features,12,Train85.csv,Normal,Normal,True
Exp3_XGB_enhanced_features,12,Train93.csv,Side II,Side II,True
Exp3_XGB_enhanced_features,12,Train94.csv,Normal,Normal,True
Exp3_XGB_enhanced_features,12,Train101.csv,Normal,Normal,True
Exp3_XGB_enhanced_features,12,Train107.csv,Normal,Normal,True
Exp3_XGB_enhanced_features,12,Train113.csv,Normal,Normal,True
Exp3_XGB_enhanced_features,12,Train124.csv,Normal,Normal,True
Exp3_XGB_enhanced_features,12,Train125.csv,Normal,Normal,True
Exp3_XGB_enhanced_features,12,Train140.csv,Normal,Normal,True
Exp3_XGB_enhanced_features,12,Train144.csv,Normal,Normal,True
Exp3_XGB_enhanced_features,12,Train147.csv,Normal,Normal,True
Exp3_XGB_enhanced_features,12,Train152.csv,Normal,Normal,True
Exp3_XGB_enhanced_features,12,Train153.csv,Normal,Normal,True
Exp3_XGB_enhanced_features,12,Train158.csv,Normal,Normal,True
Exp3_XGB_enhanced_features,12,Train159.csv,Normal,Normal,True
Exp3_XGB_enhanced_features,12,Train162.csv,Normal,Normal,True
Exp3_XGB_enhanced_features,12,Train168.csv,Normal,Normal,True
Exp3_XGB_enhanced_features,12,Train170.csv,Side I,Normal,False
Exp3_XGB_enhanced_features,12,Train172.csv,Normal,Normal,True
Exp3_XGB_enhanced_features,12,Train179.csv,Side II,Side II,True
Exp3_XGB_enhanced_features,12,Train185.csv,Side I,Normal,False
Exp3_XGB_enhanced_features,12,Train187.csv,Normal,Normal,True
Exp3_XGB_enhanced_features,12,Train192.csv,Normal,Normal,True
Exp3_XGB_enhanced_features,12,Train205.csv,Normal,Side I,False
Exp3_XGB_enhanced_features,12,Train209.csv,Normal,Normal,True
Exp3_XGB_enhanced_features,12,Train218.csv,Normal,Normal,True
Exp3_XGB_enhanced_features,12,Train222.csv,Normal,Normal,True
Exp3_XGB_enhanced_features,12,Train223.csv,Normal,Normal,True
Exp3_XGB_enhanced_features,12,Train227.csv,Normal,Normal,True
Exp3_XGB_enhanced_features,12,Train236.csv,Normal,Normal,True
Exp3_XGB_enhanced_features,12,Train238.csv,Normal,Normal,True
Exp3_XGB_enhanced_features,12,Train239.csv,Normal,Normal,True
Exp3_XGB_enhanced_features,13,Train5.csv,Normal,Normal,True
Exp3_XGB_enhanced_features,13,Train7.csv,Normal,Normal,True
Exp3_XGB_enhanced_features,13,Train9.csv,Normal,Normal,True
Exp3_XGB_enhanced_features,13,Train20.csv,Normal,Normal,True
Exp3_XGB_enhanced_features,13,Train22.csv,Normal,Normal,True
Exp3_XGB_enhanced_features,13,Train32.csv,Normal,Normal,True
Exp3_XGB_enhanced_features,13,Train34.csv,Normal,Normal,True
Exp3_XGB_enhanced_features,13,Train40.csv,Normal,Normal,True
Exp3_XGB_enhanced_features,13,Train50.csv,Normal,Normal,True
Exp3_XGB_enhanced_features,13,Train52.csv,Normal,Normal,True
Exp3_XGB_enhanced_features,13,Train53.csv,Side II,Side II,True
Exp3_XGB_enhanced_features,13,Train58.csv,Normal,Normal,True
Exp3_XGB_enhanced_features,13,Train65.csv,Normal,Normal,True
Exp3_XGB_enhanced_features,13,Train69.csv,Normal,Normal,True
Exp3_XGB_enhanced_features,13,Train78.csv,Normal,Normal,True
Exp3_XGB_enhanced_features,13,Train86.csv,Normal,Normal,True
Exp3_XGB_enhanced_features,13,Train88.csv,Normal,Normal,True
Exp3_XGB_enhanced_features,13,Train98.csv,Normal,Normal,True
Exp3_XGB_enhanced_features,13,Train99.csv,Normal,Normal,True
Exp3_XGB_enhanced_features,13,Train100.csv,Side I,Side II,False
Exp3_XGB_enhanced_features,13,Train103.csv,Side II,Side II,True
Exp3_XGB_enhanced_features,13,Train108.csv,Normal,Normal,True
Exp3_XGB_enhanced_features,13,Train127.csv,Side II,Side II,True
Exp3_XGB_enhanced_features,13,Train130.csv,Normal,Normal,True
Exp3_XGB_enhanced_features,13,Train134.csv,Normal,Normal,True
Exp3_XGB_enhanced_features,13,Train143.csv,Normal,Normal,True
Exp3_XGB_enhanced_features,13,Train145.csv,Normal,Normal,True
Exp3_XGB_enhanced_features,13,Train150.csv,Side I,Normal,False
Exp3_XGB_enhanced_features,13,Train151.csv,Normal,Normal,True
Exp3_XGB_enhanced_features,13,Train155.csv,Normal,Normal,True
Exp3_XGB_enhanced_features,13,Train160.csv,Normal,Normal,True
Exp3_XGB_enhanced_features,13,Train166.csv,Normal,Normal,True
Exp3_XGB_enhanced_features,13,Train174.csv,Normal,Normal,True
Exp3_XGB_enhanced_features,13,Train182.csv,Normal,Normal,True
Exp3_XGB_enhanced_features,13,Train188.csv,Side II,Side II,True
Exp3_XGB_enhanced_features,13,Train195.csv,Normal,Normal,True
Exp3_XGB_enhanced_features,13,Train196.csv,Normal,Normal,True
Exp3_XGB_enhanced_features,13,Train203.csv,Normal,Normal,True
Exp3_XGB_enhanced_features,13,Train210.csv,Normal,Normal,True
Exp3_XGB_enhanced_features,13,Train219.csv,Normal,Normal,True
Exp3_XGB_enhanced_features,13,Train221.csv,Normal,Normal,True
Exp3_XGB_enhanced_features,13,Train224.csv,Normal,Normal,True
Exp3_XGB_enhanced_features,13,Train230.csv,Normal,Normal,True
Exp3_XGB_enhanced_features,13,Train231.csv,Normal,Normal,True
Exp3_XGB_enhanced_features,13,Train235.csv,Normal,Normal,True
Exp3_XGB_enhanced_features,13,Train237.csv,Normal,Normal,True
Exp3_XGB_enhanced_features,13,Train240.csv,Side II,Side II,True
Exp3_XGB_enhanced_features,13,Train244.csv,Normal,Normal,True
Exp3_XGB_enhanced_features,13,Train250.csv,Normal,Normal,True
Exp3_XGB_enhanced_features,13,Train256.csv,Normal,Normal,True
Exp3_XGB_enhanced_features,13,Train259.csv,Normal,Normal,True
Exp3_XGB_enhanced_features,13,Train264.csv,Normal,Normal,True
Exp3_XGB_enhanced_features,13,Train266.csv,Normal,Normal,True
Exp3_XGB_enhanced_features,13,Train272.csv,Normal,Normal,True
Exp3_XGB_enhanced_features,14,Train3.csv,Normal,Normal,True
Exp3_XGB_enhanced_features,14,Train6.csv,Normal,Normal,True
Exp3_XGB_enhanced_features,14,Train8.csv,Normal,Normal,True
Exp3_XGB_enhanced_features,14,Train11.csv,Normal,Normal,True
Exp3_XGB_enhanced_features,14,Train16.csv,Normal,Normal,True
Exp3_XGB_enhanced_features,14,Train19.csv,Normal,Normal,True
Exp3_XGB_enhanced_features,14,Train23.csv,Normal,Normal,True
Exp3_XGB_enhanced_features,14,Train30.csv,Side II,Side II,True
Exp3_XGB_enhanced_features,14,Train35.csv,Normal,Normal,True
Exp3_XGB_enhanced_features,14,Train36.csv,Normal,Normal,True
Exp3_XGB_enhanced_features,14,Train37.csv,Normal,Normal,True
Exp3_XGB_enhanced_features,14,Train44.csv,Normal,Normal,True
Exp3_XGB_enhanced_features,14,Train54.csv,Normal,Normal,True
Exp3_XGB_enhanced_features,14,Train64.csv,Normal,Normal,True
Exp3_XGB_enhanced_features,14,Train66.csv,Normal,Normal,True
Exp3_XGB_enhanced_features,14,Train75.csv,Normal,Normal,True
Exp3_XGB_enhanced_features,14,Train76.csv,Normal,Normal,True
Exp3_XGB_enhanced_features,14,Train79.csv,Normal,Normal,True
Exp3_XGB_enhanced_features,14,Train83.csv,Side I,Side I,True
Exp3_XGB_enhanced_features,14,Train95.csv,Normal,Normal,True
Exp3_XGB_enhanced_features,14,Train96.csv,Normal,Normal,True
Exp3_XGB_enhanced_features,14,Train116.csv,Normal,Normal,True
Exp3_XGB_enhanced_features,14,Train120.csv,Normal,Normal,True
Exp3_XGB_enhanced_features,14,Train123.csv,Normal,Normal,True
Exp3_XGB_enhanced_features,14,Train129.csv,Normal,Normal,True
Exp3_XGB_enhanced_features,14,Train132.csv,Normal,Normal,True
Exp3_XGB_enhanced_features,14,Train136.csv,Normal,Normal,True
Exp3_XGB_enhanced_features,14,Train141.csv,Normal,Normal,True
Exp3_XGB_enhanced_features,14,Train156.csv,Normal,Normal,True
Exp3_XGB_enhanced_features,14,Train157.csv,Normal,Normal,True
Exp3_XGB_enhanced_features,14,Train169.csv,Normal,Normal,True
Exp3_XGB_enhanced_features,14,Train173.csv,Normal,Normal,True
Exp3_XGB_enhanced_features,14,Train175.csv,Normal,Normal,True
Exp3_XGB_enhanced_features,14,Train178.csv,Normal,Normal,True
Exp3_XGB_enhanced_features,14,Train180.csv,Side I,Side I,True
Exp3_XGB_enhanced_features,14,Train186.csv,Normal,Normal,True
Exp3_XGB_enhanced_features,14,Train191.csv,Normal,Normal,True
Exp3_XGB_enhanced_features,14,Train193.csv,Normal,Normal,True
Exp3_XGB_enhanced_features,14,Train197.csv,Normal,Side II,False
Exp3_XGB_enhanced_features,14,Train198.csv,Side II,Side II,True
Exp3_XGB_enhanced_features,14,Train199.csv,Side II,Side II,True
Exp3_XGB_enhanced_features,14,Train200.csv,Normal,Normal,True
Exp3_XGB_enhanced_features,14,Train206.csv,Normal,Normal,True
Exp3_XGB_enhanced_features,14,Train211.csv,Normal,Normal,True
Exp3_XGB_enhanced_features,14,Train213.csv,Side I,Side I,True
Exp3_XGB_enhanced_features,14,Train220.csv,Normal,Normal,True
Exp3_XGB_enhanced_features,14,Train228.csv,Normal,Normal,True
Exp3_XGB_enhanced_features,14,Train234.csv,Normal,Normal,True
Exp3_XGB_enhanced_features,14,Train248.csv,Side II,Side II,True
Exp3_XGB_enhanced_features,14,Train249.csv,Normal,Normal,True
Exp3_XGB_enhanced_features,14,Train254.csv,Normal,Normal,True
Exp3_XGB_enhanced_features,14,Train260.csv,Normal,Normal,True
Exp3_XGB_enhanced_features,14,Train262.csv,Normal,Normal,True
Exp3_XGB_enhanced_features,14,Train271.csv,Normal,Normal,True
Exp3_XGB_enhanced_features,15,Train2.csv,Side II,Side II,True
Exp3_XGB_enhanced_features,15,Train13.csv,Normal,Normal,True
Exp3_XGB_enhanced_features,15,Train29.csv,Normal,Normal,True
Exp3_XGB_enhanced_features,15,Train31.csv,Normal,Normal,True
Exp3_XGB_enhanced_features,15,Train33.csv,Normal,Normal,True
Exp3_XGB_enhanced_features,15,Train38.csv,Normal,Normal,True
Exp3_XGB_enhanced_features,15,Train39.csv,Normal,Normal,True
Exp3_XGB_enhanced_features,15,Train41.csv,Normal,Normal,True
Exp3_XGB_enhanced_features,15,Train46.csv,Normal,Normal,True
Exp3_XGB_enhanced_features,15,Train60.csv,Normal,Normal,True
Exp3_XGB_enhanced_features,15,Train68.csv,Normal,Normal,True
Exp3_XGB_enhanced_features,15,Train70.csv,Normal,Normal,True
Exp3_XGB_enhanced_features,15,Train74.csv,Normal,Normal,True
Exp3_XGB_enhanced_features,15,Train77.csv,Normal,Normal,True
Exp3_XGB_enhanced_features,15,Train87.csv,Normal,Normal,True
Exp3_XGB_enhanced_features,15,Train90.csv,Normal,Normal,True
Exp3_XGB_enhanced_features,15,Train92.csv,Normal,Normal,True
Exp3_XGB_enhanced_features,15,Train97.csv,Normal,Normal,True
Exp3_XGB_enhanced_features,15,Train104.csv,Side II,Side II,True
Exp3_XGB_enhanced_features,15,Train106.csv,Side I,Normal,False
Exp3_XGB_enhanced_features,15,Train114.csv,Normal,Normal,True
Exp3_XGB_enhanced_features,15,Train118.csv,Normal,Normal,True
Exp3_XGB_enhanced_features,15,Train119.csv,Normal,Normal,True
Exp3_XGB_enhanced_features,15,Train121.csv,Side I,Normal,False
Exp3_XGB_enhanced_features,15,Train122.csv,Normal,Normal,True
Exp3_XGB_enhanced_features,15,Train126.csv,Normal,Normal,True
Exp3_XGB_enhanced_features,15,Train137.csv,Side I,Side I,True
Exp3_XGB_enhanced_features,15,Train142.csv,Normal,Normal,True
Exp3_XGB_enhanced_features,15,Train146.csv,Normal,Normal,True
Exp3_XGB_enhanced_features,15,Train149.csv,Normal,Normal,True
Exp3_XGB_enhanced_features,15,Train154.csv,Normal,Normal,True
Exp3_XGB_enhanced_features,15,Train161.csv,Normal,Normal,True
Exp3_XGB_enhanced_features,15,Train164.csv,Side II,Side II,True
Exp3_XGB_enhanced_features,15,Train165.csv,Normal,Normal,True
Exp3_XGB_enhanced_features,15,Train171.csv,Normal,Normal,True
Exp3_XGB_enhanced_features,15,Train183.csv,Normal,Normal,True
Exp3_XGB_enhanced_features,15,Train189.csv,Normal,Normal,True
Exp3_XGB_enhanced_features,15,Train190.csv,Normal,Normal,True
Exp3_XGB_enhanced_features,15,Train208.csv,Normal,Normal,True
Exp3_XGB_enhanced_features,15,Train214.csv,Normal,Normal,True
Exp3_XGB_enhanced_features,15,Train215.csv,Normal,Normal,True
Exp3_XGB_enhanced_features,15,Train216.csv,Side II,Side II,True
Exp3_XGB_enhanced_features,15,Train229.csv,Normal,Normal,True
Exp3_XGB_enhanced_features,15,Train232.csv,Normal,Normal,True
Exp3_XGB_enhanced_features,15,Train241.csv,Normal,Normal,True
Exp3_XGB_enhanced_features,15,Train245.csv,Normal,Normal,True
Exp3_XGB_enhanced_features,15,Train253.csv,Normal,Normal,True
Exp3_XGB_enhanced_features,15,Train255.csv,Normal,Normal,True
Exp3_XGB_enhanced_features,15,Train257.csv,Normal,Normal,True
Exp3_XGB_enhanced_features,15,Train261.csv,Normal,Normal,True
Exp3_XGB_enhanced_features,15,Train263.csv,Normal,Normal,True
Exp3_XGB_enhanced_features,15,Train267.csv,Side II,Side II,True
Exp3_XGB_enhanced_features,15,Train268.csv,Normal,Normal,True
Exp3_XGB_enhanced_features,15,Train270.csv,Normal,Normal,True
Exp4_XGB_bilateral_augmented,1,Train5.csv,Normal,Normal,True
Exp4_XGB_bilateral_augmented,1,Train11.csv,Normal,Normal,True
Exp4_XGB_bilateral_augmented,1,Train12.csv,Side II,Side II,True
Exp4_XGB_bilateral_augmented,1,Train16.csv,Normal,Normal,True
Exp4_XGB_bilateral_augmented,1,Train19.csv,Normal,Normal,True
Exp4_XGB_bilateral_augmented,1,Train22.csv,Normal,Normal,True
Exp4_XGB_bilateral_augmented,1,Train24.csv,Normal,Normal,True
Exp4_XGB_bilateral_augmented,1,Train26.csv,Side II,Side II,True
Exp4_XGB_bilateral_augmented,1,Train29.csv,Normal,Normal,True
Exp4_XGB_bilateral_augmented,1,Train30.csv,Side II,Side II,True
Exp4_XGB_bilateral_augmented,1,Train34.csv,Normal,Normal,True
Exp4_XGB_bilateral_augmented,1,Train37.csv,Normal,Normal,True
Exp4_XGB_bilateral_augmented,1,Train42.csv,Normal,Normal,True
Exp4_XGB_bilateral_augmented,1,Train66.csv,Normal,Normal,True
Exp4_XGB_bilateral_augmented,1,Train78.csv,Normal,Normal,True
Exp4_XGB_bilateral_augmented,1,Train82.csv,Normal,Normal,True
Exp4_XGB_bilateral_augmented,1,Train92.csv,Normal,Normal,True
Exp4_XGB_bilateral_augmented,1,Train94.csv,Normal,Normal,True
Exp4_XGB_bilateral_augmented,1,Train95.csv,Normal,Normal,True
Exp4_XGB_bilateral_augmented,1,Train96.csv,Normal,Normal,True
Exp4_XGB_bilateral_augmented,1,Train97.csv,Normal,Normal,True
Exp4_XGB_bilateral_augmented,1,Train100.csv,Side I,Side I,True
Exp4_XGB_bilateral_augmented,1,Train109.csv,Normal,Normal,True
Exp4_XGB_bilateral_augmented,1,Train115.csv,Normal,Normal,True
Exp4_XGB_bilateral_augmented,1,Train119.csv,Normal,Normal,True
Exp4_XGB_bilateral_augmented,1,Train120.csv,Normal,Normal,True
Exp4_XGB_bilateral_augmented,1,Train123.csv,Normal,Normal,True
Exp4_XGB_bilateral_augmented,1,Train134.csv,Normal,Normal,True
Exp4_XGB_bilateral_augmented,1,Train138.csv,Normal,Normal,True
Exp4_XGB_bilateral_augmented,1,Train142.csv,Normal,Normal,True
Exp4_XGB_bilateral_augmented,1,Train143.csv,Normal,Normal,True
Exp4_XGB_bilateral_augmented,1,Train146.csv,Normal,Normal,True
Exp4_XGB_bilateral_augmented,1,Train147.csv,Normal,Normal,True
Exp4_XGB_bilateral_augmented,1,Train149.csv,Normal,Normal,True
Exp4_XGB_bilateral_augmented,1,Train152.csv,Normal,Normal,True
Exp4_XGB_bilateral_augmented,1,Train161.csv,Normal,Normal,True
Exp4_XGB_bilateral_augmented,1,Train165.csv,Normal,Normal,True
Exp4_XGB_bilateral_augmented,1,Train167.csv,Normal,Normal,True
Exp4_XGB_bilateral_augmented,1,Train172.csv,Normal,Normal,True
Exp4_XGB_bilateral_augmented,1,Train177.csv,Normal,Side I,False
Exp4_XGB_bilateral_augmented,1,Train180.csv,Side I,Normal,False
Exp4_XGB_bilateral_augmented,1,Train182.csv,Normal,Normal,True
Exp4_XGB_bilateral_augmented,1,Train185.csv,Side I,Normal,False
Exp4_XGB_bilateral_augmented,1,Train195.csv,Normal,Normal,True
Exp4_XGB_bilateral_augmented,1,Train196.csv,Normal,Normal,True
Exp4_XGB_bilateral_augmented,1,Train198.csv,Side II,Side II,True
Exp4_XGB_bilateral_augmented,1,Train206.csv,Normal,Normal,True
Exp4_XGB_bilateral_augmented,1,Train208.csv,Normal,Normal,True
Exp4_XGB_bilateral_augmented,1,Train212.csv,Normal,Normal,True
Exp4_XGB_bilateral_augmented,1,Train216.csv,Side II,Normal,False
Exp4_XGB_bilateral_augmented,1,Train236.csv,Normal,Normal,True
Exp4_XGB_bilateral_augmented,1,Train244.csv,Normal,Normal,True
Exp4_XGB_bilateral_augmented,1,Train247.csv,Normal,Normal,True
Exp4_XGB_bilateral_augmented,1,Train263.csv,Normal,Normal,True
Exp4_XGB_bilateral_augmented,1,Train269.csv,Normal,Normal,True
Exp4_XGB_bilateral_augmented,2,Train1.csv,Normal,Normal,True
Exp4_XGB_bilateral_augmented,2,Train9.csv,Normal,Normal,True
Exp4_XGB_bilateral_augmented,2,Train14.csv,Normal,Normal,True
Exp4_XGB_bilateral_augmented,2,Train31.csv,Normal,Normal,True
Exp4_XGB_bilateral_augmented,2,Train33.csv,Normal,Normal,True
Exp4_XGB_bilateral_augmented,2,Train36.csv,Normal,Normal,True
Exp4_XGB_bilateral_augmented,2,Train43.csv,Side II,Side I,False
Exp4_XGB_bilateral_augmented,2,Train49.csv,Normal,Normal,True
Exp4_XGB_bilateral_augmented,2,Train52.csv,Normal,Normal,True
Exp4_XGB_bilateral_augmented,2,Train53.csv,Side II,Side II,True
Exp4_XGB_bilateral_augmented,2,Train65.csv,Normal,Normal,True
Exp4_XGB_bilateral_augmented,2,Train73.csv,Normal,Normal,True
Exp4_XGB_bilateral_augmented,2,Train76.csv,Normal,Normal,True
Exp4_XGB_bilateral_augmented,2,Train77.csv,Normal,Normal,True
Exp4_XGB_bilateral_augmented,2,Train81.csv,Normal,Normal,True
Exp4_XGB_bilateral_augmented,2,Train84.csv,Normal,Normal,True
Exp4_XGB_bilateral_augmented,2,Train88.csv,Normal,Normal,True
Exp4_XGB_bilateral_augmented,2,Train102.csv,Normal,Normal,True
Exp4_XGB_bilateral_augmented,2,Train108.csv,Normal,Normal,True
Exp4_XGB_bilateral_augmented,2,Train113.csv,Normal,Normal,True
Exp4_XGB_bilateral_augmented,2,Train121.csv,Side I,Normal,False
Exp4_XGB_bilateral_augmented,2,Train122.csv,Normal,Normal,True
Exp4_XGB_bilateral_augmented,2,Train129.csv,Normal,Normal,True
Exp4_XGB_bilateral_augmented,2,Train130.csv,Normal,Normal,True
Exp4_XGB_bilateral_augmented,2,Train136.csv,Normal,Normal,True
Exp4_XGB_bilateral_augmented,2,Train150.csv,Side I,Normal,False
Exp4_XGB_bilateral_augmented,2,Train154.csv,Normal,Normal,True
Exp4_XGB_bilateral_augmented,2,Train158.csv,Normal,Normal,True
Exp4_XGB_bilateral_augmented,2,Train160.csv,Normal,Normal,True
Exp4_XGB_bilateral_augmented,2,Train171.csv,Normal,Normal,True
Exp4_XGB_bilateral_augmented,2,Train174.csv,Normal,Normal,True
Exp4_XGB_bilateral_augmented,2,Train184.csv,Normal,Normal,True
Exp4_XGB_bilateral_augmented,2,Train191.csv,Normal,Normal,True
Exp4_XGB_bilateral_augmented,2,Train193.csv,Normal,Normal,True
Exp4_XGB_bilateral_augmented,2,Train194.csv,Side I,Side I,True
Exp4_XGB_bilateral_augmented,2,Train200.csv,Normal,Normal,True
Exp4_XGB_bilateral_augmented,2,Train201.csv,Normal,Normal,True
Exp4_XGB_bilateral_augmented,2,Train205.csv,Normal,Normal,True
Exp4_XGB_bilateral_augmented,2,Train207.csv,Side II,Side II,True
Exp4_XGB_bilateral_augmented,2,Train209.csv,Normal,Normal,True
Exp4_XGB_bilateral_augmented,2,Train215.csv,Normal,Normal,True
Exp4_XGB_bilateral_augmented,2,Train217.csv,Side II,Normal,False
Exp4_XGB_bilateral_augmented,2,Train222.csv,Normal,Normal,True
Exp4_XGB_bilateral_augmented,2,Train223.csv,Normal,Normal,True
Exp4_XGB_bilateral_augmented,2,Train225.csv,Normal,Normal,True
Exp4_XGB_bilateral_augmented,2,Train233.csv,Normal,Normal,True
Exp4_XGB_bilateral_augmented,2,Train234.csv,Normal,Normal,True
Exp4_XGB_bilateral_augmented,2,Train235.csv,Normal,Normal,True
Exp4_XGB_bilateral_augmented,2,Train237.csv,Normal,Normal,True
Exp4_XGB_bilateral_augmented,2,Train248.csv,Side II,Side II,True
Exp4_XGB_bilateral_augmented,2,Train249.csv,Normal,Normal,True
Exp4_XGB_bilateral_augmented,2,Train256.csv,Normal,Normal,True
Exp4_XGB_bilateral_augmented,2,Train258.csv,Normal,Normal,True
Exp4_XGB_bilateral_augmented,2,Train266.csv,Normal,Normal,True
Exp4_XGB_bilateral_augmented,2,Train270.csv,Normal,Normal,True
Exp4_XGB_bilateral_augmented,3,Train2.csv,Side II,Side II,True
Exp4_XGB_bilateral_augmented,3,Train6.csv,Normal,Normal,True
Exp4_XGB_bilateral_augmented,3,Train7.csv,Normal,Normal,True
Exp4_XGB_bilateral_augmented,3,Train20.csv,Normal,Normal,True
Exp4_XGB_bilateral_augmented,3,Train25.csv,Normal,Normal,True
Exp4_XGB_bilateral_augmented,3,Train38.csv,Normal,Normal,True
Exp4_XGB_bilateral_augmented,3,Train39.csv,Normal,Normal,True
Exp4_XGB_bilateral_augmented,3,Train48.csv,Normal,Normal,True
Exp4_XGB_bilateral_augmented,3,Train54.csv,Normal,Normal,True
Exp4_XGB_bilateral_augmented,3,Train61.csv,Normal,Normal,True
Exp4_XGB_bilateral_augmented,3,Train63.csv,Normal,Normal,True
Exp4_XGB_bilateral_augmented,3,Train67.csv,Normal,Normal,True
Exp4_XGB_bilateral_augmented,3,Train70.csv,Normal,Normal,True
Exp4_XGB_bilateral_augmented,3,Train72.csv,Side II,Side II,True
Exp4_XGB_bilateral_augmented,3,Train75.csv,Normal,Normal,True
Exp4_XGB_bilateral_augmented,3,Train79.csv,Normal,Normal,True
Exp4_XGB_bilateral_augmented,3,Train80.csv,Normal,Normal,True
Exp4_XGB_bilateral_augmented,3,Train83.csv,Side I,Side I,True
Exp4_XGB_bilateral_augmented,3,Train85.csv,Normal,Normal,True
Exp4_XGB_bilateral_augmented,3,Train89.csv,Normal,Normal,True
Exp4_XGB_bilateral_augmented,3,Train91.csv,Normal,Normal,True
Exp4_XGB_bilateral_augmented,3,Train98.csv,Normal,Normal,True
Exp4_XGB_bilateral_augmented,3,Train99.csv,Normal,Normal,True
Exp4_XGB_bilateral_augmented,3,Train104.csv,Side II,Side II,True
Exp4_XGB_bilateral_augmented,3,Train110.csv,Normal,Normal,True
Exp4_XGB_bilateral_augmented,3,Train114.csv,Normal,Normal,True
Exp4_XGB_bilateral_augmented,3,Train124.csv,Normal,Normal,True
Exp4_XGB_bilateral_augmented,3,Train125.csv,Normal,Normal,True
Exp4_XGB_bilateral_augmented,3,Train126.csv,Normal,Side II,False
Exp4_XGB_bilateral_augmented,3,Train127.csv,Side II,Side II,True
Exp4_XGB_bilateral_augmented,3,Train133.csv,Normal,Normal,True
Exp4_XGB_bilateral_augmented,3,Train135.csv,Normal,Normal,True
Exp4_XGB_bilateral_augmented,3,Train139.csv,Normal,Normal,True
Exp4_XGB_bilateral_augmented,3,Train141.csv,Normal,Normal,True
Exp4_XGB_bilateral_augmented,3,Train151.csv,Normal,Normal,True
Exp4_XGB_bilateral_augmented,3,Train155.csv,Normal,Normal,True
Exp4_XGB_bilateral_augmented,3,Train163.csv,Side I,Side I,True
Exp4_XGB_bilateral_augmented,3,Train164.csv,Side II,Side II,True
Exp4_XGB_bilateral_augmented,3,Train166.csv,Normal,Normal,True
Exp4_XGB_bilateral_augmented,3,Train175.csv,Normal,Normal,True
Exp4_XGB_bilateral_augmented,3,Train183.csv,Normal,Normal,True
Exp4_XGB_bilateral_augmented,3,Train186.csv,Normal,Normal,True
Exp4_XGB_bilateral_augmented,3,Train197.csv,Normal,Side II,False
Exp4_XGB_bilateral_augmented,3,Train211.csv,Normal,Normal,True
Exp4_XGB_bilateral_augmented,3,Train219.csv,Normal,Normal,True
Exp4_XGB_bilateral_augmented,3,Train224.csv,Normal,Normal,True
Exp4_XGB_bilateral_augmented,3,Train243.csv,Normal,Normal,True
Exp4_XGB_bilateral_augmented,3,Train251.csv,Normal,Side II,False
Exp4_XGB_bilateral_augmented,3,Train253.csv,Normal,Normal,True
Exp4_XGB_bilateral_augmented,3,Train254.csv,Normal,Normal,True
Exp4_XGB_bilateral_augmented,3,Train255.csv,Normal,Normal,True
Exp4_XGB_bilateral_augmented,3,Train261.csv,Normal,Normal,True
Exp4_XGB_bilateral_augmented,3,Train268.csv,Normal,Normal,True
Exp4_XGB_bilateral_augmented,3,Train272.csv,Normal,Normal,True
Exp4_XGB_bilateral_augmented,4,Train4.csv,Normal,Normal,True
Exp4_XGB_bilateral_augmented,4,Train18.csv,Normal,Normal,True
Exp4_XGB_bilateral_augmented,4,Train27.csv,Normal,Normal,True
Exp4_XGB_bilateral_augmented,4,Train32.csv,Normal,Normal,True
Exp4_XGB_bilateral_augmented,4,Train35.csv,Normal,Normal,True
Exp4_XGB_bilateral_augmented,4,Train40.csv,Normal,Normal,True
Exp4_XGB_bilateral_augmented,4,Train41.csv,Normal,Normal,True
Exp4_XGB_bilateral_augmented,4,Train44.csv,Normal,Normal,True
Exp4_XGB_bilateral_augmented,4,Train45.csv,Normal,Normal,True
Exp4_XGB_bilateral_augmented,4,Train46.csv,Normal,Normal,True
Exp4_XGB_bilateral_augmented,4,Train55.csv,Normal,Normal,True
Exp4_XGB_bilateral_augmented,4,Train56.csv,Normal,Normal,True
Exp4_XGB_bilateral_augmented,4,Train57.csv,Normal,Normal,True
Exp4_XGB_bilateral_augmented,4,Train59.csv,Normal,Normal,True
Exp4_XGB_bilateral_augmented,4,Train64.csv,Normal,Normal,True
Exp4_XGB_bilateral_augmented,4,Train68.csv,Normal,Normal,True
Exp4_XGB_bilateral_augmented,4,Train69.csv,Normal,Normal,True
Exp4_XGB_bilateral_augmented,4,Train86.csv,Normal,Normal,True
Exp4_XGB_bilateral_augmented,4,Train87.csv,Normal,Normal,True
Exp4_XGB_bilateral_augmented,4,Train93.csv,Side II,Side II,True
Exp4_XGB_bilateral_augmented,4,Train103.csv,Side II,Side II,True
Exp4_XGB_bilateral_augmented,4,Train105.csv,Normal,Normal,True
Exp4_XGB_bilateral_augmented,4,Train107.csv,Normal,Normal,True
Exp4_XGB_bilateral_augmented,4,Train112.csv,Normal,Normal,True
Exp4_XGB_bilateral_augmented,4,Train116.csv,Normal,Normal,True
Exp4_XGB_bilateral_augmented,4,Train118.csv,Normal,Normal,True
Exp4_XGB_bilateral_augmented,4,Train128.csv,Normal,Normal,True
Exp4_XGB_bilateral_augmented,4,Train131.csv,Normal,Normal,True
Exp4_XGB_bilateral_augmented,4,Train132.csv,Normal,Normal,True
Exp4_XGB_bilateral_augmented,4,Train145.csv,Normal,Normal,True
Exp4_XGB_bilateral_augmented,4,Train148.csv,Normal,Normal,True
Exp4_XGB_bilateral_augmented,4,Train153.csv,Normal,Normal,True
Exp4_XGB_bilateral_augmented,4,Train157.csv,Normal,Normal,True
Exp4_XGB_bilateral_augmented,4,Train159.csv,Normal,Normal,True
Exp4_XGB_bilateral_augmented,4,Train162.csv,Normal,Normal,True
Exp4_XGB_bilateral_augmented,4,Train168.csv,Normal,Normal,True
Exp4_XGB_bilateral_augmented,4,Train170.csv,Side I,Normal,False
Exp4_XGB_bilateral_augmented,4,Train176.csv,Normal,Side II,False
Exp4_XGB_bilateral_augmented,4,Train178.csv,Normal,Normal,True
Exp4_XGB_bilateral_augmented,4,Train181.csv,Normal,Normal,True
Exp4_XGB_bilateral_augmented,4,Train188.csv,Side II,Side II,True
Exp4_XGB_bilateral_augmented,4,Train192.csv,Normal,Normal,True
Exp4_XGB_bilateral_augmented,4,Train202.csv,Side I,Normal,False
Exp4_XGB_bilateral_augmented,4,Train213.csv,Side I,Side I,True
Exp4_XGB_bilateral_augmented,4,Train214.csv,Normal,Normal,True
Exp4_XGB_bilateral_augmented,4,Train227.csv,Normal,Normal,True
Exp4_XGB_bilateral_augmented,4,Train232.csv,Normal,Normal,True
Exp4_XGB_bilateral_augmented,4,Train238.csv,Normal,Normal,True
Exp4_XGB_bilateral_augmented,4,Train241.csv,Normal,Normal,True
Exp4_XGB_bilateral_augmented,4,Train245.csv,Normal,Normal,True
Exp4_XGB_bilateral_augmented,4,Train250.csv,Normal,Normal,True
Exp4_XGB_bilateral_augmented,4,Train252.csv,Normal,Normal,True
Exp4_XGB_bilateral_augmented,4,Train267.csv,Side II,Side II,True
Exp4_XGB_bilateral_augmented,4,Train271.csv,Normal,Normal,True
Exp4_XGB_bilateral_augmented,5,Train3.csv,Normal,Normal,True
Exp4_XGB_bilateral_augmented,5,Train8.csv,Normal,Normal,True
Exp4_XGB_bilateral_augmented,5,Train10.csv,Normal,Normal,True
Exp4_XGB_bilateral_augmented,5,Train13.csv,Normal,Normal,True
Exp4_XGB_bilateral_augmented,5,Train15.csv,Normal,Normal,True
Exp4_XGB_bilateral_augmented,5,Train17.csv,Normal,Normal,True
Exp4_XGB_bilateral_augmented,5,Train21.csv,Normal,Normal,True
Exp4_XGB_bilateral_augmented,5,Train23.csv,Normal,Normal,True
Exp4_XGB_bilateral_augmented,5,Train28.csv,Normal,Normal,True
Exp4_XGB_bilateral_augmented,5,Train47.csv,Normal,Normal,True
Exp4_XGB_bilateral_augmented,5,Train50.csv,Normal,Normal,True
Exp4_XGB_bilateral_augmented,5,Train51.csv,Normal,Normal,True
Exp4_XGB_bilateral_augmented,5,Train58.csv,Normal,Normal,True
Exp4_XGB_bilateral_augmented,5,Train60.csv,Normal,Normal,True
Exp4_XGB_bilateral_augmented,5,Train62.csv,Side I,Side I,True
Exp4_XGB_bilateral_augmented,5,Train71.csv,Normal,Normal,True
Exp4_XGB_bilateral_augmented,5,Train74.csv,Normal,Normal,True
Exp4_XGB_bilateral_augmented,5,Train90.csv,Normal,Normal,True
Exp4_XGB_bilateral_augmented,5,Train101.csv,Normal,Normal,True
Exp4_XGB_bilateral_augmented,5,Train106.csv,Side I,Side I,True
Exp4_XGB_bilateral_augmented,5,Train111.csv,Side II,Side II,True
Exp4_XGB_bilateral_augmented,5,Train117.csv,Normal,Normal,True
Exp4_XGB_bilateral_augmented,5,Train137.csv,Side I,Side I,True
Exp4_XGB_bilateral_augmented,5,Train140.csv,Normal,Normal,True
Exp4_XGB_bilateral_augmented,5,Train144.csv,Normal,Normal,True
Exp4_XGB_bilateral_augmented,5,Train156.csv,Normal,Normal,True
Exp4_XGB_bilateral_augmented,5,Train169.csv,Normal,Side II,False
Exp4_XGB_bilateral_augmented,5,Train173.csv,Normal,Normal,True
Exp4_XGB_bilateral_augmented,5,Train179.csv,Side II,Side II,True
Exp4_XGB_bilateral_augmented,5,Train187.csv,Normal,Normal,True
Exp4_XGB_bilateral_augmented,5,Train189.csv,Normal,Normal,True
Exp4_XGB_bilateral_augmented,5,Train190.csv,Normal,Normal,True
Exp4_XGB_bilateral_augmented,5,Train199.csv,Side II,Side II,True
Exp4_XGB_bilateral_augmented,5,Train203.csv,Normal,Normal,True
Exp4_XGB_bilateral_augmented,5,Train204.csv,Normal,Normal,True
Exp4_XGB_bilateral_augmented,5,Train210.csv,Normal,Normal,True
Exp4_XGB_bilateral_augmented,5,Train218.csv,Normal,Normal,True
Exp4_XGB_bilateral_augmented,5,Train220.csv,Normal,Normal,True
Exp4_XGB_bilateral_augmented,5,Train221.csv,Normal,Normal,True
Exp4_XGB_bilateral_augmented,5,Train226.csv,Normal,Normal,True
Exp4_XGB_bilateral_augmented,5,Train228.csv,Normal,Normal,True
Exp4_XGB_bilateral_augmented,5,Train229.csv,Normal,Normal,True
Exp4_XGB_bilateral_augmented,5,Train230.csv,Normal,Normal,True
Exp4_XGB_bilateral_augmented,5,Train231.csv,Normal,Normal,True
Exp4_XGB_bilateral_augmented,5,Train239.csv,Normal,Normal,True
Exp4_XGB_bilateral_augmented,5,Train240.csv,Side II,Side II,True
Exp4_XGB_bilateral_augmented,5,Train242.csv,Normal,Normal,True
Exp4_XGB_bilateral_augmented,5,Train246.csv,Normal,Normal,True
Exp4_XGB_bilateral_augmented,5,Train257.csv,Normal,Normal,True
Exp4_XGB_bilateral_augmented,5,Train259.csv,Normal,Normal,True
Exp4_XGB_bilateral_augmented,5,Train260.csv,Normal,Normal,True
Exp4_XGB_bilateral_augmented,5,Train262.csv,Normal,Normal,True
Exp4_XGB_bilateral_augmented,5,Train264.csv,Normal,Normal,True
Exp4_XGB_bilateral_augmented,5,Train265.csv,Side II,Side I,False
Exp4_XGB_bilateral_augmented,6,Train5.csv,Normal,Normal,True
Exp4_XGB_bilateral_augmented,6,Train17.csv,Normal,Normal,True
Exp4_XGB_bilateral_augmented,6,Train24.csv,Normal,Normal,True
Exp4_XGB_bilateral_augmented,6,Train25.csv,Normal,Normal,True
Exp4_XGB_bilateral_augmented,6,Train28.csv,Normal,Normal,True
Exp4_XGB_bilateral_augmented,6,Train29.csv,Normal,Normal,True
Exp4_XGB_bilateral_augmented,6,Train30.csv,Side II,Side II,True
Exp4_XGB_bilateral_augmented,6,Train55.csv,Normal,Normal,True
Exp4_XGB_bilateral_augmented,6,Train56.csv,Normal,Normal,True
Exp4_XGB_bilateral_augmented,6,Train70.csv,Normal,Normal,True
Exp4_XGB_bilateral_augmented,6,Train75.csv,Normal,Normal,True
Exp4_XGB_bilateral_augmented,6,Train76.csv,Normal,Normal,True
Exp4_XGB_bilateral_augmented,6,Train78.csv,Normal,Normal,True
Exp4_XGB_bilateral_augmented,6,Train86.csv,Normal,Normal,True
Exp4_XGB_bilateral_augmented,6,Train91.csv,Normal,Normal,True
Exp4_XGB_bilateral_augmented,6,Train94.csv,Normal,Normal,True
Exp4_XGB_bilateral_augmented,6,Train97.csv,Normal,Normal,True
Exp4_XGB_bilateral_augmented,6,Train106.csv,Side I,Normal,False
Exp4_XGB_bilateral_augmented,6,Train109.csv,Normal,Normal,True
Exp4_XGB_bilateral_augmented,6,Train111.csv,Side II,Side II,True
Exp4_XGB_bilateral_augmented,6,Train131.csv,Normal,Normal,True
Exp4_XGB_bilateral_augmented,6,Train135.csv,Normal,Normal,True
Exp4_XGB_bilateral_augmented,6,Train136.csv,Normal,Normal,True
Exp4_XGB_bilateral_augmented,6,Train141.csv,Normal,Normal,True
Exp4_XGB_bilateral_augmented,6,Train142.csv,Normal,Normal,True
Exp4_XGB_bilateral_augmented,6,Train143.csv,Normal,Normal,True
Exp4_XGB_bilateral_augmented,6,Train145.csv,Normal,Normal,True
Exp4_XGB_bilateral_augmented,6,Train148.csv,Normal,Normal,True
Exp4_XGB_bilateral_augmented,6,Train152.csv,Normal,Normal,True
Exp4_XGB_bilateral_augmented,6,Train153.csv,Normal,Normal,True
Exp4_XGB_bilateral_augmented,6,Train154.csv,Normal,Normal,True
Exp4_XGB_bilateral_augmented,6,Train160.csv,Normal,Normal,True
Exp4_XGB_bilateral_augmented,6,Train169.csv,Normal,Normal,True
Exp4_XGB_bilateral_augmented,6,Train171.csv,Normal,Normal,True
Exp4_XGB_bilateral_augmented,6,Train181.csv,Normal,Normal,True
Exp4_XGB_bilateral_augmented,6,Train182.csv,Normal,Normal,True
Exp4_XGB_bilateral_augmented,6,Train185.csv,Side I,Normal,False
Exp4_XGB_bilateral_augmented,6,Train186.csv,Normal,Normal,True
Exp4_XGB_bilateral_augmented,6,Train189.csv,Normal,Normal,True
Exp4_XGB_bilateral_augmented,6,Train191.csv,Normal,Normal,True
Exp4_XGB_bilateral_augmented,6,Train193.csv,Normal,Normal,True
Exp4_XGB_bilateral_augmented,6,Train194.csv,Side I,Side I,True
Exp4_XGB_bilateral_augmented,6,Train195.csv,Normal,Normal,True
Exp4_XGB_bilateral_augmented,6,Train203.csv,Normal,Normal,True
Exp4_XGB_bilateral_augmented,6,Train205.csv,Normal,Normal,True
Exp4_XGB_bilateral_augmented,6,Train209.csv,Normal,Normal,True
Exp4_XGB_bilateral_augmented,6,Train210.csv,Normal,Normal,True
Exp4_XGB_bilateral_augmented,6,Train214.csv,Normal,Normal,True
Exp4_XGB_bilateral_augmented,6,Train216.csv,Side II,Normal,False
Exp4_XGB_bilateral_augmented,6,Train217.csv,Side II,Side II,True
Exp4_XGB_bilateral_augmented,6,Train218.csv,Normal,Normal,True
Exp4_XGB_bilateral_augmented,6,Train230.csv,Normal,Normal,True
Exp4_XGB_bilateral_augmented,6,Train232.csv,Normal,Normal,True
Exp4_XGB_bilateral_augmented,6,Train248.csv,Side II,Side II,True
Exp4_XGB_bilateral_augmented,6,Train272.csv,Normal,Normal,True
Exp4_XGB_bilateral_augmented,7,Train3.csv,Normal,Normal,True
Exp4_XGB_bilateral_augmented,7,Train6.csv,Normal,Normal,True
Exp4_XGB_bilateral_augmented,7,Train14.csv,Normal,Normal,True
Exp4_XGB_bilateral_augmented,7,Train15.csv,Normal,Normal,True
Exp4_XGB_bilateral_augmented,7,Train16.csv,Normal,Normal,True
Exp4_XGB_bilateral_augmented,7,Train18.csv,Normal,Normal,True
Exp4_XGB_bilateral_augmented,7,Train20.csv,Normal,Normal,True
Exp4_XGB_bilateral_augmented,7,Train21.csv,Normal,Normal,True
Exp4_XGB_bilateral_augmented,7,Train26.csv,Side II,Side I,False
Exp4_XGB_bilateral_augmented,7,Train32.csv,Normal,Normal,True
Exp4_XGB_bilateral_augmented,7,Train34.csv,Normal,Normal,True
Exp4_XGB_bilateral_augmented,7,Train39.csv,Normal,Normal,True
Exp4_XGB_bilateral_augmented,7,Train41.csv,Normal,Normal,True
Exp4_XGB_bilateral_augmented,7,Train43.csv,Side II,Side II,True
Exp4_XGB_bilateral_augmented,7,Train44.csv,Normal,Normal,True
Exp4_XGB_bilateral_augmented,7,Train45.csv,Normal,Normal,True
Exp4_XGB_bilateral_augmented,7,Train60.csv,Normal,Normal,True
Exp4_XGB_bilateral_augmented,7,Train62.csv,Side I,Normal,False
Exp4_XGB_bilateral_augmented,7,Train63.csv,Normal,Normal,True
Exp4_XGB_bilateral_augmented,7,Train72.csv,Side II,Side II,True
Exp4_XGB_bilateral_augmented,7,Train74.csv,Normal,Normal,True
Exp4_XGB_bilateral_augmented,7,Train80.csv,Normal,Normal,True
Exp4_XGB_bilateral_augmented,7,Train82.csv,Normal,Normal,True
Exp4_XGB_bilateral_augmented,7,Train92.csv,Normal,Normal,True
Exp4_XGB_bilateral_augmented,7,Train98.csv,Normal,Normal,True
Exp4_XGB_bilateral_augmented,7,Train99.csv,Normal,Normal,True
Exp4_XGB_bilateral_augmented,7,Train108.csv,Normal,Normal,True
Exp4_XGB_bilateral_augmented,7,Train110.csv,Normal,Normal,True
Exp4_XGB_bilateral_augmented,7,Train117.csv,Normal,Normal,True
Exp4_XGB_bilateral_augmented,7,Train124.csv,Normal,Normal,True
Exp4_XGB_bilateral_augmented,7,Train128.csv,Normal,Normal,True
Exp4_XGB_bilateral_augmented,7,Train130.csv,Normal,Normal,True
Exp4_XGB_bilateral_augmented,7,Train132.csv,Normal,Normal,True
Exp4_XGB_bilateral_augmented,7,Train134.csv,Normal,Normal,True
Exp4_XGB_bilateral_augmented,7,Train137.csv,Side I,Side I,True
Exp4_XGB_bilateral_augmented,7,Train140.csv,Normal,Normal,True
Exp4_XGB_bilateral_augmented,7,Train144.csv,Normal,Normal,True
Exp4_XGB_bilateral_augmented,7,Train147.csv,Normal,Normal,True
Exp4_XGB_bilateral_augmented,7,Train149.csv,Normal,Normal,True
Exp4_XGB_bilateral_augmented,7,Train159.csv,Normal,Normal,True
Exp4_XGB_bilateral_augmented,7,Train163.csv,Side I,Side I,True
Exp4_XGB_bilateral_augmented,7,Train167.csv,Normal,Normal,True
Exp4_XGB_bilateral_augmented,7,Train173.csv,Normal,Normal,True
Exp4_XGB_bilateral_augmented,7,Train192.csv,Normal,Normal,True
Exp4_XGB_bilateral_augmented,7,Train198.csv,Side II,Side II,True
Exp4_XGB_bilateral_augmented,7,Train199.csv,Side II,Side II,True
Exp4_XGB_bilateral_augmented,7,Train200.csv,Normal,Normal,True
Exp4_XGB_bilateral_augmented,7,Train211.csv,Normal,Normal,True
Exp4_XGB_bilateral_augmented,7,Train233.csv,Normal,Normal,True
Exp4_XGB_bilateral_augmented,7,Train241.csv,Normal,Normal,True
Exp4_XGB_bilateral_augmented,7,Train245.csv,Normal,Normal,True
Exp4_XGB_bilateral_augmented,7,Train250.csv,Normal,Normal,True
Exp4_XGB_bilateral_augmented,7,Train256.csv,Normal,Normal,True
Exp4_XGB_bilateral_augmented,7,Train261.csv,Normal,Normal,True
Exp4_XGB_bilateral_augmented,7,Train268.csv,Normal,Normal,True
Exp4_XGB_bilateral_augmented,8,Train1.csv,Normal,Normal,True
Exp4_XGB_bilateral_augmented,8,Train8.csv,Normal,Normal,True
Exp4_XGB_bilateral_augmented,8,Train23.csv,Normal,Normal,True
Exp4_XGB_bilateral_augmented,8,Train36.csv,Normal,Normal,True
Exp4_XGB_bilateral_augmented,8,Train47.csv,Normal,Normal,True
Exp4_XGB_bilateral_augmented,8,Train49.csv,Normal,Normal,True
Exp4_XGB_bilateral_augmented,8,Train52.csv,Normal,Normal,True
Exp4_XGB_bilateral_augmented,8,Train57.csv,Normal,Normal,True
Exp4_XGB_bilateral_augmented,8,Train59.csv,Normal,Normal,True
Exp4_XGB_bilateral_augmented,8,Train66.csv,Normal,Normal,True
Exp4_XGB_bilateral_augmented,8,Train79.csv,Normal,Normal,True
Exp4_XGB_bilateral_augmented,8,Train81.csv,Normal,Normal,True
Exp4_XGB_bilateral_augmented,8,Train83.csv,Side I,Side I,True
Exp4_XGB_bilateral_augmented,8,Train84.csv,Normal,Normal,True
Exp4_XGB_bilateral_augmented,8,Train85.csv,Normal,Normal,True
Exp4_XGB_bilateral_augmented,8,Train88.csv,Normal,Normal,True
Exp4_XGB_bilateral_augmented,8,Train90.csv,Normal,Normal,True
Exp4_XGB_bilateral_augmented,8,Train101.csv,Normal,Normal,True
Exp4_XGB_bilateral_augmented,8,Train102.csv,Normal,Normal,True
Exp4_XGB_bilateral_augmented,8,Train103.csv,Side II,Side II,True
Exp4_XGB_bilateral_augmented,8,Train113.csv,Normal,Normal,True
Exp4_XGB_bilateral_augmented,8,Train114.csv,Normal,Normal,True
Exp4_XGB_bilateral_augmented,8,Train118.csv,Normal,Normal,True
Exp4_XGB_bilateral_augmented,8,Train123.csv,Normal,Side I,False
Exp4_XGB_bilateral_augmented,8,Train126.csv,Normal,Side II,False
Exp4_XGB_bilateral_augmented,8,Train127.csv,Side II,Side II,True
Exp4_XGB_bilateral_augmented,8,Train129.csv,Normal,Normal,True
Exp4_XGB_bilateral_augmented,8,Train146.csv,Normal,Normal,True
Exp4_XGB_bilateral_augmented,8,Train157.csv,Normal,Normal,True
Exp4_XGB_bilateral_augmented,8,Train158.csv,Normal,Normal,True
Exp4_XGB_bilateral_augmented,8,Train161.csv,Normal,Normal,True
Exp4_XGB_bilateral_augmented,8,Train164.csv,Side II,Side II,True
Exp4_XGB_bilateral_augmented,8,Train170.csv,Side I,Side I,True
Exp4_XGB_bilateral_augmented,8,Train176.csv,Normal,Normal,True
Exp4_XGB_bilateral_augmented,8,Train183.csv,Normal,Normal,True
Exp4_XGB_bilateral_augmented,8,Train187.csv,Normal,Normal,True
Exp4_XGB_bilateral_augmented,8,Train201.csv,Normal,Normal,True
Exp4_XGB_bilateral_augmented,8,Train204.csv,Normal,Normal,True
Exp4_XGB_bilateral_augmented,8,Train212.csv,Normal,Normal,True
Exp4_XGB_bilateral_augmented,8,Train219.csv,Normal,Normal,True
Exp4_XGB_bilateral_augmented,8,Train220.csv,Normal,Normal,True
Exp4_XGB_bilateral_augmented,8,Train225.csv,Normal,Normal,True
Exp4_XGB_bilateral_augmented,8,Train226.csv,Normal,Normal,True
Exp4_XGB_bilateral_augmented,8,Train240.csv,Side II,Side II,True
Exp4_XGB_bilateral_augmented,8,Train242.csv,Normal,Normal,True
Exp4_XGB_bilateral_augmented,8,Train243.csv,Normal,Normal,True
Exp4_XGB_bilateral_augmented,8,Train249.csv,Normal,Normal,True
Exp4_XGB_bilateral_augmented,8,Train251.csv,Normal,Side II,False
Exp4_XGB_bilateral_augmented,8,Train255.csv,Normal,Normal,True
Exp4_XGB_bilateral_augmented,8,Train257.csv,Normal,Normal,True
Exp4_XGB_bilateral_augmented,8,Train260.csv,Normal,Normal,True
Exp4_XGB_bilateral_augmented,8,Train264.csv,Normal,Normal,True
Exp4_XGB_bilateral_augmented,8,Train265.csv,Side II,Side I,False
Exp4_XGB_bilateral_augmented,8,Train270.csv,Normal,Normal,True
Exp4_XGB_bilateral_augmented,9,Train2.csv,Side II,Side II,True
Exp4_XGB_bilateral_augmented,9,Train4.csv,Normal,Normal,True
Exp4_XGB_bilateral_augmented,9,Train7.csv,Normal,Normal,True
Exp4_XGB_bilateral_augmented,9,Train9.csv,Normal,Normal,True
Exp4_XGB_bilateral_augmented,9,Train10.csv,Normal,Normal,True
Exp4_XGB_bilateral_augmented,9,Train11.csv,Normal,Normal,True
Exp4_XGB_bilateral_augmented,9,Train13.csv,Normal,Normal,True
Exp4_XGB_bilateral_augmented,9,Train19.csv,Normal,Normal,True
Exp4_XGB_bilateral_augmented,9,Train22.csv,Normal,Normal,True
Exp4_XGB_bilateral_augmented,9,Train33.csv,Normal,Normal,True
Exp4_XGB_bilateral_augmented,9,Train35.csv,Normal,Normal,True
Exp4_XGB_bilateral_augmented,9,Train37.csv,Normal,Normal,True
Exp4_XGB_bilateral_augmented,9,Train38.csv,Normal,Normal,True
Exp4_XGB_bilateral_augmented,9,Train40.csv,Normal,Normal,True
Exp4_XGB_bilateral_augmented,9,Train42.csv,Normal,Normal,True
Exp4_XGB_bilateral_augmented,9,Train46.csv,Normal,Normal,True
Exp4_XGB_bilateral_augmented,9,Train51.csv,Normal,Normal,True
Exp4_XGB_bilateral_augmented,9,Train53.csv,Side II,Side II,True
Exp4_XGB_bilateral_augmented,9,Train58.csv,Normal,Normal,True
Exp4_XGB_bilateral_augmented,9,Train61.csv,Normal,Normal,True
Exp4_XGB_bilateral_augmented,9,Train64.csv,Normal,Normal,True
Exp4_XGB_bilateral_augmented,9,Train67.csv,Normal,Normal,True
Exp4_XGB_bilateral_augmented,9,Train87.csv,Normal,Normal,True
Exp4_XGB_bilateral_augmented,9,Train89.csv,Normal,Side I,False
Exp4_XGB_bilateral_augmented,9,Train93.csv,Side II,Side II,True
Exp4_XGB_bilateral_augmented,9,Train100.csv,Side I,Side I,True
Exp4_XGB_bilateral_augmented,9,Train116.csv,Normal,Normal,True
Exp4_XGB_bilateral_augmented,9,Train122.csv,Normal,Normal,True
Exp4_XGB_bilateral_augmented,9,Train133.csv,Normal,Normal,True
Exp4_XGB_bilateral_augmented,9,Train139.csv,Normal,Normal,True
Exp4_XGB_bilateral_augmented,9,Train155.csv,Normal,Normal,True
Exp4_XGB_bilateral_augmented,9,Train156.csv,Normal,Normal,True
Exp4_XGB_bilateral_augmented,9,Train162.csv,Normal,Normal,True
Exp4_XGB_bilateral_augmented,9,Train166.csv,Normal,Normal,True
Exp4_XGB_bilateral_augmented,9,Train175.csv,Normal,Normal,True
Exp4_XGB_bilateral_augmented,9,Train180.csv,Side I,Normal,False
Exp4_XGB_bilateral_augmented,9,Train190.csv,Normal,Normal,True
Exp4_XGB_bilateral_augmented,9,Train208.csv,Normal,Normal,True
Exp4_XGB_bilateral_augmented,9,Train213.csv,Side I,Side I,True
Exp4_XGB_bilateral_augmented,9,Train215.csv,Normal,Normal,True
Exp4_XGB_bilateral_augmented,9,Train221.csv,Normal,Normal,True
Exp4_XGB_bilateral_augmented,9,Train224.csv,Normal,Normal,True
Exp4_XGB_bilateral_augmented,9,Train231.csv,Normal,Normal,True
Exp4_XGB_bilateral_augmented,9,Train235.csv,Normal,Normal,True
Exp4_XGB_bilateral_augmented,9,Train237.csv,Normal,Normal,True
Exp4_XGB_bilateral_augmented,9,Train244.csv,Normal,Normal,True
Exp4_XGB_bilateral_augmented,9,Train246.csv,Normal,Normal,True
Exp4_XGB_bilateral_augmented,9,Train252.csv,Normal,Normal,True
Exp4_XGB_bilateral_augmented,9,Train253.csv,Normal,Normal,True
Exp4_XGB_bilateral_augmented,9,Train259.csv,Normal,Normal,True
Exp4_XGB_bilateral_augmented,9,Train262.csv,Normal,Normal,True
Exp4_XGB_bilateral_augmented,9,Train263.csv,Normal,Normal,True
Exp4_XGB_bilateral_augmented,9,Train267.csv,Side II,Side II,True
Exp4_XGB_bilateral_augmented,9,Train269.csv,Normal,Normal,True
Exp4_XGB_bilateral_augmented,10,Train12.csv,Side II,Side II,True
Exp4_XGB_bilateral_augmented,10,Train27.csv,Normal,Normal,True
Exp4_XGB_bilateral_augmented,10,Train31.csv,Normal,Normal,True
Exp4_XGB_bilateral_augmented,10,Train48.csv,Normal,Normal,True
Exp4_XGB_bilateral_augmented,10,Train50.csv,Normal,Normal,True
Exp4_XGB_bilateral_augmented,10,Train54.csv,Normal,Normal,True
Exp4_XGB_bilateral_augmented,10,Train65.csv,Normal,Normal,True
Exp4_XGB_bilateral_augmented,10,Train68.csv,Normal,Normal,True
Exp4_XGB_bilateral_augmented,10,Train69.csv,Normal,Normal,True
Exp4_XGB_bilateral_augmented,10,Train71.csv,Normal,Normal,True
Exp4_XGB_bilateral_augmented,10,Train73.csv,Normal,Normal,True
Exp4_XGB_bilateral_augmented,10,Train77.csv,Normal,Normal,True
Exp4_XGB_bilateral_augmented,10,Train95.csv,Normal,Normal,True
Exp4_XGB_bilateral_augmented,10,Train96.csv,Normal,Normal,True
Exp4_XGB_bilateral_augmented,10,Train104.csv,Side II,Side II,True
Exp4_XGB_bilateral_augmented,10,Train105.csv,Normal,Normal,True
Exp4_XGB_bilateral_augmented,10,Train107.csv,Normal,Normal,True
Exp4_XGB_bilateral_augmented,10,Train112.csv,Normal,Normal,True
Exp4_XGB_bilateral_augmented,10,Train115.csv,Normal,Normal,True
Exp4_XGB_bilateral_augmented,10,Train119.csv,Normal,Normal,True
Exp4_XGB_bilateral_augmented,10,Train120.csv,Normal,Normal,True
Exp4_XGB_bilateral_augmented,10,Train121.csv,Side I,Side I,True
Exp4_XGB_bilateral_augmented,10,Train125.csv,Normal,Normal,True
Exp4_XGB_bilateral_augmented,10,Train138.csv,Normal,Normal,True
Exp4_XGB_bilateral_augmented,10,Train150.csv,Side I,Side I,True
Exp4_XGB_bilateral_augmented,10,Train151.csv,Normal,Normal,True
Exp4_XGB_bilateral_augmented,10,Train165.csv,Normal,Normal,True
Exp4_XGB_bilateral_augmented,10,Train168.csv,Normal,Normal,True
Exp4_XGB_bilateral_augmented,10,Train172.csv,Normal,Normal,True
Exp4_XGB_bilateral_augmented,10,Train174.csv,Normal,Normal,True
Exp4_XGB_bilateral_augmented,10,Train177.csv,Normal,Side I,False
Exp4_XGB_bilateral_augmented,10,Train178.csv,Normal,Normal,True
Exp4_XGB_bilateral_augmented,10,Train179.csv,Side II,Side II,True
Exp4_XGB_bilateral_augmented,10,Train184.csv,Normal,Normal,True
Exp4_XGB_bilateral_augmented,10,Train188.csv,Side II,Side II,True
Exp4_XGB_bilateral_augmented,10,Train196.csv,Normal,Normal,True
Exp4_XGB_bilateral_augmented,10,Train197.csv,Normal,Side II,False
Exp4_XGB_bilateral_augmented,10,Train202.csv,Side I,Side I,True
Exp4_XGB_bilateral_augmented,10,Train206.csv,Normal,Normal,True
Exp4_XGB_bilateral_augmented,10,Train207.csv,Side II,Side II,True
Exp4_XGB_bilateral_augmented,10,Train222.csv,Normal,Normal,True
Exp4_XGB_bilateral_augmented,10,Train223.csv,Normal,Normal,True
Exp4_XGB_bilateral_augmented,10,Train227.csv,Normal,Normal,True
Exp4_XGB_bilateral_augmented,10,Train228.csv,Normal,Normal,True
Exp4_XGB_bilateral_augmented,10,Train229.csv,Normal,Normal,True
Exp4_XGB_bilateral_augmented,10,Train234.csv,Normal,Normal,True
Exp4_XGB_bilateral_augmented,10,Train236.csv,Normal,Normal,True
Exp4_XGB_bilateral_augmented,10,Train238.csv,Normal,Normal,True
Exp4_XGB_bilateral_augmented,10,Train239.csv,Normal,Normal,True
Exp4_XGB_bilateral_augmented,10,Train247.csv,Normal,Normal,True
Exp4_XGB_bilateral_augmented,10,Train254.csv,Normal,Normal,True
Exp4_XGB_bilateral_augmented,10,Train258.csv,Normal,Normal,True
Exp4_XGB_bilateral_augmented,10,Train266.csv,Normal,Normal,True
Exp4_XGB_bilateral_augmented,10,Train271.csv,Normal,Normal,True
Exp4_XGB_bilateral_augmented,11,Train14.csv,Normal,Normal,True
Exp4_XGB_bilateral_augmented,11,Train15.csv,Normal,Normal,True
Exp4_XGB_bilateral_augmented,11,Train25.csv,Normal,Normal,True
Exp4_XGB_bilateral_augmented,11,Train42.csv,Normal,Normal,True
Exp4_XGB_bilateral_augmented,11,Train47.csv,Normal,Normal,True
Exp4_XGB_bilateral_augmented,11,Train49.csv,Normal,Normal,True
Exp4_XGB_bilateral_augmented,11,Train51.csv,Normal,Normal,True
Exp4_XGB_bilateral_augmented,11,Train61.csv,Normal,Normal,True
Exp4_XGB_bilateral_augmented,11,Train63.csv,Normal,Normal,True
Exp4_XGB_bilateral_augmented,11,Train71.csv,Normal,Normal,True
Exp4_XGB_bilateral_augmented,11,Train72.csv,Side II,Side II,True
Exp4_XGB_bilateral_augmented,11,Train73.csv,Normal,Normal,True
Exp4_XGB_bilateral_augmented,11,Train81.csv,Normal,Normal,True
Exp4_XGB_bilateral_augmented,11,Train89.csv,Normal,Side I,False
Exp4_XGB_bilateral_augmented,11,Train91.csv,Normal,Normal,True
Exp4_XGB_bilateral_augmented,11,Train102.csv,Normal,Normal,True
Exp4_XGB_bilateral_augmented,11,Train105.csv,Normal,Normal,True
Exp4_XGB_bilateral_augmented,11,Train109.csv,Normal,Normal,True
Exp4_XGB_bilateral_augmented,11,Train110.csv,Normal,Normal,True
Exp4_XGB_bilateral_augmented,11,Train111.csv,Side II,Side II,True
Exp4_XGB_bilateral_augmented,11,Train112.csv,Normal,Normal,True
Exp4_XGB_bilateral_augmented,11,Train115.csv,Normal,Normal,True
Exp4_XGB_bilateral_augmented,11,Train117.csv,Normal,Normal,True
Exp4_XGB_bilateral_augmented,11,Train128.csv,Normal,Normal,True
Exp4_XGB_bilateral_augmented,11,Train131.csv,Normal,Normal,True
Exp4_XGB_bilateral_augmented,11,Train133.csv,Normal,Normal,True
Exp4_XGB_bilateral_augmented,11,Train135.csv,Normal,Normal,True
Exp4_XGB_bilateral_augmented,11,Train138.csv,Normal,Normal,True
Exp4_XGB_bilateral_augmented,11,Train139.csv,Normal,Normal,True
Exp4_XGB_bilateral_augmented,11,Train148.csv,Normal,Normal,True
Exp4_XGB_bilateral_augmented,11,Train163.csv,Side I,Side I,True
Exp4_XGB_bilateral_augmented,11,Train167.csv,Normal,Normal,True
Exp4_XGB_bilateral_augmented,11,Train176.csv,Normal,Side II,False
Exp4_XGB_bilateral_augmented,11,Train177.csv,Normal,Side I,False
Exp4_XGB_bilateral_augmented,11,Train181.csv,Normal,Normal,True
Exp4_XGB_bilateral_augmented,11,Train184.csv,Normal,Normal,True
Exp4_XGB_bilateral_augmented,11,Train194.csv,Side I,Side I,True
Exp4_XGB_bilateral_augmented,11,Train201.csv,Normal,Normal,True
Exp4_XGB_bilateral_augmented,11,Train202.csv,Side I,Side I,True
Exp4_XGB_bilateral_augmented,11,Train204.csv,Normal,Normal,True
Exp4_XGB_bilateral_augmented,11,Train207.csv,Side II,Side II,True
Exp4_XGB_bilateral_augmented,11,Train212.csv,Normal,Normal,True
Exp4_XGB_bilateral_augmented,11,Train217.csv,Side II,Side II,True
Exp4_XGB_bilateral_augmented,11,Train225.csv,Normal,Normal,True
Exp4_XGB_bilateral_augmented,11,Train226.csv,Normal,Normal,True
Exp4_XGB_bilateral_augmented,11,Train233.csv,Normal,Normal,True
Exp4_XGB_bilateral_augmented,11,Train242.csv,Normal,Normal,True
Exp4_XGB_bilateral_augmented,11,Train243.csv,Normal,Normal,True
Exp4_XGB_bilateral_augmented,11,Train246.csv,Normal,Normal,True
Exp4_XGB_bilateral_augmented,11,Train247.csv,Normal,Normal,True
Exp4_XGB_bilateral_augmented,11,Train251.csv,Normal,Side II,False
Exp4_XGB_bilateral_augmented,11,Train252.csv,Normal,Normal,True
Exp4_XGB_bilateral_augmented,11,Train258.csv,Normal,Normal,True
Exp4_XGB_bilateral_augmented,11,Train265.csv,Side II,Side I,False
Exp4_XGB_bilateral_augmented,11,Train269.csv,Normal,Normal,True
Exp4_XGB_bilateral_augmented,12,Train1.csv,Normal,Normal,True
Exp4_XGB_bilateral_augmented,12,Train4.csv,Normal,Normal,True
Exp4_XGB_bilateral_augmented,12,Train10.csv,Normal,Normal,True
Exp4_XGB_bilateral_augmented,12,Train12.csv,Side II,Side II,True
Exp4_XGB_bilateral_augmented,12,Train17.csv,Normal,Normal,True
Exp4_XGB_bilateral_augmented,12,Train18.csv,Normal,Normal,True
Exp4_XGB_bilateral_augmented,12,Train21.csv,Normal,Normal,True
Exp4_XGB_bilateral_augmented,12,Train24.csv,Normal,Normal,True
Exp4_XGB_bilateral_augmented,12,Train26.csv,Side II,Side I,False
Exp4_XGB_bilateral_augmented,12,Train27.csv,Normal,Normal,True
Exp4_XGB_bilateral_augmented,12,Train28.csv,Normal,Normal,True
Exp4_XGB_bilateral_augmented,12,Train43.csv,Side II,Side II,True
Exp4_XGB_bilateral_augmented,12,Train45.csv,Normal,Normal,True
Exp4_XGB_bilateral_augmented,12,Train48.csv,Normal,Normal,True
Exp4_XGB_bilateral_augmented,12,Train55.csv,Normal,Normal,True
Exp4_XGB_bilateral_augmented,12,Train56.csv,Normal,Normal,True
Exp4_XGB_bilateral_augmented,12,Train57.csv,Normal,Normal,True
Exp4_XGB_bilateral_augmented,12,Train59.csv,Normal,Normal,True
Exp4_XGB_bilateral_augmented,12,Train62.csv,Side I,Normal,False
Exp4_XGB_bilateral_augmented,12,Train67.csv,Normal,Normal,True
Exp4_XGB_bilateral_augmented,12,Train80.csv,Normal,Normal,True
Exp4_XGB_bilateral_augmented,12,Train82.csv,Normal,Normal,True
Exp4_XGB_bilateral_augmented,12,Train84.csv,Normal,Normal,True
Exp4_XGB_bilateral_augmented,12,Train85.csv,Normal,Normal,True
Exp4_XGB_bilateral_augmented,12,Train93.csv,Side II,Side II,True
Exp4_XGB_bilateral_augmented,12,Train94.csv,Normal,Normal,True
Exp4_XGB_bilateral_augmented,12,Train101.csv,Normal,Normal,True
Exp4_XGB_bilateral_augmented,12,Train107.csv,Normal,Normal,True
Exp4_XGB_bilateral_augmented,12,Train113.csv,Normal,Normal,True
Exp4_XGB_bilateral_augmented,12,Train124.csv,Normal,Normal,True
Exp4_XGB_bilateral_augmented,12,Train125.csv,Normal,Normal,True
Exp4_XGB_bilateral_augmented,12,Train140.csv,Normal,Normal,True
Exp4_XGB_bilateral_augmented,12,Train144.csv,Normal,Normal,True
Exp4_XGB_bilateral_augmented,12,Train147.csv,Normal,Normal,True
Exp4_XGB_bilateral_augmented,12,Train152.csv,Normal,Normal,True
Exp4_XGB_bilateral_augmented,12,Train153.csv,Normal,Normal,True
Exp4_XGB_bilateral_augmented,12,Train158.csv,Normal,Normal,True
Exp4_XGB_bilateral_augmented,12,Train159.csv,Normal,Normal,True
Exp4_XGB_bilateral_augmented,12,Train162.csv,Normal,Normal,True
Exp4_XGB_bilateral_augmented,12,Train168.csv,Normal,Normal,True
Exp4_XGB_bilateral_augmented,12,Train170.csv,Side I,Side I,True
Exp4_XGB_bilateral_augmented,12,Train172.csv,Normal,Normal,True
Exp4_XGB_bilateral_augmented,12,Train179.csv,Side II,Side II,True
Exp4_XGB_bilateral_augmented,12,Train185.csv,Side I,Normal,False
Exp4_XGB_bilateral_augmented,12,Train187.csv,Normal,Normal,True
Exp4_XGB_bilateral_augmented,12,Train192.csv,Normal,Normal,True
Exp4_XGB_bilateral_augmented,12,Train205.csv,Normal,Normal,True
Exp4_XGB_bilateral_augmented,12,Train209.csv,Normal,Normal,True
Exp4_XGB_bilateral_augmented,12,Train218.csv,Normal,Normal,True
Exp4_XGB_bilateral_augmented,12,Train222.csv,Normal,Normal,True
Exp4_XGB_bilateral_augmented,12,Train223.csv,Normal,Normal,True
Exp4_XGB_bilateral_augmented,12,Train227.csv,Normal,Normal,True
Exp4_XGB_bilateral_augmented,12,Train236.csv,Normal,Normal,True
Exp4_XGB_bilateral_augmented,12,Train238.csv,Normal,Normal,True
Exp4_XGB_bilateral_augmented,12,Train239.csv,Normal,Normal,True
Exp4_XGB_bilateral_augmented,13,Train5.csv,Normal,Normal,True
Exp4_XGB_bilateral_augmented,13,Train7.csv,Normal,Normal,True
Exp4_XGB_bilateral_augmented,13,Train9.csv,Normal,Normal,True
Exp4_XGB_bilateral_augmented,13,Train20.csv,Normal,Normal,True
Exp4_XGB_bilateral_augmented,13,Train22.csv,Normal,Normal,True
Exp4_XGB_bilateral_augmented,13,Train32.csv,Normal,Normal,True
Exp4_XGB_bilateral_augmented,13,Train34.csv,Normal,Normal,True
Exp4_XGB_bilateral_augmented,13,Train40.csv,Normal,Normal,True
Exp4_XGB_bilateral_augmented,13,Train50.csv,Normal,Normal,True
Exp4_XGB_bilateral_augmented,13,Train52.csv,Normal,Normal,True
Exp4_XGB_bilateral_augmented,13,Train53.csv,Side II,Side II,True
Exp4_XGB_bilateral_augmented,13,Train58.csv,Normal,Normal,True
Exp4_XGB_bilateral_augmented,13,Train65.csv,Normal,Normal,True
Exp4_XGB_bilateral_augmented,13,Train69.csv,Normal,Normal,True
Exp4_XGB_bilateral_augmented,13,Train78.csv,Normal,Normal,True
Exp4_XGB_bilateral_augmented,13,Train86.csv,Normal,Normal,True
Exp4_XGB_bilateral_augmented,13,Train88.csv,Normal,Normal,True
Exp4_XGB_bilateral_augmented,13,Train98.csv,Normal,Normal,True
Exp4_XGB_bilateral_augmented,13,Train99.csv,Normal,Normal,True
Exp4_XGB_bilateral_augmented,13,Train100.csv,Side I,Side I,True
Exp4_XGB_bilateral_augmented,13,Train103.csv,Side II,Side II,True
Exp4_XGB_bilateral_augmented,13,Train108.csv,Normal,Normal,True
Exp4_XGB_bilateral_augmented,13,Train127.csv,Side II,Side II,True
Exp4_XGB_bilateral_augmented,13,Train130.csv,Normal,Normal,True
Exp4_XGB_bilateral_augmented,13,Train134.csv,Normal,Normal,True
Exp4_XGB_bilateral_augmented,13,Train143.csv,Normal,Normal,True
Exp4_XGB_bilateral_augmented,13,Train145.csv,Normal,Normal,True
Exp4_XGB_bilateral_augmented,13,Train150.csv,Side I,Normal,False
Exp4_XGB_bilateral_augmented,13,Train151.csv,Normal,Normal,True
Exp4_XGB_bilateral_augmented,13,Train155.csv,Normal,Normal,True
Exp4_XGB_bilateral_augmented,13,Train160.csv,Normal,Normal,True
Exp4_XGB_bilateral_augmented,13,Train166.csv,Normal,Normal,True
Exp4_XGB_bilateral_augmented,13,Train174.csv,Normal,Normal,True
Exp4_XGB_bilateral_augmented,13,Train182.csv,Normal,Normal,True
Exp4_XGB_bilateral_augmented,13,Train188.csv,Side II,Side II,True
Exp4_XGB_bilateral_augmented,13,Train195.csv,Normal,Normal,True
Exp4_XGB_bilateral_augmented,13,Train196.csv,Normal,Normal,True
Exp4_XGB_bilateral_augmented,13,Train203.csv,Normal,Normal,True
Exp4_XGB_bilateral_augmented,13,Train210.csv,Normal,Normal,True
Exp4_XGB_bilateral_augmented,13,Train219.csv,Normal,Normal,True
Exp4_XGB_bilateral_augmented,13,Train221.csv,Normal,Normal,True
Exp4_XGB_bilateral_augmented,13,Train224.csv,Normal,Normal,True
Exp4_XGB_bilateral_augmented,13,Train230.csv,Normal,Normal,True
Exp4_XGB_bilateral_augmented,13,Train231.csv,Normal,Normal,True
Exp4_XGB_bilateral_augmented,13,Train235.csv,Normal,Normal,True
Exp4_XGB_bilateral_augmented,13,Train237.csv,Normal,Normal,True
Exp4_XGB_bilateral_augmented,13,Train240.csv,Side II,Side II,True
Exp4_XGB_bilateral_augmented,13,Train244.csv,Normal,Normal,True
Exp4_XGB_bilateral_augmented,13,Train250.csv,Normal,Normal,True
Exp4_XGB_bilateral_augmented,13,Train256.csv,Normal,Normal,True
Exp4_XGB_bilateral_augmented,13,Train259.csv,Normal,Normal,True
Exp4_XGB_bilateral_augmented,13,Train264.csv,Normal,Normal,True
Exp4_XGB_bilateral_augmented,13,Train266.csv,Normal,Normal,True
Exp4_XGB_bilateral_augmented,13,Train272.csv,Normal,Normal,True
Exp4_XGB_bilateral_augmented,14,Train3.csv,Normal,Normal,True
Exp4_XGB_bilateral_augmented,14,Train6.csv,Normal,Normal,True
Exp4_XGB_bilateral_augmented,14,Train8.csv,Normal,Normal,True
Exp4_XGB_bilateral_augmented,14,Train11.csv,Normal,Normal,True
Exp4_XGB_bilateral_augmented,14,Train16.csv,Normal,Normal,True
Exp4_XGB_bilateral_augmented,14,Train19.csv,Normal,Normal,True
Exp4_XGB_bilateral_augmented,14,Train23.csv,Normal,Normal,True
Exp4_XGB_bilateral_augmented,14,Train30.csv,Side II,Side II,True
Exp4_XGB_bilateral_augmented,14,Train35.csv,Normal,Normal,True
Exp4_XGB_bilateral_augmented,14,Train36.csv,Normal,Normal,True
Exp4_XGB_bilateral_augmented,14,Train37.csv,Normal,Normal,True
Exp4_XGB_bilateral_augmented,14,Train44.csv,Normal,Side II,False
Exp4_XGB_bilateral_augmented,14,Train54.csv,Normal,Normal,True
Exp4_XGB_bilateral_augmented,14,Train64.csv,Normal,Normal,True
Exp4_XGB_bilateral_augmented,14,Train66.csv,Normal,Normal,True
Exp4_XGB_bilateral_augmented,14,Train75.csv,Normal,Normal,True
Exp4_XGB_bilateral_augmented,14,Train76.csv,Normal,Normal,True
Exp4_XGB_bilateral_augmented,14,Train79.csv,Normal,Normal,True
Exp4_XGB_bilateral_augmented,14,Train83.csv,Side I,Side I,True
Exp4_XGB_bilateral_augmented,14,Train95.csv,Normal,Normal,True
Exp4_XGB_bilateral_augmented,14,Train96.csv,Normal,Normal,True
Exp4_XGB_bilateral_augmented,14,Train116.csv,Normal,Normal,True
Exp4_XGB_bilateral_augmented,14,Train120.csv,Normal,Normal,True
Exp4_XGB_bilateral_augmented,14,Train123.csv,Normal,Normal,True
Exp4_XGB_bilateral_augmented,14,Train129.csv,Normal,Normal,True
Exp4_XGB_bilateral_augmented,14,Train132.csv,Normal,Normal,True
Exp4_XGB_bilateral_augmented,14,Train136.csv,Normal,Normal,True
Exp4_XGB_bilateral_augmented,14,Train141.csv,Normal,Normal,True
Exp4_XGB_bilateral_augmented,14,Train156.csv,Normal,Normal,True
Exp4_XGB_bilateral_augmented,14,Train157.csv,Normal,Normal,True
Exp4_XGB_bilateral_augmented,14,Train169.csv,Normal,Normal,True
Exp4_XGB_bilateral_augmented,14,Train173.csv,Normal,Normal,True
Exp4_XGB_bilateral_augmented,14,Train175.csv,Normal,Normal,True
Exp4_XGB_bilateral_augmented,14,Train178.csv,Normal,Normal,True
Exp4_XGB_bilateral_augmented,14,Train180.csv,Side I,Normal,False
Exp4_XGB_bilateral_augmented,14,Train186.csv,Normal,Normal,True
Exp4_XGB_bilateral_augmented,14,Train191.csv,Normal,Normal,True
Exp4_XGB_bilateral_augmented,14,Train193.csv,Normal,Normal,True
Exp4_XGB_bilateral_augmented,14,Train197.csv,Normal,Side II,False
Exp4_XGB_bilateral_augmented,14,Train198.csv,Side II,Side II,True
Exp4_XGB_bilateral_augmented,14,Train199.csv,Side II,Side II,True
Exp4_XGB_bilateral_augmented,14,Train200.csv,Normal,Normal,True
Exp4_XGB_bilateral_augmented,14,Train206.csv,Normal,Normal,True
Exp4_XGB_bilateral_augmented,14,Train211.csv,Normal,Normal,True
Exp4_XGB_bilateral_augmented,14,Train213.csv,Side I,Side I,True
Exp4_XGB_bilateral_augmented,14,Train220.csv,Normal,Normal,True
Exp4_XGB_bilateral_augmented,14,Train228.csv,Normal,Normal,True
Exp4_XGB_bilateral_augmented,14,Train234.csv,Normal,Normal,True
Exp4_XGB_bilateral_augmented,14,Train248.csv,Side II,Side II,True
Exp4_XGB_bilateral_augmented,14,Train249.csv,Normal,Normal,True
Exp4_XGB_bilateral_augmented,14,Train254.csv,Normal,Normal,True
Exp4_XGB_bilateral_augmented,14,Train260.csv,Normal,Normal,True
Exp4_XGB_bilateral_augmented,14,Train262.csv,Normal,Normal,True
Exp4_XGB_bilateral_augmented,14,Train271.csv,Normal,Normal,True
Exp4_XGB_bilateral_augmented,15,Train2.csv,Side II,Side II,True
Exp4_XGB_bilateral_augmented,15,Train13.csv,Normal,Normal,True
Exp4_XGB_bilateral_augmented,15,Train29.csv,Normal,Normal,True
Exp4_XGB_bilateral_augmented,15,Train31.csv,Normal,Normal,True
Exp4_XGB_bilateral_augmented,15,Train33.csv,Normal,Normal,True
Exp4_XGB_bilateral_augmented,15,Train38.csv,Normal,Normal,True
Exp4_XGB_bilateral_augmented,15,Train39.csv,Normal,Normal,True
Exp4_XGB_bilateral_augmented,15,Train41.csv,Normal,Normal,True
Exp4_XGB_bilateral_augmented,15,Train46.csv,Normal,Normal,True
Exp4_XGB_bilateral_augmented,15,Train60.csv,Normal,Normal,True
Exp4_XGB_bilateral_augmented,15,Train68.csv,Normal,Normal,True
Exp4_XGB_bilateral_augmented,15,Train70.csv,Normal,Normal,True
Exp4_XGB_bilateral_augmented,15,Train74.csv,Normal,Normal,True
Exp4_XGB_bilateral_augmented,15,Train77.csv,Normal,Normal,True
Exp4_XGB_bilateral_augmented,15,Train87.csv,Normal,Normal,True
Exp4_XGB_bilateral_augmented,15,Train90.csv,Normal,Normal,True
Exp4_XGB_bilateral_augmented,15,Train92.csv,Normal,Normal,True
Exp4_XGB_bilateral_augmented,15,Train97.csv,Normal,Normal,True
Exp4_XGB_bilateral_augmented,15,Train104.csv,Side II,Side II,True
Exp4_XGB_bilateral_augmented,15,Train106.csv,Side I,Side I,True
Exp4_XGB_bilateral_augmented,15,Train114.csv,Normal,Normal,True
Exp4_XGB_bilateral_augmented,15,Train118.csv,Normal,Normal,True
Exp4_XGB_bilateral_augmented,15,Train119.csv,Normal,Normal,True
Exp4_XGB_bilateral_augmented,15,Train121.csv,Side I,Normal,False
Exp4_XGB_bilateral_augmented,15,Train122.csv,Normal,Normal,True
Exp4_XGB_bilateral_augmented,15,Train126.csv,Normal,Normal,True
Exp4_XGB_bilateral_augmented,15,Train137.csv,Side I,Side I,True
Exp4_XGB_bilateral_augmented,15,Train142.csv,Normal,Normal,True
Exp4_XGB_bilateral_augmented,15,Train146.csv,Normal,Normal,True
Exp4_XGB_bilateral_augmented,15,Train149.csv,Normal,Normal,True
Exp4_XGB_bilateral_augmented,15,Train154.csv,Normal,Normal,True
Exp4_XGB_bilateral_augmented,15,Train161.csv,Normal,Normal,True
Exp4_XGB_bilateral_augmented,15,Train164.csv,Side II,Side II,True
Exp4_XGB_bilateral_augmented,15,Train165.csv,Normal,Normal,True
Exp4_XGB_bilateral_augmented,15,Train171.csv,Normal,Normal,True
Exp4_XGB_bilateral_augmented,15,Train183.csv,Normal,Normal,True
Exp4_XGB_bilateral_augmented,15,Train189.csv,Normal,Normal,True
Exp4_XGB_bilateral_augmented,15,Train190.csv,Normal,Normal,True
Exp4_XGB_bilateral_augmented,15,Train208.csv,Normal,Normal,True
Exp4_XGB_bilateral_augmented,15,Train214.csv,Normal,Normal,True
Exp4_XGB_bilateral_augmented,15,Train215.csv,Normal,Normal,True
Exp4_XGB_bilateral_augmented,15,Train216.csv,Side II,Normal,False
Exp4_XGB_bilateral_augmented,15,Train229.csv,Normal,Normal,True
Exp4_XGB_bilateral_augmented,15,Train232.csv,Normal,Normal,True
Exp4_XGB_bilateral_augmented,15,Train241.csv,Normal,Normal,True
Exp4_XGB_bilateral_augmented,15,Train245.csv,Normal,Normal,True
Exp4_XGB_bilateral_augmented,15,Train253.csv,Normal,Normal,True
Exp4_XGB_bilateral_augmented,15,Train255.csv,Normal,Normal,True
Exp4_XGB_bilateral_augmented,15,Train257.csv,Normal,Normal,True
Exp4_XGB_bilateral_augmented,15,Train261.csv,Normal,Normal,True
Exp4_XGB_bilateral_augmented,15,Train263.csv,Normal,Normal,True
Exp4_XGB_bilateral_augmented,15,Train267.csv,Side II,Side II,True
Exp4_XGB_bilateral_augmented,15,Train268.csv,Normal,Normal,True
Exp4_XGB_bilateral_augmented,15,Train270.csv,Normal,Normal,True
Exp5_XGB_bilateral_regularized,1,Train5.csv,Normal,Normal,True
Exp5_XGB_bilateral_regularized,1,Train11.csv,Normal,Normal,True
Exp5_XGB_bilateral_regularized,1,Train12.csv,Side II,Side II,True
Exp5_XGB_bilateral_regularized,1,Train16.csv,Normal,Normal,True
Exp5_XGB_bilateral_regularized,1,Train19.csv,Normal,Normal,True
Exp5_XGB_bilateral_regularized,1,Train22.csv,Normal,Normal,True
Exp5_XGB_bilateral_regularized,1,Train24.csv,Normal,Normal,True
Exp5_XGB_bilateral_regularized,1,Train26.csv,Side II,Side II,True
Exp5_XGB_bilateral_regularized,1,Train29.csv,Normal,Normal,True
Exp5_XGB_bilateral_regularized,1,Train30.csv,Side II,Side II,True
Exp5_XGB_bilateral_regularized,1,Train34.csv,Normal,Normal,True
Exp5_XGB_bilateral_regularized,1,Train37.csv,Normal,Normal,True
Exp5_XGB_bilateral_regularized,1,Train42.csv,Normal,Normal,True
Exp5_XGB_bilateral_regularized,1,Train66.csv,Normal,Normal,True
Exp5_XGB_bilateral_regularized,1,Train78.csv,Normal,Normal,True
Exp5_XGB_bilateral_regularized,1,Train82.csv,Normal,Normal,True
Exp5_XGB_bilateral_regularized,1,Train92.csv,Normal,Normal,True
Exp5_XGB_bilateral_regularized,1,Train94.csv,Normal,Normal,True
Exp5_XGB_bilateral_regularized,1,Train95.csv,Normal,Normal,True
Exp5_XGB_bilateral_regularized,1,Train96.csv,Normal,Normal,True
Exp5_XGB_bilateral_regularized,1,Train97.csv,Normal,Normal,True
Exp5_XGB_bilateral_regularized,1,Train100.csv,Side I,Side I,True
Exp5_XGB_bilateral_regularized,1,Train109.csv,Normal,Normal,True
Exp5_XGB_bilateral_regularized,1,Train115.csv,Normal,Normal,True
Exp5_XGB_bilateral_regularized,1,Train119.csv,Normal,Normal,True
Exp5_XGB_bilateral_regularized,1,Train120.csv,Normal,Normal,True
Exp5_XGB_bilateral_regularized,1,Train123.csv,Normal,Side I,False
Exp5_XGB_bilateral_regularized,1,Train134.csv,Normal,Normal,True
Exp5_XGB_bilateral_regularized,1,Train138.csv,Normal,Normal,True
Exp5_XGB_bilateral_regularized,1,Train142.csv,Normal,Normal,True
Exp5_XGB_bilateral_regularized,1,Train143.csv,Normal,Normal,True
Exp5_XGB_bilateral_regularized,1,Train146.csv,Normal,Normal,True
Exp5_XGB_bilateral_regularized,1,Train147.csv,Normal,Normal,True
Exp5_XGB_bilateral_regularized,1,Train149.csv,Normal,Normal,True
Exp5_XGB_bilateral_regularized,1,Train152.csv,Normal,Normal,True
Exp5_XGB_bilateral_regularized,1,Train161.csv,Normal,Normal,True
Exp5_XGB_bilateral_regularized,1,Train165.csv,Normal,Normal,True
Exp5_XGB_bilateral_regularized,1,Train167.csv,Normal,Normal,True
Exp5_XGB_bilateral_regularized,1,Train172.csv,Normal,Normal,True
Exp5_XGB_bilateral_regularized,1,Train177.csv,Normal,Side I,False
Exp5_XGB_bilateral_regularized,1,Train180.csv,Side I,Normal,False
Exp5_XGB_bilateral_regularized,1,Train182.csv,Normal,Normal,True
Exp5_XGB_bilateral_regularized,1,Train185.csv,Side I,Normal,False
Exp5_XGB_bilateral_regularized,1,Train195.csv,Normal,Normal,True
Exp5_XGB_bilateral_regularized,1,Train196.csv,Normal,Normal,True
Exp5_XGB_bilateral_regularized,1,Train198.csv,Side II,Side II,True
Exp5_XGB_bilateral_regularized,1,Train206.csv,Normal,Normal,True
Exp5_XGB_bilateral_regularized,1,Train208.csv,Normal,Normal,True
Exp5_XGB_bilateral_regularized,1,Train212.csv,Normal,Normal,True
Exp5_XGB_bilateral_regularized,1,Train216.csv,Side II,Normal,False
Exp5_XGB_bilateral_regularized,1,Train236.csv,Normal,Normal,True
Exp5_XGB_bilateral_regularized,1,Train244.csv,Normal,Normal,True
Exp5_XGB_bilateral_regularized,1,Train247.csv,Normal,Normal,True
Exp5_XGB_bilateral_regularized,1,Train263.csv,Normal,Normal,True
Exp5_XGB_bilateral_regularized,1,Train269.csv,Normal,Normal,True
Exp5_XGB_bilateral_regularized,2,Train1.csv,Normal,Normal,True
Exp5_XGB_bilateral_regularized,2,Train9.csv,Normal,Normal,True
Exp5_XGB_bilateral_regularized,2,Train14.csv,Normal,Normal,True
Exp5_XGB_bilateral_regularized,2,Train31.csv,Normal,Normal,True
Exp5_XGB_bilateral_regularized,2,Train33.csv,Normal,Normal,True
Exp5_XGB_bilateral_regularized,2,Train36.csv,Normal,Normal,True
Exp5_XGB_bilateral_regularized,2,Train43.csv,Side II,Normal,False
Exp5_XGB_bilateral_regularized,2,Train49.csv,Normal,Normal,True
Exp5_XGB_bilateral_regularized,2,Train52.csv,Normal,Normal,True
Exp5_XGB_bilateral_regularized,2,Train53.csv,Side II,Side II,True
Exp5_XGB_bilateral_regularized,2,Train65.csv,Normal,Normal,True
Exp5_XGB_bilateral_regularized,2,Train73.csv,Normal,Normal,True
Exp5_XGB_bilateral_regularized,2,Train76.csv,Normal,Normal,True
Exp5_XGB_bilateral_regularized,2,Train77.csv,Normal,Normal,True
Exp5_XGB_bilateral_regularized,2,Train81.csv,Normal,Normal,True
Exp5_XGB_bilateral_regularized,2,Train84.csv,Normal,Normal,True
Exp5_XGB_bilateral_regularized,2,Train88.csv,Normal,Normal,True
Exp5_XGB_bilateral_regularized,2,Train102.csv,Normal,Normal,True
Exp5_XGB_bilateral_regularized,2,Train108.csv,Normal,Normal,True
Exp5_XGB_bilateral_regularized,2,Train113.csv,Normal,Normal,True
Exp5_XGB_bilateral_regularized,2,Train121.csv,Side I,Normal,False
Exp5_XGB_bilateral_regularized,2,Train122.csv,Normal,Normal,True
Exp5_XGB_bilateral_regularized,2,Train129.csv,Normal,Normal,True
Exp5_XGB_bilateral_regularized,2,Train130.csv,Normal,Normal,True
Exp5_XGB_bilateral_regularized,2,Train136.csv,Normal,Normal,True
Exp5_XGB_bilateral_regularized,2,Train150.csv,Side I,Normal,False
Exp5_XGB_bilateral_regularized,2,Train154.csv,Normal,Normal,True
Exp5_XGB_bilateral_regularized,2,Train158.csv,Normal,Normal,True
Exp5_XGB_bilateral_regularized,2,Train160.csv,Normal,Normal,True
Exp5_XGB_bilateral_regularized,2,Train171.csv,Normal,Normal,True
Exp5_XGB_bilateral_regularized,2,Train174.csv,Normal,Normal,True
Exp5_XGB_bilateral_regularized,2,Train184.csv,Normal,Normal,True
Exp5_XGB_bilateral_regularized,2,Train191.csv,Normal,Normal,True
Exp5_XGB_bilateral_regularized,2,Train193.csv,Normal,Normal,True
Exp5_XGB_bilateral_regularized,2,Train194.csv,Side I,Side I,True
Exp5_XGB_bilateral_regularized,2,Train200.csv,Normal,Normal,True
Exp5_XGB_bilateral_regularized,2,Train201.csv,Normal,Normal,True
Exp5_XGB_bilateral_regularized,2,Train205.csv,Normal,Normal,True
Exp5_XGB_bilateral_regularized,2,Train207.csv,Side II,Side II,True
Exp5_XGB_bilateral_regularized,2,Train209.csv,Normal,Normal,True
Exp5_XGB_bilateral_regularized,2,Train215.csv,Normal,Normal,True
Exp5_XGB_bilateral_regularized,2,Train217.csv,Side II,Normal,False
Exp5_XGB_bilateral_regularized,2,Train222.csv,Normal,Normal,True
Exp5_XGB_bilateral_regularized,2,Train223.csv,Normal,Normal,True
Exp5_XGB_bilateral_regularized,2,Train225.csv,Normal,Normal,True
Exp5_XGB_bilateral_regularized,2,Train233.csv,Normal,Normal,True
Exp5_XGB_bilateral_regularized,2,Train234.csv,Normal,Normal,True
Exp5_XGB_bilateral_regularized,2,Train235.csv,Normal,Normal,True
Exp5_XGB_bilateral_regularized,2,Train237.csv,Normal,Normal,True
Exp5_XGB_bilateral_regularized,2,Train248.csv,Side II,Side II,True
Exp5_XGB_bilateral_regularized,2,Train249.csv,Normal,Normal,True
Exp5_XGB_bilateral_regularized,2,Train256.csv,Normal,Normal,True
Exp5_XGB_bilateral_regularized,2,Train258.csv,Normal,Normal,True
Exp5_XGB_bilateral_regularized,2,Train266.csv,Normal,Normal,True
Exp5_XGB_bilateral_regularized,2,Train270.csv,Normal,Normal,True
Exp5_XGB_bilateral_regularized,3,Train2.csv,Side II,Side II,True
Exp5_XGB_bilateral_regularized,3,Train6.csv,Normal,Normal,True
Exp5_XGB_bilateral_regularized,3,Train7.csv,Normal,Normal,True
Exp5_XGB_bilateral_regularized,3,Train20.csv,Normal,Normal,True
Exp5_XGB_bilateral_regularized,3,Train25.csv,Normal,Normal,True
Exp5_XGB_bilateral_regularized,3,Train38.csv,Normal,Normal,True
Exp5_XGB_bilateral_regularized,3,Train39.csv,Normal,Normal,True
Exp5_XGB_bilateral_regularized,3,Train48.csv,Normal,Normal,True
Exp5_XGB_bilateral_regularized,3,Train54.csv,Normal,Normal,True
Exp5_XGB_bilateral_regularized,3,Train61.csv,Normal,Normal,True
Exp5_XGB_bilateral_regularized,3,Train63.csv,Normal,Normal,True
Exp5_XGB_bilateral_regularized,3,Train67.csv,Normal,Normal,True
Exp5_XGB_bilateral_regularized,3,Train70.csv,Normal,Normal,True
Exp5_XGB_bilateral_regularized,3,Train72.csv,Side II,Side II,True
Exp5_XGB_bilateral_regularized,3,Train75.csv,Normal,Normal,True
Exp5_XGB_bilateral_regularized,3,Train79.csv,Normal,Normal,True
Exp5_XGB_bilateral_regularized,3,Train80.csv,Normal,Normal,True
Exp5_XGB_bilateral_regularized,3,Train83.csv,Side I,Side I,True
Exp5_XGB_bilateral_regularized,3,Train85.csv,Normal,Normal,True
Exp5_XGB_bilateral_regularized,3,Train89.csv,Normal,Side I,False
Exp5_XGB_bilateral_regularized,3,Train91.csv,Normal,Normal,True
Exp5_XGB_bilateral_regularized,3,Train98.csv,Normal,Normal,True
Exp5_XGB_bilateral_regularized,3,Train99.csv,Normal,Normal,True
Exp5_XGB_bilateral_regularized,3,Train104.csv,Side II,Side II,True
Exp5_XGB_bilateral_regularized,3,Train110.csv,Normal,Normal,True
Exp5_XGB_bilateral_regularized,3,Train114.csv,Normal,Normal,True
Exp5_XGB_bilateral_regularized,3,Train124.csv,Normal,Normal,True
Exp5_XGB_bilateral_regularized,3,Train125.csv,Normal,Normal,True
Exp5_XGB_bilateral_regularized,3,Train126.csv,Normal,Side II,False
Exp5_XGB_bilateral_regularized,3,Train127.csv,Side II,Side II,True
Exp5_XGB_bilateral_regularized,3,Train133.csv,Normal,Normal,True
Exp5_XGB_bilateral_regularized,3,Train135.csv,Normal,Normal,True
Exp5_XGB_bilateral_regularized,3,Train139.csv,Normal,Normal,True
Exp5_XGB_bilateral_regularized,3,Train141.csv,Normal,Normal,True
Exp5_XGB_bilateral_regularized,3,Train151.csv,Normal,Normal,True
Exp5_XGB_bilateral_regularized,3,Train155.csv,Normal,Normal,True
Exp5_XGB_bilateral_regularized,3,Train163.csv,Side I,Side I,True
Exp5_XGB_bilateral_regularized,3,Train164.csv,Side II,Side II,True
Exp5_XGB_bilateral_regularized,3,Train166.csv,Normal,Normal,True
Exp5_XGB_bilateral_regularized,3,Train175.csv,Normal,Normal,True
Exp5_XGB_bilateral_regularized,3,Train183.csv,Normal,Normal,True
Exp5_XGB_bilateral_regularized,3,Train186.csv,Normal,Normal,True
Exp5_XGB_bilateral_regularized,3,Train197.csv,Normal,Side II,False
Exp5_XGB_bilateral_regularized,3,Train211.csv,Normal,Normal,True
Exp5_XGB_bilateral_regularized,3,Train219.csv,Normal,Normal,True
Exp5_XGB_bilateral_regularized,3,Train224.csv,Normal,Normal,True
Exp5_XGB_bilateral_regularized,3,Train243.csv,Normal,Normal,True
Exp5_XGB_bilateral_regularized,3,Train251.csv,Normal,Side II,False
Exp5_XGB_bilateral_regularized,3,Train253.csv,Normal,Normal,True
Exp5_XGB_bilateral_regularized,3,Train254.csv,Normal,Normal,True
Exp5_XGB_bilateral_regularized,3,Train255.csv,Normal,Normal,True
Exp5_XGB_bilateral_regularized,3,Train261.csv,Normal,Normal,True
Exp5_XGB_bilateral_regularized,3,Train268.csv,Normal,Normal,True
Exp5_XGB_bilateral_regularized,3,Train272.csv,Normal,Normal,True
Exp5_XGB_bilateral_regularized,4,Train4.csv,Normal,Normal,True
Exp5_XGB_bilateral_regularized,4,Train18.csv,Normal,Normal,True
Exp5_XGB_bilateral_regularized,4,Train27.csv,Normal,Normal,True
Exp5_XGB_bilateral_regularized,4,Train32.csv,Normal,Normal,True
Exp5_XGB_bilateral_regularized,4,Train35.csv,Normal,Normal,True
Exp5_XGB_bilateral_regularized,4,Train40.csv,Normal,Normal,True
Exp5_XGB_bilateral_regularized,4,Train41.csv,Normal,Normal,True
Exp5_XGB_bilateral_regularized,4,Train44.csv,Normal,Normal,True
Exp5_XGB_bilateral_regularized,4,Train45.csv,Normal,Normal,True
Exp5_XGB_bilateral_regularized,4,Train46.csv,Normal,Normal,True
Exp5_XGB_bilateral_regularized,4,Train55.csv,Normal,Normal,True
Exp5_XGB_bilateral_regularized,4,Train56.csv,Normal,Normal,True
Exp5_XGB_bilateral_regularized,4,Train57.csv,Normal,Normal,True
Exp5_XGB_bilateral_regularized,4,Train59.csv,Normal,Normal,True
Exp5_XGB_bilateral_regularized,4,Train64.csv,Normal,Normal,True
Exp5_XGB_bilateral_regularized,4,Train68.csv,Normal,Normal,True
Exp5_XGB_bilateral_regularized,4,Train69.csv,Normal,Normal,True
Exp5_XGB_bilateral_regularized,4,Train86.csv,Normal,Normal,True
Exp5_XGB_bilateral_regularized,4,Train87.csv,Normal,Normal,True
Exp5_XGB_bilateral_regularized,4,Train93.csv,Side II,Side II,True
Exp5_XGB_bilateral_regularized,4,Train103.csv,Side II,Side II,True
Exp5_XGB_bilateral_regularized,4,Train105.csv,Normal,Normal,True
Exp5_XGB_bilateral_regularized,4,Train107.csv,Normal,Normal,True
Exp5_XGB_bilateral_regularized,4,Train112.csv,Normal,Normal,True
Exp5_XGB_bilateral_regularized,4,Train116.csv,Normal,Normal,True
Exp5_XGB_bilateral_regularized,4,Train118.csv,Normal,Normal,True
Exp5_XGB_bilateral_regularized,4,Train128.csv,Normal,Normal,True
Exp5_XGB_bilateral_regularized,4,Train131.csv,Normal,Normal,True
Exp5_XGB_bilateral_regularized,4,Train132.csv,Normal,Normal,True
Exp5_XGB_bilateral_regularized,4,Train145.csv,Normal,Normal,True
Exp5_XGB_bilateral_regularized,4,Train148.csv,Normal,Normal,True
Exp5_XGB_bilateral_regularized,4,Train153.csv,Normal,Normal,True
Exp5_XGB_bilateral_regularized,4,Train157.csv,Normal,Normal,True
Exp5_XGB_bilateral_regularized,4,Train159.csv,Normal,Normal,True
Exp5_XGB_bilateral_regularized,4,Train162.csv,Normal,Normal,True
Exp5_XGB_bilateral_regularized,4,Train168.csv,Normal,Normal,True
Exp5_XGB_bilateral_regularized,4,Train170.csv,Side I,Normal,False
Exp5_XGB_bilateral_regularized,4,Train176.csv,Normal,Side II,False
Exp5_XGB_bilateral_regularized,4,Train178.csv,Normal,Normal,True
Exp5_XGB_bilateral_regularized,4,Train181.csv,Normal,Normal,True
Exp5_XGB_bilateral_regularized,4,Train188.csv,Side II,Side II,True
Exp5_XGB_bilateral_regularized,4,Train192.csv,Normal,Normal,True
Exp5_XGB_bilateral_regularized,4,Train202.csv,Side I,Side I,True
Exp5_XGB_bilateral_regularized,4,Train213.csv,Side I,Side I,True
Exp5_XGB_bilateral_regularized,4,Train214.csv,Normal,Normal,True
Exp5_XGB_bilateral_regularized,4,Train227.csv,Normal,Normal,True
Exp5_XGB_bilateral_regularized,4,Train232.csv,Normal,Normal,True
Exp5_XGB_bilateral_regularized,4,Train238.csv,Normal,Normal,True
Exp5_XGB_bilateral_regularized,4,Train241.csv,Normal,Normal,True
Exp5_XGB_bilateral_regularized,4,Train245.csv,Normal,Normal,True
Exp5_XGB_bilateral_regularized,4,Train250.csv,Normal,Normal,True
Exp5_XGB_bilateral_regularized,4,Train252.csv,Normal,Normal,True
Exp5_XGB_bilateral_regularized,4,Train267.csv,Side II,Side II,True
Exp5_XGB_bilateral_regularized,4,Train271.csv,Normal,Normal,True
Exp5_XGB_bilateral_regularized,5,Train3.csv,Normal,Normal,True
Exp5_XGB_bilateral_regularized,5,Train8.csv,Normal,Normal,True
Exp5_XGB_bilateral_regularized,5,Train10.csv,Normal,Normal,True
Exp5_XGB_bilateral_regularized,5,Train13.csv,Normal,Normal,True
Exp5_XGB_bilateral_regularized,5,Train15.csv,Normal,Normal,True
Exp5_XGB_bilateral_regularized,5,Train17.csv,Normal,Normal,True
Exp5_XGB_bilateral_regularized,5,Train21.csv,Normal,Normal,True
Exp5_XGB_bilateral_regularized,5,Train23.csv,Normal,Normal,True
Exp5_XGB_bilateral_regularized,5,Train28.csv,Normal,Normal,True
Exp5_XGB_bilateral_regularized,5,Train47.csv,Normal,Normal,True
Exp5_XGB_bilateral_regularized,5,Train50.csv,Normal,Normal,True
Exp5_XGB_bilateral_regularized,5,Train51.csv,Normal,Normal,True
Exp5_XGB_bilateral_regularized,5,Train58.csv,Normal,Normal,True
Exp5_XGB_bilateral_regularized,5,Train60.csv,Normal,Side II,False
Exp5_XGB_bilateral_regularized,5,Train62.csv,Side I,Side I,True
Exp5_XGB_bilateral_regularized,5,Train71.csv,Normal,Normal,True
Exp5_XGB_bilateral_regularized,5,Train74.csv,Normal,Normal,True
Exp5_XGB_bilateral_regularized,5,Train90.csv,Normal,Normal,True
Exp5_XGB_bilateral_regularized,5,Train101.csv,Normal,Normal,True
Exp5_XGB_bilateral_regularized,5,Train106.csv,Side I,Side I,True
Exp5_XGB_bilateral_regularized,5,Train111.csv,Side II,Side II,True
Exp5_XGB_bilateral_regularized,5,Train117.csv,Normal,Normal,True
Exp5_XGB_bilateral_regularized,5,Train137.csv,Side I,Side I,True
Exp5_XGB_bilateral_regularized,5,Train140.csv,Normal,Normal,True
Exp5_XGB_bilateral_regularized,5,Train144.csv,Normal,Normal,True
Exp5_XGB_bilateral_regularized,5,Train156.csv,Normal,Normal,True
Exp5_XGB_bilateral_regularized,5,Train169.csv,Normal,Side II,False
Exp5_XGB_bilateral_regularized,5,Train173.csv,Normal,Normal,True
Exp5_XGB_bilateral_regularized,5,Train179.csv,Side II,Side II,True
Exp5_XGB_bilateral_regularized,5,Train187.csv,Normal,Normal,True
Exp5_XGB_bilateral_regularized,5,Train189.csv,Normal,Normal,True
Exp5_XGB_bilateral_regularized,5,Train190.csv,Normal,Normal,True
Exp5_XGB_bilateral_regularized,5,Train199.csv,Side II,Side II,True
Exp5_XGB_bilateral_regularized,5,Train203.csv,Normal,Normal,True
Exp5_XGB_bilateral_regularized,5,Train204.csv,Normal,Normal,True
Exp5_XGB_bilateral_regularized,5,Train210.csv,Normal,Normal,True
Exp5_XGB_bilateral_regularized,5,Train218.csv,Normal,Normal,True
Exp5_XGB_bilateral_regularized,5,Train220.csv,Normal,Normal,True
Exp5_XGB_bilateral_regularized,5,Train221.csv,Normal,Normal,True
Exp5_XGB_bilateral_regularized,5,Train226.csv,Normal,Normal,True
Exp5_XGB_bilateral_regularized,5,Train228.csv,Normal,Normal,True
Exp5_XGB_bilateral_regularized,5,Train229.csv,Normal,Normal,True
Exp5_XGB_bilateral_regularized,5,Train230.csv,Normal,Normal,True
Exp5_XGB_bilateral_regularized,5,Train231.csv,Normal,Normal,True
Exp5_XGB_bilateral_regularized,5,Train239.csv,Normal,Normal,True
Exp5_XGB_bilateral_regularized,5,Train240.csv,Side II,Side II,True
Exp5_XGB_bilateral_regularized,5,Train242.csv,Normal,Normal,True
Exp5_XGB_bilateral_regularized,5,Train246.csv,Normal,Normal,True
Exp5_XGB_bilateral_regularized,5,Train257.csv,Normal,Normal,True
Exp5_XGB_bilateral_regularized,5,Train259.csv,Normal,Normal,True
Exp5_XGB_bilateral_regularized,5,Train260.csv,Normal,Normal,True
Exp5_XGB_bilateral_regularized,5,Train262.csv,Normal,Normal,True
Exp5_XGB_bilateral_regularized,5,Train264.csv,Normal,Normal,True
Exp5_XGB_bilateral_regularized,5,Train265.csv,Side II,Side I,False
Exp5_XGB_bilateral_regularized,6,Train5.csv,Normal,Normal,True
Exp5_XGB_bilateral_regularized,6,Train17.csv,Normal,Normal,True
Exp5_XGB_bilateral_regularized,6,Train24.csv,Normal,Normal,True
Exp5_XGB_bilateral_regularized,6,Train25.csv,Normal,Normal,True
Exp5_XGB_bilateral_regularized,6,Train28.csv,Normal,Normal,True
Exp5_XGB_bilateral_regularized,6,Train29.csv,Normal,Normal,True
Exp5_XGB_bilateral_regularized,6,Train30.csv,Side II,Side II,True
Exp5_XGB_bilateral_regularized,6,Train55.csv,Normal,Normal,True
Exp5_XGB_bilateral_regularized,6,Train56.csv,Normal,Normal,True
Exp5_XGB_bilateral_regularized,6,Train70.csv,Normal,Normal,True
Exp5_XGB_bilateral_regularized,6,Train75.csv,Normal,Normal,True
Exp5_XGB_bilateral_regularized,6,Train76.csv,Normal,Normal,True
Exp5_XGB_bilateral_regularized,6,Train78.csv,Normal,Normal,True
Exp5_XGB_bilateral_regularized,6,Train86.csv,Normal,Normal,True
Exp5_XGB_bilateral_regularized,6,Train91.csv,Normal,Normal,True
Exp5_XGB_bilateral_regularized,6,Train94.csv,Normal,Normal,True
Exp5_XGB_bilateral_regularized,6,Train97.csv,Normal,Normal,True
Exp5_XGB_bilateral_regularized,6,Train106.csv,Side I,Normal,False
Exp5_XGB_bilateral_regularized,6,Train109.csv,Normal,Normal,True
Exp5_XGB_bilateral_regularized,6,Train111.csv,Side II,Side II,True
Exp5_XGB_bilateral_regularized,6,Train131.csv,Normal,Normal,True
Exp5_XGB_bilateral_regularized,6,Train135.csv,Normal,Normal,True
Exp5_XGB_bilateral_regularized,6,Train136.csv,Normal,Normal,True
Exp5_XGB_bilateral_regularized,6,Train141.csv,Normal,Normal,True
Exp5_XGB_bilateral_regularized,6,Train142.csv,Normal,Normal,True
Exp5_XGB_bilateral_regularized,6,Train143.csv,Normal,Normal,True
Exp5_XGB_bilateral_regularized,6,Train145.csv,Normal,Normal,True
Exp5_XGB_bilateral_regularized,6,Train148.csv,Normal,Normal,True
Exp5_XGB_bilateral_regularized,6,Train152.csv,Normal,Normal,True
Exp5_XGB_bilateral_regularized,6,Train153.csv,Normal,Normal,True
Exp5_XGB_bilateral_regularized,6,Train154.csv,Normal,Normal,True
Exp5_XGB_bilateral_regularized,6,Train160.csv,Normal,Normal,True
Exp5_XGB_bilateral_regularized,6,Train169.csv,Normal,Normal,True
Exp5_XGB_bilateral_regularized,6,Train171.csv,Normal,Normal,True
Exp5_XGB_bilateral_regularized,6,Train181.csv,Normal,Normal,True
Exp5_XGB_bilateral_regularized,6,Train182.csv,Normal,Normal,True
Exp5_XGB_bilateral_regularized,6,Train185.csv,Side I,Normal,False
Exp5_XGB_bilateral_regularized,6,Train186.csv,Normal,Normal,True
Exp5_XGB_bilateral_regularized,6,Train189.csv,Normal,Normal,True
Exp5_XGB_bilateral_regularized,6,Train191.csv,Normal,Normal,True
Exp5_XGB_bilateral_regularized,6,Train193.csv,Normal,Normal,True
Exp5_XGB_bilateral_regularized,6,Train194.csv,Side I,Side I,True
Exp5_XGB_bilateral_regularized,6,Train195.csv,Normal,Normal,True
Exp5_XGB_bilateral_regularized,6,Train203.csv,Normal,Normal,True
Exp5_XGB_bilateral_regularized,6,Train205.csv,Normal,Normal,True
Exp5_XGB_bilateral_regularized,6,Train209.csv,Normal,Normal,True
Exp5_XGB_bilateral_regularized,6,Train210.csv,Normal,Normal,True
Exp5_XGB_bilateral_regularized,6,Train214.csv,Normal,Normal,True
Exp5_XGB_bilateral_regularized,6,Train216.csv,Side II,Normal,False
Exp5_XGB_bilateral_regularized,6,Train217.csv,Side II,Side II,True
Exp5_XGB_bilateral_regularized,6,Train218.csv,Normal,Normal,True
Exp5_XGB_bilateral_regularized,6,Train230.csv,Normal,Normal,True
Exp5_XGB_bilateral_regularized,6,Train232.csv,Normal,Normal,True
Exp5_XGB_bilateral_regularized,6,Train248.csv,Side II,Side II,True
Exp5_XGB_bilateral_regularized,6,Train272.csv,Normal,Normal,True
Exp5_XGB_bilateral_regularized,7,Train3.csv,Normal,Normal,True
Exp5_XGB_bilateral_regularized,7,Train6.csv,Normal,Normal,True
Exp5_XGB_bilateral_regularized,7,Train14.csv,Normal,Normal,True
Exp5_XGB_bilateral_regularized,7,Train15.csv,Normal,Normal,True
Exp5_XGB_bilateral_regularized,7,Train16.csv,Normal,Normal,True
Exp5_XGB_bilateral_regularized,7,Train18.csv,Normal,Normal,True
Exp5_XGB_bilateral_regularized,7,Train20.csv,Normal,Normal,True
Exp5_XGB_bilateral_regularized,7,Train21.csv,Normal,Normal,True
Exp5_XGB_bilateral_regularized,7,Train26.csv,Side II,Side I,False
Exp5_XGB_bilateral_regularized,7,Train32.csv,Normal,Normal,True
Exp5_XGB_bilateral_regularized,7,Train34.csv,Normal,Normal,True
Exp5_XGB_bilateral_regularized,7,Train39.csv,Normal,Normal,True
Exp5_XGB_bilateral_regularized,7,Train41.csv,Normal,Normal,True
Exp5_XGB_bilateral_regularized,7,Train43.csv,Side II,Side II,True
Exp5_XGB_bilateral_regularized,7,Train44.csv,Normal,Normal,True
Exp5_XGB_bilateral_regularized,7,Train45.csv,Normal,Normal,True
Exp5_XGB_bilateral_regularized,7,Train60.csv,Normal,Side II,False
Exp5_XGB_bilateral_regularized,7,Train62.csv,Side I,Normal,False
Exp5_XGB_bilateral_regularized,7,Train63.csv,Normal,Normal,True
Exp5_XGB_bilateral_regularized,7,Train72.csv,Side II,Side II,True
Exp5_XGB_bilateral_regularized,7,Train74.csv,Normal,Normal,True
Exp5_XGB_bilateral_regularized,7,Train80.csv,Normal,Normal,True
Exp5_XGB_bilateral_regularized,7,Train82.csv,Normal,Normal,True
Exp5_XGB_bilateral_regularized,7,Train92.csv,Normal,Normal,True
Exp5_XGB_bilateral_regularized,7,Train98.csv,Normal,Normal,True
Exp5_XGB_bilateral_regularized,7,Train99.csv,Normal,Normal,True
Exp5_XGB_bilateral_regularized,7,Train108.csv,Normal,Normal,True
Exp5_XGB_bilateral_regularized,7,Train110.csv,Normal,Normal,True
Exp5_XGB_bilateral_regularized,7,Train117.csv,Normal,Normal,True
Exp5_XGB_bilateral_regularized,7,Train124.csv,Normal,Normal,True
Exp5_XGB_bilateral_regularized,7,Train128.csv,Normal,Normal,True
Exp5_XGB_bilateral_regularized,7,Train130.csv,Normal,Side I,False
Exp5_XGB_bilateral_regularized,7,Train132.csv,Normal,Normal,True
Exp5_XGB_bilateral_regularized,7,Train134.csv,Normal,Normal,True
Exp5_XGB_bilateral_regularized,7,Train137.csv,Side I,Side I,True
Exp5_XGB_bilateral_regularized,7,Train140.csv,Normal,Normal,True
Exp5_XGB_bilateral_regularized,7,Train144.csv,Normal,Normal,True
Exp5_XGB_bilateral_regularized,7,Train147.csv,Normal,Normal,True
Exp5_XGB_bilateral_regularized,7,Train149.csv,Normal,Normal,True
Exp5_XGB_bilateral_regularized,7,Train159.csv,Normal,Normal,True
Exp5_XGB_bilateral_regularized,7,Train163.csv,Side I,Side I,True
Exp5_XGB_bilateral_regularized,7,Train167.csv,Normal,Normal,True
Exp5_XGB_bilateral_regularized,7,Train173.csv,Normal,Normal,True
Exp5_XGB_bilateral_regularized,7,Train192.csv,Normal,Normal,True
Exp5_XGB_bilateral_regularized,7,Train198.csv,Side II,Side II,True
Exp5_XGB_bilateral_regularized,7,Train199.csv,Side II,Side II,True
Exp5_XGB_bilateral_regularized,7,Train200.csv,Normal,Normal,True
Exp5_XGB_bilateral_regularized,7,Train211.csv,Normal,Normal,True
Exp5_XGB_bilateral_regularized,7,Train233.csv,Normal,Normal,True
Exp5_XGB_bilateral_regularized,7,Train241.csv,Normal,Normal,True
Exp5_XGB_bilateral_regularized,7,Train245.csv,Normal,Normal,True
Exp5_XGB_bilateral_regularized,7,Train250.csv,Normal,Normal,True
Exp5_XGB_bilateral_regularized,7,Train256.csv,Normal,Normal,True
Exp5_XGB_bilateral_regularized,7,Train261.csv,Normal,Normal,True
Exp5_XGB_bilateral_regularized,7,Train268.csv,Normal,Normal,True
Exp5_XGB_bilateral_regularized,8,Train1.csv,Normal,Normal,True
Exp5_XGB_bilateral_regularized,8,Train8.csv,Normal,Normal,True
Exp5_XGB_bilateral_regularized,8,Train23.csv,Normal,Normal,True
Exp5_XGB_bilateral_regularized,8,Train36.csv,Normal,Normal,True
Exp5_XGB_bilateral_regularized,8,Train47.csv,Normal,Normal,True
Exp5_XGB_bilateral_regularized,8,Train49.csv,Normal,Normal,True
Exp5_XGB_bilateral_regularized,8,Train52.csv,Normal,Normal,True
Exp5_XGB_bilateral_regularized,8,Train57.csv,Normal,Normal,True
Exp5_XGB_bilateral_regularized,8,Train59.csv,Normal,Normal,True
Exp5_XGB_bilateral_regularized,8,Train66.csv,Normal,Normal,True
Exp5_XGB_bilateral_regularized,8,Train79.csv,Normal,Normal,True
Exp5_XGB_bilateral_regularized,8,Train81.csv,Normal,Normal,True
Exp5_XGB_bilateral_regularized,8,Train83.csv,Side I,Side I,True
Exp5_XGB_bilateral_regularized,8,Train84.csv,Normal,Normal,True
Exp5_XGB_bilateral_regularized,8,Train85.csv,Normal,Normal,True
Exp5_XGB_bilateral_regularized,8,Train88.csv,Normal,Normal,True
Exp5_XGB_bilateral_regularized,8,Train90.csv,Normal,Normal,True
Exp5_XGB_bilateral_regularized,8,Train101.csv,Normal,Normal,True
Exp5_XGB_bilateral_regularized,8,Train102.csv,Normal,Normal,True
Exp5_XGB_bilateral_regularized,8,Train103.csv,Side II,Side II,True
Exp5_XGB_bilateral_regularized,8,Train113.csv,Normal,Normal,True
Exp5_XGB_bilateral_regularized,8,Train114.csv,Normal,Normal,True
Exp5_XGB_bilateral_regularized,8,Train118.csv,Normal,Normal,True
Exp5_XGB_bilateral_regularized,8,Train123.csv,Normal,Side I,False
Exp5_XGB_bilateral_regularized,8,Train126.csv,Normal,Side II,False
Exp5_XGB_bilateral_regularized,8,Train127.csv,Side II,Side II,True
Exp5_XGB_bilateral_regularized,8,Train129.csv,Normal,Normal,True
Exp5_XGB_bilateral_regularized,8,Train146.csv,Normal,Normal,True
Exp5_XGB_bilateral_regularized,8,Train157.csv,Normal,Normal,True
Exp5_XGB_bilateral_regularized,8,Train158.csv,Normal,Normal,True
Exp5_XGB_bilateral_regularized,8,Train161.csv,Normal,Normal,True
Exp5_XGB_bilateral_regularized,8,Train164.csv,Side II,Side II,True
Exp5_XGB_bilateral_regularized,8,Train170.csv,Side I,Side I,True
Exp5_XGB_bilateral_regularized,8,Train176.csv,Normal,Side II,False
Exp5_XGB_bilateral_regularized,8,Train183.csv,Normal,Normal,True
Exp5_XGB_bilateral_regularized,8,Train187.csv,Normal,Normal,True
Exp5_XGB_bilateral_regularized,8,Train201.csv,Normal,Normal,True
Exp5_XGB_bilateral_regularized,8,Train204.csv,Normal,Normal,True
Exp5_XGB_bilateral_regularized,8,Train212.csv,Normal,Normal,True
Exp5_XGB_bilateral_regularized,8,Train219.csv,Normal,Normal,True
Exp5_XGB_bilateral_regularized,8,Train220.csv,Normal,Normal,True
Exp5_XGB_bilateral_regularized,8,Train225.csv,Normal,Normal,True
Exp5_XGB_bilateral_regularized,8,Train226.csv,Normal,Normal,True
Exp5_XGB_bilateral_regularized,8,Train240.csv,Side II,Side II,True
Exp5_XGB_bilateral_regularized,8,Train242.csv,Normal,Normal,True
Exp5_XGB_bilateral_regularized,8,Train243.csv,Normal,Normal,True
Exp5_XGB_bilateral_regularized,8,Train249.csv,Normal,Normal,True
Exp5_XGB_bilateral_regularized,8,Train251.csv,Normal,Side II,False
Exp5_XGB_bilateral_regularized,8,Train255.csv,Normal,Normal,True
Exp5_XGB_bilateral_regularized,8,Train257.csv,Normal,Normal,True
Exp5_XGB_bilateral_regularized,8,Train260.csv,Normal,Normal,True
Exp5_XGB_bilateral_regularized,8,Train264.csv,Normal,Normal,True
Exp5_XGB_bilateral_regularized,8,Train265.csv,Side II,Side I,False
Exp5_XGB_bilateral_regularized,8,Train270.csv,Normal,Normal,True
Exp5_XGB_bilateral_regularized,9,Train2.csv,Side II,Side II,True
Exp5_XGB_bilateral_regularized,9,Train4.csv,Normal,Normal,True
Exp5_XGB_bilateral_regularized,9,Train7.csv,Normal,Normal,True
Exp5_XGB_bilateral_regularized,9,Train9.csv,Normal,Normal,True
Exp5_XGB_bilateral_regularized,9,Train10.csv,Normal,Normal,True
Exp5_XGB_bilateral_regularized,9,Train11.csv,Normal,Normal,True
Exp5_XGB_bilateral_regularized,9,Train13.csv,Normal,Normal,True
Exp5_XGB_bilateral_regularized,9,Train19.csv,Normal,Normal,True
Exp5_XGB_bilateral_regularized,9,Train22.csv,Normal,Normal,True
Exp5_XGB_bilateral_regularized,9,Train33.csv,Normal,Normal,True
Exp5_XGB_bilateral_regularized,9,Train35.csv,Normal,Normal,True
Exp5_XGB_bilateral_regularized,9,Train37.csv,Normal,Normal,True
Exp5_XGB_bilateral_regularized,9,Train38.csv,Normal,Normal,True
Exp5_XGB_bilateral_regularized,9,Train40.csv,Normal,Normal,True
Exp5_XGB_bilateral_regularized,9,Train42.csv,Normal,Normal,True
Exp5_XGB_bilateral_regularized,9,Train46.csv,Normal,Normal,True
Exp5_XGB_bilateral_regularized,9,Train51.csv,Normal,Normal,True
Exp5_XGB_bilateral_regularized,9,Train53.csv,Side II,Side II,True
Exp5_XGB_bilateral_regularized,9,Train58.csv,Normal,Normal,True
Exp5_XGB_bilateral_regularized,9,Train61.csv,Normal,Normal,True
Exp5_XGB_bilateral_regularized,9,Train64.csv,Normal,Normal,True
Exp5_XGB_bilateral_regularized,9,Train67.csv,Normal,Normal,True
Exp5_XGB_bilateral_regularized,9,Train87.csv,Normal,Normal,True
Exp5_XGB_bilateral_regularized,9,Train89.csv,Normal,Side I,False
Exp5_XGB_bilateral_regularized,9,Train93.csv,Side II,Side II,True
Exp5_XGB_bilateral_regularized,9,Train100.csv,Side I,Side I,True
Exp5_XGB_bilateral_regularized,9,Train116.csv,Normal,Normal,True
Exp5_XGB_bilateral_regularized,9,Train122.csv,Normal,Normal,True
Exp5_XGB_bilateral_regularized,9,Train133.csv,Normal,Normal,True
Exp5_XGB_bilateral_regularized,9,Train139.csv,Normal,Normal,True
Exp5_XGB_bilateral_regularized,9,Train155.csv,Normal,Normal,True
Exp5_XGB_bilateral_regularized,9,Train156.csv,Normal,Normal,True
Exp5_XGB_bilateral_regularized,9,Train162.csv,Normal,Normal,True
Exp5_XGB_bilateral_regularized,9,Train166.csv,Normal,Normal,True
Exp5_XGB_bilateral_regularized,9,Train175.csv,Normal,Normal,True
Exp5_XGB_bilateral_regularized,9,Train180.csv,Side I,Normal,False
Exp5_XGB_bilateral_regularized,9,Train190.csv,Normal,Normal,True
Exp5_XGB_bilateral_regularized,9,Train208.csv,Normal,Normal,True
Exp5_XGB_bilateral_regularized,9,Train213.csv,Side I,Side I,True
Exp5_XGB_bilateral_regularized,9,Train215.csv,Normal,Normal,True
Exp5_XGB_bilateral_regularized,9,Train221.csv,Normal,Normal,True
Exp5_XGB_bilateral_regularized,9,Train224.csv,Normal,Normal,True
Exp5_XGB_bilateral_regularized,9,Train231.csv,Normal,Normal,True
Exp5_XGB_bilateral_regularized,9,Train235.csv,Normal,Normal,True
Exp5_XGB_bilateral_regularized,9,Train237.csv,Normal,Normal,True
Exp5_XGB_bilateral_regularized,9,Train244.csv,Normal,Normal,True
Exp5_XGB_bilateral_regularized,9,Train246.csv,Normal,Normal,True
Exp5_XGB_bilateral_regularized,9,Train252.csv,Normal,Normal,True
Exp5_XGB_bilateral_regularized,9,Train253.csv,Normal,Normal,True
Exp5_XGB_bilateral_regularized,9,Train259.csv,Normal,Normal,True
Exp5_XGB_bilateral_regularized,9,Train262.csv,Normal,Normal,True
Exp5_XGB_bilateral_regularized,9,Train263.csv,Normal,Normal,True
Exp5_XGB_bilateral_regularized,9,Train267.csv,Side II,Side II,True
Exp5_XGB_bilateral_regularized,9,Train269.csv,Normal,Normal,True
Exp5_XGB_bilateral_regularized,10,Train12.csv,Side II,Side II,True
Exp5_XGB_bilateral_regularized,10,Train27.csv,Normal,Normal,True
Exp5_XGB_bilateral_regularized,10,Train31.csv,Normal,Normal,True
Exp5_XGB_bilateral_regularized,10,Train48.csv,Normal,Normal,True
Exp5_XGB_bilateral_regularized,10,Train50.csv,Normal,Normal,True
Exp5_XGB_bilateral_regularized,10,Train54.csv,Normal,Normal,True
Exp5_XGB_bilateral_regularized,10,Train65.csv,Normal,Normal,True
Exp5_XGB_bilateral_regularized,10,Train68.csv,Normal,Normal,True
Exp5_XGB_bilateral_regularized,10,Train69.csv,Normal,Normal,True
Exp5_XGB_bilateral_regularized,10,Train71.csv,Normal,Normal,True
Exp5_XGB_bilateral_regularized,10,Train73.csv,Normal,Normal,True
Exp5_XGB_bilateral_regularized,10,Train77.csv,Normal,Normal,True
Exp5_XGB_bilateral_regularized,10,Train95.csv,Normal,Normal,True
Exp5_XGB_bilateral_regularized,10,Train96.csv,Normal,Normal,True
Exp5_XGB_bilateral_regularized,10,Train104.csv,Side II,Side II,True
Exp5_XGB_bilateral_regularized,10,Train105.csv,Normal,Normal,True
Exp5_XGB_bilateral_regularized,10,Train107.csv,Normal,Normal,True
Exp5_XGB_bilateral_regularized,10,Train112.csv,Normal,Normal,True
Exp5_XGB_bilateral_regularized,10,Train115.csv,Normal,Normal,True
Exp5_XGB_bilateral_regularized,10,Train119.csv,Normal,Normal,True
Exp5_XGB_bilateral_regularized,10,Train120.csv,Normal,Normal,True
Exp5_XGB_bilateral_regularized,10,Train121.csv,Side I,Normal,False
Exp5_XGB_bilateral_regularized,10,Train125.csv,Normal,Normal,True
Exp5_XGB_bilateral_regularized,10,Train138.csv,Normal,Normal,True
Exp5_XGB_bilateral_regularized,10,Train150.csv,Side I,Side I,True
Exp5_XGB_bilateral_regularized,10,Train151.csv,Normal,Normal,True
Exp5_XGB_bilateral_regularized,10,Train165.csv,Normal,Normal,True
Exp5_XGB_bilateral_regularized,10,Train168.csv,Normal,Normal,True
Exp5_XGB_bilateral_regularized,10,Train172.csv,Normal,Normal,True
Exp5_XGB_bilateral_regularized,10,Train174.csv,Normal,Normal,True
Exp5_XGB_bilateral_regularized,10,Train177.csv,Normal,Side I,False
Exp5_XGB_bilateral_regularized,10,Train178.csv,Normal,Normal,True
Exp5_XGB_bilateral_regularized,10,Train179.csv,Side II,Side II,True
Exp5_XGB_bilateral_regularized,10,Train184.csv,Normal,Normal,True
Exp5_XGB_bilateral_regularized,10,Train188.csv,Side II,Side II,True
Exp5_XGB_bilateral_regularized,10,Train196.csv,Normal,Normal,True
Exp5_XGB_bilateral_regularized,10,Train197.csv,Normal,Side II,False
Exp5_XGB_bilateral_regularized,10,Train202.csv,Side I,Side I,True
Exp5_XGB_bilateral_regularized,10,Train206.csv,Normal,Normal,True
Exp5_XGB_bilateral_regularized,10,Train207.csv,Side II,Side II,True
Exp5_XGB_bilateral_regularized,10,Train222.csv,Normal,Normal,True
Exp5_XGB_bilateral_regularized,10,Train223.csv,Normal,Normal,True
Exp5_XGB_bilateral_regularized,10,Train227.csv,Normal,Normal,True
Exp5_XGB_bilateral_regularized,10,Train228.csv,Normal,Normal,True
Exp5_XGB_bilateral_regularized,10,Train229.csv,Normal,Normal,True
Exp5_XGB_bilateral_regularized,10,Train234.csv,Normal,Normal,True
Exp5_XGB_bilateral_regularized,10,Train236.csv,Normal,Normal,True
Exp5_XGB_bilateral_regularized,10,Train238.csv,Normal,Normal,True
Exp5_XGB_bilateral_regularized,10,Train239.csv,Normal,Normal,True
Exp5_XGB_bilateral_regularized,10,Train247.csv,Normal,Normal,True
Exp5_XGB_bilateral_regularized,10,Train254.csv,Normal,Normal,True
Exp5_XGB_bilateral_regularized,10,Train258.csv,Normal,Normal,True
Exp5_XGB_bilateral_regularized,10,Train266.csv,Normal,Normal,True
Exp5_XGB_bilateral_regularized,10,Train271.csv,Normal,Normal,True
Exp5_XGB_bilateral_regularized,11,Train14.csv,Normal,Normal,True
Exp5_XGB_bilateral_regularized,11,Train15.csv,Normal,Normal,True
Exp5_XGB_bilateral_regularized,11,Train25.csv,Normal,Normal,True
Exp5_XGB_bilateral_regularized,11,Train42.csv,Normal,Normal,True
Exp5_XGB_bilateral_regularized,11,Train47.csv,Normal,Normal,True
Exp5_XGB_bilateral_regularized,11,Train49.csv,Normal,Normal,True
Exp5_XGB_bilateral_regularized,11,Train51.csv,Normal,Normal,True
Exp5_XGB_bilateral_regularized,11,Train61.csv,Normal,Normal,True
Exp5_XGB_bilateral_regularized,11,Train63.csv,Normal,Normal,True
Exp5_XGB_bilateral_regularized,11,Train71.csv,Normal,Normal,True
Exp5_XGB_bilateral_regularized,11,Train72.csv,Side II,Side II,True
Exp5_XGB_bilateral_regularized,11,Train73.csv,Normal,Normal,True
Exp5_XGB_bilateral_regularized,11,Train81.csv,Normal,Normal,True
Exp5_XGB_bilateral_regularized,11,Train89.csv,Normal,Side I,False
Exp5_XGB_bilateral_regularized,11,Train91.csv,Normal,Normal,True
Exp5_XGB_bilateral_regularized,11,Train102.csv,Normal,Normal,True
Exp5_XGB_bilateral_regularized,11,Train105.csv,Normal,Normal,True
Exp5_XGB_bilateral_regularized,11,Train109.csv,Normal,Normal,True
Exp5_XGB_bilateral_regularized,11,Train110.csv,Normal,Normal,True
Exp5_XGB_bilateral_regularized,11,Train111.csv,Side II,Side II,True
Exp5_XGB_bilateral_regularized,11,Train112.csv,Normal,Normal,True
Exp5_XGB_bilateral_regularized,11,Train115.csv,Normal,Normal,True
Exp5_XGB_bilateral_regularized,11,Train117.csv,Normal,Normal,True
Exp5_XGB_bilateral_regularized,11,Train128.csv,Normal,Normal,True
Exp5_XGB_bilateral_regularized,11,Train131.csv,Normal,Normal,True
Exp5_XGB_bilateral_regularized,11,Train133.csv,Normal,Normal,True
Exp5_XGB_bilateral_regularized,11,Train135.csv,Normal,Normal,True
Exp5_XGB_bilateral_regularized,11,Train138.csv,Normal,Normal,True
Exp5_XGB_bilateral_regularized,11,Train139.csv,Normal,Normal,True
Exp5_XGB_bilateral_regularized,11,Train148.csv,Normal,Normal,True
Exp5_XGB_bilateral_regularized,11,Train163.csv,Side I,Side I,True
Exp5_XGB_bilateral_regularized,11,Train167.csv,Normal,Normal,True
Exp5_XGB_bilateral_regularized,11,Train176.csv,Normal,Side II,False
Exp5_XGB_bilateral_regularized,11,Train177.csv,Normal,Side I,False
Exp5_XGB_bilateral_regularized,11,Train181.csv,Normal,Normal,True
Exp5_XGB_bilateral_regularized,11,Train184.csv,Normal,Normal,True
Exp5_XGB_bilateral_regularized,11,Train194.csv,Side I,Side I,True
Exp5_XGB_bilateral_regularized,11,Train201.csv,Normal,Normal,True
Exp5_XGB_bilateral_regularized,11,Train202.csv,Side I,Side I,True
Exp5_XGB_bilateral_regularized,11,Train204.csv,Normal,Normal,True
Exp5_XGB_bilateral_regularized,11,Train207.csv,Side II,Side II,True
Exp5_XGB_bilateral_regularized,11,Train212.csv,Normal,Normal,True
Exp5_XGB_bilateral_regularized,11,Train217.csv,Side II,Side II,True
Exp5_XGB_bilateral_regularized,11,Train225.csv,Normal,Normal,True
Exp5_XGB_bilateral_regularized,11,Train226.csv,Normal,Normal,True
Exp5_XGB_bilateral_regularized,11,Train233.csv,Normal,Normal,True
Exp5_XGB_bilateral_regularized,11,Train242.csv,Normal,Normal,True
Exp5_XGB_bilateral_regularized,11,Train243.csv,Normal,Normal,True
Exp5_XGB_bilateral_regularized,11,Train246.csv,Normal,Normal,True
Exp5_XGB_bilateral_regularized,11,Train247.csv,Normal,Normal,True
Exp5_XGB_bilateral_regularized,11,Train251.csv,Normal,Side II,False
Exp5_XGB_bilateral_regularized,11,Train252.csv,Normal,Normal,True
Exp5_XGB_bilateral_regularized,11,Train258.csv,Normal,Normal,True
Exp5_XGB_bilateral_regularized,11,Train265.csv,Side II,Side I,False
Exp5_XGB_bilateral_regularized,11,Train269.csv,Normal,Normal,True
Exp5_XGB_bilateral_regularized,12,Train1.csv,Normal,Normal,True
Exp5_XGB_bilateral_regularized,12,Train4.csv,Normal,Normal,True
Exp5_XGB_bilateral_regularized,12,Train10.csv,Normal,Normal,True
Exp5_XGB_bilateral_regularized,12,Train12.csv,Side II,Side II,True
Exp5_XGB_bilateral_regularized,12,Train17.csv,Normal,Normal,True
Exp5_XGB_bilateral_regularized,12,Train18.csv,Normal,Normal,True
Exp5_XGB_bilateral_regularized,12,Train21.csv,Normal,Normal,True
Exp5_XGB_bilateral_regularized,12,Train24.csv,Normal,Normal,True
Exp5_XGB_bilateral_regularized,12,Train26.csv,Side II,Side I,False
Exp5_XGB_bilateral_regularized,12,Train27.csv,Normal,Normal,True
Exp5_XGB_bilateral_regularized,12,Train28.csv,Normal,Normal,True
Exp5_XGB_bilateral_regularized,12,Train43.csv,Side II,Side II,True
Exp5_XGB_bilateral_regularized,12,Train45.csv,Normal,Normal,True
Exp5_XGB_bilateral_regularized,12,Train48.csv,Normal,Normal,True
Exp5_XGB_bilateral_regularized,12,Train55.csv,Normal,Normal,True
Exp5_XGB_bilateral_regularized,12,Train56.csv,Normal,Normal,True
Exp5_XGB_bilateral_regularized,12,Train57.csv,Normal,Normal,True
Exp5_XGB_bilateral_regularized,12,Train59.csv,Normal,Normal,True
Exp5_XGB_bilateral_regularized,12,Train62.csv,Side I,Side I,True
Exp5_XGB_bilateral_regularized,12,Train67.csv,Normal,Normal,True
Exp5_XGB_bilateral_regularized,12,Train80.csv,Normal,Normal,True
Exp5_XGB_bilateral_regularized,12,Train82.csv,Normal,Normal,True
Exp5_XGB_bilateral_regularized,12,Train84.csv,Normal,Normal,True
Exp5_XGB_bilateral_regularized,12,Train85.csv,Normal,Normal,True
Exp5_XGB_bilateral_regularized,12,Train93.csv,Side II,Side II,True
Exp5_XGB_bilateral_regularized,12,Train94.csv,Normal,Normal,True
Exp5_XGB_bilateral_regularized,12,Train101.csv,Normal,Normal,True
Exp5_XGB_bilateral_regularized,12,Train107.csv,Normal,Normal,True
Exp5_XGB_bilateral_regularized,12,Train113.csv,Normal,Normal,True
Exp5_XGB_bilateral_regularized,12,Train124.csv,Normal,Normal,True
Exp5_XGB_bilateral_regularized,12,Train125.csv,Normal,Normal,True
Exp5_XGB_bilateral_regularized,12,Train140.csv,Normal,Normal,True
Exp5_XGB_bilateral_regularized,12,Train144.csv,Normal,Normal,True
Exp5_XGB_bilateral_regularized,12,Train147.csv,Normal,Normal,True
Exp5_XGB_bilateral_regularized,12,Train152.csv,Normal,Normal,True
Exp5_XGB_bilateral_regularized,12,Train153.csv,Normal,Normal,True
Exp5_XGB_bilateral_regularized,12,Train158.csv,Normal,Normal,True
Exp5_XGB_bilateral_regularized,12,Train159.csv,Normal,Normal,True
Exp5_XGB_bilateral_regularized,12,Train162.csv,Normal,Normal,True
Exp5_XGB_bilateral_regularized,12,Train168.csv,Normal,Normal,True
Exp5_XGB_bilateral_regularized,12,Train170.csv,Side I,Side I,True
Exp5_XGB_bilateral_regularized,12,Train172.csv,Normal,Normal,True
Exp5_XGB_bilateral_regularized,12,Train179.csv,Side II,Side II,True
Exp5_XGB_bilateral_regularized,12,Train185.csv,Side I,Normal,False
Exp5_XGB_bilateral_regularized,12,Train187.csv,Normal,Normal,True
Exp5_XGB_bilateral_regularized,12,Train192.csv,Normal,Normal,True
Exp5_XGB_bilateral_regularized,12,Train205.csv,Normal,Normal,True
Exp5_XGB_bilateral_regularized,12,Train209.csv,Normal,Normal,True
Exp5_XGB_bilateral_regularized,12,Train218.csv,Normal,Normal,True
Exp5_XGB_bilateral_regularized,12,Train222.csv,Normal,Normal,True
Exp5_XGB_bilateral_regularized,12,Train223.csv,Normal,Normal,True
Exp5_XGB_bilateral_regularized,12,Train227.csv,Normal,Normal,True
Exp5_XGB_bilateral_regularized,12,Train236.csv,Normal,Normal,True
Exp5_XGB_bilateral_regularized,12,Train238.csv,Normal,Normal,True
Exp5_XGB_bilateral_regularized,12,Train239.csv,Normal,Normal,True
Exp5_XGB_bilateral_regularized,13,Train5.csv,Normal,Normal,True
Exp5_XGB_bilateral_regularized,13,Train7.csv,Normal,Normal,True
Exp5_XGB_bilateral_regularized,13,Train9.csv,Normal,Normal,True
Exp5_XGB_bilateral_regularized,13,Train20.csv,Normal,Normal,True
Exp5_XGB_bilateral_regularized,13,Train22.csv,Normal,Normal,True
Exp5_XGB_bilateral_regularized,13,Train32.csv,Normal,Normal,True
Exp5_XGB_bilateral_regularized,13,Train34.csv,Normal,Normal,True
Exp5_XGB_bilateral_regularized,13,Train40.csv,Normal,Normal,True
Exp5_XGB_bilateral_regularized,13,Train50.csv,Normal,Normal,True
Exp5_XGB_bilateral_regularized,13,Train52.csv,Normal,Normal,True
Exp5_XGB_bilateral_regularized,13,Train53.csv,Side II,Side II,True
Exp5_XGB_bilateral_regularized,13,Train58.csv,Normal,Normal,True
Exp5_XGB_bilateral_regularized,13,Train65.csv,Normal,Normal,True
Exp5_XGB_bilateral_regularized,13,Train69.csv,Normal,Normal,True
Exp5_XGB_bilateral_regularized,13,Train78.csv,Normal,Normal,True
Exp5_XGB_bilateral_regularized,13,Train86.csv,Normal,Normal,True
Exp5_XGB_bilateral_regularized,13,Train88.csv,Normal,Normal,True
Exp5_XGB_bilateral_regularized,13,Train98.csv,Normal,Normal,True
Exp5_XGB_bilateral_regularized,13,Train99.csv,Normal,Normal,True
Exp5_XGB_bilateral_regularized,13,Train100.csv,Side I,Side I,True
Exp5_XGB_bilateral_regularized,13,Train103.csv,Side II,Side II,True
Exp5_XGB_bilateral_regularized,13,Train108.csv,Normal,Normal,True
Exp5_XGB_bilateral_regularized,13,Train127.csv,Side II,Side II,True
Exp5_XGB_bilateral_regularized,13,Train130.csv,Normal,Normal,True
Exp5_XGB_bilateral_regularized,13,Train134.csv,Normal,Normal,True
Exp5_XGB_bilateral_regularized,13,Train143.csv,Normal,Normal,True
Exp5_XGB_bilateral_regularized,13,Train145.csv,Normal,Normal,True
Exp5_XGB_bilateral_regularized,13,Train150.csv,Side I,Normal,False
Exp5_XGB_bilateral_regularized,13,Train151.csv,Normal,Normal,True
Exp5_XGB_bilateral_regularized,13,Train155.csv,Normal,Normal,True
Exp5_XGB_bilateral_regularized,13,Train160.csv,Normal,Normal,True
Exp5_XGB_bilateral_regularized,13,Train166.csv,Normal,Normal,True
Exp5_XGB_bilateral_regularized,13,Train174.csv,Normal,Normal,True
Exp5_XGB_bilateral_regularized,13,Train182.csv,Normal,Normal,True
Exp5_XGB_bilateral_regularized,13,Train188.csv,Side II,Side II,True
Exp5_XGB_bilateral_regularized,13,Train195.csv,Normal,Normal,True
Exp5_XGB_bilateral_regularized,13,Train196.csv,Normal,Normal,True
Exp5_XGB_bilateral_regularized,13,Train203.csv,Normal,Normal,True
Exp5_XGB_bilateral_regularized,13,Train210.csv,Normal,Normal,True
Exp5_XGB_bilateral_regularized,13,Train219.csv,Normal,Normal,True
Exp5_XGB_bilateral_regularized,13,Train221.csv,Normal,Normal,True
Exp5_XGB_bilateral_regularized,13,Train224.csv,Normal,Normal,True
Exp5_XGB_bilateral_regularized,13,Train230.csv,Normal,Normal,True
Exp5_XGB_bilateral_regularized,13,Train231.csv,Normal,Normal,True
Exp5_XGB_bilateral_regularized,13,Train235.csv,Normal,Normal,True
Exp5_XGB_bilateral_regularized,13,Train237.csv,Normal,Normal,True
Exp5_XGB_bilateral_regularized,13,Train240.csv,Side II,Side II,True
Exp5_XGB_bilateral_regularized,13,Train244.csv,Normal,Normal,True
Exp5_XGB_bilateral_regularized,13,Train250.csv,Normal,Normal,True
Exp5_XGB_bilateral_regularized,13,Train256.csv,Normal,Normal,True
Exp5_XGB_bilateral_regularized,13,Train259.csv,Normal,Normal,True
Exp5_XGB_bilateral_regularized,13,Train264.csv,Normal,Normal,True
Exp5_XGB_bilateral_regularized,13,Train266.csv,Normal,Normal,True
Exp5_XGB_bilateral_regularized,13,Train272.csv,Normal,Normal,True
Exp5_XGB_bilateral_regularized,14,Train3.csv,Normal,Normal,True
Exp5_XGB_bilateral_regularized,14,Train6.csv,Normal,Normal,True
Exp5_XGB_bilateral_regularized,14,Train8.csv,Normal,Normal,True
Exp5_XGB_bilateral_regularized,14,Train11.csv,Normal,Normal,True
Exp5_XGB_bilateral_regularized,14,Train16.csv,Normal,Normal,True
Exp5_XGB_bilateral_regularized,14,Train19.csv,Normal,Normal,True
Exp5_XGB_bilateral_regularized,14,Train23.csv,Normal,Normal,True
Exp5_XGB_bilateral_regularized,14,Train30.csv,Side II,Side II,True
Exp5_XGB_bilateral_regularized,14,Train35.csv,Normal,Normal,True
Exp5_XGB_bilateral_regularized,14,Train36.csv,Normal,Normal,True
Exp5_XGB_bilateral_regularized,14,Train37.csv,Normal,Normal,True
Exp5_XGB_bilateral_regularized,14,Train44.csv,Normal,Side II,False
Exp5_XGB_bilateral_regularized,14,Train54.csv,Normal,Normal,True
Exp5_XGB_bilateral_regularized,14,Train64.csv,Normal,Normal,True
Exp5_XGB_bilateral_regularized,14,Train66.csv,Normal,Normal,True
Exp5_XGB_bilateral_regularized,14,Train75.csv,Normal,Normal,True
Exp5_XGB_bilateral_regularized,14,Train76.csv,Normal,Normal,True
Exp5_XGB_bilateral_regularized,14,Train79.csv,Normal,Normal,True
Exp5_XGB_bilateral_regularized,14,Train83.csv,Side I,Side I,True
Exp5_XGB_bilateral_regularized,14,Train95.csv,Normal,Normal,True
Exp5_XGB_bilateral_regularized,14,Train96.csv,Normal,Normal,True
Exp5_XGB_bilateral_regularized,14,Train116.csv,Normal,Normal,True
Exp5_XGB_bilateral_regularized,14,Train120.csv,Normal,Normal,True
Exp5_XGB_bilateral_regularized,14,Train123.csv,Normal,Normal,True
Exp5_XGB_bilateral_regularized,14,Train129.csv,Normal,Normal,True
Exp5_XGB_bilateral_regularized,14,Train132.csv,Normal,Normal,True
Exp5_XGB_bilateral_regularized,14,Train136.csv,Normal,Normal,True
Exp5_XGB_bilateral_regularized,14,Train141.csv,Normal,Normal,True
Exp5_XGB_bilateral_regularized,14,Train156.csv,Normal,Normal,True
Exp5_XGB_bilateral_regularized,14,Train157.csv,Normal,Normal,True
Exp5_XGB_bilateral_regularized,14,Train169.csv,Normal,Normal,True
Exp5_XGB_bilateral_regularized,14,Train173.csv,Normal,Normal,True
Exp5_XGB_bilateral_regularized,14,Train175.csv,Normal,Normal,True
Exp5_XGB_bilateral_regularized,14,Train178.csv,Normal,Normal,True
Exp5_XGB_bilateral_regularized,14,Train180.csv,Side I,Normal,False
Exp5_XGB_bilateral_regularized,14,Train186.csv,Normal,Normal,True
Exp5_XGB_bilateral_regularized,14,Train191.csv,Normal,Normal,True
Exp5_XGB_bilateral_regularized,14,Train193.csv,Normal,Normal,True
Exp5_XGB_bilateral_regularized,14,Train197.csv,Normal,Side II,False
Exp5_XGB_bilateral_regularized,14,Train198.csv,Side II,Side II,True
Exp5_XGB_bilateral_regularized,14,Train199.csv,Side II,Side II,True
Exp5_XGB_bilateral_regularized,14,Train200.csv,Normal,Normal,True
Exp5_XGB_bilateral_regularized,14,Train206.csv,Normal,Normal,True
Exp5_XGB_bilateral_regularized,14,Train211.csv,Normal,Normal,True
Exp5_XGB_bilateral_regularized,14,Train213.csv,Side I,Side I,True
Exp5_XGB_bilateral_regularized,14,Train220.csv,Normal,Normal,True
Exp5_XGB_bilateral_regularized,14,Train228.csv,Normal,Normal,True
Exp5_XGB_bilateral_regularized,14,Train234.csv,Normal,Normal,True
Exp5_XGB_bilateral_regularized,14,Train248.csv,Side II,Side II,True
Exp5_XGB_bilateral_regularized,14,Train249.csv,Normal,Normal,True
Exp5_XGB_bilateral_regularized,14,Train254.csv,Normal,Normal,True
Exp5_XGB_bilateral_regularized,14,Train260.csv,Normal,Normal,True
Exp5_XGB_bilateral_regularized,14,Train262.csv,Normal,Normal,True
Exp5_XGB_bilateral_regularized,14,Train271.csv,Normal,Normal,True
Exp5_XGB_bilateral_regularized,15,Train2.csv,Side II,Side II,True
Exp5_XGB_bilateral_regularized,15,Train13.csv,Normal,Normal,True
Exp5_XGB_bilateral_regularized,15,Train29.csv,Normal,Normal,True
Exp5_XGB_bilateral_regularized,15,Train31.csv,Normal,Normal,True
Exp5_XGB_bilateral_regularized,15,Train33.csv,Normal,Normal,True
Exp5_XGB_bilateral_regularized,15,Train38.csv,Normal,Normal,True
Exp5_XGB_bilateral_regularized,15,Train39.csv,Normal,Normal,True
Exp5_XGB_bilateral_regularized,15,Train41.csv,Normal,Normal,True
Exp5_XGB_bilateral_regularized,15,Train46.csv,Normal,Normal,True
Exp5_XGB_bilateral_regularized,15,Train60.csv,Normal,Normal,True
Exp5_XGB_bilateral_regularized,15,Train68.csv,Normal,Normal,True
Exp5_XGB_bilateral_regularized,15,Train70.csv,Normal,Normal,True
Exp5_XGB_bilateral_regularized,15,Train74.csv,Normal,Normal,True
Exp5_XGB_bilateral_regularized,15,Train77.csv,Normal,Normal,True
Exp5_XGB_bilateral_regularized,15,Train87.csv,Normal,Normal,True
Exp5_XGB_bilateral_regularized,15,Train90.csv,Normal,Normal,True
Exp5_XGB_bilateral_regularized,15,Train92.csv,Normal,Normal,True
Exp5_XGB_bilateral_regularized,15,Train97.csv,Normal,Normal,True
Exp5_XGB_bilateral_regularized,15,Train104.csv,Side II,Side II,True
Exp5_XGB_bilateral_regularized,15,Train106.csv,Side I,Side I,True
Exp5_XGB_bilateral_regularized,15,Train114.csv,Normal,Normal,True
Exp5_XGB_bilateral_regularized,15,Train118.csv,Normal,Normal,True
Exp5_XGB_bilateral_regularized,15,Train119.csv,Normal,Normal,True
Exp5_XGB_bilateral_regularized,15,Train121.csv,Side I,Normal,False
Exp5_XGB_bilateral_regularized,15,Train122.csv,Normal,Normal,True
Exp5_XGB_bilateral_regularized,15,Train126.csv,Normal,Normal,True
Exp5_XGB_bilateral_regularized,15,Train137.csv,Side I,Side I,True
Exp5_XGB_bilateral_regularized,15,Train142.csv,Normal,Normal,True
Exp5_XGB_bilateral_regularized,15,Train146.csv,Normal,Normal,True
Exp5_XGB_bilateral_regularized,15,Train149.csv,Normal,Normal,True
Exp5_XGB_bilateral_regularized,15,Train154.csv,Normal,Normal,True
Exp5_XGB_bilateral_regularized,15,Train161.csv,Normal,Normal,True
Exp5_XGB_bilateral_regularized,15,Train164.csv,Side II,Side II,True
Exp5_XGB_bilateral_regularized,15,Train165.csv,Normal,Normal,True
Exp5_XGB_bilateral_regularized,15,Train171.csv,Normal,Normal,True
Exp5_XGB_bilateral_regularized,15,Train183.csv,Normal,Normal,True
Exp5_XGB_bilateral_regularized,15,Train189.csv,Normal,Normal,True
Exp5_XGB_bilateral_regularized,15,Train190.csv,Normal,Normal,True
Exp5_XGB_bilateral_regularized,15,Train208.csv,Normal,Normal,True
Exp5_XGB_bilateral_regularized,15,Train214.csv,Normal,Normal,True
Exp5_XGB_bilateral_regularized,15,Train215.csv,Normal,Normal,True
Exp5_XGB_bilateral_regularized,15,Train216.csv,Side II,Normal,False
Exp5_XGB_bilateral_regularized,15,Train229.csv,Normal,Normal,True
Exp5_XGB_bilateral_regularized,15,Train232.csv,Normal,Normal,True
Exp5_XGB_bilateral_regularized,15,Train241.csv,Normal,Normal,True
Exp5_XGB_bilateral_regularized,15,Train245.csv,Normal,Normal,True
Exp5_XGB_bilateral_regularized,15,Train253.csv,Normal,Normal,True
Exp5_XGB_bilateral_regularized,15,Train255.csv,Normal,Normal,True
Exp5_XGB_bilateral_regularized,15,Train257.csv,Normal,Normal,True
Exp5_XGB_bilateral_regularized,15,Train261.csv,Normal,Normal,True
Exp5_XGB_bilateral_regularized,15,Train263.csv,Normal,Normal,True
Exp5_XGB_bilateral_regularized,15,Train267.csv,Side II,Side II,True
Exp5_XGB_bilateral_regularized,15,Train268.csv,Normal,Normal,True
Exp5_XGB_bilateral_regularized,15,Train270.csv,Normal,Normal,True
Exp6_Ensemble_XGB_ExtraTrees,1,Train5.csv,Normal,Normal,True
Exp6_Ensemble_XGB_ExtraTrees,1,Train11.csv,Normal,Normal,True
Exp6_Ensemble_XGB_ExtraTrees,1,Train12.csv,Side II,Side II,True
Exp6_Ensemble_XGB_ExtraTrees,1,Train16.csv,Normal,Normal,True
Exp6_Ensemble_XGB_ExtraTrees,1,Train19.csv,Normal,Normal,True
Exp6_Ensemble_XGB_ExtraTrees,1,Train22.csv,Normal,Normal,True
Exp6_Ensemble_XGB_ExtraTrees,1,Train24.csv,Normal,Normal,True
Exp6_Ensemble_XGB_ExtraTrees,1,Train26.csv,Side II,Side II,True
Exp6_Ensemble_XGB_ExtraTrees,1,Train29.csv,Normal,Normal,True
Exp6_Ensemble_XGB_ExtraTrees,1,Train30.csv,Side II,Side II,True
Exp6_Ensemble_XGB_ExtraTrees,1,Train34.csv,Normal,Normal,True
Exp6_Ensemble_XGB_ExtraTrees,1,Train37.csv,Normal,Normal,True
Exp6_Ensemble_XGB_ExtraTrees,1,Train42.csv,Normal,Normal,True
Exp6_Ensemble_XGB_ExtraTrees,1,Train66.csv,Normal,Normal,True
Exp6_Ensemble_XGB_ExtraTrees,1,Train78.csv,Normal,Normal,True
Exp6_Ensemble_XGB_ExtraTrees,1,Train82.csv,Normal,Normal,True
Exp6_Ensemble_XGB_ExtraTrees,1,Train92.csv,Normal,Normal,True
Exp6_Ensemble_XGB_ExtraTrees,1,Train94.csv,Normal,Normal,True
Exp6_Ensemble_XGB_ExtraTrees,1,Train95.csv,Normal,Normal,True
Exp6_Ensemble_XGB_ExtraTrees,1,Train96.csv,Normal,Normal,True
Exp6_Ensemble_XGB_ExtraTrees,1,Train97.csv,Normal,Normal,True
Exp6_Ensemble_XGB_ExtraTrees,1,Train100.csv,Side I,Side I,True
Exp6_Ensemble_XGB_ExtraTrees,1,Train109.csv,Normal,Normal,True
Exp6_Ensemble_XGB_ExtraTrees,1,Train115.csv,Normal,Normal,True
Exp6_Ensemble_XGB_ExtraTrees,1,Train119.csv,Normal,Normal,True
Exp6_Ensemble_XGB_ExtraTrees,1,Train120.csv,Normal,Normal,True
Exp6_Ensemble_XGB_ExtraTrees,1,Train123.csv,Normal,Side I,False
Exp6_Ensemble_XGB_ExtraTrees,1,Train134.csv,Normal,Normal,True
Exp6_Ensemble_XGB_ExtraTrees,1,Train138.csv,Normal,Normal,True
Exp6_Ensemble_XGB_ExtraTrees,1,Train142.csv,Normal,Normal,True
Exp6_Ensemble_XGB_ExtraTrees,1,Train143.csv,Normal,Normal,True
Exp6_Ensemble_XGB_ExtraTrees,1,Train146.csv,Normal,Normal,True
Exp6_Ensemble_XGB_ExtraTrees,1,Train147.csv,Normal,Normal,True
Exp6_Ensemble_XGB_ExtraTrees,1,Train149.csv,Normal,Normal,True
Exp6_Ensemble_XGB_ExtraTrees,1,Train152.csv,Normal,Normal,True
Exp6_Ensemble_XGB_ExtraTrees,1,Train161.csv,Normal,Normal,True
Exp6_Ensemble_XGB_ExtraTrees,1,Train165.csv,Normal,Normal,True
Exp6_Ensemble_XGB_ExtraTrees,1,Train167.csv,Normal,Normal,True
Exp6_Ensemble_XGB_ExtraTrees,1,Train172.csv,Normal,Normal,True
Exp6_Ensemble_XGB_ExtraTrees,1,Train177.csv,Normal,Side I,False
Exp6_Ensemble_XGB_ExtraTrees,1,Train180.csv,Side I,Normal,False
Exp6_Ensemble_XGB_ExtraTrees,1,Train182.csv,Normal,Normal,True
Exp6_Ensemble_XGB_ExtraTrees,1,Train185.csv,Side I,Normal,False
Exp6_Ensemble_XGB_ExtraTrees,1,Train195.csv,Normal,Normal,True
Exp6_Ensemble_XGB_ExtraTrees,1,Train196.csv,Normal,Normal,True
Exp6_Ensemble_XGB_ExtraTrees,1,Train198.csv,Side II,Side II,True
Exp6_Ensemble_XGB_ExtraTrees,1,Train206.csv,Normal,Normal,True
Exp6_Ensemble_XGB_ExtraTrees,1,Train208.csv,Normal,Normal,True
Exp6_Ensemble_XGB_ExtraTrees,1,Train212.csv,Normal,Normal,True
Exp6_Ensemble_XGB_ExtraTrees,1,Train216.csv,Side II,Normal,False
Exp6_Ensemble_XGB_ExtraTrees,1,Train236.csv,Normal,Normal,True
Exp6_Ensemble_XGB_ExtraTrees,1,Train244.csv,Normal,Normal,True
Exp6_Ensemble_XGB_ExtraTrees,1,Train247.csv,Normal,Normal,True
Exp6_Ensemble_XGB_ExtraTrees,1,Train263.csv,Normal,Normal,True
Exp6_Ensemble_XGB_ExtraTrees,1,Train269.csv,Normal,Normal,True
Exp6_Ensemble_XGB_ExtraTrees,2,Train1.csv,Normal,Normal,True
Exp6_Ensemble_XGB_ExtraTrees,2,Train9.csv,Normal,Normal,True
Exp6_Ensemble_XGB_ExtraTrees,2,Train14.csv,Normal,Normal,True
Exp6_Ensemble_XGB_ExtraTrees,2,Train31.csv,Normal,Normal,True
Exp6_Ensemble_XGB_ExtraTrees,2,Train33.csv,Normal,Normal,True
Exp6_Ensemble_XGB_ExtraTrees,2,Train36.csv,Normal,Normal,True
Exp6_Ensemble_XGB_ExtraTrees,2,Train43.csv,Side II,Normal,False
Exp6_Ensemble_XGB_ExtraTrees,2,Train49.csv,Normal,Normal,True
Exp6_Ensemble_XGB_ExtraTrees,2,Train52.csv,Normal,Normal,True
Exp6_Ensemble_XGB_ExtraTrees,2,Train53.csv,Side II,Side II,True
Exp6_Ensemble_XGB_ExtraTrees,2,Train65.csv,Normal,Normal,True
Exp6_Ensemble_XGB_ExtraTrees,2,Train73.csv,Normal,Normal,True
Exp6_Ensemble_XGB_ExtraTrees,2,Train76.csv,Normal,Normal,True
Exp6_Ensemble_XGB_ExtraTrees,2,Train77.csv,Normal,Normal,True
Exp6_Ensemble_XGB_ExtraTrees,2,Train81.csv,Normal,Normal,True
Exp6_Ensemble_XGB_ExtraTrees,2,Train84.csv,Normal,Normal,True
Exp6_Ensemble_XGB_ExtraTrees,2,Train88.csv,Normal,Normal,True
Exp6_Ensemble_XGB_ExtraTrees,2,Train102.csv,Normal,Normal,True
Exp6_Ensemble_XGB_ExtraTrees,2,Train108.csv,Normal,Normal,True
Exp6_Ensemble_XGB_ExtraTrees,2,Train113.csv,Normal,Normal,True
Exp6_Ensemble_XGB_ExtraTrees,2,Train121.csv,Side I,Normal,False
Exp6_Ensemble_XGB_ExtraTrees,2,Train122.csv,Normal,Normal,True
Exp6_Ensemble_XGB_ExtraTrees,2,Train129.csv,Normal,Normal,True
Exp6_Ensemble_XGB_ExtraTrees,2,Train130.csv,Normal,Normal,True
Exp6_Ensemble_XGB_ExtraTrees,2,Train136.csv,Normal,Normal,True
Exp6_Ensemble_XGB_ExtraTrees,2,Train150.csv,Side I,Side I,True
Exp6_Ensemble_XGB_ExtraTrees,2,Train154.csv,Normal,Normal,True
Exp6_Ensemble_XGB_ExtraTrees,2,Train158.csv,Normal,Normal,True
Exp6_Ensemble_XGB_ExtraTrees,2,Train160.csv,Normal,Normal,True
Exp6_Ensemble_XGB_ExtraTrees,2,Train171.csv,Normal,Normal,True
Exp6_Ensemble_XGB_ExtraTrees,2,Train174.csv,Normal,Normal,True
Exp6_Ensemble_XGB_ExtraTrees,2,Train184.csv,Normal,Normal,True
Exp6_Ensemble_XGB_ExtraTrees,2,Train191.csv,Normal,Normal,True
Exp6_Ensemble_XGB_ExtraTrees,2,Train193.csv,Normal,Normal,True
Exp6_Ensemble_XGB_ExtraTrees,2,Train194.csv,Side I,Side I,True
Exp6_Ensemble_XGB_ExtraTrees,2,Train200.csv,Normal,Normal,True
Exp6_Ensemble_XGB_ExtraTrees,2,Train201.csv,Normal,Normal,True
Exp6_Ensemble_XGB_ExtraTrees,2,Train205.csv,Normal,Normal,True
Exp6_Ensemble_XGB_ExtraTrees,2,Train207.csv,Side II,Side II,True
Exp6_Ensemble_XGB_ExtraTrees,2,Train209.csv,Normal,Normal,True
Exp6_Ensemble_XGB_ExtraTrees,2,Train215.csv,Normal,Normal,True
Exp6_Ensemble_XGB_ExtraTrees,2,Train217.csv,Side II,Normal,False
Exp6_Ensemble_XGB_ExtraTrees,2,Train222.csv,Normal,Normal,True
Exp6_Ensemble_XGB_ExtraTrees,2,Train223.csv,Normal,Normal,True
Exp6_Ensemble_XGB_ExtraTrees,2,Train225.csv,Normal,Normal,True
Exp6_Ensemble_XGB_ExtraTrees,2,Train233.csv,Normal,Normal,True
Exp6_Ensemble_XGB_ExtraTrees,2,Train234.csv,Normal,Normal,True
Exp6_Ensemble_XGB_ExtraTrees,2,Train235.csv,Normal,Normal,True
Exp6_Ensemble_XGB_ExtraTrees,2,Train237.csv,Normal,Normal,True
Exp6_Ensemble_XGB_ExtraTrees,2,Train248.csv,Side II,Side II,True
Exp6_Ensemble_XGB_ExtraTrees,2,Train249.csv,Normal,Normal,True
Exp6_Ensemble_XGB_ExtraTrees,2,Train256.csv,Normal,Normal,True
Exp6_Ensemble_XGB_ExtraTrees,2,Train258.csv,Normal,Normal,True
Exp6_Ensemble_XGB_ExtraTrees,2,Train266.csv,Normal,Normal,True
Exp6_Ensemble_XGB_ExtraTrees,2,Train270.csv,Normal,Normal,True
Exp6_Ensemble_XGB_ExtraTrees,3,Train2.csv,Side II,Side II,True
Exp6_Ensemble_XGB_ExtraTrees,3,Train6.csv,Normal,Normal,True
Exp6_Ensemble_XGB_ExtraTrees,3,Train7.csv,Normal,Normal,True
Exp6_Ensemble_XGB_ExtraTrees,3,Train20.csv,Normal,Normal,True
Exp6_Ensemble_XGB_ExtraTrees,3,Train25.csv,Normal,Normal,True
Exp6_Ensemble_XGB_ExtraTrees,3,Train38.csv,Normal,Normal,True
Exp6_Ensemble_XGB_ExtraTrees,3,Train39.csv,Normal,Normal,True
Exp6_Ensemble_XGB_ExtraTrees,3,Train48.csv,Normal,Normal,True
Exp6_Ensemble_XGB_ExtraTrees,3,Train54.csv,Normal,Normal,True
Exp6_Ensemble_XGB_ExtraTrees,3,Train61.csv,Normal,Normal,True
Exp6_Ensemble_XGB_ExtraTrees,3,Train63.csv,Normal,Normal,True
Exp6_Ensemble_XGB_ExtraTrees,3,Train67.csv,Normal,Normal,True
Exp6_Ensemble_XGB_ExtraTrees,3,Train70.csv,Normal,Normal,True
Exp6_Ensemble_XGB_ExtraTrees,3,Train72.csv,Side II,Side II,True
Exp6_Ensemble_XGB_ExtraTrees,3,Train75.csv,Normal,Normal,True
Exp6_Ensemble_XGB_ExtraTrees,3,Train79.csv,Normal,Normal,True
Exp6_Ensemble_XGB_ExtraTrees,3,Train80.csv,Normal,Normal,True
Exp6_Ensemble_XGB_ExtraTrees,3,Train83.csv,Side I,Side I,True
Exp6_Ensemble_XGB_ExtraTrees,3,Train85.csv,Normal,Normal,True
Exp6_Ensemble_XGB_ExtraTrees,3,Train89.csv,Normal,Side I,False
Exp6_Ensemble_XGB_ExtraTrees,3,Train91.csv,Normal,Normal,True
Exp6_Ensemble_XGB_ExtraTrees,3,Train98.csv,Normal,Normal,True
Exp6_Ensemble_XGB_ExtraTrees,3,Train99.csv,Normal,Normal,True
Exp6_Ensemble_XGB_ExtraTrees,3,Train104.csv,Side II,Side II,True
Exp6_Ensemble_XGB_ExtraTrees,3,Train110.csv,Normal,Normal,True
Exp6_Ensemble_XGB_ExtraTrees,3,Train114.csv,Normal,Normal,True
Exp6_Ensemble_XGB_ExtraTrees,3,Train124.csv,Normal,Normal,True
Exp6_Ensemble_XGB_ExtraTrees,3,Train125.csv,Normal,Normal,True
Exp6_Ensemble_XGB_ExtraTrees,3,Train126.csv,Normal,Normal,True
Exp6_Ensemble_XGB_ExtraTrees,3,Train127.csv,Side II,Side II,True
Exp6_Ensemble_XGB_ExtraTrees,3,Train133.csv,Normal,Normal,True
Exp6_Ensemble_XGB_ExtraTrees,3,Train135.csv,Normal,Normal,True
Exp6_Ensemble_XGB_ExtraTrees,3,Train139.csv,Normal,Normal,True
Exp6_Ensemble_XGB_ExtraTrees,3,Train141.csv,Normal,Normal,True
Exp6_Ensemble_XGB_ExtraTrees,3,Train151.csv,Normal,Normal,True
Exp6_Ensemble_XGB_ExtraTrees,3,Train155.csv,Normal,Normal,True
Exp6_Ensemble_XGB_ExtraTrees,3,Train163.csv,Side I,Side I,True
Exp6_Ensemble_XGB_ExtraTrees,3,Train164.csv,Side II,Side II,True
Exp6_Ensemble_XGB_ExtraTrees,3,Train166.csv,Normal,Normal,True
Exp6_Ensemble_XGB_ExtraTrees,3,Train175.csv,Normal,Normal,True
Exp6_Ensemble_XGB_ExtraTrees,3,Train183.csv,Normal,Normal,True
Exp6_Ensemble_XGB_ExtraTrees,3,Train186.csv,Normal,Normal,True
Exp6_Ensemble_XGB_ExtraTrees,3,Train197.csv,Normal,Side II,False
Exp6_Ensemble_XGB_ExtraTrees,3,Train211.csv,Normal,Normal,True
Exp6_Ensemble_XGB_ExtraTrees,3,Train219.csv,Normal,Normal,True
Exp6_Ensemble_XGB_ExtraTrees,3,Train224.csv,Normal,Normal,True
Exp6_Ensemble_XGB_ExtraTrees,3,Train243.csv,Normal,Normal,True
Exp6_Ensemble_XGB_ExtraTrees,3,Train251.csv,Normal,Side II,False
Exp6_Ensemble_XGB_ExtraTrees,3,Train253.csv,Normal,Normal,True
Exp6_Ensemble_XGB_ExtraTrees,3,Train254.csv,Normal,Normal,True
Exp6_Ensemble_XGB_ExtraTrees,3,Train255.csv,Normal,Normal,True
Exp6_Ensemble_XGB_ExtraTrees,3,Train261.csv,Normal,Normal,True
Exp6_Ensemble_XGB_ExtraTrees,3,Train268.csv,Normal,Normal,True
Exp6_Ensemble_XGB_ExtraTrees,3,Train272.csv,Normal,Normal,True
Exp6_Ensemble_XGB_ExtraTrees,4,Train4.csv,Normal,Normal,True
Exp6_Ensemble_XGB_ExtraTrees,4,Train18.csv,Normal,Normal,True
Exp6_Ensemble_XGB_ExtraTrees,4,Train27.csv,Normal,Normal,True
Exp6_Ensemble_XGB_ExtraTrees,4,Train32.csv,Normal,Normal,True
Exp6_Ensemble_XGB_ExtraTrees,4,Train35.csv,Normal,Normal,True
Exp6_Ensemble_XGB_ExtraTrees,4,Train40.csv,Normal,Normal,True
Exp6_Ensemble_XGB_ExtraTrees,4,Train41.csv,Normal,Normal,True
Exp6_Ensemble_XGB_ExtraTrees,4,Train44.csv,Normal,Normal,True
Exp6_Ensemble_XGB_ExtraTrees,4,Train45.csv,Normal,Normal,True
Exp6_Ensemble_XGB_ExtraTrees,4,Train46.csv,Normal,Normal,True
Exp6_Ensemble_XGB_ExtraTrees,4,Train55.csv,Normal,Normal,True
Exp6_Ensemble_XGB_ExtraTrees,4,Train56.csv,Normal,Normal,True
Exp6_Ensemble_XGB_ExtraTrees,4,Train57.csv,Normal,Normal,True
Exp6_Ensemble_XGB_ExtraTrees,4,Train59.csv,Normal,Normal,True
Exp6_Ensemble_XGB_ExtraTrees,4,Train64.csv,Normal,Normal,True
Exp6_Ensemble_XGB_ExtraTrees,4,Train68.csv,Normal,Normal,True
Exp6_Ensemble_XGB_ExtraTrees,4,Train69.csv,Normal,Normal,True
Exp6_Ensemble_XGB_ExtraTrees,4,Train86.csv,Normal,Normal,True
Exp6_Ensemble_XGB_ExtraTrees,4,Train87.csv,Normal,Normal,True
Exp6_Ensemble_XGB_ExtraTrees,4,Train93.csv,Side II,Side II,True
Exp6_Ensemble_XGB_ExtraTrees,4,Train103.csv,Side II,Side II,True
Exp6_Ensemble_XGB_ExtraTrees,4,Train105.csv,Normal,Normal,True
Exp6_Ensemble_XGB_ExtraTrees,4,Train107.csv,Normal,Normal,True
Exp6_Ensemble_XGB_ExtraTrees,4,Train112.csv,Normal,Normal,True
Exp6_Ensemble_XGB_ExtraTrees,4,Train116.csv,Normal,Normal,True
Exp6_Ensemble_XGB_ExtraTrees,4,Train118.csv,Normal,Normal,True
Exp6_Ensemble_XGB_ExtraTrees,4,Train128.csv,Normal,Normal,True
Exp6_Ensemble_XGB_ExtraTrees,4,Train131.csv,Normal,Normal,True
Exp6_Ensemble_XGB_ExtraTrees,4,Train132.csv,Normal,Normal,True
Exp6_Ensemble_XGB_ExtraTrees,4,Train145.csv,Normal,Normal,True
Exp6_Ensemble_XGB_ExtraTrees,4,Train148.csv,Normal,Normal,True
Exp6_Ensemble_XGB_ExtraTrees,4,Train153.csv,Normal,Normal,True
Exp6_Ensemble_XGB_ExtraTrees,4,Train157.csv,Normal,Normal,True
Exp6_Ensemble_XGB_ExtraTrees,4,Train159.csv,Normal,Normal,True
Exp6_Ensemble_XGB_ExtraTrees,4,Train162.csv,Normal,Normal,True
Exp6_Ensemble_XGB_ExtraTrees,4,Train168.csv,Normal,Normal,True
Exp6_Ensemble_XGB_ExtraTrees,4,Train170.csv,Side I,Normal,False
Exp6_Ensemble_XGB_ExtraTrees,4,Train176.csv,Normal,Side II,False
Exp6_Ensemble_XGB_ExtraTrees,4,Train178.csv,Normal,Normal,True
Exp6_Ensemble_XGB_ExtraTrees,4,Train181.csv,Normal,Normal,True
Exp6_Ensemble_XGB_ExtraTrees,4,Train188.csv,Side II,Side II,True
Exp6_Ensemble_XGB_ExtraTrees,4,Train192.csv,Normal,Normal,True
Exp6_Ensemble_XGB_ExtraTrees,4,Train202.csv,Side I,Side I,True
Exp6_Ensemble_XGB_ExtraTrees,4,Train213.csv,Side I,Side I,True
Exp6_Ensemble_XGB_ExtraTrees,4,Train214.csv,Normal,Normal,True
Exp6_Ensemble_XGB_ExtraTrees,4,Train227.csv,Normal,Normal,True
Exp6_Ensemble_XGB_ExtraTrees,4,Train232.csv,Normal,Normal,True
Exp6_Ensemble_XGB_ExtraTrees,4,Train238.csv,Normal,Normal,True
Exp6_Ensemble_XGB_ExtraTrees,4,Train241.csv,Normal,Normal,True
Exp6_Ensemble_XGB_ExtraTrees,4,Train245.csv,Normal,Normal,True
Exp6_Ensemble_XGB_ExtraTrees,4,Train250.csv,Normal,Normal,True
Exp6_Ensemble_XGB_ExtraTrees,4,Train252.csv,Normal,Normal,True
Exp6_Ensemble_XGB_ExtraTrees,4,Train267.csv,Side II,Side II,True
Exp6_Ensemble_XGB_ExtraTrees,4,Train271.csv,Normal,Normal,True
Exp6_Ensemble_XGB_ExtraTrees,5,Train3.csv,Normal,Normal,True
Exp6_Ensemble_XGB_ExtraTrees,5,Train8.csv,Normal,Normal,True
Exp6_Ensemble_XGB_ExtraTrees,5,Train10.csv,Normal,Normal,True
Exp6_Ensemble_XGB_ExtraTrees,5,Train13.csv,Normal,Normal,True
Exp6_Ensemble_XGB_ExtraTrees,5,Train15.csv,Normal,Normal,True
Exp6_Ensemble_XGB_ExtraTrees,5,Train17.csv,Normal,Normal,True
Exp6_Ensemble_XGB_ExtraTrees,5,Train21.csv,Normal,Normal,True
Exp6_Ensemble_XGB_ExtraTrees,5,Train23.csv,Normal,Normal,True
Exp6_Ensemble_XGB_ExtraTrees,5,Train28.csv,Normal,Normal,True
Exp6_Ensemble_XGB_ExtraTrees,5,Train47.csv,Normal,Normal,True
Exp6_Ensemble_XGB_ExtraTrees,5,Train50.csv,Normal,Normal,True
Exp6_Ensemble_XGB_ExtraTrees,5,Train51.csv,Normal,Normal,True
Exp6_Ensemble_XGB_ExtraTrees,5,Train58.csv,Normal,Normal,True
Exp6_Ensemble_XGB_ExtraTrees,5,Train60.csv,Normal,Side II,False
Exp6_Ensemble_XGB_ExtraTrees,5,Train62.csv,Side I,Side I,True
Exp6_Ensemble_XGB_ExtraTrees,5,Train71.csv,Normal,Normal,True
Exp6_Ensemble_XGB_ExtraTrees,5,Train74.csv,Normal,Normal,True
Exp6_Ensemble_XGB_ExtraTrees,5,Train90.csv,Normal,Normal,True
Exp6_Ensemble_XGB_ExtraTrees,5,Train101.csv,Normal,Normal,True
Exp6_Ensemble_XGB_ExtraTrees,5,Train106.csv,Side I,Side I,True
Exp6_Ensemble_XGB_ExtraTrees,5,Train111.csv,Side II,Side II,True
Exp6_Ensemble_XGB_ExtraTrees,5,Train117.csv,Normal,Normal,True
Exp6_Ensemble_XGB_ExtraTrees,5,Train137.csv,Side I,Side I,True
Exp6_Ensemble_XGB_ExtraTrees,5,Train140.csv,Normal,Normal,True
Exp6_Ensemble_XGB_ExtraTrees,5,Train144.csv,Normal,Normal,True
Exp6_Ensemble_XGB_ExtraTrees,5,Train156.csv,Normal,Normal,True
Exp6_Ensemble_XGB_ExtraTrees,5,Train169.csv,Normal,Side II,False
Exp6_Ensemble_XGB_ExtraTrees,5,Train173.csv,Normal,Normal,True
Exp6_Ensemble_XGB_ExtraTrees,5,Train179.csv,Side II,Side II,True
Exp6_Ensemble_XGB_ExtraTrees,5,Train187.csv,Normal,Normal,True
Exp6_Ensemble_XGB_ExtraTrees,5,Train189.csv,Normal,Normal,True
Exp6_Ensemble_XGB_ExtraTrees,5,Train190.csv,Normal,Normal,True
Exp6_Ensemble_XGB_ExtraTrees,5,Train199.csv,Side II,Side II,True
Exp6_Ensemble_XGB_ExtraTrees,5,Train203.csv,Normal,Normal,True
Exp6_Ensemble_XGB_ExtraTrees,5,Train204.csv,Normal,Normal,True
Exp6_Ensemble_XGB_ExtraTrees,5,Train210.csv,Normal,Normal,True
Exp6_Ensemble_XGB_ExtraTrees,5,Train218.csv,Normal,Normal,True
Exp6_Ensemble_XGB_ExtraTrees,5,Train220.csv,Normal,Normal,True
Exp6_Ensemble_XGB_ExtraTrees,5,Train221.csv,Normal,Normal,True
Exp6_Ensemble_XGB_ExtraTrees,5,Train226.csv,Normal,Normal,True
Exp6_Ensemble_XGB_ExtraTrees,5,Train228.csv,Normal,Normal,True
Exp6_Ensemble_XGB_ExtraTrees,5,Train229.csv,Normal,Normal,True
Exp6_Ensemble_XGB_ExtraTrees,5,Train230.csv,Normal,Normal,True
Exp6_Ensemble_XGB_ExtraTrees,5,Train231.csv,Normal,Normal,True
Exp6_Ensemble_XGB_ExtraTrees,5,Train239.csv,Normal,Normal,True
Exp6_Ensemble_XGB_ExtraTrees,5,Train240.csv,Side II,Side II,True
Exp6_Ensemble_XGB_ExtraTrees,5,Train242.csv,Normal,Normal,True
Exp6_Ensemble_XGB_ExtraTrees,5,Train246.csv,Normal,Normal,True
Exp6_Ensemble_XGB_ExtraTrees,5,Train257.csv,Normal,Normal,True
Exp6_Ensemble_XGB_ExtraTrees,5,Train259.csv,Normal,Normal,True
Exp6_Ensemble_XGB_ExtraTrees,5,Train260.csv,Normal,Normal,True
Exp6_Ensemble_XGB_ExtraTrees,5,Train262.csv,Normal,Normal,True
Exp6_Ensemble_XGB_ExtraTrees,5,Train264.csv,Normal,Normal,True
Exp6_Ensemble_XGB_ExtraTrees,5,Train265.csv,Side II,Side I,False
Exp6_Ensemble_XGB_ExtraTrees,6,Train5.csv,Normal,Normal,True
Exp6_Ensemble_XGB_ExtraTrees,6,Train17.csv,Normal,Normal,True
Exp6_Ensemble_XGB_ExtraTrees,6,Train24.csv,Normal,Normal,True
Exp6_Ensemble_XGB_ExtraTrees,6,Train25.csv,Normal,Normal,True
Exp6_Ensemble_XGB_ExtraTrees,6,Train28.csv,Normal,Normal,True
Exp6_Ensemble_XGB_ExtraTrees,6,Train29.csv,Normal,Normal,True
Exp6_Ensemble_XGB_ExtraTrees,6,Train30.csv,Side II,Side II,True
Exp6_Ensemble_XGB_ExtraTrees,6,Train55.csv,Normal,Normal,True
Exp6_Ensemble_XGB_ExtraTrees,6,Train56.csv,Normal,Normal,True
Exp6_Ensemble_XGB_ExtraTrees,6,Train70.csv,Normal,Normal,True
Exp6_Ensemble_XGB_ExtraTrees,6,Train75.csv,Normal,Normal,True
Exp6_Ensemble_XGB_ExtraTrees,6,Train76.csv,Normal,Normal,True
Exp6_Ensemble_XGB_ExtraTrees,6,Train78.csv,Normal,Normal,True
Exp6_Ensemble_XGB_ExtraTrees,6,Train86.csv,Normal,Normal,True
Exp6_Ensemble_XGB_ExtraTrees,6,Train91.csv,Normal,Normal,True
Exp6_Ensemble_XGB_ExtraTrees,6,Train94.csv,Normal,Normal,True
Exp6_Ensemble_XGB_ExtraTrees,6,Train97.csv,Normal,Normal,True
Exp6_Ensemble_XGB_ExtraTrees,6,Train106.csv,Side I,Normal,False
Exp6_Ensemble_XGB_ExtraTrees,6,Train109.csv,Normal,Normal,True
Exp6_Ensemble_XGB_ExtraTrees,6,Train111.csv,Side II,Side II,True
Exp6_Ensemble_XGB_ExtraTrees,6,Train131.csv,Normal,Normal,True
Exp6_Ensemble_XGB_ExtraTrees,6,Train135.csv,Normal,Normal,True
Exp6_Ensemble_XGB_ExtraTrees,6,Train136.csv,Normal,Normal,True
Exp6_Ensemble_XGB_ExtraTrees,6,Train141.csv,Normal,Normal,True
Exp6_Ensemble_XGB_ExtraTrees,6,Train142.csv,Normal,Normal,True
Exp6_Ensemble_XGB_ExtraTrees,6,Train143.csv,Normal,Normal,True
Exp6_Ensemble_XGB_ExtraTrees,6,Train145.csv,Normal,Normal,True
Exp6_Ensemble_XGB_ExtraTrees,6,Train148.csv,Normal,Normal,True
Exp6_Ensemble_XGB_ExtraTrees,6,Train152.csv,Normal,Normal,True
Exp6_Ensemble_XGB_ExtraTrees,6,Train153.csv,Normal,Normal,True
Exp6_Ensemble_XGB_ExtraTrees,6,Train154.csv,Normal,Normal,True
Exp6_Ensemble_XGB_ExtraTrees,6,Train160.csv,Normal,Normal,True
Exp6_Ensemble_XGB_ExtraTrees,6,Train169.csv,Normal,Normal,True
Exp6_Ensemble_XGB_ExtraTrees,6,Train171.csv,Normal,Normal,True
Exp6_Ensemble_XGB_ExtraTrees,6,Train181.csv,Normal,Normal,True
Exp6_Ensemble_XGB_ExtraTrees,6,Train182.csv,Normal,Normal,True
Exp6_Ensemble_XGB_ExtraTrees,6,Train185.csv,Side I,Normal,False
Exp6_Ensemble_XGB_ExtraTrees,6,Train186.csv,Normal,Normal,True
Exp6_Ensemble_XGB_ExtraTrees,6,Train189.csv,Normal,Normal,True
Exp6_Ensemble_XGB_ExtraTrees,6,Train191.csv,Normal,Normal,True
Exp6_Ensemble_XGB_ExtraTrees,6,Train193.csv,Normal,Normal,True
Exp6_Ensemble_XGB_ExtraTrees,6,Train194.csv,Side I,Side I,True
Exp6_Ensemble_XGB_ExtraTrees,6,Train195.csv,Normal,Normal,True
Exp6_Ensemble_XGB_ExtraTrees,6,Train203.csv,Normal,Normal,True
Exp6_Ensemble_XGB_ExtraTrees,6,Train205.csv,Normal,Normal,True
Exp6_Ensemble_XGB_ExtraTrees,6,Train209.csv,Normal,Normal,True
Exp6_Ensemble_XGB_ExtraTrees,6,Train210.csv,Normal,Normal,True
Exp6_Ensemble_XGB_ExtraTrees,6,Train214.csv,Normal,Normal,True
Exp6_Ensemble_XGB_ExtraTrees,6,Train216.csv,Side II,Normal,False
Exp6_Ensemble_XGB_ExtraTrees,6,Train217.csv,Side II,Side II,True
Exp6_Ensemble_XGB_ExtraTrees,6,Train218.csv,Normal,Normal,True
Exp6_Ensemble_XGB_ExtraTrees,6,Train230.csv,Normal,Normal,True
Exp6_Ensemble_XGB_ExtraTrees,6,Train232.csv,Normal,Normal,True
Exp6_Ensemble_XGB_ExtraTrees,6,Train248.csv,Side II,Side II,True
Exp6_Ensemble_XGB_ExtraTrees,6,Train272.csv,Normal,Normal,True
Exp6_Ensemble_XGB_ExtraTrees,7,Train3.csv,Normal,Normal,True
Exp6_Ensemble_XGB_ExtraTrees,7,Train6.csv,Normal,Normal,True
Exp6_Ensemble_XGB_ExtraTrees,7,Train14.csv,Normal,Normal,True
Exp6_Ensemble_XGB_ExtraTrees,7,Train15.csv,Normal,Normal,True
Exp6_Ensemble_XGB_ExtraTrees,7,Train16.csv,Normal,Normal,True
Exp6_Ensemble_XGB_ExtraTrees,7,Train18.csv,Normal,Normal,True
Exp6_Ensemble_XGB_ExtraTrees,7,Train20.csv,Normal,Normal,True
Exp6_Ensemble_XGB_ExtraTrees,7,Train21.csv,Normal,Normal,True
Exp6_Ensemble_XGB_ExtraTrees,7,Train26.csv,Side II,Side I,False
Exp6_Ensemble_XGB_ExtraTrees,7,Train32.csv,Normal,Normal,True
Exp6_Ensemble_XGB_ExtraTrees,7,Train34.csv,Normal,Normal,True
Exp6_Ensemble_XGB_ExtraTrees,7,Train39.csv,Normal,Normal,True
Exp6_Ensemble_XGB_ExtraTrees,7,Train41.csv,Normal,Normal,True
Exp6_Ensemble_XGB_ExtraTrees,7,Train43.csv,Side II,Side II,True
Exp6_Ensemble_XGB_ExtraTrees,7,Train44.csv,Normal,Normal,True
Exp6_Ensemble_XGB_ExtraTrees,7,Train45.csv,Normal,Normal,True
Exp6_Ensemble_XGB_ExtraTrees,7,Train60.csv,Normal,Side II,False
Exp6_Ensemble_XGB_ExtraTrees,7,Train62.csv,Side I,Normal,False
Exp6_Ensemble_XGB_ExtraTrees,7,Train63.csv,Normal,Normal,True
Exp6_Ensemble_XGB_ExtraTrees,7,Train72.csv,Side II,Side II,True
Exp6_Ensemble_XGB_ExtraTrees,7,Train74.csv,Normal,Normal,True
Exp6_Ensemble_XGB_ExtraTrees,7,Train80.csv,Normal,Normal,True
Exp6_Ensemble_XGB_ExtraTrees,7,Train82.csv,Normal,Normal,True
Exp6_Ensemble_XGB_ExtraTrees,7,Train92.csv,Normal,Normal,True
Exp6_Ensemble_XGB_ExtraTrees,7,Train98.csv,Normal,Normal,True
Exp6_Ensemble_XGB_ExtraTrees,7,Train99.csv,Normal,Normal,True
Exp6_Ensemble_XGB_ExtraTrees,7,Train108.csv,Normal,Normal,True
Exp6_Ensemble_XGB_ExtraTrees,7,Train110.csv,Normal,Normal,True
Exp6_Ensemble_XGB_ExtraTrees,7,Train117.csv,Normal,Normal,True
Exp6_Ensemble_XGB_ExtraTrees,7,Train124.csv,Normal,Normal,True
Exp6_Ensemble_XGB_ExtraTrees,7,Train128.csv,Normal,Normal,True
Exp6_Ensemble_XGB_ExtraTrees,7,Train130.csv,Normal,Side I,False
Exp6_Ensemble_XGB_ExtraTrees,7,Train132.csv,Normal,Normal,True
Exp6_Ensemble_XGB_ExtraTrees,7,Train134.csv,Normal,Normal,True
Exp6_Ensemble_XGB_ExtraTrees,7,Train137.csv,Side I,Side I,True
Exp6_Ensemble_XGB_ExtraTrees,7,Train140.csv,Normal,Normal,True
Exp6_Ensemble_XGB_ExtraTrees,7,Train144.csv,Normal,Normal,True
Exp6_Ensemble_XGB_ExtraTrees,7,Train147.csv,Normal,Normal,True
Exp6_Ensemble_XGB_ExtraTrees,7,Train149.csv,Normal,Normal,True
Exp6_Ensemble_XGB_ExtraTrees,7,Train159.csv,Normal,Normal,True
Exp6_Ensemble_XGB_ExtraTrees,7,Train163.csv,Side I,Side I,True
Exp6_Ensemble_XGB_ExtraTrees,7,Train167.csv,Normal,Normal,True
Exp6_Ensemble_XGB_ExtraTrees,7,Train173.csv,Normal,Normal,True
Exp6_Ensemble_XGB_ExtraTrees,7,Train192.csv,Normal,Normal,True
Exp6_Ensemble_XGB_ExtraTrees,7,Train198.csv,Side II,Side II,True
Exp6_Ensemble_XGB_ExtraTrees,7,Train199.csv,Side II,Side II,True
Exp6_Ensemble_XGB_ExtraTrees,7,Train200.csv,Normal,Normal,True
Exp6_Ensemble_XGB_ExtraTrees,7,Train211.csv,Normal,Normal,True
Exp6_Ensemble_XGB_ExtraTrees,7,Train233.csv,Normal,Normal,True
Exp6_Ensemble_XGB_ExtraTrees,7,Train241.csv,Normal,Normal,True
Exp6_Ensemble_XGB_ExtraTrees,7,Train245.csv,Normal,Normal,True
Exp6_Ensemble_XGB_ExtraTrees,7,Train250.csv,Normal,Normal,True
Exp6_Ensemble_XGB_ExtraTrees,7,Train256.csv,Normal,Normal,True
Exp6_Ensemble_XGB_ExtraTrees,7,Train261.csv,Normal,Normal,True
Exp6_Ensemble_XGB_ExtraTrees,7,Train268.csv,Normal,Normal,True
Exp6_Ensemble_XGB_ExtraTrees,8,Train1.csv,Normal,Normal,True
Exp6_Ensemble_XGB_ExtraTrees,8,Train8.csv,Normal,Normal,True
Exp6_Ensemble_XGB_ExtraTrees,8,Train23.csv,Normal,Normal,True
Exp6_Ensemble_XGB_ExtraTrees,8,Train36.csv,Normal,Normal,True
Exp6_Ensemble_XGB_ExtraTrees,8,Train47.csv,Normal,Normal,True
Exp6_Ensemble_XGB_ExtraTrees,8,Train49.csv,Normal,Normal,True
Exp6_Ensemble_XGB_ExtraTrees,8,Train52.csv,Normal,Normal,True
Exp6_Ensemble_XGB_ExtraTrees,8,Train57.csv,Normal,Normal,True
Exp6_Ensemble_XGB_ExtraTrees,8,Train59.csv,Normal,Normal,True
Exp6_Ensemble_XGB_ExtraTrees,8,Train66.csv,Normal,Normal,True
Exp6_Ensemble_XGB_ExtraTrees,8,Train79.csv,Normal,Normal,True
Exp6_Ensemble_XGB_ExtraTrees,8,Train81.csv,Normal,Normal,True
Exp6_Ensemble_XGB_ExtraTrees,8,Train83.csv,Side I,Side I,True
Exp6_Ensemble_XGB_ExtraTrees,8,Train84.csv,Normal,Normal,True
Exp6_Ensemble_XGB_ExtraTrees,8,Train85.csv,Normal,Normal,True
Exp6_Ensemble_XGB_ExtraTrees,8,Train88.csv,Normal,Normal,True
Exp6_Ensemble_XGB_ExtraTrees,8,Train90.csv,Normal,Normal,True
Exp6_Ensemble_XGB_ExtraTrees,8,Train101.csv,Normal,Normal,True
Exp6_Ensemble_XGB_ExtraTrees,8,Train102.csv,Normal,Normal,True
Exp6_Ensemble_XGB_ExtraTrees,8,Train103.csv,Side II,Side II,True
Exp6_Ensemble_XGB_ExtraTrees,8,Train113.csv,Normal,Normal,True
Exp6_Ensemble_XGB_ExtraTrees,8,Train114.csv,Normal,Normal,True
Exp6_Ensemble_XGB_ExtraTrees,8,Train118.csv,Normal,Normal,True
Exp6_Ensemble_XGB_ExtraTrees,8,Train123.csv,Normal,Side I,False
Exp6_Ensemble_XGB_ExtraTrees,8,Train126.csv,Normal,Side II,False
Exp6_Ensemble_XGB_ExtraTrees,8,Train127.csv,Side II,Side II,True
Exp6_Ensemble_XGB_ExtraTrees,8,Train129.csv,Normal,Normal,True
Exp6_Ensemble_XGB_ExtraTrees,8,Train146.csv,Normal,Normal,True
Exp6_Ensemble_XGB_ExtraTrees,8,Train157.csv,Normal,Normal,True
Exp6_Ensemble_XGB_ExtraTrees,8,Train158.csv,Normal,Normal,True
Exp6_Ensemble_XGB_ExtraTrees,8,Train161.csv,Normal,Normal,True
Exp6_Ensemble_XGB_ExtraTrees,8,Train164.csv,Side II,Side II,True
Exp6_Ensemble_XGB_ExtraTrees,8,Train170.csv,Side I,Side I,True
Exp6_Ensemble_XGB_ExtraTrees,8,Train176.csv,Normal,Side II,False
Exp6_Ensemble_XGB_ExtraTrees,8,Train183.csv,Normal,Normal,True
Exp6_Ensemble_XGB_ExtraTrees,8,Train187.csv,Normal,Normal,True
Exp6_Ensemble_XGB_ExtraTrees,8,Train201.csv,Normal,Normal,True
Exp6_Ensemble_XGB_ExtraTrees,8,Train204.csv,Normal,Normal,True
Exp6_Ensemble_XGB_ExtraTrees,8,Train212.csv,Normal,Normal,True
Exp6_Ensemble_XGB_ExtraTrees,8,Train219.csv,Normal,Normal,True
Exp6_Ensemble_XGB_ExtraTrees,8,Train220.csv,Normal,Normal,True
Exp6_Ensemble_XGB_ExtraTrees,8,Train225.csv,Normal,Normal,True
Exp6_Ensemble_XGB_ExtraTrees,8,Train226.csv,Normal,Normal,True
Exp6_Ensemble_XGB_ExtraTrees,8,Train240.csv,Side II,Side II,True
Exp6_Ensemble_XGB_ExtraTrees,8,Train242.csv,Normal,Normal,True
Exp6_Ensemble_XGB_ExtraTrees,8,Train243.csv,Normal,Normal,True
Exp6_Ensemble_XGB_ExtraTrees,8,Train249.csv,Normal,Normal,True
Exp6_Ensemble_XGB_ExtraTrees,8,Train251.csv,Normal,Side II,False
Exp6_Ensemble_XGB_ExtraTrees,8,Train255.csv,Normal,Normal,True
Exp6_Ensemble_XGB_ExtraTrees,8,Train257.csv,Normal,Normal,True
Exp6_Ensemble_XGB_ExtraTrees,8,Train260.csv,Normal,Normal,True
Exp6_Ensemble_XGB_ExtraTrees,8,Train264.csv,Normal,Normal,True
Exp6_Ensemble_XGB_ExtraTrees,8,Train265.csv,Side II,Side I,False
Exp6_Ensemble_XGB_ExtraTrees,8,Train270.csv,Normal,Normal,True
Exp6_Ensemble_XGB_ExtraTrees,9,Train2.csv,Side II,Side II,True
Exp6_Ensemble_XGB_ExtraTrees,9,Train4.csv,Normal,Normal,True
Exp6_Ensemble_XGB_ExtraTrees,9,Train7.csv,Normal,Normal,True
Exp6_Ensemble_XGB_ExtraTrees,9,Train9.csv,Normal,Normal,True
Exp6_Ensemble_XGB_ExtraTrees,9,Train10.csv,Normal,Normal,True
Exp6_Ensemble_XGB_ExtraTrees,9,Train11.csv,Normal,Normal,True
Exp6_Ensemble_XGB_ExtraTrees,9,Train13.csv,Normal,Normal,True
Exp6_Ensemble_XGB_ExtraTrees,9,Train19.csv,Normal,Normal,True
Exp6_Ensemble_XGB_ExtraTrees,9,Train22.csv,Normal,Normal,True
Exp6_Ensemble_XGB_ExtraTrees,9,Train33.csv,Normal,Normal,True
Exp6_Ensemble_XGB_ExtraTrees,9,Train35.csv,Normal,Normal,True
Exp6_Ensemble_XGB_ExtraTrees,9,Train37.csv,Normal,Normal,True
Exp6_Ensemble_XGB_ExtraTrees,9,Train38.csv,Normal,Normal,True
Exp6_Ensemble_XGB_ExtraTrees,9,Train40.csv,Normal,Normal,True
Exp6_Ensemble_XGB_ExtraTrees,9,Train42.csv,Normal,Normal,True
Exp6_Ensemble_XGB_ExtraTrees,9,Train46.csv,Normal,Normal,True
Exp6_Ensemble_XGB_ExtraTrees,9,Train51.csv,Normal,Normal,True
Exp6_Ensemble_XGB_ExtraTrees,9,Train53.csv,Side II,Side II,True
Exp6_Ensemble_XGB_ExtraTrees,9,Train58.csv,Normal,Normal,True
Exp6_Ensemble_XGB_ExtraTrees,9,Train61.csv,Normal,Normal,True
Exp6_Ensemble_XGB_ExtraTrees,9,Train64.csv,Normal,Normal,True
Exp6_Ensemble_XGB_ExtraTrees,9,Train67.csv,Normal,Normal,True
Exp6_Ensemble_XGB_ExtraTrees,9,Train87.csv,Normal,Normal,True
Exp6_Ensemble_XGB_ExtraTrees,9,Train89.csv,Normal,Side I,False
Exp6_Ensemble_XGB_ExtraTrees,9,Train93.csv,Side II,Side II,True
Exp6_Ensemble_XGB_ExtraTrees,9,Train100.csv,Side I,Side I,True
Exp6_Ensemble_XGB_ExtraTrees,9,Train116.csv,Normal,Normal,True
Exp6_Ensemble_XGB_ExtraTrees,9,Train122.csv,Normal,Normal,True
Exp6_Ensemble_XGB_ExtraTrees,9,Train133.csv,Normal,Normal,True
Exp6_Ensemble_XGB_ExtraTrees,9,Train139.csv,Normal,Normal,True
Exp6_Ensemble_XGB_ExtraTrees,9,Train155.csv,Normal,Normal,True
Exp6_Ensemble_XGB_ExtraTrees,9,Train156.csv,Normal,Normal,True
Exp6_Ensemble_XGB_ExtraTrees,9,Train162.csv,Normal,Normal,True
Exp6_Ensemble_XGB_ExtraTrees,9,Train166.csv,Normal,Normal,True
Exp6_Ensemble_XGB_ExtraTrees,9,Train175.csv,Normal,Normal,True
Exp6_Ensemble_XGB_ExtraTrees,9,Train180.csv,Side I,Normal,False
Exp6_Ensemble_XGB_ExtraTrees,9,Train190.csv,Normal,Normal,True
Exp6_Ensemble_XGB_ExtraTrees,9,Train208.csv,Normal,Normal,True
Exp6_Ensemble_XGB_ExtraTrees,9,Train213.csv,Side I,Side I,True
Exp6_Ensemble_XGB_ExtraTrees,9,Train215.csv,Normal,Normal,True
Exp6_Ensemble_XGB_ExtraTrees,9,Train221.csv,Normal,Normal,True
Exp6_Ensemble_XGB_ExtraTrees,9,Train224.csv,Normal,Normal,True
Exp6_Ensemble_XGB_ExtraTrees,9,Train231.csv,Normal,Normal,True
Exp6_Ensemble_XGB_ExtraTrees,9,Train235.csv,Normal,Normal,True
Exp6_Ensemble_XGB_ExtraTrees,9,Train237.csv,Normal,Normal,True
Exp6_Ensemble_XGB_ExtraTrees,9,Train244.csv,Normal,Normal,True
Exp6_Ensemble_XGB_ExtraTrees,9,Train246.csv,Normal,Normal,True
Exp6_Ensemble_XGB_ExtraTrees,9,Train252.csv,Normal,Normal,True
Exp6_Ensemble_XGB_ExtraTrees,9,Train253.csv,Normal,Normal,True
Exp6_Ensemble_XGB_ExtraTrees,9,Train259.csv,Normal,Normal,True
Exp6_Ensemble_XGB_ExtraTrees,9,Train262.csv,Normal,Normal,True
Exp6_Ensemble_XGB_ExtraTrees,9,Train263.csv,Normal,Normal,True
Exp6_Ensemble_XGB_ExtraTrees,9,Train267.csv,Side II,Side II,True
Exp6_Ensemble_XGB_ExtraTrees,9,Train269.csv,Normal,Normal,True
Exp6_Ensemble_XGB_ExtraTrees,10,Train12.csv,Side II,Side II,True
Exp6_Ensemble_XGB_ExtraTrees,10,Train27.csv,Normal,Normal,True
Exp6_Ensemble_XGB_ExtraTrees,10,Train31.csv,Normal,Normal,True
Exp6_Ensemble_XGB_ExtraTrees,10,Train48.csv,Normal,Normal,True
Exp6_Ensemble_XGB_ExtraTrees,10,Train50.csv,Normal,Normal,True
Exp6_Ensemble_XGB_ExtraTrees,10,Train54.csv,Normal,Normal,True
Exp6_Ensemble_XGB_ExtraTrees,10,Train65.csv,Normal,Normal,True
Exp6_Ensemble_XGB_ExtraTrees,10,Train68.csv,Normal,Normal,True
Exp6_Ensemble_XGB_ExtraTrees,10,Train69.csv,Normal,Normal,True
Exp6_Ensemble_XGB_ExtraTrees,10,Train71.csv,Normal,Normal,True
Exp6_Ensemble_XGB_ExtraTrees,10,Train73.csv,Normal,Normal,True
Exp6_Ensemble_XGB_ExtraTrees,10,Train77.csv,Normal,Normal,True
Exp6_Ensemble_XGB_ExtraTrees,10,Train95.csv,Normal,Normal,True
Exp6_Ensemble_XGB_ExtraTrees,10,Train96.csv,Normal,Normal,True
Exp6_Ensemble_XGB_ExtraTrees,10,Train104.csv,Side II,Side II,True
Exp6_Ensemble_XGB_ExtraTrees,10,Train105.csv,Normal,Normal,True
Exp6_Ensemble_XGB_ExtraTrees,10,Train107.csv,Normal,Normal,True
Exp6_Ensemble_XGB_ExtraTrees,10,Train112.csv,Normal,Normal,True
Exp6_Ensemble_XGB_ExtraTrees,10,Train115.csv,Normal,Normal,True
Exp6_Ensemble_XGB_ExtraTrees,10,Train119.csv,Normal,Normal,True
Exp6_Ensemble_XGB_ExtraTrees,10,Train120.csv,Normal,Normal,True
Exp6_Ensemble_XGB_ExtraTrees,10,Train121.csv,Side I,Normal,False
Exp6_Ensemble_XGB_ExtraTrees,10,Train125.csv,Normal,Normal,True
Exp6_Ensemble_XGB_ExtraTrees,10,Train138.csv,Normal,Normal,True
Exp6_Ensemble_XGB_ExtraTrees,10,Train150.csv,Side I,Side I,True
Exp6_Ensemble_XGB_ExtraTrees,10,Train151.csv,Normal,Normal,True
Exp6_Ensemble_XGB_ExtraTrees,10,Train165.csv,Normal,Normal,True
Exp6_Ensemble_XGB_ExtraTrees,10,Train168.csv,Normal,Normal,True
Exp6_Ensemble_XGB_ExtraTrees,10,Train172.csv,Normal,Normal,True
Exp6_Ensemble_XGB_ExtraTrees,10,Train174.csv,Normal,Normal,True
Exp6_Ensemble_XGB_ExtraTrees,10,Train177.csv,Normal,Side I,False
Exp6_Ensemble_XGB_ExtraTrees,10,Train178.csv,Normal,Normal,True
Exp6_Ensemble_XGB_ExtraTrees,10,Train179.csv,Side II,Side II,True
Exp6_Ensemble_XGB_ExtraTrees,10,Train184.csv,Normal,Normal,True
Exp6_Ensemble_XGB_ExtraTrees,10,Train188.csv,Side II,Side II,True
Exp6_Ensemble_XGB_ExtraTrees,10,Train196.csv,Normal,Normal,True
Exp6_Ensemble_XGB_ExtraTrees,10,Train197.csv,Normal,Side II,False
Exp6_Ensemble_XGB_ExtraTrees,10,Train202.csv,Side I,Side I,True
Exp6_Ensemble_XGB_ExtraTrees,10,Train206.csv,Normal,Normal,True
Exp6_Ensemble_XGB_ExtraTrees,10,Train207.csv,Side II,Side II,True
Exp6_Ensemble_XGB_ExtraTrees,10,Train222.csv,Normal,Normal,True
Exp6_Ensemble_XGB_ExtraTrees,10,Train223.csv,Normal,Normal,True
Exp6_Ensemble_XGB_ExtraTrees,10,Train227.csv,Normal,Normal,True
Exp6_Ensemble_XGB_ExtraTrees,10,Train228.csv,Normal,Normal,True
Exp6_Ensemble_XGB_ExtraTrees,10,Train229.csv,Normal,Normal,True
Exp6_Ensemble_XGB_ExtraTrees,10,Train234.csv,Normal,Normal,True
Exp6_Ensemble_XGB_ExtraTrees,10,Train236.csv,Normal,Normal,True
Exp6_Ensemble_XGB_ExtraTrees,10,Train238.csv,Normal,Normal,True
Exp6_Ensemble_XGB_ExtraTrees,10,Train239.csv,Normal,Normal,True
Exp6_Ensemble_XGB_ExtraTrees,10,Train247.csv,Normal,Normal,True
Exp6_Ensemble_XGB_ExtraTrees,10,Train254.csv,Normal,Normal,True
Exp6_Ensemble_XGB_ExtraTrees,10,Train258.csv,Normal,Normal,True
Exp6_Ensemble_XGB_ExtraTrees,10,Train266.csv,Normal,Normal,True
Exp6_Ensemble_XGB_ExtraTrees,10,Train271.csv,Normal,Normal,True
Exp6_Ensemble_XGB_ExtraTrees,11,Train14.csv,Normal,Normal,True
Exp6_Ensemble_XGB_ExtraTrees,11,Train15.csv,Normal,Normal,True
Exp6_Ensemble_XGB_ExtraTrees,11,Train25.csv,Normal,Normal,True
Exp6_Ensemble_XGB_ExtraTrees,11,Train42.csv,Normal,Normal,True
Exp6_Ensemble_XGB_ExtraTrees,11,Train47.csv,Normal,Normal,True
Exp6_Ensemble_XGB_ExtraTrees,11,Train49.csv,Normal,Normal,True
Exp6_Ensemble_XGB_ExtraTrees,11,Train51.csv,Normal,Normal,True
Exp6_Ensemble_XGB_ExtraTrees,11,Train61.csv,Normal,Normal,True
Exp6_Ensemble_XGB_ExtraTrees,11,Train63.csv,Normal,Normal,True
Exp6_Ensemble_XGB_ExtraTrees,11,Train71.csv,Normal,Normal,True
Exp6_Ensemble_XGB_ExtraTrees,11,Train72.csv,Side II,Side II,True
Exp6_Ensemble_XGB_ExtraTrees,11,Train73.csv,Normal,Normal,True
Exp6_Ensemble_XGB_ExtraTrees,11,Train81.csv,Normal,Normal,True
Exp6_Ensemble_XGB_ExtraTrees,11,Train89.csv,Normal,Side I,False
Exp6_Ensemble_XGB_ExtraTrees,11,Train91.csv,Normal,Normal,True
Exp6_Ensemble_XGB_ExtraTrees,11,Train102.csv,Normal,Normal,True
Exp6_Ensemble_XGB_ExtraTrees,11,Train105.csv,Normal,Normal,True
Exp6_Ensemble_XGB_ExtraTrees,11,Train109.csv,Normal,Normal,True
Exp6_Ensemble_XGB_ExtraTrees,11,Train110.csv,Normal,Normal,True
Exp6_Ensemble_XGB_ExtraTrees,11,Train111.csv,Side II,Side II,True
Exp6_Ensemble_XGB_ExtraTrees,11,Train112.csv,Normal,Normal,True
Exp6_Ensemble_XGB_ExtraTrees,11,Train115.csv,Normal,Normal,True
Exp6_Ensemble_XGB_ExtraTrees,11,Train117.csv,Normal,Normal,True
Exp6_Ensemble_XGB_ExtraTrees,11,Train128.csv,Normal,Normal,True
Exp6_Ensemble_XGB_ExtraTrees,11,Train131.csv,Normal,Normal,True
Exp6_Ensemble_XGB_ExtraTrees,11,Train133.csv,Normal,Normal,True
Exp6_Ensemble_XGB_ExtraTrees,11,Train135.csv,Normal,Normal,True
Exp6_Ensemble_XGB_ExtraTrees,11,Train138.csv,Normal,Normal,True
Exp6_Ensemble_XGB_ExtraTrees,11,Train139.csv,Normal,Normal,True
Exp6_Ensemble_XGB_ExtraTrees,11,Train148.csv,Normal,Normal,True
Exp6_Ensemble_XGB_ExtraTrees,11,Train163.csv,Side I,Side I,True
Exp6_Ensemble_XGB_ExtraTrees,11,Train167.csv,Normal,Normal,True
Exp6_Ensemble_XGB_ExtraTrees,11,Train176.csv,Normal,Side II,False
Exp6_Ensemble_XGB_ExtraTrees,11,Train177.csv,Normal,Side I,False
Exp6_Ensemble_XGB_ExtraTrees,11,Train181.csv,Normal,Normal,True
Exp6_Ensemble_XGB_ExtraTrees,11,Train184.csv,Normal,Normal,True
Exp6_Ensemble_XGB_ExtraTrees,11,Train194.csv,Side I,Side I,True
Exp6_Ensemble_XGB_ExtraTrees,11,Train201.csv,Normal,Normal,True
Exp6_Ensemble_XGB_ExtraTrees,11,Train202.csv,Side I,Side I,True
Exp6_Ensemble_XGB_ExtraTrees,11,Train204.csv,Normal,Normal,True
Exp6_Ensemble_XGB_ExtraTrees,11,Train207.csv,Side II,Side II,True
Exp6_Ensemble_XGB_ExtraTrees,11,Train212.csv,Normal,Normal,True
Exp6_Ensemble_XGB_ExtraTrees,11,Train217.csv,Side II,Side II,True
Exp6_Ensemble_XGB_ExtraTrees,11,Train225.csv,Normal,Normal,True
Exp6_Ensemble_XGB_ExtraTrees,11,Train226.csv,Normal,Normal,True
Exp6_Ensemble_XGB_ExtraTrees,11,Train233.csv,Normal,Normal,True
Exp6_Ensemble_XGB_ExtraTrees,11,Train242.csv,Normal,Normal,True
Exp6_Ensemble_XGB_ExtraTrees,11,Train243.csv,Normal,Normal,True
Exp6_Ensemble_XGB_ExtraTrees,11,Train246.csv,Normal,Normal,True
Exp6_Ensemble_XGB_ExtraTrees,11,Train247.csv,Normal,Normal,True
Exp6_Ensemble_XGB_ExtraTrees,11,Train251.csv,Normal,Side II,False
Exp6_Ensemble_XGB_ExtraTrees,11,Train252.csv,Normal,Normal,True
Exp6_Ensemble_XGB_ExtraTrees,11,Train258.csv,Normal,Normal,True
Exp6_Ensemble_XGB_ExtraTrees,11,Train265.csv,Side II,Side I,False
Exp6_Ensemble_XGB_ExtraTrees,11,Train269.csv,Normal,Normal,True
Exp6_Ensemble_XGB_ExtraTrees,12,Train1.csv,Normal,Normal,True
Exp6_Ensemble_XGB_ExtraTrees,12,Train4.csv,Normal,Normal,True
Exp6_Ensemble_XGB_ExtraTrees,12,Train10.csv,Normal,Normal,True
Exp6_Ensemble_XGB_ExtraTrees,12,Train12.csv,Side II,Side II,True
Exp6_Ensemble_XGB_ExtraTrees,12,Train17.csv,Normal,Normal,True
Exp6_Ensemble_XGB_ExtraTrees,12,Train18.csv,Normal,Normal,True
Exp6_Ensemble_XGB_ExtraTrees,12,Train21.csv,Normal,Normal,True
Exp6_Ensemble_XGB_ExtraTrees,12,Train24.csv,Normal,Normal,True
Exp6_Ensemble_XGB_ExtraTrees,12,Train26.csv,Side II,Side II,True
Exp6_Ensemble_XGB_ExtraTrees,12,Train27.csv,Normal,Normal,True
Exp6_Ensemble_XGB_ExtraTrees,12,Train28.csv,Normal,Normal,True
Exp6_Ensemble_XGB_ExtraTrees,12,Train43.csv,Side II,Side II,True
Exp6_Ensemble_XGB_ExtraTrees,12,Train45.csv,Normal,Normal,True
Exp6_Ensemble_XGB_ExtraTrees,12,Train48.csv,Normal,Normal,True
Exp6_Ensemble_XGB_ExtraTrees,12,Train55.csv,Normal,Normal,True
Exp6_Ensemble_XGB_ExtraTrees,12,Train56.csv,Normal,Normal,True
Exp6_Ensemble_XGB_ExtraTrees,12,Train57.csv,Normal,Normal,True
Exp6_Ensemble_XGB_ExtraTrees,12,Train59.csv,Normal,Normal,True
Exp6_Ensemble_XGB_ExtraTrees,12,Train62.csv,Side I,Side I,True
Exp6_Ensemble_XGB_ExtraTrees,12,Train67.csv,Normal,Normal,True
Exp6_Ensemble_XGB_ExtraTrees,12,Train80.csv,Normal,Normal,True
Exp6_Ensemble_XGB_ExtraTrees,12,Train82.csv,Normal,Normal,True
Exp6_Ensemble_XGB_ExtraTrees,12,Train84.csv,Normal,Normal,True
Exp6_Ensemble_XGB_ExtraTrees,12,Train85.csv,Normal,Normal,True
Exp6_Ensemble_XGB_ExtraTrees,12,Train93.csv,Side II,Side II,True
Exp6_Ensemble_XGB_ExtraTrees,12,Train94.csv,Normal,Normal,True
Exp6_Ensemble_XGB_ExtraTrees,12,Train101.csv,Normal,Normal,True
Exp6_Ensemble_XGB_ExtraTrees,12,Train107.csv,Normal,Normal,True
Exp6_Ensemble_XGB_ExtraTrees,12,Train113.csv,Normal,Normal,True
Exp6_Ensemble_XGB_ExtraTrees,12,Train124.csv,Normal,Normal,True
Exp6_Ensemble_XGB_ExtraTrees,12,Train125.csv,Normal,Normal,True
Exp6_Ensemble_XGB_ExtraTrees,12,Train140.csv,Normal,Normal,True
Exp6_Ensemble_XGB_ExtraTrees,12,Train144.csv,Normal,Normal,True
Exp6_Ensemble_XGB_ExtraTrees,12,Train147.csv,Normal,Normal,True
Exp6_Ensemble_XGB_ExtraTrees,12,Train152.csv,Normal,Normal,True
Exp6_Ensemble_XGB_ExtraTrees,12,Train153.csv,Normal,Normal,True
Exp6_Ensemble_XGB_ExtraTrees,12,Train158.csv,Normal,Normal,True
Exp6_Ensemble_XGB_ExtraTrees,12,Train159.csv,Normal,Normal,True
Exp6_Ensemble_XGB_ExtraTrees,12,Train162.csv,Normal,Normal,True
Exp6_Ensemble_XGB_ExtraTrees,12,Train168.csv,Normal,Normal,True
Exp6_Ensemble_XGB_ExtraTrees,12,Train170.csv,Side I,Side I,True
Exp6_Ensemble_XGB_ExtraTrees,12,Train172.csv,Normal,Normal,True
Exp6_Ensemble_XGB_ExtraTrees,12,Train179.csv,Side II,Side II,True
Exp6_Ensemble_XGB_ExtraTrees,12,Train185.csv,Side I,Normal,False
Exp6_Ensemble_XGB_ExtraTrees,12,Train187.csv,Normal,Normal,True
Exp6_Ensemble_XGB_ExtraTrees,12,Train192.csv,Normal,Normal,True
Exp6_Ensemble_XGB_ExtraTrees,12,Train205.csv,Normal,Normal,True
Exp6_Ensemble_XGB_ExtraTrees,12,Train209.csv,Normal,Normal,True
Exp6_Ensemble_XGB_ExtraTrees,12,Train218.csv,Normal,Normal,True
Exp6_Ensemble_XGB_ExtraTrees,12,Train222.csv,Normal,Normal,True
Exp6_Ensemble_XGB_ExtraTrees,12,Train223.csv,Normal,Normal,True
Exp6_Ensemble_XGB_ExtraTrees,12,Train227.csv,Normal,Normal,True
Exp6_Ensemble_XGB_ExtraTrees,12,Train236.csv,Normal,Normal,True
Exp6_Ensemble_XGB_ExtraTrees,12,Train238.csv,Normal,Normal,True
Exp6_Ensemble_XGB_ExtraTrees,12,Train239.csv,Normal,Normal,True
Exp6_Ensemble_XGB_ExtraTrees,13,Train5.csv,Normal,Normal,True
Exp6_Ensemble_XGB_ExtraTrees,13,Train7.csv,Normal,Normal,True
Exp6_Ensemble_XGB_ExtraTrees,13,Train9.csv,Normal,Normal,True
Exp6_Ensemble_XGB_ExtraTrees,13,Train20.csv,Normal,Normal,True
Exp6_Ensemble_XGB_ExtraTrees,13,Train22.csv,Normal,Normal,True
Exp6_Ensemble_XGB_ExtraTrees,13,Train32.csv,Normal,Normal,True
Exp6_Ensemble_XGB_ExtraTrees,13,Train34.csv,Normal,Normal,True
Exp6_Ensemble_XGB_ExtraTrees,13,Train40.csv,Normal,Normal,True
Exp6_Ensemble_XGB_ExtraTrees,13,Train50.csv,Normal,Normal,True
Exp6_Ensemble_XGB_ExtraTrees,13,Train52.csv,Normal,Normal,True
Exp6_Ensemble_XGB_ExtraTrees,13,Train53.csv,Side II,Side II,True
Exp6_Ensemble_XGB_ExtraTrees,13,Train58.csv,Normal,Normal,True
Exp6_Ensemble_XGB_ExtraTrees,13,Train65.csv,Normal,Normal,True
Exp6_Ensemble_XGB_ExtraTrees,13,Train69.csv,Normal,Normal,True
Exp6_Ensemble_XGB_ExtraTrees,13,Train78.csv,Normal,Normal,True
Exp6_Ensemble_XGB_ExtraTrees,13,Train86.csv,Normal,Normal,True
Exp6_Ensemble_XGB_ExtraTrees,13,Train88.csv,Normal,Normal,True
Exp6_Ensemble_XGB_ExtraTrees,13,Train98.csv,Normal,Normal,True
Exp6_Ensemble_XGB_ExtraTrees,13,Train99.csv,Normal,Normal,True
Exp6_Ensemble_XGB_ExtraTrees,13,Train100.csv,Side I,Side I,True
Exp6_Ensemble_XGB_ExtraTrees,13,Train103.csv,Side II,Side II,True
Exp6_Ensemble_XGB_ExtraTrees,13,Train108.csv,Normal,Normal,True
Exp6_Ensemble_XGB_ExtraTrees,13,Train127.csv,Side II,Side II,True
Exp6_Ensemble_XGB_ExtraTrees,13,Train130.csv,Normal,Side I,False
Exp6_Ensemble_XGB_ExtraTrees,13,Train134.csv,Normal,Normal,True
Exp6_Ensemble_XGB_ExtraTrees,13,Train143.csv,Normal,Normal,True
Exp6_Ensemble_XGB_ExtraTrees,13,Train145.csv,Normal,Normal,True
Exp6_Ensemble_XGB_ExtraTrees,13,Train150.csv,Side I,Normal,False
Exp6_Ensemble_XGB_ExtraTrees,13,Train151.csv,Normal,Normal,True
Exp6_Ensemble_XGB_ExtraTrees,13,Train155.csv,Normal,Normal,True
Exp6_Ensemble_XGB_ExtraTrees,13,Train160.csv,Normal,Normal,True
Exp6_Ensemble_XGB_ExtraTrees,13,Train166.csv,Normal,Normal,True
Exp6_Ensemble_XGB_ExtraTrees,13,Train174.csv,Normal,Normal,True
Exp6_Ensemble_XGB_ExtraTrees,13,Train182.csv,Normal,Normal,True
Exp6_Ensemble_XGB_ExtraTrees,13,Train188.csv,Side II,Side II,True
Exp6_Ensemble_XGB_ExtraTrees,13,Train195.csv,Normal,Normal,True
Exp6_Ensemble_XGB_ExtraTrees,13,Train196.csv,Normal,Normal,True
Exp6_Ensemble_XGB_ExtraTrees,13,Train203.csv,Normal,Normal,True
Exp6_Ensemble_XGB_ExtraTrees,13,Train210.csv,Normal,Normal,True
Exp6_Ensemble_XGB_ExtraTrees,13,Train219.csv,Normal,Normal,True
Exp6_Ensemble_XGB_ExtraTrees,13,Train221.csv,Normal,Normal,True
Exp6_Ensemble_XGB_ExtraTrees,13,Train224.csv,Normal,Normal,True
Exp6_Ensemble_XGB_ExtraTrees,13,Train230.csv,Normal,Normal,True
Exp6_Ensemble_XGB_ExtraTrees,13,Train231.csv,Normal,Normal,True
Exp6_Ensemble_XGB_ExtraTrees,13,Train235.csv,Normal,Normal,True
Exp6_Ensemble_XGB_ExtraTrees,13,Train237.csv,Normal,Normal,True
Exp6_Ensemble_XGB_ExtraTrees,13,Train240.csv,Side II,Side II,True
Exp6_Ensemble_XGB_ExtraTrees,13,Train244.csv,Normal,Normal,True
Exp6_Ensemble_XGB_ExtraTrees,13,Train250.csv,Normal,Normal,True
Exp6_Ensemble_XGB_ExtraTrees,13,Train256.csv,Normal,Normal,True
Exp6_Ensemble_XGB_ExtraTrees,13,Train259.csv,Normal,Normal,True
Exp6_Ensemble_XGB_ExtraTrees,13,Train264.csv,Normal,Normal,True
Exp6_Ensemble_XGB_ExtraTrees,13,Train266.csv,Normal,Normal,True
Exp6_Ensemble_XGB_ExtraTrees,13,Train272.csv,Normal,Normal,True
Exp6_Ensemble_XGB_ExtraTrees,14,Train3.csv,Normal,Normal,True
Exp6_Ensemble_XGB_ExtraTrees,14,Train6.csv,Normal,Normal,True
Exp6_Ensemble_XGB_ExtraTrees,14,Train8.csv,Normal,Normal,True
Exp6_Ensemble_XGB_ExtraTrees,14,Train11.csv,Normal,Normal,True
Exp6_Ensemble_XGB_ExtraTrees,14,Train16.csv,Normal,Normal,True
Exp6_Ensemble_XGB_ExtraTrees,14,Train19.csv,Normal,Normal,True
Exp6_Ensemble_XGB_ExtraTrees,14,Train23.csv,Normal,Normal,True
Exp6_Ensemble_XGB_ExtraTrees,14,Train30.csv,Side II,Side II,True
Exp6_Ensemble_XGB_ExtraTrees,14,Train35.csv,Normal,Normal,True
Exp6_Ensemble_XGB_ExtraTrees,14,Train36.csv,Normal,Normal,True
Exp6_Ensemble_XGB_ExtraTrees,14,Train37.csv,Normal,Normal,True
Exp6_Ensemble_XGB_ExtraTrees,14,Train44.csv,Normal,Normal,True
Exp6_Ensemble_XGB_ExtraTrees,14,Train54.csv,Normal,Normal,True
Exp6_Ensemble_XGB_ExtraTrees,14,Train64.csv,Normal,Normal,True
Exp6_Ensemble_XGB_ExtraTrees,14,Train66.csv,Normal,Normal,True
Exp6_Ensemble_XGB_ExtraTrees,14,Train75.csv,Normal,Normal,True
Exp6_Ensemble_XGB_ExtraTrees,14,Train76.csv,Normal,Normal,True
Exp6_Ensemble_XGB_ExtraTrees,14,Train79.csv,Normal,Normal,True
Exp6_Ensemble_XGB_ExtraTrees,14,Train83.csv,Side I,Side I,True
Exp6_Ensemble_XGB_ExtraTrees,14,Train95.csv,Normal,Normal,True
Exp6_Ensemble_XGB_ExtraTrees,14,Train96.csv,Normal,Normal,True
Exp6_Ensemble_XGB_ExtraTrees,14,Train116.csv,Normal,Normal,True
Exp6_Ensemble_XGB_ExtraTrees,14,Train120.csv,Normal,Normal,True
Exp6_Ensemble_XGB_ExtraTrees,14,Train123.csv,Normal,Normal,True
Exp6_Ensemble_XGB_ExtraTrees,14,Train129.csv,Normal,Normal,True
Exp6_Ensemble_XGB_ExtraTrees,14,Train132.csv,Normal,Normal,True
Exp6_Ensemble_XGB_ExtraTrees,14,Train136.csv,Normal,Normal,True
Exp6_Ensemble_XGB_ExtraTrees,14,Train141.csv,Normal,Normal,True
Exp6_Ensemble_XGB_ExtraTrees,14,Train156.csv,Normal,Normal,True
Exp6_Ensemble_XGB_ExtraTrees,14,Train157.csv,Normal,Normal,True
Exp6_Ensemble_XGB_ExtraTrees,14,Train169.csv,Normal,Normal,True
Exp6_Ensemble_XGB_ExtraTrees,14,Train173.csv,Normal,Normal,True
Exp6_Ensemble_XGB_ExtraTrees,14,Train175.csv,Normal,Normal,True
Exp6_Ensemble_XGB_ExtraTrees,14,Train178.csv,Normal,Normal,True
Exp6_Ensemble_XGB_ExtraTrees,14,Train180.csv,Side I,Normal,False
Exp6_Ensemble_XGB_ExtraTrees,14,Train186.csv,Normal,Normal,True
Exp6_Ensemble_XGB_ExtraTrees,14,Train191.csv,Normal,Normal,True
Exp6_Ensemble_XGB_ExtraTrees,14,Train193.csv,Normal,Normal,True
Exp6_Ensemble_XGB_ExtraTrees,14,Train197.csv,Normal,Side II,False
Exp6_Ensemble_XGB_ExtraTrees,14,Train198.csv,Side II,Side II,True
Exp6_Ensemble_XGB_ExtraTrees,14,Train199.csv,Side II,Side II,True
Exp6_Ensemble_XGB_ExtraTrees,14,Train200.csv,Normal,Normal,True
Exp6_Ensemble_XGB_ExtraTrees,14,Train206.csv,Normal,Normal,True
Exp6_Ensemble_XGB_ExtraTrees,14,Train211.csv,Normal,Normal,True
Exp6_Ensemble_XGB_ExtraTrees,14,Train213.csv,Side I,Side I,True
Exp6_Ensemble_XGB_ExtraTrees,14,Train220.csv,Normal,Normal,True
Exp6_Ensemble_XGB_ExtraTrees,14,Train228.csv,Normal,Normal,True
Exp6_Ensemble_XGB_ExtraTrees,14,Train234.csv,Normal,Normal,True
Exp6_Ensemble_XGB_ExtraTrees,14,Train248.csv,Side II,Side II,True
Exp6_Ensemble_XGB_ExtraTrees,14,Train249.csv,Normal,Normal,True
Exp6_Ensemble_XGB_ExtraTrees,14,Train254.csv,Normal,Normal,True
Exp6_Ensemble_XGB_ExtraTrees,14,Train260.csv,Normal,Normal,True
Exp6_Ensemble_XGB_ExtraTrees,14,Train262.csv,Normal,Normal,True
Exp6_Ensemble_XGB_ExtraTrees,14,Train271.csv,Normal,Normal,True
Exp6_Ensemble_XGB_ExtraTrees,15,Train2.csv,Side II,Side II,True
Exp6_Ensemble_XGB_ExtraTrees,15,Train13.csv,Normal,Normal,True
Exp6_Ensemble_XGB_ExtraTrees,15,Train29.csv,Normal,Normal,True
Exp6_Ensemble_XGB_ExtraTrees,15,Train31.csv,Normal,Normal,True
Exp6_Ensemble_XGB_ExtraTrees,15,Train33.csv,Normal,Normal,True
Exp6_Ensemble_XGB_ExtraTrees,15,Train38.csv,Normal,Normal,True
Exp6_Ensemble_XGB_ExtraTrees,15,Train39.csv,Normal,Normal,True
Exp6_Ensemble_XGB_ExtraTrees,15,Train41.csv,Normal,Normal,True
Exp6_Ensemble_XGB_ExtraTrees,15,Train46.csv,Normal,Normal,True
Exp6_Ensemble_XGB_ExtraTrees,15,Train60.csv,Normal,Normal,True
Exp6_Ensemble_XGB_ExtraTrees,15,Train68.csv,Normal,Normal,True
Exp6_Ensemble_XGB_ExtraTrees,15,Train70.csv,Normal,Normal,True
Exp6_Ensemble_XGB_ExtraTrees,15,Train74.csv,Normal,Normal,True
Exp6_Ensemble_XGB_ExtraTrees,15,Train77.csv,Normal,Normal,True
Exp6_Ensemble_XGB_ExtraTrees,15,Train87.csv,Normal,Normal,True
Exp6_Ensemble_XGB_ExtraTrees,15,Train90.csv,Normal,Normal,True
Exp6_Ensemble_XGB_ExtraTrees,15,Train92.csv,Normal,Normal,True
Exp6_Ensemble_XGB_ExtraTrees,15,Train97.csv,Normal,Normal,True
Exp6_Ensemble_XGB_ExtraTrees,15,Train104.csv,Side II,Side II,True
Exp6_Ensemble_XGB_ExtraTrees,15,Train106.csv,Side I,Side I,True
Exp6_Ensemble_XGB_ExtraTrees,15,Train114.csv,Normal,Normal,True
Exp6_Ensemble_XGB_ExtraTrees,15,Train118.csv,Normal,Normal,True
Exp6_Ensemble_XGB_ExtraTrees,15,Train119.csv,Normal,Normal,True
Exp6_Ensemble_XGB_ExtraTrees,15,Train121.csv,Side I,Normal,False
Exp6_Ensemble_XGB_ExtraTrees,15,Train122.csv,Normal,Normal,True
Exp6_Ensemble_XGB_ExtraTrees,15,Train126.csv,Normal,Normal,True
Exp6_Ensemble_XGB_ExtraTrees,15,Train137.csv,Side I,Side I,True
Exp6_Ensemble_XGB_ExtraTrees,15,Train142.csv,Normal,Normal,True
Exp6_Ensemble_XGB_ExtraTrees,15,Train146.csv,Normal,Normal,True
Exp6_Ensemble_XGB_ExtraTrees,15,Train149.csv,Normal,Normal,True
Exp6_Ensemble_XGB_ExtraTrees,15,Train154.csv,Normal,Normal,True
Exp6_Ensemble_XGB_ExtraTrees,15,Train161.csv,Normal,Normal,True
Exp6_Ensemble_XGB_ExtraTrees,15,Train164.csv,Side II,Side II,True
Exp6_Ensemble_XGB_ExtraTrees,15,Train165.csv,Normal,Normal,True
Exp6_Ensemble_XGB_ExtraTrees,15,Train171.csv,Normal,Normal,True
Exp6_Ensemble_XGB_ExtraTrees,15,Train183.csv,Normal,Normal,True
Exp6_Ensemble_XGB_ExtraTrees,15,Train189.csv,Normal,Normal,True
Exp6_Ensemble_XGB_ExtraTrees,15,Train190.csv,Normal,Normal,True
Exp6_Ensemble_XGB_ExtraTrees,15,Train208.csv,Normal,Normal,True
Exp6_Ensemble_XGB_ExtraTrees,15,Train214.csv,Normal,Normal,True
Exp6_Ensemble_XGB_ExtraTrees,15,Train215.csv,Normal,Normal,True
Exp6_Ensemble_XGB_ExtraTrees,15,Train216.csv,Side II,Normal,False
Exp6_Ensemble_XGB_ExtraTrees,15,Train229.csv,Normal,Normal,True
Exp6_Ensemble_XGB_ExtraTrees,15,Train232.csv,Normal,Normal,True
Exp6_Ensemble_XGB_ExtraTrees,15,Train241.csv,Normal,Normal,True
Exp6_Ensemble_XGB_ExtraTrees,15,Train245.csv,Normal,Normal,True
Exp6_Ensemble_XGB_ExtraTrees,15,Train253.csv,Normal,Normal,True
Exp6_Ensemble_XGB_ExtraTrees,15,Train255.csv,Normal,Normal,True
Exp6_Ensemble_XGB_ExtraTrees,15,Train257.csv,Normal,Normal,True
Exp6_Ensemble_XGB_ExtraTrees,15,Train261.csv,Normal,Normal,True
Exp6_Ensemble_XGB_ExtraTrees,15,Train263.csv,Normal,Normal,True
Exp6_Ensemble_XGB_ExtraTrees,15,Train267.csv,Side II,Side II,True
Exp6_Ensemble_XGB_ExtraTrees,15,Train268.csv,Normal,Normal,True
Exp6_Ensemble_XGB_ExtraTrees,15,Train270.csv,Normal,Normal,True
