experiment,fold,filename,true_label,prediction,correct
XGB_all_baseline,1,Train5.csv,Normal,Normal,True
XGB_all_baseline,1,Train11.csv,Normal,Normal,True
XGB_all_baseline,1,Train12.csv,Side II,Side II,True
XGB_all_baseline,1,Train16.csv,Normal,Normal,True
XGB_all_baseline,1,Train19.csv,Normal,Normal,True
XGB_all_baseline,1,Train22.csv,Normal,Normal,True
XGB_all_baseline,1,Train24.csv,Normal,Normal,True
XGB_all_baseline,1,Train26.csv,Side II,Side II,True
XGB_all_baseline,1,Train29.csv,Normal,Normal,True
XGB_all_baseline,1,Train30.csv,Side II,Normal,False
XGB_all_baseline,1,Train34.csv,Normal,Normal,True
XGB_all_baseline,1,Train37.csv,Normal,Normal,True
XGB_all_baseline,1,Train42.csv,Normal,Normal,True
XGB_all_baseline,1,Train66.csv,Normal,Normal,True
XGB_all_baseline,1,Train78.csv,Normal,Normal,True
XGB_all_baseline,1,Train82.csv,Normal,Normal,True
XGB_all_baseline,1,Train92.csv,Normal,Normal,True
XGB_all_baseline,1,Train94.csv,Normal,Normal,True
XGB_all_baseline,1,Train95.csv,Normal,Normal,True
XGB_all_baseline,1,Train96.csv,Normal,Normal,True
XGB_all_baseline,1,Train97.csv,Normal,Normal,True
XGB_all_baseline,1,Train100.csv,Side I,Side II,False
XGB_all_baseline,1,Train109.csv,Normal,Normal,True
XGB_all_baseline,1,Train115.csv,Normal,Normal,True
XGB_all_baseline,1,Train119.csv,Normal,Normal,True
XGB_all_baseline,1,Train120.csv,Normal,Normal,True
XGB_all_baseline,1,Train123.csv,Normal,Side I,False
XGB_all_baseline,1,Train134.csv,Normal,Normal,True
XGB_all_baseline,1,Train138.csv,Normal,Normal,True
XGB_all_baseline,1,Train142.csv,Normal,Normal,True
XGB_all_baseline,1,Train143.csv,Normal,Normal,True
XGB_all_baseline,1,Train146.csv,Normal,Normal,True
XGB_all_baseline,1,Train147.csv,Normal,Normal,True
XGB_all_baseline,1,Train149.csv,Normal,Normal,True
XGB_all_baseline,1,Train152.csv,Normal,Normal,True
XGB_all_baseline,1,Train161.csv,Normal,Normal,True
XGB_all_baseline,1,Train165.csv,Normal,Normal,True
XGB_all_baseline,1,Train167.csv,Normal,Normal,True
XGB_all_baseline,1,Train172.csv,Normal,Normal,True
XGB_all_baseline,1,Train177.csv,Normal,Side I,False
XGB_all_baseline,1,Train180.csv,Side I,Normal,False
XGB_all_baseline,1,Train182.csv,Normal,Normal,True
XGB_all_baseline,1,Train185.csv,Side I,Normal,False
XGB_all_baseline,1,Train195.csv,Normal,Normal,True
XGB_all_baseline,1,Train196.csv,Normal,Normal,True
XGB_all_baseline,1,Train198.csv,Side II,Side II,True
XGB_all_baseline,1,Train206.csv,Normal,Normal,True
XGB_all_baseline,1,Train208.csv,Normal,Normal,True
XGB_all_baseline,1,Train212.csv,Normal,Normal,True
XGB_all_baseline,1,Train216.csv,Side II,Normal,False
XGB_all_baseline,1,Train236.csv,Normal,Normal,True
XGB_all_baseline,1,Train244.csv,Normal,Normal,True
XGB_all_baseline,1,Train247.csv,Normal,Normal,True
XGB_all_baseline,1,Train263.csv,Normal,Normal,True
XGB_all_baseline,1,Train269.csv,Normal,Normal,True
XGB_all_baseline,2,Train1.csv,Normal,Normal,True
XGB_all_baseline,2,Train9.csv,Normal,Normal,True
XGB_all_baseline,2,Train14.csv,Normal,Normal,True
XGB_all_baseline,2,Train31.csv,Normal,Normal,True
XGB_all_baseline,2,Train33.csv,Normal,Normal,True
XGB_all_baseline,2,Train36.csv,Normal,Normal,True
XGB_all_baseline,2,Train43.csv,Side II,Side I,False
XGB_all_baseline,2,Train49.csv,Normal,Normal,True
XGB_all_baseline,2,Train52.csv,Normal,Normal,True
XGB_all_baseline,2,Train53.csv,Side II,Side II,True
XGB_all_baseline,2,Train65.csv,Normal,Normal,True
XGB_all_baseline,2,Train73.csv,Normal,Normal,True
XGB_all_baseline,2,Train76.csv,Normal,Normal,True
XGB_all_baseline,2,Train77.csv,Normal,Normal,True
XGB_all_baseline,2,Train81.csv,Normal,Normal,True
XGB_all_baseline,2,Train84.csv,Normal,Normal,True
XGB_all_baseline,2,Train88.csv,Normal,Normal,True
XGB_all_baseline,2,Train102.csv,Normal,Normal,True
XGB_all_baseline,2,Train108.csv,Normal,Normal,True
XGB_all_baseline,2,Train113.csv,Normal,Normal,True
XGB_all_baseline,2,Train121.csv,Side I,Normal,False
XGB_all_baseline,2,Train122.csv,Normal,Normal,True
XGB_all_baseline,2,Train129.csv,Normal,Normal,True
XGB_all_baseline,2,Train130.csv,Normal,Normal,True
XGB_all_baseline,2,Train136.csv,Normal,Normal,True
XGB_all_baseline,2,Train150.csv,Side I,Side I,True
XGB_all_baseline,2,Train154.csv,Normal,Normal,True
XGB_all_baseline,2,Train158.csv,Normal,Normal,True
XGB_all_baseline,2,Train160.csv,Normal,Normal,True
XGB_all_baseline,2,Train171.csv,Normal,Normal,True
XGB_all_baseline,2,Train174.csv,Normal,Normal,True
XGB_all_baseline,2,Train184.csv,Normal,Normal,True
XGB_all_baseline,2,Train191.csv,Normal,Normal,True
XGB_all_baseline,2,Train193.csv,Normal,Normal,True
XGB_all_baseline,2,Train194.csv,Side I,Normal,False
XGB_all_baseline,2,Train200.csv,Normal,Normal,True
XGB_all_baseline,2,Train201.csv,Normal,Normal,True
XGB_all_baseline,2,Train205.csv,Normal,Normal,True
XGB_all_baseline,2,Train207.csv,Side II,Side II,True
XGB_all_baseline,2,Train209.csv,Normal,Normal,True
XGB_all_baseline,2,Train215.csv,Normal,Normal,True
XGB_all_baseline,2,Train217.csv,Side II,Normal,False
XGB_all_baseline,2,Train222.csv,Normal,Normal,True
XGB_all_baseline,2,Train223.csv,Normal,Normal,True
XGB_all_baseline,2,Train225.csv,Normal,Normal,True
XGB_all_baseline,2,Train233.csv,Normal,Normal,True
XGB_all_baseline,2,Train234.csv,Normal,Normal,True
XGB_all_baseline,2,Train235.csv,Normal,Normal,True
XGB_all_baseline,2,Train237.csv,Normal,Normal,True
XGB_all_baseline,2,Train248.csv,Side II,Side II,True
XGB_all_baseline,2,Train249.csv,Normal,Normal,True
XGB_all_baseline,2,Train256.csv,Normal,Normal,True
XGB_all_baseline,2,Train258.csv,Normal,Normal,True
XGB_all_baseline,2,Train266.csv,Normal,Normal,True
XGB_all_baseline,2,Train270.csv,Normal,Normal,True
XGB_all_baseline,3,Train2.csv,Side II,Side II,True
XGB_all_baseline,3,Train6.csv,Normal,Normal,True
XGB_all_baseline,3,Train7.csv,Normal,Normal,True
XGB_all_baseline,3,Train20.csv,Normal,Normal,True
XGB_all_baseline,3,Train25.csv,Normal,Normal,True
XGB_all_baseline,3,Train38.csv,Normal,Normal,True
XGB_all_baseline,3,Train39.csv,Normal,Normal,True
XGB_all_baseline,3,Train48.csv,Normal,Normal,True
XGB_all_baseline,3,Train54.csv,Normal,Normal,True
XGB_all_baseline,3,Train61.csv,Normal,Normal,True
XGB_all_baseline,3,Train63.csv,Normal,Normal,True
XGB_all_baseline,3,Train67.csv,Normal,Normal,True
XGB_all_baseline,3,Train70.csv,Normal,Normal,True
XGB_all_baseline,3,Train72.csv,Side II,Side II,True
XGB_all_baseline,3,Train75.csv,Normal,Normal,True
XGB_all_baseline,3,Train79.csv,Normal,Normal,True
XGB_all_baseline,3,Train80.csv,Normal,Normal,True
XGB_all_baseline,3,Train83.csv,Side I,Side I,True
XGB_all_baseline,3,Train85.csv,Normal,Normal,True
XGB_all_baseline,3,Train89.csv,Normal,Normal,True
XGB_all_baseline,3,Train91.csv,Normal,Normal,True
XGB_all_baseline,3,Train98.csv,Normal,Normal,True
XGB_all_baseline,3,Train99.csv,Normal,Normal,True
XGB_all_baseline,3,Train104.csv,Side II,Side II,True
XGB_all_baseline,3,Train110.csv,Normal,Normal,True
XGB_all_baseline,3,Train114.csv,Normal,Normal,True
XGB_all_baseline,3,Train124.csv,Normal,Normal,True
XGB_all_baseline,3,Train125.csv,Normal,Normal,True
XGB_all_baseline,3,Train126.csv,Normal,Normal,True
XGB_all_baseline,3,Train127.csv,Side II,Side II,True
XGB_all_baseline,3,Train133.csv,Normal,Normal,True
XGB_all_baseline,3,Train135.csv,Normal,Normal,True
XGB_all_baseline,3,Train139.csv,Normal,Normal,True
XGB_all_baseline,3,Train141.csv,Normal,Normal,True
XGB_all_baseline,3,Train151.csv,Normal,Normal,True
XGB_all_baseline,3,Train155.csv,Normal,Normal,True
XGB_all_baseline,3,Train163.csv,Side I,Side I,True
XGB_all_baseline,3,Train164.csv,Side II,Side II,True
XGB_all_baseline,3,Train166.csv,Normal,Normal,True
XGB_all_baseline,3,Train175.csv,Normal,Normal,True
XGB_all_baseline,3,Train183.csv,Normal,Normal,True
XGB_all_baseline,3,Train186.csv,Normal,Normal,True
XGB_all_baseline,3,Train197.csv,Normal,Normal,True
XGB_all_baseline,3,Train211.csv,Normal,Normal,True
XGB_all_baseline,3,Train219.csv,Normal,Normal,True
XGB_all_baseline,3,Train224.csv,Normal,Normal,True
XGB_all_baseline,3,Train243.csv,Normal,Normal,True
XGB_all_baseline,3,Train251.csv,Normal,Side II,False
XGB_all_baseline,3,Train253.csv,Normal,Normal,True
XGB_all_baseline,3,Train254.csv,Normal,Normal,True
XGB_all_baseline,3,Train255.csv,Normal,Normal,True
XGB_all_baseline,3,Train261.csv,Normal,Normal,True
XGB_all_baseline,3,Train268.csv,Normal,Normal,True
XGB_all_baseline,3,Train272.csv,Normal,Normal,True
XGB_all_baseline,4,Train4.csv,Normal,Normal,True
XGB_all_baseline,4,Train18.csv,Normal,Normal,True
XGB_all_baseline,4,Train27.csv,Normal,Normal,True
XGB_all_baseline,4,Train32.csv,Normal,Normal,True
XGB_all_baseline,4,Train35.csv,Normal,Normal,True
XGB_all_baseline,4,Train40.csv,Normal,Normal,True
XGB_all_baseline,4,Train41.csv,Normal,Normal,True
XGB_all_baseline,4,Train44.csv,Normal,Normal,True
XGB_all_baseline,4,Train45.csv,Normal,Normal,True
XGB_all_baseline,4,Train46.csv,Normal,Normal,True
XGB_all_baseline,4,Train55.csv,Normal,Normal,True
XGB_all_baseline,4,Train56.csv,Normal,Normal,True
XGB_all_baseline,4,Train57.csv,Normal,Normal,True
XGB_all_baseline,4,Train59.csv,Normal,Normal,True
XGB_all_baseline,4,Train64.csv,Normal,Normal,True
XGB_all_baseline,4,Train68.csv,Normal,Normal,True
XGB_all_baseline,4,Train69.csv,Normal,Normal,True
XGB_all_baseline,4,Train86.csv,Normal,Normal,True
XGB_all_baseline,4,Train87.csv,Normal,Normal,True
XGB_all_baseline,4,Train93.csv,Side II,Side II,True
XGB_all_baseline,4,Train103.csv,Side II,Side II,True
XGB_all_baseline,4,Train105.csv,Normal,Normal,True
XGB_all_baseline,4,Train107.csv,Normal,Normal,True
XGB_all_baseline,4,Train112.csv,Normal,Normal,True
XGB_all_baseline,4,Train116.csv,Normal,Normal,True
XGB_all_baseline,4,Train118.csv,Normal,Normal,True
XGB_all_baseline,4,Train128.csv,Normal,Normal,True
XGB_all_baseline,4,Train131.csv,Normal,Normal,True
XGB_all_baseline,4,Train132.csv,Normal,Normal,True
XGB_all_baseline,4,Train145.csv,Normal,Normal,True
XGB_all_baseline,4,Train148.csv,Normal,Normal,True
XGB_all_baseline,4,Train153.csv,Normal,Normal,True
XGB_all_baseline,4,Train157.csv,Normal,Normal,True
XGB_all_baseline,4,Train159.csv,Normal,Normal,True
XGB_all_baseline,4,Train162.csv,Normal,Normal,True
XGB_all_baseline,4,Train168.csv,Normal,Normal,True
XGB_all_baseline,4,Train170.csv,Side I,Normal,False
XGB_all_baseline,4,Train176.csv,Normal,Normal,True
XGB_all_baseline,4,Train178.csv,Normal,Normal,True
XGB_all_baseline,4,Train181.csv,Normal,Normal,True
XGB_all_baseline,4,Train188.csv,Side II,Side II,True
XGB_all_baseline,4,Train192.csv,Normal,Normal,True
XGB_all_baseline,4,Train202.csv,Side I,Normal,False
XGB_all_baseline,4,Train213.csv,Side I,Normal,False
XGB_all_baseline,4,Train214.csv,Normal,Normal,True
XGB_all_baseline,4,Train227.csv,Normal,Normal,True
XGB_all_baseline,4,Train232.csv,Normal,Normal,True
XGB_all_baseline,4,Train238.csv,Normal,Normal,True
XGB_all_baseline,4,Train241.csv,Normal,Normal,True
XGB_all_baseline,4,Train245.csv,Normal,Normal,True
XGB_all_baseline,4,Train250.csv,Normal,Normal,True
XGB_all_baseline,4,Train252.csv,Normal,Normal,True
XGB_all_baseline,4,Train267.csv,Side II,Side II,True
XGB_all_baseline,4,Train271.csv,Normal,Normal,True
XGB_all_baseline,5,Train3.csv,Normal,Normal,True
XGB_all_baseline,5,Train8.csv,Normal,Normal,True
XGB_all_baseline,5,Train10.csv,Normal,Normal,True
XGB_all_baseline,5,Train13.csv,Normal,Normal,True
XGB_all_baseline,5,Train15.csv,Normal,Normal,True
XGB_all_baseline,5,Train17.csv,Normal,Normal,True
XGB_all_baseline,5,Train21.csv,Normal,Normal,True
XGB_all_baseline,5,Train23.csv,Normal,Normal,True
XGB_all_baseline,5,Train28.csv,Normal,Normal,True
XGB_all_baseline,5,Train47.csv,Normal,Normal,True
XGB_all_baseline,5,Train50.csv,Normal,Normal,True
XGB_all_baseline,5,Train51.csv,Normal,Normal,True
XGB_all_baseline,5,Train58.csv,Normal,Normal,True
XGB_all_baseline,5,Train60.csv,Normal,Normal,True
XGB_all_baseline,5,Train62.csv,Side I,Normal,False
XGB_all_baseline,5,Train71.csv,Normal,Normal,True
XGB_all_baseline,5,Train74.csv,Normal,Normal,True
XGB_all_baseline,5,Train90.csv,Normal,Normal,True
XGB_all_baseline,5,Train101.csv,Normal,Normal,True
XGB_all_baseline,5,Train106.csv,Side I,Normal,False
XGB_all_baseline,5,Train111.csv,Side II,Side II,True
XGB_all_baseline,5,Train117.csv,Normal,Normal,True
XGB_all_baseline,5,Train137.csv,Side I,Side I,True
XGB_all_baseline,5,Train140.csv,Normal,Normal,True
XGB_all_baseline,5,Train144.csv,Normal,Normal,True
XGB_all_baseline,5,Train156.csv,Normal,Normal,True
XGB_all_baseline,5,Train169.csv,Normal,Normal,True
XGB_all_baseline,5,Train173.csv,Normal,Normal,True
XGB_all_baseline,5,Train179.csv,Side II,Side II,True
XGB_all_baseline,5,Train187.csv,Normal,Normal,True
XGB_all_baseline,5,Train189.csv,Normal,Normal,True
XGB_all_baseline,5,Train190.csv,Normal,Normal,True
XGB_all_baseline,5,Train199.csv,Side II,Side II,True
XGB_all_baseline,5,Train203.csv,Normal,Normal,True
XGB_all_baseline,5,Train204.csv,Normal,Normal,True
XGB_all_baseline,5,Train210.csv,Normal,Normal,True
XGB_all_baseline,5,Train218.csv,Normal,Normal,True
XGB_all_baseline,5,Train220.csv,Normal,Normal,True
XGB_all_baseline,5,Train221.csv,Normal,Normal,True
XGB_all_baseline,5,Train226.csv,Normal,Normal,True
XGB_all_baseline,5,Train228.csv,Normal,Normal,True
XGB_all_baseline,5,Train229.csv,Normal,Normal,True
XGB_all_baseline,5,Train230.csv,Normal,Normal,True
XGB_all_baseline,5,Train231.csv,Normal,Normal,True
XGB_all_baseline,5,Train239.csv,Normal,Normal,True
XGB_all_baseline,5,Train240.csv,Side II,Side II,True
XGB_all_baseline,5,Train242.csv,Normal,Normal,True
XGB_all_baseline,5,Train246.csv,Normal,Normal,True
XGB_all_baseline,5,Train257.csv,Normal,Normal,True
XGB_all_baseline,5,Train259.csv,Normal,Normal,True
XGB_all_baseline,5,Train260.csv,Normal,Normal,True
XGB_all_baseline,5,Train262.csv,Normal,Normal,True
XGB_all_baseline,5,Train264.csv,Normal,Normal,True
XGB_all_baseline,5,Train265.csv,Side II,Side I,False
XGB_all_baseline,6,Train5.csv,Normal,Normal,True
XGB_all_baseline,6,Train17.csv,Normal,Normal,True
XGB_all_baseline,6,Train24.csv,Normal,Normal,True
XGB_all_baseline,6,Train25.csv,Normal,Normal,True
XGB_all_baseline,6,Train28.csv,Normal,Normal,True
XGB_all_baseline,6,Train29.csv,Normal,Normal,True
XGB_all_baseline,6,Train30.csv,Side II,Normal,False
XGB_all_baseline,6,Train55.csv,Normal,Normal,True
XGB_all_baseline,6,Train56.csv,Normal,Normal,True
XGB_all_baseline,6,Train70.csv,Normal,Normal,True
XGB_all_baseline,6,Train75.csv,Normal,Normal,True
XGB_all_baseline,6,Train76.csv,Normal,Normal,True
XGB_all_baseline,6,Train78.csv,Normal,Normal,True
XGB_all_baseline,6,Train86.csv,Normal,Normal,True
XGB_all_baseline,6,Train91.csv,Normal,Normal,True
XGB_all_baseline,6,Train94.csv,Normal,Normal,True
XGB_all_baseline,6,Train97.csv,Normal,Normal,True
XGB_all_baseline,6,Train106.csv,Side I,Side I,True
XGB_all_baseline,6,Train109.csv,Normal,Normal,True
XGB_all_baseline,6,Train111.csv,Side II,Side II,True
XGB_all_baseline,6,Train131.csv,Normal,Normal,True
XGB_all_baseline,6,Train135.csv,Normal,Normal,True
XGB_all_baseline,6,Train136.csv,Normal,Normal,True
XGB_all_baseline,6,Train141.csv,Normal,Normal,True
XGB_all_baseline,6,Train142.csv,Normal,Normal,True
XGB_all_baseline,6,Train143.csv,Normal,Normal,True
XGB_all_baseline,6,Train145.csv,Normal,Normal,True
XGB_all_baseline,6,Train148.csv,Normal,Normal,True
XGB_all_baseline,6,Train152.csv,Normal,Normal,True
XGB_all_baseline,6,Train153.csv,Normal,Normal,True
XGB_all_baseline,6,Train154.csv,Normal,Normal,True
XGB_all_baseline,6,Train160.csv,Normal,Normal,True
XGB_all_baseline,6,Train169.csv,Normal,Normal,True
XGB_all_baseline,6,Train171.csv,Normal,Normal,True
XGB_all_baseline,6,Train181.csv,Normal,Normal,True
XGB_all_baseline,6,Train182.csv,Normal,Normal,True
XGB_all_baseline,6,Train185.csv,Side I,Normal,False
XGB_all_baseline,6,Train186.csv,Normal,Normal,True
XGB_all_baseline,6,Train189.csv,Normal,Normal,True
XGB_all_baseline,6,Train191.csv,Normal,Normal,True
XGB_all_baseline,6,Train193.csv,Normal,Normal,True
XGB_all_baseline,6,Train194.csv,Side I,Normal,False
XGB_all_baseline,6,Train195.csv,Normal,Normal,True
XGB_all_baseline,6,Train203.csv,Normal,Normal,True
XGB_all_baseline,6,Train205.csv,Normal,Normal,True
XGB_all_baseline,6,Train209.csv,Normal,Normal,True
XGB_all_baseline,6,Train210.csv,Normal,Normal,True
XGB_all_baseline,6,Train214.csv,Normal,Normal,True
XGB_all_baseline,6,Train216.csv,Side II,Normal,False
XGB_all_baseline,6,Train217.csv,Side II,Side I,False
XGB_all_baseline,6,Train218.csv,Normal,Normal,True
XGB_all_baseline,6,Train230.csv,Normal,Normal,True
XGB_all_baseline,6,Train232.csv,Normal,Normal,True
XGB_all_baseline,6,Train248.csv,Side II,Side II,True
XGB_all_baseline,6,Train272.csv,Normal,Normal,True
XGB_all_baseline,7,Train3.csv,Normal,Normal,True
XGB_all_baseline,7,Train6.csv,Normal,Normal,True
XGB_all_baseline,7,Train14.csv,Normal,Normal,True
XGB_all_baseline,7,Train15.csv,Normal,Normal,True
XGB_all_baseline,7,Train16.csv,Normal,Normal,True
XGB_all_baseline,7,Train18.csv,Normal,Normal,True
XGB_all_baseline,7,Train20.csv,Normal,Normal,True
XGB_all_baseline,7,Train21.csv,Normal,Normal,True
XGB_all_baseline,7,Train26.csv,Side II,Side II,True
XGB_all_baseline,7,Train32.csv,Normal,Normal,True
XGB_all_baseline,7,Train34.csv,Normal,Normal,True
XGB_all_baseline,7,Train39.csv,Normal,Normal,True
XGB_all_baseline,7,Train41.csv,Normal,Normal,True
XGB_all_baseline,7,Train43.csv,Side II,Side II,True
XGB_all_baseline,7,Train44.csv,Normal,Normal,True
XGB_all_baseline,7,Train45.csv,Normal,Normal,True
XGB_all_baseline,7,Train60.csv,Normal,Normal,True
XGB_all_baseline,7,Train62.csv,Side I,Normal,False
XGB_all_baseline,7,Train63.csv,Normal,Normal,True
XGB_all_baseline,7,Train72.csv,Side II,Side II,True
XGB_all_baseline,7,Train74.csv,Normal,Normal,True
XGB_all_baseline,7,Train80.csv,Normal,Normal,True
XGB_all_baseline,7,Train82.csv,Normal,Normal,True
XGB_all_baseline,7,Train92.csv,Normal,Normal,True
XGB_all_baseline,7,Train98.csv,Normal,Normal,True
XGB_all_baseline,7,Train99.csv,Normal,Normal,True
XGB_all_baseline,7,Train108.csv,Normal,Normal,True
XGB_all_baseline,7,Train110.csv,Normal,Normal,True
XGB_all_baseline,7,Train117.csv,Normal,Normal,True
XGB_all_baseline,7,Train124.csv,Normal,Normal,True
XGB_all_baseline,7,Train128.csv,Normal,Normal,True
XGB_all_baseline,7,Train130.csv,Normal,Normal,True
XGB_all_baseline,7,Train132.csv,Normal,Normal,True
XGB_all_baseline,7,Train134.csv,Normal,Normal,True
XGB_all_baseline,7,Train137.csv,Side I,Side I,True
XGB_all_baseline,7,Train140.csv,Normal,Normal,True
XGB_all_baseline,7,Train144.csv,Normal,Normal,True
XGB_all_baseline,7,Train147.csv,Normal,Normal,True
XGB_all_baseline,7,Train149.csv,Normal,Normal,True
XGB_all_baseline,7,Train159.csv,Normal,Normal,True
XGB_all_baseline,7,Train163.csv,Side I,Side I,True
XGB_all_baseline,7,Train167.csv,Normal,Normal,True
XGB_all_baseline,7,Train173.csv,Normal,Normal,True
XGB_all_baseline,7,Train192.csv,Normal,Normal,True
XGB_all_baseline,7,Train198.csv,Side II,Side II,True
XGB_all_baseline,7,Train199.csv,Side II,Side II,True
XGB_all_baseline,7,Train200.csv,Normal,Normal,True
XGB_all_baseline,7,Train211.csv,Normal,Normal,True
XGB_all_baseline,7,Train233.csv,Normal,Normal,True
XGB_all_baseline,7,Train241.csv,Normal,Normal,True
XGB_all_baseline,7,Train245.csv,Normal,Normal,True
XGB_all_baseline,7,Train250.csv,Normal,Normal,True
XGB_all_baseline,7,Train256.csv,Normal,Normal,True
XGB_all_baseline,7,Train261.csv,Normal,Normal,True
XGB_all_baseline,7,Train268.csv,Normal,Normal,True
XGB_all_baseline,8,Train1.csv,Normal,Normal,True
XGB_all_baseline,8,Train8.csv,Normal,Normal,True
XGB_all_baseline,8,Train23.csv,Normal,Normal,True
XGB_all_baseline,8,Train36.csv,Normal,Normal,True
XGB_all_baseline,8,Train47.csv,Normal,Normal,True
XGB_all_baseline,8,Train49.csv,Normal,Normal,True
XGB_all_baseline,8,Train52.csv,Normal,Normal,True
XGB_all_baseline,8,Train57.csv,Normal,Normal,True
XGB_all_baseline,8,Train59.csv,Normal,Normal,True
XGB_all_baseline,8,Train66.csv,Normal,Normal,True
XGB_all_baseline,8,Train79.csv,Normal,Normal,True
XGB_all_baseline,8,Train81.csv,Normal,Normal,True
XGB_all_baseline,8,Train83.csv,Side I,Side I,True
XGB_all_baseline,8,Train84.csv,Normal,Normal,True
XGB_all_baseline,8,Train85.csv,Normal,Normal,True
XGB_all_baseline,8,Train88.csv,Normal,Normal,True
XGB_all_baseline,8,Train90.csv,Normal,Normal,True
XGB_all_baseline,8,Train101.csv,Normal,Normal,True
XGB_all_baseline,8,Train102.csv,Normal,Normal,True
XGB_all_baseline,8,Train103.csv,Side II,Normal,False
XGB_all_baseline,8,Train113.csv,Normal,Normal,True
XGB_all_baseline,8,Train114.csv,Normal,Normal,True
XGB_all_baseline,8,Train118.csv,Normal,Normal,True
XGB_all_baseline,8,Train123.csv,Normal,Side I,False
XGB_all_baseline,8,Train126.csv,Normal,Normal,True
XGB_all_baseline,8,Train127.csv,Side II,Side II,True
XGB_all_baseline,8,Train129.csv,Normal,Normal,True
XGB_all_baseline,8,Train146.csv,Normal,Normal,True
XGB_all_baseline,8,Train157.csv,Normal,Normal,True
XGB_all_baseline,8,Train158.csv,Normal,Normal,True
XGB_all_baseline,8,Train161.csv,Normal,Normal,True
XGB_all_baseline,8,Train164.csv,Side II,Side II,True
XGB_all_baseline,8,Train170.csv,Side I,Normal,False
XGB_all_baseline,8,Train176.csv,Normal,Normal,True
XGB_all_baseline,8,Train183.csv,Normal,Normal,True
XGB_all_baseline,8,Train187.csv,Normal,Normal,True
XGB_all_baseline,8,Train201.csv,Normal,Normal,True
XGB_all_baseline,8,Train204.csv,Normal,Normal,True
XGB_all_baseline,8,Train212.csv,Normal,Normal,True
XGB_all_baseline,8,Train219.csv,Normal,Normal,True
XGB_all_baseline,8,Train220.csv,Normal,Normal,True
XGB_all_baseline,8,Train225.csv,Normal,Normal,True
XGB_all_baseline,8,Train226.csv,Normal,Normal,True
XGB_all_baseline,8,Train240.csv,Side II,Side II,True
XGB_all_baseline,8,Train242.csv,Normal,Normal,True
XGB_all_baseline,8,Train243.csv,Normal,Normal,True
XGB_all_baseline,8,Train249.csv,Normal,Normal,True
XGB_all_baseline,8,Train251.csv,Normal,Side II,False
XGB_all_baseline,8,Train255.csv,Normal,Normal,True
XGB_all_baseline,8,Train257.csv,Normal,Normal,True
XGB_all_baseline,8,Train260.csv,Normal,Normal,True
XGB_all_baseline,8,Train264.csv,Normal,Normal,True
XGB_all_baseline,8,Train265.csv,Side II,Side I,False
XGB_all_baseline,8,Train270.csv,Normal,Normal,True
XGB_all_baseline,9,Train2.csv,Side II,Side II,True
XGB_all_baseline,9,Train4.csv,Normal,Normal,True
XGB_all_baseline,9,Train7.csv,Normal,Normal,True
XGB_all_baseline,9,Train9.csv,Normal,Normal,True
XGB_all_baseline,9,Train10.csv,Normal,Normal,True
XGB_all_baseline,9,Train11.csv,Normal,Normal,True
XGB_all_baseline,9,Train13.csv,Normal,Normal,True
XGB_all_baseline,9,Train19.csv,Normal,Normal,True
XGB_all_baseline,9,Train22.csv,Normal,Normal,True
XGB_all_baseline,9,Train33.csv,Normal,Normal,True
XGB_all_baseline,9,Train35.csv,Normal,Normal,True
XGB_all_baseline,9,Train37.csv,Normal,Normal,True
XGB_all_baseline,9,Train38.csv,Normal,Normal,True
XGB_all_baseline,9,Train40.csv,Normal,Normal,True
XGB_all_baseline,9,Train42.csv,Normal,Normal,True
XGB_all_baseline,9,Train46.csv,Normal,Normal,True
XGB_all_baseline,9,Train51.csv,Normal,Normal,True
XGB_all_baseline,9,Train53.csv,Side II,Side II,True
XGB_all_baseline,9,Train58.csv,Normal,Normal,True
XGB_all_baseline,9,Train61.csv,Normal,Normal,True
XGB_all_baseline,9,Train64.csv,Normal,Normal,True
XGB_all_baseline,9,Train67.csv,Normal,Normal,True
XGB_all_baseline,9,Train87.csv,Normal,Normal,True
XGB_all_baseline,9,Train89.csv,Normal,Normal,True
XGB_all_baseline,9,Train93.csv,Side II,Side II,True
XGB_all_baseline,9,Train100.csv,Side I,Side II,False
XGB_all_baseline,9,Train116.csv,Normal,Normal,True
XGB_all_baseline,9,Train122.csv,Normal,Normal,True
XGB_all_baseline,9,Train133.csv,Normal,Normal,True
XGB_all_baseline,9,Train139.csv,Normal,Normal,True
XGB_all_baseline,9,Train155.csv,Normal,Normal,True
XGB_all_baseline,9,Train156.csv,Normal,Normal,True
XGB_all_baseline,9,Train162.csv,Normal,Normal,True
XGB_all_baseline,9,Train166.csv,Normal,Normal,True
XGB_all_baseline,9,Train175.csv,Normal,Normal,True
XGB_all_baseline,9,Train180.csv,Side I,Normal,False
XGB_all_baseline,9,Train190.csv,Normal,Normal,True
XGB_all_baseline,9,Train208.csv,Normal,Normal,True
XGB_all_baseline,9,Train213.csv,Side I,Side I,True
XGB_all_baseline,9,Train215.csv,Normal,Normal,True
XGB_all_baseline,9,Train221.csv,Normal,Normal,True
XGB_all_baseline,9,Train224.csv,Normal,Normal,True
XGB_all_baseline,9,Train231.csv,Normal,Normal,True
XGB_all_baseline,9,Train235.csv,Normal,Normal,True
XGB_all_baseline,9,Train237.csv,Normal,Normal,True
XGB_all_baseline,9,Train244.csv,Normal,Normal,True
XGB_all_baseline,9,Train246.csv,Normal,Normal,True
XGB_all_baseline,9,Train252.csv,Normal,Normal,True
XGB_all_baseline,9,Train253.csv,Normal,Normal,True
XGB_all_baseline,9,Train259.csv,Normal,Normal,True
XGB_all_baseline,9,Train262.csv,Normal,Normal,True
XGB_all_baseline,9,Train263.csv,Normal,Normal,True
XGB_all_baseline,9,Train267.csv,Side II,Side II,True
XGB_all_baseline,9,Train269.csv,Normal,Normal,True
XGB_all_baseline,10,Train12.csv,Side II,Side II,True
XGB_all_baseline,10,Train27.csv,Normal,Normal,True
XGB_all_baseline,10,Train31.csv,Normal,Normal,True
XGB_all_baseline,10,Train48.csv,Normal,Normal,True
XGB_all_baseline,10,Train50.csv,Normal,Normal,True
XGB_all_baseline,10,Train54.csv,Normal,Normal,True
XGB_all_baseline,10,Train65.csv,Normal,Normal,True
XGB_all_baseline,10,Train68.csv,Normal,Normal,True
XGB_all_baseline,10,Train69.csv,Normal,Normal,True
XGB_all_baseline,10,Train71.csv,Normal,Normal,True
XGB_all_baseline,10,Train73.csv,Normal,Normal,True
XGB_all_baseline,10,Train77.csv,Normal,Normal,True
XGB_all_baseline,10,Train95.csv,Normal,Normal,True
XGB_all_baseline,10,Train96.csv,Normal,Normal,True
XGB_all_baseline,10,Train104.csv,Side II,Side II,True
XGB_all_baseline,10,Train105.csv,Normal,Normal,True
XGB_all_baseline,10,Train107.csv,Normal,Normal,True
XGB_all_baseline,10,Train112.csv,Normal,Normal,True
XGB_all_baseline,10,Train115.csv,Normal,Normal,True
XGB_all_baseline,10,Train119.csv,Normal,Normal,True
XGB_all_baseline,10,Train120.csv,Normal,Normal,True
XGB_all_baseline,10,Train121.csv,Side I,Normal,False
XGB_all_baseline,10,Train125.csv,Normal,Normal,True
XGB_all_baseline,10,Train138.csv,Normal,Normal,True
XGB_all_baseline,10,Train150.csv,Side I,Side I,True
XGB_all_baseline,10,Train151.csv,Normal,Normal,True
XGB_all_baseline,10,Train165.csv,Normal,Normal,True
XGB_all_baseline,10,Train168.csv,Normal,Normal,True
XGB_all_baseline,10,Train172.csv,Normal,Normal,True
XGB_all_baseline,10,Train174.csv,Normal,Normal,True
XGB_all_baseline,10,Train177.csv,Normal,Side I,False
XGB_all_baseline,10,Train178.csv,Normal,Normal,True
XGB_all_baseline,10,Train179.csv,Side II,Side II,True
XGB_all_baseline,10,Train184.csv,Normal,Normal,True
XGB_all_baseline,10,Train188.csv,Side II,Side II,True
XGB_all_baseline,10,Train196.csv,Normal,Normal,True
XGB_all_baseline,10,Train197.csv,Normal,Side II,False
XGB_all_baseline,10,Train202.csv,Side I,Normal,False
XGB_all_baseline,10,Train206.csv,Normal,Normal,True
XGB_all_baseline,10,Train207.csv,Side II,Side II,True
XGB_all_baseline,10,Train222.csv,Normal,Normal,True
XGB_all_baseline,10,Train223.csv,Normal,Normal,True
XGB_all_baseline,10,Train227.csv,Normal,Normal,True
XGB_all_baseline,10,Train228.csv,Normal,Normal,True
XGB_all_baseline,10,Train229.csv,Normal,Normal,True
XGB_all_baseline,10,Train234.csv,Normal,Normal,True
XGB_all_baseline,10,Train236.csv,Normal,Normal,True
XGB_all_baseline,10,Train238.csv,Normal,Normal,True
XGB_all_baseline,10,Train239.csv,Normal,Normal,True
XGB_all_baseline,10,Train247.csv,Normal,Normal,True
XGB_all_baseline,10,Train254.csv,Normal,Normal,True
XGB_all_baseline,10,Train258.csv,Normal,Normal,True
XGB_all_baseline,10,Train266.csv,Normal,Normal,True
XGB_all_baseline,10,Train271.csv,Normal,Normal,True
XGB_all_baseline,11,Train14.csv,Normal,Normal,True
XGB_all_baseline,11,Train15.csv,Normal,Normal,True
XGB_all_baseline,11,Train25.csv,Normal,Normal,True
XGB_all_baseline,11,Train42.csv,Normal,Normal,True
XGB_all_baseline,11,Train47.csv,Normal,Normal,True
XGB_all_baseline,11,Train49.csv,Normal,Normal,True
XGB_all_baseline,11,Train51.csv,Normal,Normal,True
XGB_all_baseline,11,Train61.csv,Normal,Normal,True
XGB_all_baseline,11,Train63.csv,Normal,Normal,True
XGB_all_baseline,11,Train71.csv,Normal,Normal,True
XGB_all_baseline,11,Train72.csv,Side II,Side II,True
XGB_all_baseline,11,Train73.csv,Normal,Normal,True
XGB_all_baseline,11,Train81.csv,Normal,Normal,True
XGB_all_baseline,11,Train89.csv,Normal,Normal,True
XGB_all_baseline,11,Train91.csv,Normal,Normal,True
XGB_all_baseline,11,Train102.csv,Normal,Normal,True
XGB_all_baseline,11,Train105.csv,Normal,Normal,True
XGB_all_baseline,11,Train109.csv,Normal,Normal,True
XGB_all_baseline,11,Train110.csv,Normal,Normal,True
XGB_all_baseline,11,Train111.csv,Side II,Side II,True
XGB_all_baseline,11,Train112.csv,Normal,Normal,True
XGB_all_baseline,11,Train115.csv,Normal,Normal,True
XGB_all_baseline,11,Train117.csv,Normal,Normal,True
XGB_all_baseline,11,Train128.csv,Normal,Normal,True
XGB_all_baseline,11,Train131.csv,Normal,Normal,True
XGB_all_baseline,11,Train133.csv,Normal,Normal,True
XGB_all_baseline,11,Train135.csv,Normal,Normal,True
XGB_all_baseline,11,Train138.csv,Normal,Normal,True
XGB_all_baseline,11,Train139.csv,Normal,Normal,True
XGB_all_baseline,11,Train148.csv,Normal,Normal,True
XGB_all_baseline,11,Train163.csv,Side I,Side I,True
XGB_all_baseline,11,Train167.csv,Normal,Normal,True
XGB_all_baseline,11,Train176.csv,Normal,Normal,True
XGB_all_baseline,11,Train177.csv,Normal,Side I,False
XGB_all_baseline,11,Train181.csv,Normal,Normal,True
XGB_all_baseline,11,Train184.csv,Normal,Normal,True
XGB_all_baseline,11,Train194.csv,Side I,Side II,False
XGB_all_baseline,11,Train201.csv,Normal,Normal,True
XGB_all_baseline,11,Train202.csv,Side I,Normal,False
XGB_all_baseline,11,Train204.csv,Normal,Normal,True
XGB_all_baseline,11,Train207.csv,Side II,Side II,True
XGB_all_baseline,11,Train212.csv,Normal,Normal,True
XGB_all_baseline,11,Train217.csv,Side II,Side I,False
XGB_all_baseline,11,Train225.csv,Normal,Normal,True
XGB_all_baseline,11,Train226.csv,Normal,Normal,True
XGB_all_baseline,11,Train233.csv,Normal,Normal,True
XGB_all_baseline,11,Train242.csv,Normal,Normal,True
XGB_all_baseline,11,Train243.csv,Normal,Normal,True
XGB_all_baseline,11,Train246.csv,Normal,Normal,True
XGB_all_baseline,11,Train247.csv,Normal,Normal,True
XGB_all_baseline,11,Train251.csv,Normal,Side II,False
XGB_all_baseline,11,Train252.csv,Normal,Normal,True
XGB_all_baseline,11,Train258.csv,Normal,Normal,True
XGB_all_baseline,11,Train265.csv,Side II,Side I,False
XGB_all_baseline,11,Train269.csv,Normal,Normal,True
XGB_all_baseline,12,Train1.csv,Normal,Normal,True
XGB_all_baseline,12,Train4.csv,Normal,Normal,True
XGB_all_baseline,12,Train10.csv,Normal,Normal,True
XGB_all_baseline,12,Train12.csv,Side II,Side II,True
XGB_all_baseline,12,Train17.csv,Normal,Normal,True
XGB_all_baseline,12,Train18.csv,Normal,Normal,True
XGB_all_baseline,12,Train21.csv,Normal,Normal,True
XGB_all_baseline,12,Train24.csv,Normal,Normal,True
XGB_all_baseline,12,Train26.csv,Side II,Side II,True
XGB_all_baseline,12,Train27.csv,Normal,Normal,True
XGB_all_baseline,12,Train28.csv,Normal,Normal,True
XGB_all_baseline,12,Train43.csv,Side II,Side II,True
XGB_all_baseline,12,Train45.csv,Normal,Normal,True
XGB_all_baseline,12,Train48.csv,Normal,Normal,True
XGB_all_baseline,12,Train55.csv,Normal,Normal,True
XGB_all_baseline,12,Train56.csv,Normal,Normal,True
XGB_all_baseline,12,Train57.csv,Normal,Normal,True
XGB_all_baseline,12,Train59.csv,Normal,Normal,True
XGB_all_baseline,12,Train62.csv,Side I,Side I,True
XGB_all_baseline,12,Train67.csv,Normal,Normal,True
XGB_all_baseline,12,Train80.csv,Normal,Normal,True
XGB_all_baseline,12,Train82.csv,Normal,Normal,True
XGB_all_baseline,12,Train84.csv,Normal,Normal,True
XGB_all_baseline,12,Train85.csv,Normal,Normal,True
XGB_all_baseline,12,Train93.csv,Side II,Side II,True
XGB_all_baseline,12,Train94.csv,Normal,Normal,True
XGB_all_baseline,12,Train101.csv,Normal,Normal,True
XGB_all_baseline,12,Train107.csv,Normal,Normal,True
XGB_all_baseline,12,Train113.csv,Normal,Normal,True
XGB_all_baseline,12,Train124.csv,Normal,Normal,True
XGB_all_baseline,12,Train125.csv,Normal,Normal,True
XGB_all_baseline,12,Train140.csv,Normal,Normal,True
XGB_all_baseline,12,Train144.csv,Normal,Normal,True
XGB_all_baseline,12,Train147.csv,Normal,Normal,True
XGB_all_baseline,12,Train152.csv,Normal,Normal,True
XGB_all_baseline,12,Train153.csv,Normal,Normal,True
XGB_all_baseline,12,Train158.csv,Normal,Normal,True
XGB_all_baseline,12,Train159.csv,Normal,Normal,True
XGB_all_baseline,12,Train162.csv,Normal,Normal,True
XGB_all_baseline,12,Train168.csv,Normal,Normal,True
XGB_all_baseline,12,Train170.csv,Side I,Normal,False
XGB_all_baseline,12,Train172.csv,Normal,Normal,True
XGB_all_baseline,12,Train179.csv,Side II,Side II,True
XGB_all_baseline,12,Train185.csv,Side I,Normal,False
XGB_all_baseline,12,Train187.csv,Normal,Normal,True
XGB_all_baseline,12,Train192.csv,Normal,Normal,True
XGB_all_baseline,12,Train205.csv,Normal,Normal,True
XGB_all_baseline,12,Train209.csv,Normal,Normal,True
XGB_all_baseline,12,Train218.csv,Normal,Normal,True
XGB_all_baseline,12,Train222.csv,Normal,Normal,True
XGB_all_baseline,12,Train223.csv,Normal,Normal,True
XGB_all_baseline,12,Train227.csv,Normal,Normal,True
XGB_all_baseline,12,Train236.csv,Normal,Normal,True
XGB_all_baseline,12,Train238.csv,Normal,Normal,True
XGB_all_baseline,12,Train239.csv,Normal,Normal,True
XGB_all_baseline,13,Train5.csv,Normal,Normal,True
XGB_all_baseline,13,Train7.csv,Normal,Normal,True
XGB_all_baseline,13,Train9.csv,Normal,Normal,True
XGB_all_baseline,13,Train20.csv,Normal,Normal,True
XGB_all_baseline,13,Train22.csv,Normal,Normal,True
XGB_all_baseline,13,Train32.csv,Normal,Normal,True
XGB_all_baseline,13,Train34.csv,Normal,Normal,True
XGB_all_baseline,13,Train40.csv,Normal,Normal,True
XGB_all_baseline,13,Train50.csv,Normal,Normal,True
XGB_all_baseline,13,Train52.csv,Normal,Normal,True
XGB_all_baseline,13,Train53.csv,Side II,Side II,True
XGB_all_baseline,13,Train58.csv,Normal,Normal,True
XGB_all_baseline,13,Train65.csv,Normal,Normal,True
XGB_all_baseline,13,Train69.csv,Normal,Normal,True
XGB_all_baseline,13,Train78.csv,Normal,Normal,True
XGB_all_baseline,13,Train86.csv,Normal,Normal,True
XGB_all_baseline,13,Train88.csv,Normal,Normal,True
XGB_all_baseline,13,Train98.csv,Normal,Normal,True
XGB_all_baseline,13,Train99.csv,Normal,Normal,True
XGB_all_baseline,13,Train100.csv,Side I,Side II,False
XGB_all_baseline,13,Train103.csv,Side II,Side II,True
XGB_all_baseline,13,Train108.csv,Normal,Normal,True
XGB_all_baseline,13,Train127.csv,Side II,Side II,True
XGB_all_baseline,13,Train130.csv,Normal,Normal,True
XGB_all_baseline,13,Train134.csv,Normal,Normal,True
XGB_all_baseline,13,Train143.csv,Normal,Normal,True
XGB_all_baseline,13,Train145.csv,Normal,Normal,True
XGB_all_baseline,13,Train150.csv,Side I,Normal,False
XGB_all_baseline,13,Train151.csv,Normal,Normal,True
XGB_all_baseline,13,Train155.csv,Normal,Normal,True
XGB_all_baseline,13,Train160.csv,Normal,Normal,True
XGB_all_baseline,13,Train166.csv,Normal,Normal,True
XGB_all_baseline,13,Train174.csv,Normal,Normal,True
XGB_all_baseline,13,Train182.csv,Normal,Normal,True
XGB_all_baseline,13,Train188.csv,Side II,Side II,True
XGB_all_baseline,13,Train195.csv,Normal,Normal,True
XGB_all_baseline,13,Train196.csv,Normal,Normal,True
XGB_all_baseline,13,Train203.csv,Normal,Normal,True
XGB_all_baseline,13,Train210.csv,Normal,Normal,True
XGB_all_baseline,13,Train219.csv,Normal,Normal,True
XGB_all_baseline,13,Train221.csv,Normal,Normal,True
XGB_all_baseline,13,Train224.csv,Normal,Normal,True
XGB_all_baseline,13,Train230.csv,Normal,Normal,True
XGB_all_baseline,13,Train231.csv,Normal,Normal,True
XGB_all_baseline,13,Train235.csv,Normal,Normal,True
XGB_all_baseline,13,Train237.csv,Normal,Normal,True
XGB_all_baseline,13,Train240.csv,Side II,Normal,False
XGB_all_baseline,13,Train244.csv,Normal,Normal,True
XGB_all_baseline,13,Train250.csv,Normal,Normal,True
XGB_all_baseline,13,Train256.csv,Normal,Normal,True
XGB_all_baseline,13,Train259.csv,Normal,Normal,True
XGB_all_baseline,13,Train264.csv,Normal,Normal,True
XGB_all_baseline,13,Train266.csv,Normal,Normal,True
XGB_all_baseline,13,Train272.csv,Normal,Normal,True
XGB_all_baseline,14,Train3.csv,Normal,Normal,True
XGB_all_baseline,14,Train6.csv,Normal,Normal,True
XGB_all_baseline,14,Train8.csv,Normal,Normal,True
XGB_all_baseline,14,Train11.csv,Normal,Normal,True
XGB_all_baseline,14,Train16.csv,Normal,Normal,True
XGB_all_baseline,14,Train19.csv,Normal,Normal,True
XGB_all_baseline,14,Train23.csv,Normal,Normal,True
XGB_all_baseline,14,Train30.csv,Side II,Side II,True
XGB_all_baseline,14,Train35.csv,Normal,Normal,True
XGB_all_baseline,14,Train36.csv,Normal,Normal,True
XGB_all_baseline,14,Train37.csv,Normal,Normal,True
XGB_all_baseline,14,Train44.csv,Normal,Normal,True
XGB_all_baseline,14,Train54.csv,Normal,Normal,True
XGB_all_baseline,14,Train64.csv,Normal,Normal,True
XGB_all_baseline,14,Train66.csv,Normal,Normal,True
XGB_all_baseline,14,Train75.csv,Normal,Normal,True
XGB_all_baseline,14,Train76.csv,Normal,Normal,True
XGB_all_baseline,14,Train79.csv,Normal,Normal,True
XGB_all_baseline,14,Train83.csv,Side I,Side I,True
XGB_all_baseline,14,Train95.csv,Normal,Normal,True
XGB_all_baseline,14,Train96.csv,Normal,Normal,True
XGB_all_baseline,14,Train116.csv,Normal,Normal,True
XGB_all_baseline,14,Train120.csv,Normal,Normal,True
XGB_all_baseline,14,Train123.csv,Normal,Normal,True
XGB_all_baseline,14,Train129.csv,Normal,Normal,True
XGB_all_baseline,14,Train132.csv,Normal,Normal,True
XGB_all_baseline,14,Train136.csv,Normal,Normal,True
XGB_all_baseline,14,Train141.csv,Normal,Normal,True
XGB_all_baseline,14,Train156.csv,Normal,Normal,True
XGB_all_baseline,14,Train157.csv,Normal,Normal,True
XGB_all_baseline,14,Train169.csv,Normal,Normal,True
XGB_all_baseline,14,Train173.csv,Normal,Normal,True
XGB_all_baseline,14,Train175.csv,Normal,Normal,True
XGB_all_baseline,14,Train178.csv,Normal,Normal,True
XGB_all_baseline,14,Train180.csv,Side I,Normal,False
XGB_all_baseline,14,Train186.csv,Normal,Normal,True
XGB_all_baseline,14,Train191.csv,Normal,Normal,True
XGB_all_baseline,14,Train193.csv,Normal,Normal,True
XGB_all_baseline,14,Train197.csv,Normal,Normal,True
XGB_all_baseline,14,Train198.csv,Side II,Side II,True
XGB_all_baseline,14,Train199.csv,Side II,Side II,True
XGB_all_baseline,14,Train200.csv,Normal,Normal,True
XGB_all_baseline,14,Train206.csv,Normal,Normal,True
XGB_all_baseline,14,Train211.csv,Normal,Normal,True
XGB_all_baseline,14,Train213.csv,Side I,Side I,True
XGB_all_baseline,14,Train220.csv,Normal,Normal,True
XGB_all_baseline,14,Train228.csv,Normal,Normal,True
XGB_all_baseline,14,Train234.csv,Normal,Normal,True
XGB_all_baseline,14,Train248.csv,Side II,Side II,True
XGB_all_baseline,14,Train249.csv,Normal,Normal,True
XGB_all_baseline,14,Train254.csv,Normal,Normal,True
XGB_all_baseline,14,Train260.csv,Normal,Normal,True
XGB_all_baseline,14,Train262.csv,Normal,Normal,True
XGB_all_baseline,14,Train271.csv,Normal,Normal,True
XGB_all_baseline,15,Train2.csv,Side II,Normal,False
XGB_all_baseline,15,Train13.csv,Normal,Normal,True
XGB_all_baseline,15,Train29.csv,Normal,Normal,True
XGB_all_baseline,15,Train31.csv,Normal,Normal,True
XGB_all_baseline,15,Train33.csv,Normal,Normal,True
XGB_all_baseline,15,Train38.csv,Normal,Normal,True
XGB_all_baseline,15,Train39.csv,Normal,Normal,True
XGB_all_baseline,15,Train41.csv,Normal,Normal,True
XGB_all_baseline,15,Train46.csv,Normal,Normal,True
XGB_all_baseline,15,Train60.csv,Normal,Normal,True
XGB_all_baseline,15,Train68.csv,Normal,Normal,True
XGB_all_baseline,15,Train70.csv,Normal,Normal,True
XGB_all_baseline,15,Train74.csv,Normal,Normal,True
XGB_all_baseline,15,Train77.csv,Normal,Normal,True
XGB_all_baseline,15,Train87.csv,Normal,Normal,True
XGB_all_baseline,15,Train90.csv,Normal,Normal,True
XGB_all_baseline,15,Train92.csv,Normal,Normal,True
XGB_all_baseline,15,Train97.csv,Normal,Normal,True
XGB_all_baseline,15,Train104.csv,Side II,Side II,True
XGB_all_baseline,15,Train106.csv,Side I,Normal,False
XGB_all_baseline,15,Train114.csv,Normal,Normal,True
XGB_all_baseline,15,Train118.csv,Normal,Normal,True
XGB_all_baseline,15,Train119.csv,Normal,Normal,True
XGB_all_baseline,15,Train121.csv,Side I,Normal,False
XGB_all_baseline,15,Train122.csv,Normal,Normal,True
XGB_all_baseline,15,Train126.csv,Normal,Normal,True
XGB_all_baseline,15,Train137.csv,Side I,Side I,True
XGB_all_baseline,15,Train142.csv,Normal,Normal,True
XGB_all_baseline,15,Train146.csv,Normal,Normal,True
XGB_all_baseline,15,Train149.csv,Normal,Normal,True
XGB_all_baseline,15,Train154.csv,Normal,Normal,True
XGB_all_baseline,15,Train161.csv,Normal,Normal,True
XGB_all_baseline,15,Train164.csv,Side II,Side II,True
XGB_all_baseline,15,Train165.csv,Normal,Normal,True
XGB_all_baseline,15,Train171.csv,Normal,Normal,True
XGB_all_baseline,15,Train183.csv,Normal,Normal,True
XGB_all_baseline,15,Train189.csv,Normal,Normal,True
XGB_all_baseline,15,Train190.csv,Normal,Normal,True
XGB_all_baseline,15,Train208.csv,Normal,Normal,True
XGB_all_baseline,15,Train214.csv,Normal,Normal,True
XGB_all_baseline,15,Train215.csv,Normal,Normal,True
XGB_all_baseline,15,Train216.csv,Side II,Normal,False
XGB_all_baseline,15,Train229.csv,Normal,Normal,True
XGB_all_baseline,15,Train232.csv,Normal,Normal,True
XGB_all_baseline,15,Train241.csv,Normal,Normal,True
XGB_all_baseline,15,Train245.csv,Normal,Normal,True
XGB_all_baseline,15,Train253.csv,Normal,Normal,True
XGB_all_baseline,15,Train255.csv,Normal,Normal,True
XGB_all_baseline,15,Train257.csv,Normal,Normal,True
XGB_all_baseline,15,Train261.csv,Normal,Normal,True
XGB_all_baseline,15,Train263.csv,Normal,Normal,True
XGB_all_baseline,15,Train267.csv,Side II,Side II,True
XGB_all_baseline,15,Train268.csv,Normal,Normal,True
XGB_all_baseline,15,Train270.csv,Normal,Normal,True
XGB_all_baseline,16,Train6.csv,Normal,Normal,True
XGB_all_baseline,16,Train16.csv,Normal,Normal,True
XGB_all_baseline,16,Train17.csv,Normal,Normal,True
XGB_all_baseline,16,Train19.csv,Normal,Normal,True
XGB_all_baseline,16,Train21.csv,Normal,Normal,True
XGB_all_baseline,16,Train30.csv,Side II,Side II,True
XGB_all_baseline,16,Train43.csv,Side II,Side I,False
XGB_all_baseline,16,Train44.csv,Normal,Normal,True
XGB_all_baseline,16,Train46.csv,Normal,Normal,True
XGB_all_baseline,16,Train56.csv,Normal,Normal,True
XGB_all_baseline,16,Train57.csv,Normal,Normal,True
XGB_all_baseline,16,Train68.csv,Normal,Normal,True
XGB_all_baseline,16,Train69.csv,Normal,Normal,True
XGB_all_baseline,16,Train83.csv,Side I,Side I,True
XGB_all_baseline,16,Train94.csv,Normal,Normal,True
XGB_all_baseline,16,Train96.csv,Normal,Normal,True
XGB_all_baseline,16,Train98.csv,Normal,Normal,True
XGB_all_baseline,16,Train105.csv,Normal,Normal,True
XGB_all_baseline,16,Train111.csv,Side II,Side II,True
XGB_all_baseline,16,Train113.csv,Normal,Normal,True
XGB_all_baseline,16,Train121.csv,Side I,Normal,False
XGB_all_baseline,16,Train125.csv,Normal,Normal,True
XGB_all_baseline,16,Train126.csv,Normal,Normal,True
XGB_all_baseline,16,Train130.csv,Normal,Normal,True
XGB_all_baseline,16,Train143.csv,Normal,Normal,True
XGB_all_baseline,16,Train147.csv,Normal,Normal,True
XGB_all_baseline,16,Train149.csv,Normal,Normal,True
XGB_all_baseline,16,Train154.csv,Normal,Normal,True
XGB_all_baseline,16,Train157.csv,Normal,Normal,True
XGB_all_baseline,16,Train159.csv,Normal,Normal,True
XGB_all_baseline,16,Train160.csv,Normal,Normal,True
XGB_all_baseline,16,Train164.csv,Side II,Side II,True
XGB_all_baseline,16,Train165.csv,Normal,Normal,True
XGB_all_baseline,16,Train166.csv,Normal,Normal,True
XGB_all_baseline,16,Train174.csv,Normal,Normal,True
XGB_all_baseline,16,Train175.csv,Normal,Normal,True
XGB_all_baseline,16,Train186.csv,Normal,Normal,True
XGB_all_baseline,16,Train200.csv,Normal,Normal,True
XGB_all_baseline,16,Train201.csv,Normal,Normal,True
XGB_all_baseline,16,Train202.csv,Side I,Normal,False
XGB_all_baseline,16,Train205.csv,Normal,Normal,True
XGB_all_baseline,16,Train209.csv,Normal,Normal,True
XGB_all_baseline,16,Train211.csv,Normal,Normal,True
XGB_all_baseline,16,Train214.csv,Normal,Normal,True
XGB_all_baseline,16,Train219.csv,Normal,Normal,True
XGB_all_baseline,16,Train223.csv,Normal,Normal,True
XGB_all_baseline,16,Train224.csv,Normal,Normal,True
XGB_all_baseline,16,Train236.csv,Normal,Normal,True
XGB_all_baseline,16,Train242.csv,Normal,Normal,True
XGB_all_baseline,16,Train248.csv,Side II,Side II,True
XGB_all_baseline,16,Train254.csv,Normal,Normal,True
XGB_all_baseline,16,Train259.csv,Normal,Normal,True
XGB_all_baseline,16,Train260.csv,Normal,Normal,True
XGB_all_baseline,16,Train264.csv,Normal,Normal,True
XGB_all_baseline,16,Train272.csv,Normal,Normal,True
XGB_all_baseline,17,Train7.csv,Normal,Normal,True
XGB_all_baseline,17,Train15.csv,Normal,Normal,True
XGB_all_baseline,17,Train35.csv,Normal,Normal,True
XGB_all_baseline,17,Train39.csv,Normal,Normal,True
XGB_all_baseline,17,Train47.csv,Normal,Normal,True
XGB_all_baseline,17,Train49.csv,Normal,Normal,True
XGB_all_baseline,17,Train50.csv,Normal,Normal,True
XGB_all_baseline,17,Train51.csv,Normal,Normal,True
XGB_all_baseline,17,Train55.csv,Normal,Normal,True
XGB_all_baseline,17,Train60.csv,Normal,Normal,True
XGB_all_baseline,17,Train62.csv,Side I,Side I,True
XGB_all_baseline,17,Train65.csv,Normal,Normal,True
XGB_all_baseline,17,Train70.csv,Normal,Normal,True
XGB_all_baseline,17,Train71.csv,Normal,Normal,True
XGB_all_baseline,17,Train80.csv,Normal,Normal,True
XGB_all_baseline,17,Train81.csv,Normal,Normal,True
XGB_all_baseline,17,Train82.csv,Normal,Normal,True
XGB_all_baseline,17,Train87.csv,Normal,Normal,True
XGB_all_baseline,17,Train88.csv,Normal,Normal,True
XGB_all_baseline,17,Train90.csv,Normal,Normal,True
XGB_all_baseline,17,Train93.csv,Side II,Side II,True
XGB_all_baseline,17,Train97.csv,Normal,Normal,True
XGB_all_baseline,17,Train101.csv,Normal,Normal,True
XGB_all_baseline,17,Train102.csv,Normal,Normal,True
XGB_all_baseline,17,Train106.csv,Side I,Normal,False
XGB_all_baseline,17,Train117.csv,Normal,Normal,True
XGB_all_baseline,17,Train119.csv,Normal,Normal,True
XGB_all_baseline,17,Train122.csv,Normal,Normal,True
XGB_all_baseline,17,Train127.csv,Side II,Side II,True
XGB_all_baseline,17,Train128.csv,Normal,Normal,True
XGB_all_baseline,17,Train142.csv,Normal,Normal,True
XGB_all_baseline,17,Train144.csv,Normal,Normal,True
XGB_all_baseline,17,Train152.csv,Normal,Normal,True
XGB_all_baseline,17,Train180.csv,Side I,Side I,True
XGB_all_baseline,17,Train189.csv,Normal,Normal,True
XGB_all_baseline,17,Train191.csv,Normal,Normal,True
XGB_all_baseline,17,Train192.csv,Normal,Normal,True
XGB_all_baseline,17,Train195.csv,Normal,Normal,True
XGB_all_baseline,17,Train196.csv,Normal,Normal,True
XGB_all_baseline,17,Train198.csv,Side II,Side II,True
XGB_all_baseline,17,Train203.csv,Normal,Normal,True
XGB_all_baseline,17,Train206.csv,Normal,Normal,True
XGB_all_baseline,17,Train207.csv,Side II,Side II,True
XGB_all_baseline,17,Train210.csv,Normal,Normal,True
XGB_all_baseline,17,Train215.csv,Normal,Normal,True
XGB_all_baseline,17,Train217.csv,Side II,Normal,False
XGB_all_baseline,17,Train222.csv,Normal,Normal,True
XGB_all_baseline,17,Train226.csv,Normal,Normal,True
XGB_all_baseline,17,Train228.csv,Normal,Normal,True
XGB_all_baseline,17,Train231.csv,Normal,Normal,True
XGB_all_baseline,17,Train247.csv,Normal,Normal,True
XGB_all_baseline,17,Train258.csv,Normal,Normal,True
XGB_all_baseline,17,Train261.csv,Normal,Normal,True
XGB_all_baseline,17,Train263.csv,Normal,Normal,True
XGB_all_baseline,17,Train266.csv,Normal,Normal,True
XGB_all_baseline,18,Train3.csv,Normal,Normal,True
XGB_all_baseline,18,Train13.csv,Normal,Normal,True
XGB_all_baseline,18,Train14.csv,Normal,Normal,True
XGB_all_baseline,18,Train22.csv,Normal,Normal,True
XGB_all_baseline,18,Train23.csv,Normal,Normal,True
XGB_all_baseline,18,Train26.csv,Side II,Side II,True
XGB_all_baseline,18,Train27.csv,Normal,Normal,True
XGB_all_baseline,18,Train32.csv,Normal,Normal,True
XGB_all_baseline,18,Train36.csv,Normal,Normal,True
XGB_all_baseline,18,Train37.csv,Normal,Normal,True
XGB_all_baseline,18,Train38.csv,Normal,Normal,True
XGB_all_baseline,18,Train40.csv,Normal,Normal,True
XGB_all_baseline,18,Train41.csv,Normal,Normal,True
XGB_all_baseline,18,Train45.csv,Normal,Normal,True
XGB_all_baseline,18,Train48.csv,Normal,Normal,True
XGB_all_baseline,18,Train54.csv,Normal,Normal,True
XGB_all_baseline,18,Train58.csv,Normal,Normal,True
XGB_all_baseline,18,Train67.csv,Normal,Normal,True
XGB_all_baseline,18,Train72.csv,Side II,Side II,True
XGB_all_baseline,18,Train75.csv,Normal,Normal,True
XGB_all_baseline,18,Train78.csv,Normal,Normal,True
XGB_all_baseline,18,Train79.csv,Normal,Normal,True
XGB_all_baseline,18,Train103.csv,Side II,Side II,True
XGB_all_baseline,18,Train115.csv,Normal,Normal,True
XGB_all_baseline,18,Train118.csv,Normal,Normal,True
XGB_all_baseline,18,Train124.csv,Normal,Normal,True
XGB_all_baseline,18,Train129.csv,Normal,Normal,True
XGB_all_baseline,18,Train135.csv,Normal,Normal,True
XGB_all_baseline,18,Train136.csv,Normal,Normal,True
XGB_all_baseline,18,Train139.csv,Normal,Normal,True
XGB_all_baseline,18,Train141.csv,Normal,Normal,True
XGB_all_baseline,18,Train156.csv,Normal,Normal,True
XGB_all_baseline,18,Train171.csv,Normal,Normal,True
XGB_all_baseline,18,Train172.csv,Normal,Normal,True
XGB_all_baseline,18,Train177.csv,Normal,Side I,False
XGB_all_baseline,18,Train181.csv,Normal,Normal,True
XGB_all_baseline,18,Train182.csv,Normal,Normal,True
XGB_all_baseline,18,Train193.csv,Normal,Normal,True
XGB_all_baseline,18,Train194.csv,Side I,Side II,False
XGB_all_baseline,18,Train197.csv,Normal,Normal,True
XGB_all_baseline,18,Train212.csv,Normal,Normal,True
XGB_all_baseline,18,Train213.csv,Side I,Side I,True
XGB_all_baseline,18,Train227.csv,Normal,Normal,True
XGB_all_baseline,18,Train234.csv,Normal,Normal,True
XGB_all_baseline,18,Train239.csv,Normal,Normal,True
XGB_all_baseline,18,Train240.csv,Side II,Side II,True
XGB_all_baseline,18,Train244.csv,Normal,Normal,True
XGB_all_baseline,18,Train246.csv,Normal,Normal,True
XGB_all_baseline,18,Train251.csv,Normal,Side II,False
XGB_all_baseline,18,Train252.csv,Normal,Normal,True
XGB_all_baseline,18,Train255.csv,Normal,Normal,True
XGB_all_baseline,18,Train265.csv,Side II,Side I,False
XGB_all_baseline,18,Train270.csv,Normal,Normal,True
XGB_all_baseline,18,Train271.csv,Normal,Normal,True
XGB_all_baseline,19,Train8.csv,Normal,Normal,True
XGB_all_baseline,19,Train9.csv,Normal,Normal,True
XGB_all_baseline,19,Train24.csv,Normal,Normal,True
XGB_all_baseline,19,Train25.csv,Normal,Normal,True
XGB_all_baseline,19,Train33.csv,Normal,Normal,True
XGB_all_baseline,19,Train42.csv,Normal,Normal,True
XGB_all_baseline,19,Train59.csv,Normal,Normal,True
XGB_all_baseline,19,Train63.csv,Normal,Normal,True
XGB_all_baseline,19,Train64.csv,Normal,Normal,True
XGB_all_baseline,19,Train66.csv,Normal,Normal,True
XGB_all_baseline,19,Train76.csv,Normal,Normal,True
XGB_all_baseline,19,Train86.csv,Normal,Normal,True
XGB_all_baseline,19,Train89.csv,Normal,Normal,True
XGB_all_baseline,19,Train91.csv,Normal,Normal,True
XGB_all_baseline,19,Train92.csv,Normal,Normal,True
XGB_all_baseline,19,Train99.csv,Normal,Normal,True
XGB_all_baseline,19,Train100.csv,Side I,Side II,False
XGB_all_baseline,19,Train104.csv,Side II,Side II,True
XGB_all_baseline,19,Train107.csv,Normal,Normal,True
XGB_all_baseline,19,Train108.csv,Normal,Normal,True
XGB_all_baseline,19,Train110.csv,Normal,Normal,True
XGB_all_baseline,19,Train120.csv,Normal,Normal,True
XGB_all_baseline,19,Train131.csv,Normal,Normal,True
XGB_all_baseline,19,Train133.csv,Normal,Normal,True
XGB_all_baseline,19,Train134.csv,Normal,Normal,True
XGB_all_baseline,19,Train138.csv,Normal,Normal,True
XGB_all_baseline,19,Train145.csv,Normal,Normal,True
XGB_all_baseline,19,Train155.csv,Normal,Normal,True
XGB_all_baseline,19,Train158.csv,Normal,Normal,True
XGB_all_baseline,19,Train161.csv,Normal,Normal,True
XGB_all_baseline,19,Train163.csv,Side I,Side I,True
XGB_all_baseline,19,Train168.csv,Normal,Normal,True
XGB_all_baseline,19,Train169.csv,Normal,Normal,True
XGB_all_baseline,19,Train170.csv,Side I,Normal,False
XGB_all_baseline,19,Train173.csv,Normal,Normal,True
XGB_all_baseline,19,Train176.csv,Normal,Normal,True
XGB_all_baseline,19,Train178.csv,Normal,Normal,True
XGB_all_baseline,19,Train184.csv,Normal,Normal,True
XGB_all_baseline,19,Train187.csv,Normal,Normal,True
XGB_all_baseline,19,Train188.csv,Side II,Side II,True
XGB_all_baseline,19,Train190.csv,Normal,Normal,True
XGB_all_baseline,19,Train216.csv,Side II,Normal,False
XGB_all_baseline,19,Train218.csv,Normal,Normal,True
XGB_all_baseline,19,Train221.csv,Normal,Normal,True
XGB_all_baseline,19,Train225.csv,Normal,Normal,True
XGB_all_baseline,19,Train229.csv,Normal,Normal,True
XGB_all_baseline,19,Train230.csv,Normal,Normal,True
XGB_all_baseline,19,Train232.csv,Normal,Normal,True
XGB_all_baseline,19,Train243.csv,Normal,Normal,True
XGB_all_baseline,19,Train249.csv,Normal,Normal,True
XGB_all_baseline,19,Train250.csv,Normal,Normal,True
XGB_all_baseline,19,Train267.csv,Side II,Side II,True
XGB_all_baseline,19,Train268.csv,Normal,Normal,True
XGB_all_baseline,19,Train269.csv,Normal,Normal,True
XGB_all_baseline,20,Train1.csv,Normal,Normal,True
XGB_all_baseline,20,Train2.csv,Side II,Normal,False
XGB_all_baseline,20,Train4.csv,Normal,Normal,True
XGB_all_baseline,20,Train5.csv,Normal,Normal,True
XGB_all_baseline,20,Train10.csv,Normal,Normal,True
XGB_all_baseline,20,Train11.csv,Normal,Normal,True
XGB_all_baseline,20,Train12.csv,Side II,Side II,True
XGB_all_baseline,20,Train18.csv,Normal,Normal,True
XGB_all_baseline,20,Train20.csv,Normal,Normal,True
XGB_all_baseline,20,Train28.csv,Normal,Normal,True
XGB_all_baseline,20,Train29.csv,Normal,Normal,True
XGB_all_baseline,20,Train31.csv,Normal,Normal,True
XGB_all_baseline,20,Train34.csv,Normal,Normal,True
XGB_all_baseline,20,Train52.csv,Normal,Normal,True
XGB_all_baseline,20,Train53.csv,Side II,Side II,True
XGB_all_baseline,20,Train61.csv,Normal,Normal,True
XGB_all_baseline,20,Train73.csv,Normal,Normal,True
XGB_all_baseline,20,Train74.csv,Normal,Normal,True
XGB_all_baseline,20,Train77.csv,Normal,Normal,True
XGB_all_baseline,20,Train84.csv,Normal,Normal,True
XGB_all_baseline,20,Train85.csv,Normal,Normal,True
XGB_all_baseline,20,Train95.csv,Normal,Normal,True
XGB_all_baseline,20,Train109.csv,Normal,Normal,True
XGB_all_baseline,20,Train112.csv,Normal,Normal,True
XGB_all_baseline,20,Train114.csv,Normal,Normal,True
XGB_all_baseline,20,Train116.csv,Normal,Normal,True
XGB_all_baseline,20,Train123.csv,Normal,Normal,True
XGB_all_baseline,20,Train132.csv,Normal,Normal,True
XGB_all_baseline,20,Train137.csv,Side I,Side I,True
XGB_all_baseline,20,Train140.csv,Normal,Normal,True
XGB_all_baseline,20,Train146.csv,Normal,Normal,True
XGB_all_baseline,20,Train148.csv,Normal,Normal,True
XGB_all_baseline,20,Train150.csv,Side I,Normal,False
XGB_all_baseline,20,Train151.csv,Normal,Normal,True
XGB_all_baseline,20,Train153.csv,Normal,Normal,True
XGB_all_baseline,20,Train162.csv,Normal,Normal,True
XGB_all_baseline,20,Train167.csv,Normal,Normal,True
XGB_all_baseline,20,Train179.csv,Side II,Side II,True
XGB_all_baseline,20,Train183.csv,Normal,Normal,True
XGB_all_baseline,20,Train185.csv,Side I,Normal,False
XGB_all_baseline,20,Train199.csv,Side II,Side II,True
XGB_all_baseline,20,Train204.csv,Normal,Normal,True
XGB_all_baseline,20,Train208.csv,Normal,Normal,True
XGB_all_baseline,20,Train220.csv,Normal,Normal,True
XGB_all_baseline,20,Train233.csv,Normal,Normal,True
XGB_all_baseline,20,Train235.csv,Normal,Normal,True
XGB_all_baseline,20,Train237.csv,Normal,Normal,True
XGB_all_baseline,20,Train238.csv,Normal,Normal,True
XGB_all_baseline,20,Train241.csv,Normal,Normal,True
XGB_all_baseline,20,Train245.csv,Normal,Normal,True
XGB_all_baseline,20,Train253.csv,Normal,Normal,True
XGB_all_baseline,20,Train256.csv,Normal,Normal,True
XGB_all_baseline,20,Train257.csv,Normal,Normal,True
XGB_all_baseline,20,Train262.csv,Normal,Normal,True
XGB_all_baseline,21,Train1.csv,Normal,Normal,True
XGB_all_baseline,21,Train3.csv,Normal,Normal,True
XGB_all_baseline,21,Train4.csv,Normal,Normal,True
XGB_all_baseline,21,Train5.csv,Normal,Normal,True
XGB_all_baseline,21,Train6.csv,Normal,Normal,True
XGB_all_baseline,21,Train10.csv,Normal,Normal,True
XGB_all_baseline,21,Train12.csv,Side II,Side II,True
XGB_all_baseline,21,Train19.csv,Normal,Normal,True
XGB_all_baseline,21,Train33.csv,Normal,Normal,True
XGB_all_baseline,21,Train40.csv,Normal,Normal,True
XGB_all_baseline,21,Train43.csv,Side II,Side I,False
XGB_all_baseline,21,Train59.csv,Normal,Normal,True
XGB_all_baseline,21,Train67.csv,Normal,Normal,True
XGB_all_baseline,21,Train74.csv,Normal,Normal,True
XGB_all_baseline,21,Train77.csv,Normal,Normal,True
XGB_all_baseline,21,Train79.csv,Normal,Normal,True
XGB_all_baseline,21,Train87.csv,Normal,Normal,True
XGB_all_baseline,21,Train88.csv,Normal,Normal,True
XGB_all_baseline,21,Train90.csv,Normal,Normal,True
XGB_all_baseline,21,Train92.csv,Normal,Normal,True
XGB_all_baseline,21,Train96.csv,Normal,Normal,True
XGB_all_baseline,21,Train97.csv,Normal,Normal,True
XGB_all_baseline,21,Train100.csv,Side I,Side II,False
XGB_all_baseline,21,Train107.csv,Normal,Normal,True
XGB_all_baseline,21,Train116.csv,Normal,Normal,True
XGB_all_baseline,21,Train124.csv,Normal,Normal,True
XGB_all_baseline,21,Train126.csv,Normal,Side II,False
XGB_all_baseline,21,Train127.csv,Side II,Side II,True
XGB_all_baseline,21,Train137.csv,Side I,Side I,True
XGB_all_baseline,21,Train139.csv,Normal,Normal,True
XGB_all_baseline,21,Train147.csv,Normal,Normal,True
XGB_all_baseline,21,Train154.csv,Normal,Normal,True
XGB_all_baseline,21,Train156.csv,Normal,Normal,True
XGB_all_baseline,21,Train170.csv,Side I,Normal,False
XGB_all_baseline,21,Train173.csv,Normal,Normal,True
XGB_all_baseline,21,Train176.csv,Normal,Normal,True
XGB_all_baseline,21,Train177.csv,Normal,Side I,False
XGB_all_baseline,21,Train178.csv,Normal,Normal,True
XGB_all_baseline,21,Train184.csv,Normal,Normal,True
XGB_all_baseline,21,Train191.csv,Normal,Normal,True
XGB_all_baseline,21,Train208.csv,Normal,Normal,True
XGB_all_baseline,21,Train211.csv,Normal,Normal,True
XGB_all_baseline,21,Train217.csv,Side II,Side I,False
XGB_all_baseline,21,Train219.csv,Normal,Normal,True
XGB_all_baseline,21,Train222.csv,Normal,Normal,True
XGB_all_baseline,21,Train223.csv,Normal,Normal,True
XGB_all_baseline,21,Train224.csv,Normal,Normal,True
XGB_all_baseline,21,Train225.csv,Normal,Normal,True
XGB_all_baseline,21,Train239.csv,Normal,Normal,True
XGB_all_baseline,21,Train244.csv,Normal,Normal,True
XGB_all_baseline,21,Train253.csv,Normal,Normal,True
XGB_all_baseline,21,Train254.csv,Normal,Normal,True
XGB_all_baseline,21,Train263.csv,Normal,Normal,True
XGB_all_baseline,21,Train265.csv,Side II,Side I,False
XGB_all_baseline,21,Train271.csv,Normal,Normal,True
XGB_all_baseline,22,Train7.csv,Normal,Normal,True
XGB_all_baseline,22,Train9.csv,Normal,Normal,True
XGB_all_baseline,22,Train24.csv,Normal,Normal,True
XGB_all_baseline,22,Train28.csv,Normal,Normal,True
XGB_all_baseline,22,Train29.csv,Normal,Normal,True
XGB_all_baseline,22,Train41.csv,Normal,Normal,True
XGB_all_baseline,22,Train51.csv,Normal,Normal,True
XGB_all_baseline,22,Train52.csv,Normal,Normal,True
XGB_all_baseline,22,Train60.csv,Normal,Normal,True
XGB_all_baseline,22,Train61.csv,Normal,Normal,True
XGB_all_baseline,22,Train64.csv,Normal,Normal,True
XGB_all_baseline,22,Train69.csv,Normal,Normal,True
XGB_all_baseline,22,Train70.csv,Normal,Normal,True
XGB_all_baseline,22,Train78.csv,Normal,Normal,True
XGB_all_baseline,22,Train86.csv,Normal,Normal,True
XGB_all_baseline,22,Train93.csv,Side II,Side II,True
XGB_all_baseline,22,Train98.csv,Normal,Normal,True
XGB_all_baseline,22,Train99.csv,Normal,Normal,True
XGB_all_baseline,22,Train101.csv,Normal,Normal,True
XGB_all_baseline,22,Train105.csv,Normal,Normal,True
XGB_all_baseline,22,Train112.csv,Normal,Normal,True
XGB_all_baseline,22,Train118.csv,Normal,Normal,True
XGB_all_baseline,22,Train119.csv,Normal,Normal,True
XGB_all_baseline,22,Train123.csv,Normal,Side I,False
XGB_all_baseline,22,Train131.csv,Normal,Normal,True
XGB_all_baseline,22,Train133.csv,Normal,Normal,True
XGB_all_baseline,22,Train134.csv,Normal,Normal,True
XGB_all_baseline,22,Train135.csv,Normal,Normal,True
XGB_all_baseline,22,Train136.csv,Normal,Normal,True
XGB_all_baseline,22,Train140.csv,Normal,Normal,True
XGB_all_baseline,22,Train144.csv,Normal,Normal,True
XGB_all_baseline,22,Train148.csv,Normal,Normal,True
XGB_all_baseline,22,Train150.csv,Side I,Normal,False
XGB_all_baseline,22,Train152.csv,Normal,Normal,True
XGB_all_baseline,22,Train160.csv,Normal,Normal,True
XGB_all_baseline,22,Train162.csv,Normal,Normal,True
XGB_all_baseline,22,Train164.csv,Side II,Side II,True
XGB_all_baseline,22,Train165.csv,Normal,Normal,True
XGB_all_baseline,22,Train167.csv,Normal,Normal,True
XGB_all_baseline,22,Train181.csv,Normal,Normal,True
XGB_all_baseline,22,Train185.csv,Side I,Normal,False
XGB_all_baseline,22,Train186.csv,Normal,Normal,True
XGB_all_baseline,22,Train188.csv,Side II,Side II,True
XGB_all_baseline,22,Train190.csv,Normal,Normal,True
XGB_all_baseline,22,Train197.csv,Normal,Normal,True
XGB_all_baseline,22,Train199.csv,Side II,Side II,True
XGB_all_baseline,22,Train209.csv,Normal,Normal,True
XGB_all_baseline,22,Train213.csv,Side I,Side I,True
XGB_all_baseline,22,Train221.csv,Normal,Normal,True
XGB_all_baseline,22,Train232.csv,Normal,Normal,True
XGB_all_baseline,22,Train233.csv,Normal,Normal,True
XGB_all_baseline,22,Train251.csv,Normal,Side II,False
XGB_all_baseline,22,Train255.csv,Normal,Normal,True
XGB_all_baseline,22,Train256.csv,Normal,Normal,True
XGB_all_baseline,22,Train267.csv,Side II,Side II,True
XGB_all_baseline,23,Train2.csv,Side II,Normal,False
XGB_all_baseline,23,Train11.csv,Normal,Normal,True
XGB_all_baseline,23,Train22.csv,Normal,Normal,True
XGB_all_baseline,23,Train30.csv,Side II,Side II,True
XGB_all_baseline,23,Train42.csv,Normal,Normal,True
XGB_all_baseline,23,Train48.csv,Normal,Normal,True
XGB_all_baseline,23,Train49.csv,Normal,Normal,True
XGB_all_baseline,23,Train54.csv,Normal,Normal,True
XGB_all_baseline,23,Train56.csv,Normal,Normal,True
XGB_all_baseline,23,Train63.csv,Normal,Normal,True
XGB_all_baseline,23,Train73.csv,Normal,Normal,True
XGB_all_baseline,23,Train80.csv,Normal,Normal,True
XGB_all_baseline,23,Train81.csv,Normal,Normal,True
XGB_all_baseline,23,Train82.csv,Normal,Normal,True
XGB_all_baseline,23,Train83.csv,Side I,Side I,True
XGB_all_baseline,23,Train94.csv,Normal,Normal,True
XGB_all_baseline,23,Train95.csv,Normal,Normal,True
XGB_all_baseline,23,Train102.csv,Normal,Normal,True
XGB_all_baseline,23,Train109.csv,Normal,Normal,True
XGB_all_baseline,23,Train110.csv,Normal,Normal,True
XGB_all_baseline,23,Train113.csv,Normal,Normal,True
XGB_all_baseline,23,Train120.csv,Normal,Normal,True
XGB_all_baseline,23,Train122.csv,Normal,Normal,True
XGB_all_baseline,23,Train138.csv,Normal,Normal,True
XGB_all_baseline,23,Train143.csv,Normal,Normal,True
XGB_all_baseline,23,Train146.csv,Normal,Normal,True
XGB_all_baseline,23,Train157.csv,Normal,Normal,True
XGB_all_baseline,23,Train163.csv,Side I,Side I,True
XGB_all_baseline,23,Train168.csv,Normal,Normal,True
XGB_all_baseline,23,Train171.csv,Normal,Normal,True
XGB_all_baseline,23,Train179.csv,Side II,Side II,True
XGB_all_baseline,23,Train182.csv,Normal,Normal,True
XGB_all_baseline,23,Train183.csv,Normal,Normal,True
XGB_all_baseline,23,Train187.csv,Normal,Normal,True
XGB_all_baseline,23,Train189.csv,Normal,Normal,True
XGB_all_baseline,23,Train192.csv,Normal,Normal,True
XGB_all_baseline,23,Train193.csv,Normal,Normal,True
XGB_all_baseline,23,Train196.csv,Normal,Normal,True
XGB_all_baseline,23,Train198.csv,Side II,Side II,True
XGB_all_baseline,23,Train201.csv,Normal,Normal,True
XGB_all_baseline,23,Train205.csv,Normal,Normal,True
XGB_all_baseline,23,Train206.csv,Normal,Normal,True
XGB_all_baseline,23,Train212.csv,Normal,Normal,True
XGB_all_baseline,23,Train215.csv,Normal,Normal,True
XGB_all_baseline,23,Train227.csv,Normal,Normal,True
XGB_all_baseline,23,Train228.csv,Normal,Normal,True
XGB_all_baseline,23,Train230.csv,Normal,Normal,True
XGB_all_baseline,23,Train237.csv,Normal,Normal,True
XGB_all_baseline,23,Train240.csv,Side II,Normal,False
XGB_all_baseline,23,Train243.csv,Normal,Normal,True
XGB_all_baseline,23,Train246.csv,Normal,Normal,True
XGB_all_baseline,23,Train249.csv,Normal,Normal,True
XGB_all_baseline,23,Train252.csv,Normal,Normal,True
XGB_all_baseline,23,Train261.csv,Normal,Normal,True
XGB_all_baseline,24,Train8.csv,Normal,Normal,True
XGB_all_baseline,24,Train13.csv,Normal,Normal,True
XGB_all_baseline,24,Train14.csv,Normal,Normal,True
XGB_all_baseline,24,Train15.csv,Normal,Normal,True
XGB_all_baseline,24,Train16.csv,Normal,Normal,True
XGB_all_baseline,24,Train20.csv,Normal,Normal,True
XGB_all_baseline,24,Train26.csv,Side II,Side II,True
XGB_all_baseline,24,Train27.csv,Normal,Normal,True
XGB_all_baseline,24,Train34.csv,Normal,Normal,True
XGB_all_baseline,24,Train36.csv,Normal,Normal,True
XGB_all_baseline,24,Train38.csv,Normal,Normal,True
XGB_all_baseline,24,Train44.csv,Normal,Normal,True
XGB_all_baseline,24,Train45.csv,Normal,Normal,True
XGB_all_baseline,24,Train47.csv,Normal,Normal,True
XGB_all_baseline,24,Train50.csv,Normal,Normal,True
XGB_all_baseline,24,Train53.csv,Side II,Side II,True
XGB_all_baseline,24,Train55.csv,Normal,Normal,True
XGB_all_baseline,24,Train57.csv,Normal,Normal,True
XGB_all_baseline,24,Train58.csv,Normal,Normal,True
XGB_all_baseline,24,Train66.csv,Normal,Normal,True
XGB_all_baseline,24,Train68.csv,Normal,Normal,True
XGB_all_baseline,24,Train75.csv,Normal,Normal,True
XGB_all_baseline,24,Train76.csv,Normal,Normal,True
XGB_all_baseline,24,Train85.csv,Normal,Normal,True
XGB_all_baseline,24,Train91.csv,Normal,Normal,True
XGB_all_baseline,24,Train103.csv,Side II,Side II,True
XGB_all_baseline,24,Train108.csv,Normal,Normal,True
XGB_all_baseline,24,Train114.csv,Normal,Normal,True
XGB_all_baseline,24,Train117.csv,Normal,Normal,True
XGB_all_baseline,24,Train121.csv,Side I,Normal,False
XGB_all_baseline,24,Train128.csv,Normal,Normal,True
XGB_all_baseline,24,Train130.csv,Normal,Normal,True
XGB_all_baseline,24,Train151.csv,Normal,Normal,True
XGB_all_baseline,24,Train153.csv,Normal,Normal,True
XGB_all_baseline,24,Train155.csv,Normal,Normal,True
XGB_all_baseline,24,Train158.csv,Normal,Normal,True
XGB_all_baseline,24,Train159.csv,Normal,Normal,True
XGB_all_baseline,24,Train166.csv,Normal,Normal,True
XGB_all_baseline,24,Train169.csv,Normal,Normal,True
XGB_all_baseline,24,Train172.csv,Normal,Normal,True
XGB_all_baseline,24,Train174.csv,Normal,Normal,True
XGB_all_baseline,24,Train180.csv,Side I,Side I,True
XGB_all_baseline,24,Train194.csv,Side I,Side II,False
XGB_all_baseline,24,Train207.csv,Side II,Side II,True
XGB_all_baseline,24,Train220.csv,Normal,Normal,True
XGB_all_baseline,24,Train231.csv,Normal,Normal,True
XGB_all_baseline,24,Train241.csv,Normal,Normal,True
XGB_all_baseline,24,Train242.csv,Normal,Normal,True
XGB_all_baseline,24,Train245.csv,Normal,Normal,True
XGB_all_baseline,24,Train259.csv,Normal,Normal,True
XGB_all_baseline,24,Train262.csv,Normal,Normal,True
XGB_all_baseline,24,Train266.csv,Normal,Normal,True
XGB_all_baseline,24,Train268.csv,Normal,Normal,True
XGB_all_baseline,24,Train272.csv,Normal,Normal,True
XGB_all_baseline,25,Train17.csv,Normal,Normal,True
XGB_all_baseline,25,Train18.csv,Normal,Normal,True
XGB_all_baseline,25,Train21.csv,Normal,Normal,True
XGB_all_baseline,25,Train23.csv,Normal,Normal,True
XGB_all_baseline,25,Train25.csv,Normal,Normal,True
XGB_all_baseline,25,Train31.csv,Normal,Normal,True
XGB_all_baseline,25,Train32.csv,Normal,Normal,True
XGB_all_baseline,25,Train35.csv,Normal,Normal,True
XGB_all_baseline,25,Train37.csv,Normal,Normal,True
XGB_all_baseline,25,Train39.csv,Normal,Normal,True
XGB_all_baseline,25,Train46.csv,Normal,Normal,True
XGB_all_baseline,25,Train62.csv,Side I,Side I,True
XGB_all_baseline,25,Train65.csv,Normal,Normal,True
XGB_all_baseline,25,Train71.csv,Normal,Normal,True
XGB_all_baseline,25,Train72.csv,Side II,Side II,True
XGB_all_baseline,25,Train84.csv,Normal,Normal,True
XGB_all_baseline,25,Train89.csv,Normal,Normal,True
XGB_all_baseline,25,Train104.csv,Side II,Side II,True
XGB_all_baseline,25,Train106.csv,Side I,Normal,False
XGB_all_baseline,25,Train111.csv,Side II,Side II,True
XGB_all_baseline,25,Train115.csv,Normal,Normal,True
XGB_all_baseline,25,Train125.csv,Normal,Normal,True
XGB_all_baseline,25,Train129.csv,Normal,Normal,True
XGB_all_baseline,25,Train132.csv,Normal,Normal,True
XGB_all_baseline,25,Train141.csv,Normal,Normal,True
XGB_all_baseline,25,Train142.csv,Normal,Normal,True
XGB_all_baseline,25,Train145.csv,Normal,Normal,True
XGB_all_baseline,25,Train149.csv,Normal,Normal,True
XGB_all_baseline,25,Train161.csv,Normal,Normal,True
XGB_all_baseline,25,Train175.csv,Normal,Normal,True
XGB_all_baseline,25,Train195.csv,Normal,Normal,True
XGB_all_baseline,25,Train200.csv,Normal,Normal,True
XGB_all_baseline,25,Train202.csv,Side I,Normal,False
XGB_all_baseline,25,Train203.csv,Normal,Normal,True
XGB_all_baseline,25,Train204.csv,Normal,Normal,True
XGB_all_baseline,25,Train210.csv,Normal,Normal,True
XGB_all_baseline,25,Train214.csv,Normal,Normal,True
XGB_all_baseline,25,Train216.csv,Side II,Normal,False
XGB_all_baseline,25,Train218.csv,Normal,Normal,True
XGB_all_baseline,25,Train226.csv,Normal,Normal,True
XGB_all_baseline,25,Train229.csv,Normal,Normal,True
XGB_all_baseline,25,Train234.csv,Normal,Normal,True
XGB_all_baseline,25,Train235.csv,Normal,Normal,True
XGB_all_baseline,25,Train236.csv,Normal,Normal,True
XGB_all_baseline,25,Train238.csv,Normal,Normal,True
XGB_all_baseline,25,Train247.csv,Normal,Normal,True
XGB_all_baseline,25,Train248.csv,Side II,Side II,True
XGB_all_baseline,25,Train250.csv,Normal,Normal,True
XGB_all_baseline,25,Train257.csv,Normal,Normal,True
XGB_all_baseline,25,Train258.csv,Normal,Normal,True
XGB_all_baseline,25,Train260.csv,Normal,Normal,True
XGB_all_baseline,25,Train264.csv,Normal,Normal,True
XGB_all_baseline,25,Train269.csv,Normal,Normal,True
XGB_all_baseline,25,Train270.csv,Normal,Normal,True
XGB_vibration_only,1,Train5.csv,Normal,Normal,True
XGB_vibration_only,1,Train11.csv,Normal,Normal,True
XGB_vibration_only,1,Train12.csv,Side II,Side II,True
XGB_vibration_only,1,Train16.csv,Normal,Normal,True
XGB_vibration_only,1,Train19.csv,Normal,Normal,True
XGB_vibration_only,1,Train22.csv,Normal,Normal,True
XGB_vibration_only,1,Train24.csv,Normal,Normal,True
XGB_vibration_only,1,Train26.csv,Side II,Side II,True
XGB_vibration_only,1,Train29.csv,Normal,Normal,True
XGB_vibration_only,1,Train30.csv,Side II,Normal,False
XGB_vibration_only,1,Train34.csv,Normal,Normal,True
XGB_vibration_only,1,Train37.csv,Normal,Normal,True
XGB_vibration_only,1,Train42.csv,Normal,Normal,True
XGB_vibration_only,1,Train66.csv,Normal,Normal,True
XGB_vibration_only,1,Train78.csv,Normal,Normal,True
XGB_vibration_only,1,Train82.csv,Normal,Normal,True
XGB_vibration_only,1,Train92.csv,Normal,Normal,True
XGB_vibration_only,1,Train94.csv,Normal,Normal,True
XGB_vibration_only,1,Train95.csv,Normal,Normal,True
XGB_vibration_only,1,Train96.csv,Normal,Normal,True
XGB_vibration_only,1,Train97.csv,Normal,Normal,True
XGB_vibration_only,1,Train100.csv,Side I,Side II,False
XGB_vibration_only,1,Train109.csv,Normal,Normal,True
XGB_vibration_only,1,Train115.csv,Normal,Normal,True
XGB_vibration_only,1,Train119.csv,Normal,Normal,True
XGB_vibration_only,1,Train120.csv,Normal,Normal,True
XGB_vibration_only,1,Train123.csv,Normal,Side I,False
XGB_vibration_only,1,Train134.csv,Normal,Normal,True
XGB_vibration_only,1,Train138.csv,Normal,Normal,True
XGB_vibration_only,1,Train142.csv,Normal,Normal,True
XGB_vibration_only,1,Train143.csv,Normal,Normal,True
XGB_vibration_only,1,Train146.csv,Normal,Normal,True
XGB_vibration_only,1,Train147.csv,Normal,Normal,True
XGB_vibration_only,1,Train149.csv,Normal,Normal,True
XGB_vibration_only,1,Train152.csv,Normal,Normal,True
XGB_vibration_only,1,Train161.csv,Normal,Normal,True
XGB_vibration_only,1,Train165.csv,Normal,Normal,True
XGB_vibration_only,1,Train167.csv,Normal,Normal,True
XGB_vibration_only,1,Train172.csv,Normal,Normal,True
XGB_vibration_only,1,Train177.csv,Normal,Side I,False
XGB_vibration_only,1,Train180.csv,Side I,Normal,False
XGB_vibration_only,1,Train182.csv,Normal,Normal,True
XGB_vibration_only,1,Train185.csv,Side I,Normal,False
XGB_vibration_only,1,Train195.csv,Normal,Normal,True
XGB_vibration_only,1,Train196.csv,Normal,Normal,True
XGB_vibration_only,1,Train198.csv,Side II,Side II,True
XGB_vibration_only,1,Train206.csv,Normal,Normal,True
XGB_vibration_only,1,Train208.csv,Normal,Normal,True
XGB_vibration_only,1,Train212.csv,Normal,Normal,True
XGB_vibration_only,1,Train216.csv,Side II,Normal,False
XGB_vibration_only,1,Train236.csv,Normal,Normal,True
XGB_vibration_only,1,Train244.csv,Normal,Normal,True
XGB_vibration_only,1,Train247.csv,Normal,Normal,True
XGB_vibration_only,1,Train263.csv,Normal,Normal,True
XGB_vibration_only,1,Train269.csv,Normal,Normal,True
XGB_vibration_only,2,Train1.csv,Normal,Normal,True
XGB_vibration_only,2,Train9.csv,Normal,Normal,True
XGB_vibration_only,2,Train14.csv,Normal,Normal,True
XGB_vibration_only,2,Train31.csv,Normal,Normal,True
XGB_vibration_only,2,Train33.csv,Normal,Normal,True
XGB_vibration_only,2,Train36.csv,Normal,Normal,True
XGB_vibration_only,2,Train43.csv,Side II,Side I,False
XGB_vibration_only,2,Train49.csv,Normal,Normal,True
XGB_vibration_only,2,Train52.csv,Normal,Normal,True
XGB_vibration_only,2,Train53.csv,Side II,Side II,True
XGB_vibration_only,2,Train65.csv,Normal,Normal,True
XGB_vibration_only,2,Train73.csv,Normal,Normal,True
XGB_vibration_only,2,Train76.csv,Normal,Normal,True
XGB_vibration_only,2,Train77.csv,Normal,Normal,True
XGB_vibration_only,2,Train81.csv,Normal,Normal,True
XGB_vibration_only,2,Train84.csv,Normal,Normal,True
XGB_vibration_only,2,Train88.csv,Normal,Normal,True
XGB_vibration_only,2,Train102.csv,Normal,Normal,True
XGB_vibration_only,2,Train108.csv,Normal,Normal,True
XGB_vibration_only,2,Train113.csv,Normal,Normal,True
XGB_vibration_only,2,Train121.csv,Side I,Normal,False
XGB_vibration_only,2,Train122.csv,Normal,Normal,True
XGB_vibration_only,2,Train129.csv,Normal,Normal,True
XGB_vibration_only,2,Train130.csv,Normal,Normal,True
XGB_vibration_only,2,Train136.csv,Normal,Normal,True
XGB_vibration_only,2,Train150.csv,Side I,Side I,True
XGB_vibration_only,2,Train154.csv,Normal,Normal,True
XGB_vibration_only,2,Train158.csv,Normal,Normal,True
XGB_vibration_only,2,Train160.csv,Normal,Normal,True
XGB_vibration_only,2,Train171.csv,Normal,Normal,True
XGB_vibration_only,2,Train174.csv,Normal,Normal,True
XGB_vibration_only,2,Train184.csv,Normal,Normal,True
XGB_vibration_only,2,Train191.csv,Normal,Normal,True
XGB_vibration_only,2,Train193.csv,Normal,Normal,True
XGB_vibration_only,2,Train194.csv,Side I,Normal,False
XGB_vibration_only,2,Train200.csv,Normal,Normal,True
XGB_vibration_only,2,Train201.csv,Normal,Normal,True
XGB_vibration_only,2,Train205.csv,Normal,Normal,True
XGB_vibration_only,2,Train207.csv,Side II,Side II,True
XGB_vibration_only,2,Train209.csv,Normal,Normal,True
XGB_vibration_only,2,Train215.csv,Normal,Normal,True
XGB_vibration_only,2,Train217.csv,Side II,Side I,False
XGB_vibration_only,2,Train222.csv,Normal,Normal,True
XGB_vibration_only,2,Train223.csv,Normal,Normal,True
XGB_vibration_only,2,Train225.csv,Normal,Normal,True
XGB_vibration_only,2,Train233.csv,Normal,Normal,True
XGB_vibration_only,2,Train234.csv,Normal,Normal,True
XGB_vibration_only,2,Train235.csv,Normal,Normal,True
XGB_vibration_only,2,Train237.csv,Normal,Normal,True
XGB_vibration_only,2,Train248.csv,Side II,Side II,True
XGB_vibration_only,2,Train249.csv,Normal,Normal,True
XGB_vibration_only,2,Train256.csv,Normal,Normal,True
XGB_vibration_only,2,Train258.csv,Normal,Normal,True
XGB_vibration_only,2,Train266.csv,Normal,Normal,True
XGB_vibration_only,2,Train270.csv,Normal,Normal,True
XGB_vibration_only,3,Train2.csv,Side II,Side II,True
XGB_vibration_only,3,Train6.csv,Normal,Normal,True
XGB_vibration_only,3,Train7.csv,Normal,Normal,True
XGB_vibration_only,3,Train20.csv,Normal,Normal,True
XGB_vibration_only,3,Train25.csv,Normal,Normal,True
XGB_vibration_only,3,Train38.csv,Normal,Normal,True
XGB_vibration_only,3,Train39.csv,Normal,Normal,True
XGB_vibration_only,3,Train48.csv,Normal,Normal,True
XGB_vibration_only,3,Train54.csv,Normal,Normal,True
XGB_vibration_only,3,Train61.csv,Normal,Normal,True
XGB_vibration_only,3,Train63.csv,Normal,Normal,True
XGB_vibration_only,3,Train67.csv,Normal,Normal,True
XGB_vibration_only,3,Train70.csv,Normal,Normal,True
XGB_vibration_only,3,Train72.csv,Side II,Side II,True
XGB_vibration_only,3,Train75.csv,Normal,Normal,True
XGB_vibration_only,3,Train79.csv,Normal,Normal,True
XGB_vibration_only,3,Train80.csv,Normal,Normal,True
XGB_vibration_only,3,Train83.csv,Side I,Side I,True
XGB_vibration_only,3,Train85.csv,Normal,Normal,True
XGB_vibration_only,3,Train89.csv,Normal,Normal,True
XGB_vibration_only,3,Train91.csv,Normal,Normal,True
XGB_vibration_only,3,Train98.csv,Normal,Normal,True
XGB_vibration_only,3,Train99.csv,Normal,Normal,True
XGB_vibration_only,3,Train104.csv,Side II,Side II,True
XGB_vibration_only,3,Train110.csv,Normal,Normal,True
XGB_vibration_only,3,Train114.csv,Normal,Normal,True
XGB_vibration_only,3,Train124.csv,Normal,Normal,True
XGB_vibration_only,3,Train125.csv,Normal,Normal,True
XGB_vibration_only,3,Train126.csv,Normal,Normal,True
XGB_vibration_only,3,Train127.csv,Side II,Side II,True
XGB_vibration_only,3,Train133.csv,Normal,Normal,True
XGB_vibration_only,3,Train135.csv,Normal,Normal,True
XGB_vibration_only,3,Train139.csv,Normal,Normal,True
XGB_vibration_only,3,Train141.csv,Normal,Normal,True
XGB_vibration_only,3,Train151.csv,Normal,Normal,True
XGB_vibration_only,3,Train155.csv,Normal,Normal,True
XGB_vibration_only,3,Train163.csv,Side I,Side I,True
XGB_vibration_only,3,Train164.csv,Side II,Side II,True
XGB_vibration_only,3,Train166.csv,Normal,Normal,True
XGB_vibration_only,3,Train175.csv,Normal,Normal,True
XGB_vibration_only,3,Train183.csv,Normal,Normal,True
XGB_vibration_only,3,Train186.csv,Normal,Normal,True
XGB_vibration_only,3,Train197.csv,Normal,Normal,True
XGB_vibration_only,3,Train211.csv,Normal,Normal,True
XGB_vibration_only,3,Train219.csv,Normal,Normal,True
XGB_vibration_only,3,Train224.csv,Normal,Normal,True
XGB_vibration_only,3,Train243.csv,Normal,Normal,True
XGB_vibration_only,3,Train251.csv,Normal,Side II,False
XGB_vibration_only,3,Train253.csv,Normal,Normal,True
XGB_vibration_only,3,Train254.csv,Normal,Normal,True
XGB_vibration_only,3,Train255.csv,Normal,Normal,True
XGB_vibration_only,3,Train261.csv,Normal,Normal,True
XGB_vibration_only,3,Train268.csv,Normal,Normal,True
XGB_vibration_only,3,Train272.csv,Normal,Normal,True
XGB_vibration_only,4,Train4.csv,Normal,Normal,True
XGB_vibration_only,4,Train18.csv,Normal,Normal,True
XGB_vibration_only,4,Train27.csv,Normal,Normal,True
XGB_vibration_only,4,Train32.csv,Normal,Normal,True
XGB_vibration_only,4,Train35.csv,Normal,Normal,True
XGB_vibration_only,4,Train40.csv,Normal,Normal,True
XGB_vibration_only,4,Train41.csv,Normal,Normal,True
XGB_vibration_only,4,Train44.csv,Normal,Normal,True
XGB_vibration_only,4,Train45.csv,Normal,Normal,True
XGB_vibration_only,4,Train46.csv,Normal,Normal,True
XGB_vibration_only,4,Train55.csv,Normal,Normal,True
XGB_vibration_only,4,Train56.csv,Normal,Normal,True
XGB_vibration_only,4,Train57.csv,Normal,Normal,True
XGB_vibration_only,4,Train59.csv,Normal,Normal,True
XGB_vibration_only,4,Train64.csv,Normal,Normal,True
XGB_vibration_only,4,Train68.csv,Normal,Normal,True
XGB_vibration_only,4,Train69.csv,Normal,Normal,True
XGB_vibration_only,4,Train86.csv,Normal,Normal,True
XGB_vibration_only,4,Train87.csv,Normal,Normal,True
XGB_vibration_only,4,Train93.csv,Side II,Side II,True
XGB_vibration_only,4,Train103.csv,Side II,Side II,True
XGB_vibration_only,4,Train105.csv,Normal,Normal,True
XGB_vibration_only,4,Train107.csv,Normal,Normal,True
XGB_vibration_only,4,Train112.csv,Normal,Normal,True
XGB_vibration_only,4,Train116.csv,Normal,Normal,True
XGB_vibration_only,4,Train118.csv,Normal,Normal,True
XGB_vibration_only,4,Train128.csv,Normal,Normal,True
XGB_vibration_only,4,Train131.csv,Normal,Normal,True
XGB_vibration_only,4,Train132.csv,Normal,Normal,True
XGB_vibration_only,4,Train145.csv,Normal,Normal,True
XGB_vibration_only,4,Train148.csv,Normal,Normal,True
XGB_vibration_only,4,Train153.csv,Normal,Normal,True
XGB_vibration_only,4,Train157.csv,Normal,Normal,True
XGB_vibration_only,4,Train159.csv,Normal,Normal,True
XGB_vibration_only,4,Train162.csv,Normal,Normal,True
XGB_vibration_only,4,Train168.csv,Normal,Normal,True
XGB_vibration_only,4,Train170.csv,Side I,Normal,False
XGB_vibration_only,4,Train176.csv,Normal,Normal,True
XGB_vibration_only,4,Train178.csv,Normal,Normal,True
XGB_vibration_only,4,Train181.csv,Normal,Normal,True
XGB_vibration_only,4,Train188.csv,Side II,Side II,True
XGB_vibration_only,4,Train192.csv,Normal,Normal,True
XGB_vibration_only,4,Train202.csv,Side I,Normal,False
XGB_vibration_only,4,Train213.csv,Side I,Normal,False
XGB_vibration_only,4,Train214.csv,Normal,Normal,True
XGB_vibration_only,4,Train227.csv,Normal,Normal,True
XGB_vibration_only,4,Train232.csv,Normal,Normal,True
XGB_vibration_only,4,Train238.csv,Normal,Normal,True
XGB_vibration_only,4,Train241.csv,Normal,Normal,True
XGB_vibration_only,4,Train245.csv,Normal,Normal,True
XGB_vibration_only,4,Train250.csv,Normal,Normal,True
XGB_vibration_only,4,Train252.csv,Normal,Normal,True
XGB_vibration_only,4,Train267.csv,Side II,Side II,True
XGB_vibration_only,4,Train271.csv,Normal,Normal,True
XGB_vibration_only,5,Train3.csv,Normal,Normal,True
XGB_vibration_only,5,Train8.csv,Normal,Normal,True
XGB_vibration_only,5,Train10.csv,Normal,Normal,True
XGB_vibration_only,5,Train13.csv,Normal,Normal,True
XGB_vibration_only,5,Train15.csv,Normal,Normal,True
XGB_vibration_only,5,Train17.csv,Normal,Normal,True
XGB_vibration_only,5,Train21.csv,Normal,Normal,True
XGB_vibration_only,5,Train23.csv,Normal,Normal,True
XGB_vibration_only,5,Train28.csv,Normal,Normal,True
XGB_vibration_only,5,Train47.csv,Normal,Normal,True
XGB_vibration_only,5,Train50.csv,Normal,Normal,True
XGB_vibration_only,5,Train51.csv,Normal,Normal,True
XGB_vibration_only,5,Train58.csv,Normal,Normal,True
XGB_vibration_only,5,Train60.csv,Normal,Normal,True
XGB_vibration_only,5,Train62.csv,Side I,Side I,True
XGB_vibration_only,5,Train71.csv,Normal,Normal,True
XGB_vibration_only,5,Train74.csv,Normal,Normal,True
XGB_vibration_only,5,Train90.csv,Normal,Normal,True
XGB_vibration_only,5,Train101.csv,Normal,Normal,True
XGB_vibration_only,5,Train106.csv,Side I,Normal,False
XGB_vibration_only,5,Train111.csv,Side II,Side II,True
XGB_vibration_only,5,Train117.csv,Normal,Normal,True
XGB_vibration_only,5,Train137.csv,Side I,Side I,True
XGB_vibration_only,5,Train140.csv,Normal,Normal,True
XGB_vibration_only,5,Train144.csv,Normal,Normal,True
XGB_vibration_only,5,Train156.csv,Normal,Normal,True
XGB_vibration_only,5,Train169.csv,Normal,Normal,True
XGB_vibration_only,5,Train173.csv,Normal,Normal,True
XGB_vibration_only,5,Train179.csv,Side II,Side II,True
XGB_vibration_only,5,Train187.csv,Normal,Normal,True
XGB_vibration_only,5,Train189.csv,Normal,Normal,True
XGB_vibration_only,5,Train190.csv,Normal,Normal,True
XGB_vibration_only,5,Train199.csv,Side II,Side II,True
XGB_vibration_only,5,Train203.csv,Normal,Normal,True
XGB_vibration_only,5,Train204.csv,Normal,Normal,True
XGB_vibration_only,5,Train210.csv,Normal,Normal,True
XGB_vibration_only,5,Train218.csv,Normal,Normal,True
XGB_vibration_only,5,Train220.csv,Normal,Normal,True
XGB_vibration_only,5,Train221.csv,Normal,Normal,True
XGB_vibration_only,5,Train226.csv,Normal,Normal,True
XGB_vibration_only,5,Train228.csv,Normal,Normal,True
XGB_vibration_only,5,Train229.csv,Normal,Normal,True
XGB_vibration_only,5,Train230.csv,Normal,Normal,True
XGB_vibration_only,5,Train231.csv,Normal,Normal,True
XGB_vibration_only,5,Train239.csv,Normal,Normal,True
XGB_vibration_only,5,Train240.csv,Side II,Side II,True
XGB_vibration_only,5,Train242.csv,Normal,Normal,True
XGB_vibration_only,5,Train246.csv,Normal,Normal,True
XGB_vibration_only,5,Train257.csv,Normal,Normal,True
XGB_vibration_only,5,Train259.csv,Normal,Normal,True
XGB_vibration_only,5,Train260.csv,Normal,Normal,True
XGB_vibration_only,5,Train262.csv,Normal,Normal,True
XGB_vibration_only,5,Train264.csv,Normal,Normal,True
XGB_vibration_only,5,Train265.csv,Side II,Side I,False
XGB_vibration_only,6,Train5.csv,Normal,Normal,True
XGB_vibration_only,6,Train17.csv,Normal,Normal,True
XGB_vibration_only,6,Train24.csv,Normal,Normal,True
XGB_vibration_only,6,Train25.csv,Normal,Normal,True
XGB_vibration_only,6,Train28.csv,Normal,Normal,True
XGB_vibration_only,6,Train29.csv,Normal,Normal,True
XGB_vibration_only,6,Train30.csv,Side II,Side II,True
XGB_vibration_only,6,Train55.csv,Normal,Normal,True
XGB_vibration_only,6,Train56.csv,Normal,Normal,True
XGB_vibration_only,6,Train70.csv,Normal,Normal,True
XGB_vibration_only,6,Train75.csv,Normal,Normal,True
XGB_vibration_only,6,Train76.csv,Normal,Normal,True
XGB_vibration_only,6,Train78.csv,Normal,Normal,True
XGB_vibration_only,6,Train86.csv,Normal,Normal,True
XGB_vibration_only,6,Train91.csv,Normal,Normal,True
XGB_vibration_only,6,Train94.csv,Normal,Normal,True
XGB_vibration_only,6,Train97.csv,Normal,Normal,True
XGB_vibration_only,6,Train106.csv,Side I,Side I,True
XGB_vibration_only,6,Train109.csv,Normal,Normal,True
XGB_vibration_only,6,Train111.csv,Side II,Side II,True
XGB_vibration_only,6,Train131.csv,Normal,Normal,True
XGB_vibration_only,6,Train135.csv,Normal,Normal,True
XGB_vibration_only,6,Train136.csv,Normal,Normal,True
XGB_vibration_only,6,Train141.csv,Normal,Normal,True
XGB_vibration_only,6,Train142.csv,Normal,Normal,True
XGB_vibration_only,6,Train143.csv,Normal,Normal,True
XGB_vibration_only,6,Train145.csv,Normal,Normal,True
XGB_vibration_only,6,Train148.csv,Normal,Normal,True
XGB_vibration_only,6,Train152.csv,Normal,Normal,True
XGB_vibration_only,6,Train153.csv,Normal,Normal,True
XGB_vibration_only,6,Train154.csv,Normal,Normal,True
XGB_vibration_only,6,Train160.csv,Normal,Normal,True
XGB_vibration_only,6,Train169.csv,Normal,Normal,True
XGB_vibration_only,6,Train171.csv,Normal,Normal,True
XGB_vibration_only,6,Train181.csv,Normal,Normal,True
XGB_vibration_only,6,Train182.csv,Normal,Normal,True
XGB_vibration_only,6,Train185.csv,Side I,Normal,False
XGB_vibration_only,6,Train186.csv,Normal,Normal,True
XGB_vibration_only,6,Train189.csv,Normal,Normal,True
XGB_vibration_only,6,Train191.csv,Normal,Normal,True
XGB_vibration_only,6,Train193.csv,Normal,Normal,True
XGB_vibration_only,6,Train194.csv,Side I,Normal,False
XGB_vibration_only,6,Train195.csv,Normal,Normal,True
XGB_vibration_only,6,Train203.csv,Normal,Normal,True
XGB_vibration_only,6,Train205.csv,Normal,Normal,True
XGB_vibration_only,6,Train209.csv,Normal,Normal,True
XGB_vibration_only,6,Train210.csv,Normal,Normal,True
XGB_vibration_only,6,Train214.csv,Normal,Normal,True
XGB_vibration_only,6,Train216.csv,Side II,Normal,False
XGB_vibration_only,6,Train217.csv,Side II,Side I,False
XGB_vibration_only,6,Train218.csv,Normal,Normal,True
XGB_vibration_only,6,Train230.csv,Normal,Normal,True
XGB_vibration_only,6,Train232.csv,Normal,Normal,True
XGB_vibration_only,6,Train248.csv,Side II,Side II,True
XGB_vibration_only,6,Train272.csv,Normal,Normal,True
XGB_vibration_only,7,Train3.csv,Normal,Normal,True
XGB_vibration_only,7,Train6.csv,Normal,Normal,True
XGB_vibration_only,7,Train14.csv,Normal,Normal,True
XGB_vibration_only,7,Train15.csv,Normal,Normal,True
XGB_vibration_only,7,Train16.csv,Normal,Normal,True
XGB_vibration_only,7,Train18.csv,Normal,Normal,True
XGB_vibration_only,7,Train20.csv,Normal,Normal,True
XGB_vibration_only,7,Train21.csv,Normal,Normal,True
XGB_vibration_only,7,Train26.csv,Side II,Side II,True
XGB_vibration_only,7,Train32.csv,Normal,Normal,True
XGB_vibration_only,7,Train34.csv,Normal,Normal,True
XGB_vibration_only,7,Train39.csv,Normal,Normal,True
XGB_vibration_only,7,Train41.csv,Normal,Normal,True
XGB_vibration_only,7,Train43.csv,Side II,Side I,False
XGB_vibration_only,7,Train44.csv,Normal,Normal,True
XGB_vibration_only,7,Train45.csv,Normal,Normal,True
XGB_vibration_only,7,Train60.csv,Normal,Normal,True
XGB_vibration_only,7,Train62.csv,Side I,Side I,True
XGB_vibration_only,7,Train63.csv,Normal,Normal,True
XGB_vibration_only,7,Train72.csv,Side II,Side II,True
XGB_vibration_only,7,Train74.csv,Normal,Normal,True
XGB_vibration_only,7,Train80.csv,Normal,Normal,True
XGB_vibration_only,7,Train82.csv,Normal,Normal,True
XGB_vibration_only,7,Train92.csv,Normal,Normal,True
XGB_vibration_only,7,Train98.csv,Normal,Normal,True
XGB_vibration_only,7,Train99.csv,Normal,Normal,True
XGB_vibration_only,7,Train108.csv,Normal,Normal,True
XGB_vibration_only,7,Train110.csv,Normal,Normal,True
XGB_vibration_only,7,Train117.csv,Normal,Normal,True
XGB_vibration_only,7,Train124.csv,Normal,Normal,True
XGB_vibration_only,7,Train128.csv,Normal,Normal,True
XGB_vibration_only,7,Train130.csv,Normal,Normal,True
XGB_vibration_only,7,Train132.csv,Normal,Normal,True
XGB_vibration_only,7,Train134.csv,Normal,Normal,True
XGB_vibration_only,7,Train137.csv,Side I,Side I,True
XGB_vibration_only,7,Train140.csv,Normal,Normal,True
XGB_vibration_only,7,Train144.csv,Normal,Normal,True
XGB_vibration_only,7,Train147.csv,Normal,Normal,True
XGB_vibration_only,7,Train149.csv,Normal,Normal,True
XGB_vibration_only,7,Train159.csv,Normal,Normal,True
XGB_vibration_only,7,Train163.csv,Side I,Side I,True
XGB_vibration_only,7,Train167.csv,Normal,Normal,True
XGB_vibration_only,7,Train173.csv,Normal,Normal,True
XGB_vibration_only,7,Train192.csv,Normal,Normal,True
XGB_vibration_only,7,Train198.csv,Side II,Side II,True
XGB_vibration_only,7,Train199.csv,Side II,Side II,True
XGB_vibration_only,7,Train200.csv,Normal,Normal,True
XGB_vibration_only,7,Train211.csv,Normal,Normal,True
XGB_vibration_only,7,Train233.csv,Normal,Normal,True
XGB_vibration_only,7,Train241.csv,Normal,Normal,True
XGB_vibration_only,7,Train245.csv,Normal,Normal,True
XGB_vibration_only,7,Train250.csv,Normal,Normal,True
XGB_vibration_only,7,Train256.csv,Normal,Normal,True
XGB_vibration_only,7,Train261.csv,Normal,Normal,True
XGB_vibration_only,7,Train268.csv,Normal,Normal,True
XGB_vibration_only,8,Train1.csv,Normal,Normal,True
XGB_vibration_only,8,Train8.csv,Normal,Normal,True
XGB_vibration_only,8,Train23.csv,Normal,Normal,True
XGB_vibration_only,8,Train36.csv,Normal,Normal,True
XGB_vibration_only,8,Train47.csv,Normal,Normal,True
XGB_vibration_only,8,Train49.csv,Normal,Normal,True
XGB_vibration_only,8,Train52.csv,Normal,Normal,True
XGB_vibration_only,8,Train57.csv,Normal,Normal,True
XGB_vibration_only,8,Train59.csv,Normal,Normal,True
XGB_vibration_only,8,Train66.csv,Normal,Normal,True
XGB_vibration_only,8,Train79.csv,Normal,Normal,True
XGB_vibration_only,8,Train81.csv,Normal,Normal,True
XGB_vibration_only,8,Train83.csv,Side I,Side I,True
XGB_vibration_only,8,Train84.csv,Normal,Normal,True
XGB_vibration_only,8,Train85.csv,Normal,Normal,True
XGB_vibration_only,8,Train88.csv,Normal,Normal,True
XGB_vibration_only,8,Train90.csv,Normal,Normal,True
XGB_vibration_only,8,Train101.csv,Normal,Normal,True
XGB_vibration_only,8,Train102.csv,Normal,Normal,True
XGB_vibration_only,8,Train103.csv,Side II,Normal,False
XGB_vibration_only,8,Train113.csv,Normal,Normal,True
XGB_vibration_only,8,Train114.csv,Normal,Normal,True
XGB_vibration_only,8,Train118.csv,Normal,Normal,True
XGB_vibration_only,8,Train123.csv,Normal,Side I,False
XGB_vibration_only,8,Train126.csv,Normal,Normal,True
XGB_vibration_only,8,Train127.csv,Side II,Side II,True
XGB_vibration_only,8,Train129.csv,Normal,Normal,True
XGB_vibration_only,8,Train146.csv,Normal,Normal,True
XGB_vibration_only,8,Train157.csv,Normal,Normal,True
XGB_vibration_only,8,Train158.csv,Normal,Normal,True
XGB_vibration_only,8,Train161.csv,Normal,Normal,True
XGB_vibration_only,8,Train164.csv,Side II,Side II,True
XGB_vibration_only,8,Train170.csv,Side I,Normal,False
XGB_vibration_only,8,Train176.csv,Normal,Normal,True
XGB_vibration_only,8,Train183.csv,Normal,Normal,True
XGB_vibration_only,8,Train187.csv,Normal,Normal,True
XGB_vibration_only,8,Train201.csv,Normal,Normal,True
XGB_vibration_only,8,Train204.csv,Normal,Normal,True
XGB_vibration_only,8,Train212.csv,Normal,Normal,True
XGB_vibration_only,8,Train219.csv,Normal,Normal,True
XGB_vibration_only,8,Train220.csv,Normal,Normal,True
XGB_vibration_only,8,Train225.csv,Normal,Normal,True
XGB_vibration_only,8,Train226.csv,Normal,Normal,True
XGB_vibration_only,8,Train240.csv,Side II,Side II,True
XGB_vibration_only,8,Train242.csv,Normal,Normal,True
XGB_vibration_only,8,Train243.csv,Normal,Normal,True
XGB_vibration_only,8,Train249.csv,Normal,Normal,True
XGB_vibration_only,8,Train251.csv,Normal,Side II,False
XGB_vibration_only,8,Train255.csv,Normal,Normal,True
XGB_vibration_only,8,Train257.csv,Normal,Normal,True
XGB_vibration_only,8,Train260.csv,Normal,Normal,True
XGB_vibration_only,8,Train264.csv,Normal,Normal,True
XGB_vibration_only,8,Train265.csv,Side II,Side I,False
XGB_vibration_only,8,Train270.csv,Normal,Normal,True
XGB_vibration_only,9,Train2.csv,Side II,Side II,True
XGB_vibration_only,9,Train4.csv,Normal,Normal,True
XGB_vibration_only,9,Train7.csv,Normal,Normal,True
XGB_vibration_only,9,Train9.csv,Normal,Normal,True
XGB_vibration_only,9,Train10.csv,Normal,Normal,True
XGB_vibration_only,9,Train11.csv,Normal,Normal,True
XGB_vibration_only,9,Train13.csv,Normal,Normal,True
XGB_vibration_only,9,Train19.csv,Normal,Normal,True
XGB_vibration_only,9,Train22.csv,Normal,Normal,True
XGB_vibration_only,9,Train33.csv,Normal,Normal,True
XGB_vibration_only,9,Train35.csv,Normal,Normal,True
XGB_vibration_only,9,Train37.csv,Normal,Normal,True
XGB_vibration_only,9,Train38.csv,Normal,Normal,True
XGB_vibration_only,9,Train40.csv,Normal,Normal,True
XGB_vibration_only,9,Train42.csv,Normal,Normal,True
XGB_vibration_only,9,Train46.csv,Normal,Normal,True
XGB_vibration_only,9,Train51.csv,Normal,Normal,True
XGB_vibration_only,9,Train53.csv,Side II,Side II,True
XGB_vibration_only,9,Train58.csv,Normal,Normal,True
XGB_vibration_only,9,Train61.csv,Normal,Normal,True
XGB_vibration_only,9,Train64.csv,Normal,Normal,True
XGB_vibration_only,9,Train67.csv,Normal,Normal,True
XGB_vibration_only,9,Train87.csv,Normal,Normal,True
XGB_vibration_only,9,Train89.csv,Normal,Normal,True
XGB_vibration_only,9,Train93.csv,Side II,Side II,True
XGB_vibration_only,9,Train100.csv,Side I,Side II,False
XGB_vibration_only,9,Train116.csv,Normal,Normal,True
XGB_vibration_only,9,Train122.csv,Normal,Normal,True
XGB_vibration_only,9,Train133.csv,Normal,Normal,True
XGB_vibration_only,9,Train139.csv,Normal,Normal,True
XGB_vibration_only,9,Train155.csv,Normal,Normal,True
XGB_vibration_only,9,Train156.csv,Normal,Normal,True
XGB_vibration_only,9,Train162.csv,Normal,Normal,True
XGB_vibration_only,9,Train166.csv,Normal,Normal,True
XGB_vibration_only,9,Train175.csv,Normal,Normal,True
XGB_vibration_only,9,Train180.csv,Side I,Normal,False
XGB_vibration_only,9,Train190.csv,Normal,Normal,True
XGB_vibration_only,9,Train208.csv,Normal,Normal,True
XGB_vibration_only,9,Train213.csv,Side I,Side I,True
XGB_vibration_only,9,Train215.csv,Normal,Normal,True
XGB_vibration_only,9,Train221.csv,Normal,Normal,True
XGB_vibration_only,9,Train224.csv,Normal,Normal,True
XGB_vibration_only,9,Train231.csv,Normal,Normal,True
XGB_vibration_only,9,Train235.csv,Normal,Normal,True
XGB_vibration_only,9,Train237.csv,Normal,Normal,True
XGB_vibration_only,9,Train244.csv,Normal,Normal,True
XGB_vibration_only,9,Train246.csv,Normal,Normal,True
XGB_vibration_only,9,Train252.csv,Normal,Normal,True
XGB_vibration_only,9,Train253.csv,Normal,Normal,True
XGB_vibration_only,9,Train259.csv,Normal,Normal,True
XGB_vibration_only,9,Train262.csv,Normal,Normal,True
XGB_vibration_only,9,Train263.csv,Normal,Normal,True
XGB_vibration_only,9,Train267.csv,Side II,Side II,True
XGB_vibration_only,9,Train269.csv,Normal,Normal,True
XGB_vibration_only,10,Train12.csv,Side II,Side II,True
XGB_vibration_only,10,Train27.csv,Normal,Normal,True
XGB_vibration_only,10,Train31.csv,Normal,Normal,True
XGB_vibration_only,10,Train48.csv,Normal,Normal,True
XGB_vibration_only,10,Train50.csv,Normal,Normal,True
XGB_vibration_only,10,Train54.csv,Normal,Normal,True
XGB_vibration_only,10,Train65.csv,Normal,Normal,True
XGB_vibration_only,10,Train68.csv,Normal,Normal,True
XGB_vibration_only,10,Train69.csv,Normal,Normal,True
XGB_vibration_only,10,Train71.csv,Normal,Normal,True
XGB_vibration_only,10,Train73.csv,Normal,Normal,True
XGB_vibration_only,10,Train77.csv,Normal,Normal,True
XGB_vibration_only,10,Train95.csv,Normal,Normal,True
XGB_vibration_only,10,Train96.csv,Normal,Normal,True
XGB_vibration_only,10,Train104.csv,Side II,Side II,True
XGB_vibration_only,10,Train105.csv,Normal,Normal,True
XGB_vibration_only,10,Train107.csv,Normal,Normal,True
XGB_vibration_only,10,Train112.csv,Normal,Normal,True
XGB_vibration_only,10,Train115.csv,Normal,Normal,True
XGB_vibration_only,10,Train119.csv,Normal,Normal,True
XGB_vibration_only,10,Train120.csv,Normal,Normal,True
XGB_vibration_only,10,Train121.csv,Side I,Normal,False
XGB_vibration_only,10,Train125.csv,Normal,Normal,True
XGB_vibration_only,10,Train138.csv,Normal,Normal,True
XGB_vibration_only,10,Train150.csv,Side I,Side I,True
XGB_vibration_only,10,Train151.csv,Normal,Normal,True
XGB_vibration_only,10,Train165.csv,Normal,Normal,True
XGB_vibration_only,10,Train168.csv,Normal,Normal,True
XGB_vibration_only,10,Train172.csv,Normal,Normal,True
XGB_vibration_only,10,Train174.csv,Normal,Normal,True
XGB_vibration_only,10,Train177.csv,Normal,Side I,False
XGB_vibration_only,10,Train178.csv,Normal,Normal,True
XGB_vibration_only,10,Train179.csv,Side II,Side II,True
XGB_vibration_only,10,Train184.csv,Normal,Normal,True
XGB_vibration_only,10,Train188.csv,Side II,Side II,True
XGB_vibration_only,10,Train196.csv,Normal,Normal,True
XGB_vibration_only,10,Train197.csv,Normal,Normal,True
XGB_vibration_only,10,Train202.csv,Side I,Normal,False
XGB_vibration_only,10,Train206.csv,Normal,Normal,True
XGB_vibration_only,10,Train207.csv,Side II,Side II,True
XGB_vibration_only,10,Train222.csv,Normal,Normal,True
XGB_vibration_only,10,Train223.csv,Normal,Normal,True
XGB_vibration_only,10,Train227.csv,Normal,Normal,True
XGB_vibration_only,10,Train228.csv,Normal,Normal,True
XGB_vibration_only,10,Train229.csv,Normal,Normal,True
XGB_vibration_only,10,Train234.csv,Normal,Normal,True
XGB_vibration_only,10,Train236.csv,Normal,Normal,True
XGB_vibration_only,10,Train238.csv,Normal,Normal,True
XGB_vibration_only,10,Train239.csv,Normal,Normal,True
XGB_vibration_only,10,Train247.csv,Normal,Normal,True
XGB_vibration_only,10,Train254.csv,Normal,Normal,True
XGB_vibration_only,10,Train258.csv,Normal,Normal,True
XGB_vibration_only,10,Train266.csv,Normal,Normal,True
XGB_vibration_only,10,Train271.csv,Normal,Normal,True
XGB_vibration_only,11,Train14.csv,Normal,Normal,True
XGB_vibration_only,11,Train15.csv,Normal,Normal,True
XGB_vibration_only,11,Train25.csv,Normal,Normal,True
XGB_vibration_only,11,Train42.csv,Normal,Normal,True
XGB_vibration_only,11,Train47.csv,Normal,Normal,True
XGB_vibration_only,11,Train49.csv,Normal,Normal,True
XGB_vibration_only,11,Train51.csv,Normal,Normal,True
XGB_vibration_only,11,Train61.csv,Normal,Normal,True
XGB_vibration_only,11,Train63.csv,Normal,Normal,True
XGB_vibration_only,11,Train71.csv,Normal,Normal,True
XGB_vibration_only,11,Train72.csv,Side II,Side II,True
XGB_vibration_only,11,Train73.csv,Normal,Normal,True
XGB_vibration_only,11,Train81.csv,Normal,Normal,True
XGB_vibration_only,11,Train89.csv,Normal,Normal,True
XGB_vibration_only,11,Train91.csv,Normal,Normal,True
XGB_vibration_only,11,Train102.csv,Normal,Normal,True
XGB_vibration_only,11,Train105.csv,Normal,Normal,True
XGB_vibration_only,11,Train109.csv,Normal,Normal,True
XGB_vibration_only,11,Train110.csv,Normal,Normal,True
XGB_vibration_only,11,Train111.csv,Side II,Side II,True
XGB_vibration_only,11,Train112.csv,Normal,Normal,True
XGB_vibration_only,11,Train115.csv,Normal,Normal,True
XGB_vibration_only,11,Train117.csv,Normal,Normal,True
XGB_vibration_only,11,Train128.csv,Normal,Normal,True
XGB_vibration_only,11,Train131.csv,Normal,Normal,True
XGB_vibration_only,11,Train133.csv,Normal,Normal,True
XGB_vibration_only,11,Train135.csv,Normal,Normal,True
XGB_vibration_only,11,Train138.csv,Normal,Normal,True
XGB_vibration_only,11,Train139.csv,Normal,Normal,True
XGB_vibration_only,11,Train148.csv,Normal,Normal,True
XGB_vibration_only,11,Train163.csv,Side I,Side I,True
XGB_vibration_only,11,Train167.csv,Normal,Normal,True
XGB_vibration_only,11,Train176.csv,Normal,Normal,True
XGB_vibration_only,11,Train177.csv,Normal,Side I,False
XGB_vibration_only,11,Train181.csv,Normal,Normal,True
XGB_vibration_only,11,Train184.csv,Normal,Normal,True
XGB_vibration_only,11,Train194.csv,Side I,Side II,False
XGB_vibration_only,11,Train201.csv,Normal,Normal,True
XGB_vibration_only,11,Train202.csv,Side I,Normal,False
XGB_vibration_only,11,Train204.csv,Normal,Normal,True
XGB_vibration_only,11,Train207.csv,Side II,Side II,True
XGB_vibration_only,11,Train212.csv,Normal,Normal,True
XGB_vibration_only,11,Train217.csv,Side II,Side I,False
XGB_vibration_only,11,Train225.csv,Normal,Normal,True
XGB_vibration_only,11,Train226.csv,Normal,Normal,True
XGB_vibration_only,11,Train233.csv,Normal,Normal,True
XGB_vibration_only,11,Train242.csv,Normal,Normal,True
XGB_vibration_only,11,Train243.csv,Normal,Normal,True
XGB_vibration_only,11,Train246.csv,Normal,Normal,True
XGB_vibration_only,11,Train247.csv,Normal,Normal,True
XGB_vibration_only,11,Train251.csv,Normal,Side II,False
XGB_vibration_only,11,Train252.csv,Normal,Normal,True
XGB_vibration_only,11,Train258.csv,Normal,Normal,True
XGB_vibration_only,11,Train265.csv,Side II,Side I,False
XGB_vibration_only,11,Train269.csv,Normal,Normal,True
XGB_vibration_only,12,Train1.csv,Normal,Normal,True
XGB_vibration_only,12,Train4.csv,Normal,Normal,True
XGB_vibration_only,12,Train10.csv,Normal,Normal,True
XGB_vibration_only,12,Train12.csv,Side II,Side II,True
XGB_vibration_only,12,Train17.csv,Normal,Normal,True
XGB_vibration_only,12,Train18.csv,Normal,Normal,True
XGB_vibration_only,12,Train21.csv,Normal,Normal,True
XGB_vibration_only,12,Train24.csv,Normal,Normal,True
XGB_vibration_only,12,Train26.csv,Side II,Side II,True
XGB_vibration_only,12,Train27.csv,Normal,Normal,True
XGB_vibration_only,12,Train28.csv,Normal,Normal,True
XGB_vibration_only,12,Train43.csv,Side II,Side I,False
XGB_vibration_only,12,Train45.csv,Normal,Normal,True
XGB_vibration_only,12,Train48.csv,Normal,Normal,True
XGB_vibration_only,12,Train55.csv,Normal,Normal,True
XGB_vibration_only,12,Train56.csv,Normal,Normal,True
XGB_vibration_only,12,Train57.csv,Normal,Normal,True
XGB_vibration_only,12,Train59.csv,Normal,Normal,True
XGB_vibration_only,12,Train62.csv,Side I,Side I,True
XGB_vibration_only,12,Train67.csv,Normal,Normal,True
XGB_vibration_only,12,Train80.csv,Normal,Normal,True
XGB_vibration_only,12,Train82.csv,Normal,Normal,True
XGB_vibration_only,12,Train84.csv,Normal,Normal,True
XGB_vibration_only,12,Train85.csv,Normal,Normal,True
XGB_vibration_only,12,Train93.csv,Side II,Side II,True
XGB_vibration_only,12,Train94.csv,Normal,Normal,True
XGB_vibration_only,12,Train101.csv,Normal,Normal,True
XGB_vibration_only,12,Train107.csv,Normal,Normal,True
XGB_vibration_only,12,Train113.csv,Normal,Normal,True
XGB_vibration_only,12,Train124.csv,Normal,Normal,True
XGB_vibration_only,12,Train125.csv,Normal,Normal,True
XGB_vibration_only,12,Train140.csv,Normal,Normal,True
XGB_vibration_only,12,Train144.csv,Normal,Normal,True
XGB_vibration_only,12,Train147.csv,Normal,Normal,True
XGB_vibration_only,12,Train152.csv,Normal,Normal,True
XGB_vibration_only,12,Train153.csv,Normal,Normal,True
XGB_vibration_only,12,Train158.csv,Normal,Normal,True
XGB_vibration_only,12,Train159.csv,Normal,Normal,True
XGB_vibration_only,12,Train162.csv,Normal,Normal,True
XGB_vibration_only,12,Train168.csv,Normal,Normal,True
XGB_vibration_only,12,Train170.csv,Side I,Normal,False
XGB_vibration_only,12,Train172.csv,Normal,Normal,True
XGB_vibration_only,12,Train179.csv,Side II,Side II,True
XGB_vibration_only,12,Train185.csv,Side I,Normal,False
XGB_vibration_only,12,Train187.csv,Normal,Normal,True
XGB_vibration_only,12,Train192.csv,Normal,Normal,True
XGB_vibration_only,12,Train205.csv,Normal,Normal,True
XGB_vibration_only,12,Train209.csv,Normal,Normal,True
XGB_vibration_only,12,Train218.csv,Normal,Normal,True
XGB_vibration_only,12,Train222.csv,Normal,Normal,True
XGB_vibration_only,12,Train223.csv,Normal,Normal,True
XGB_vibration_only,12,Train227.csv,Normal,Normal,True
XGB_vibration_only,12,Train236.csv,Normal,Normal,True
XGB_vibration_only,12,Train238.csv,Normal,Normal,True
XGB_vibration_only,12,Train239.csv,Normal,Normal,True
XGB_vibration_only,13,Train5.csv,Normal,Normal,True
XGB_vibration_only,13,Train7.csv,Normal,Normal,True
XGB_vibration_only,13,Train9.csv,Normal,Normal,True
XGB_vibration_only,13,Train20.csv,Normal,Normal,True
XGB_vibration_only,13,Train22.csv,Normal,Normal,True
XGB_vibration_only,13,Train32.csv,Normal,Normal,True
XGB_vibration_only,13,Train34.csv,Normal,Normal,True
XGB_vibration_only,13,Train40.csv,Normal,Normal,True
XGB_vibration_only,13,Train50.csv,Normal,Normal,True
XGB_vibration_only,13,Train52.csv,Normal,Normal,True
XGB_vibration_only,13,Train53.csv,Side II,Side II,True
XGB_vibration_only,13,Train58.csv,Normal,Normal,True
XGB_vibration_only,13,Train65.csv,Normal,Normal,True
XGB_vibration_only,13,Train69.csv,Normal,Normal,True
XGB_vibration_only,13,Train78.csv,Normal,Normal,True
XGB_vibration_only,13,Train86.csv,Normal,Normal,True
XGB_vibration_only,13,Train88.csv,Normal,Normal,True
XGB_vibration_only,13,Train98.csv,Normal,Normal,True
XGB_vibration_only,13,Train99.csv,Normal,Normal,True
XGB_vibration_only,13,Train100.csv,Side I,Side II,False
XGB_vibration_only,13,Train103.csv,Side II,Side II,True
XGB_vibration_only,13,Train108.csv,Normal,Normal,True
XGB_vibration_only,13,Train127.csv,Side II,Side II,True
XGB_vibration_only,13,Train130.csv,Normal,Normal,True
XGB_vibration_only,13,Train134.csv,Normal,Normal,True
XGB_vibration_only,13,Train143.csv,Normal,Normal,True
XGB_vibration_only,13,Train145.csv,Normal,Normal,True
XGB_vibration_only,13,Train150.csv,Side I,Normal,False
XGB_vibration_only,13,Train151.csv,Normal,Normal,True
XGB_vibration_only,13,Train155.csv,Normal,Normal,True
XGB_vibration_only,13,Train160.csv,Normal,Normal,True
XGB_vibration_only,13,Train166.csv,Normal,Normal,True
XGB_vibration_only,13,Train174.csv,Normal,Normal,True
XGB_vibration_only,13,Train182.csv,Normal,Normal,True
XGB_vibration_only,13,Train188.csv,Side II,Side II,True
XGB_vibration_only,13,Train195.csv,Normal,Normal,True
XGB_vibration_only,13,Train196.csv,Normal,Normal,True
XGB_vibration_only,13,Train203.csv,Normal,Normal,True
XGB_vibration_only,13,Train210.csv,Normal,Normal,True
XGB_vibration_only,13,Train219.csv,Normal,Normal,True
XGB_vibration_only,13,Train221.csv,Normal,Normal,True
XGB_vibration_only,13,Train224.csv,Normal,Normal,True
XGB_vibration_only,13,Train230.csv,Normal,Normal,True
XGB_vibration_only,13,Train231.csv,Normal,Normal,True
XGB_vibration_only,13,Train235.csv,Normal,Normal,True
XGB_vibration_only,13,Train237.csv,Normal,Normal,True
XGB_vibration_only,13,Train240.csv,Side II,Side II,True
XGB_vibration_only,13,Train244.csv,Normal,Normal,True
XGB_vibration_only,13,Train250.csv,Normal,Normal,True
XGB_vibration_only,13,Train256.csv,Normal,Normal,True
XGB_vibration_only,13,Train259.csv,Normal,Normal,True
XGB_vibration_only,13,Train264.csv,Normal,Normal,True
XGB_vibration_only,13,Train266.csv,Normal,Normal,True
XGB_vibration_only,13,Train272.csv,Normal,Normal,True
XGB_vibration_only,14,Train3.csv,Normal,Normal,True
XGB_vibration_only,14,Train6.csv,Normal,Normal,True
XGB_vibration_only,14,Train8.csv,Normal,Normal,True
XGB_vibration_only,14,Train11.csv,Normal,Normal,True
XGB_vibration_only,14,Train16.csv,Normal,Normal,True
XGB_vibration_only,14,Train19.csv,Normal,Normal,True
XGB_vibration_only,14,Train23.csv,Normal,Normal,True
XGB_vibration_only,14,Train30.csv,Side II,Side II,True
XGB_vibration_only,14,Train35.csv,Normal,Normal,True
XGB_vibration_only,14,Train36.csv,Normal,Normal,True
XGB_vibration_only,14,Train37.csv,Normal,Normal,True
XGB_vibration_only,14,Train44.csv,Normal,Normal,True
XGB_vibration_only,14,Train54.csv,Normal,Normal,True
XGB_vibration_only,14,Train64.csv,Normal,Normal,True
XGB_vibration_only,14,Train66.csv,Normal,Normal,True
XGB_vibration_only,14,Train75.csv,Normal,Normal,True
XGB_vibration_only,14,Train76.csv,Normal,Normal,True
XGB_vibration_only,14,Train79.csv,Normal,Normal,True
XGB_vibration_only,14,Train83.csv,Side I,Side I,True
XGB_vibration_only,14,Train95.csv,Normal,Normal,True
XGB_vibration_only,14,Train96.csv,Normal,Normal,True
XGB_vibration_only,14,Train116.csv,Normal,Normal,True
XGB_vibration_only,14,Train120.csv,Normal,Normal,True
XGB_vibration_only,14,Train123.csv,Normal,Normal,True
XGB_vibration_only,14,Train129.csv,Normal,Normal,True
XGB_vibration_only,14,Train132.csv,Normal,Normal,True
XGB_vibration_only,14,Train136.csv,Normal,Normal,True
XGB_vibration_only,14,Train141.csv,Normal,Normal,True
XGB_vibration_only,14,Train156.csv,Normal,Normal,True
XGB_vibration_only,14,Train157.csv,Normal,Normal,True
XGB_vibration_only,14,Train169.csv,Normal,Normal,True
XGB_vibration_only,14,Train173.csv,Normal,Normal,True
XGB_vibration_only,14,Train175.csv,Normal,Normal,True
XGB_vibration_only,14,Train178.csv,Normal,Normal,True
XGB_vibration_only,14,Train180.csv,Side I,Side I,True
XGB_vibration_only,14,Train186.csv,Normal,Normal,True
XGB_vibration_only,14,Train191.csv,Normal,Normal,True
XGB_vibration_only,14,Train193.csv,Normal,Normal,True
XGB_vibration_only,14,Train197.csv,Normal,Normal,True
XGB_vibration_only,14,Train198.csv,Side II,Side II,True
XGB_vibration_only,14,Train199.csv,Side II,Side II,True
XGB_vibration_only,14,Train200.csv,Normal,Normal,True
XGB_vibration_only,14,Train206.csv,Normal,Normal,True
XGB_vibration_only,14,Train211.csv,Normal,Normal,True
XGB_vibration_only,14,Train213.csv,Side I,Side I,True
XGB_vibration_only,14,Train220.csv,Normal,Normal,True
XGB_vibration_only,14,Train228.csv,Normal,Normal,True
XGB_vibration_only,14,Train234.csv,Normal,Normal,True
XGB_vibration_only,14,Train248.csv,Side II,Side II,True
XGB_vibration_only,14,Train249.csv,Normal,Normal,True
XGB_vibration_only,14,Train254.csv,Normal,Normal,True
XGB_vibration_only,14,Train260.csv,Normal,Normal,True
XGB_vibration_only,14,Train262.csv,Normal,Normal,True
XGB_vibration_only,14,Train271.csv,Normal,Normal,True
XGB_vibration_only,15,Train2.csv,Side II,Normal,False
XGB_vibration_only,15,Train13.csv,Normal,Normal,True
XGB_vibration_only,15,Train29.csv,Normal,Normal,True
XGB_vibration_only,15,Train31.csv,Normal,Normal,True
XGB_vibration_only,15,Train33.csv,Normal,Normal,True
XGB_vibration_only,15,Train38.csv,Normal,Normal,True
XGB_vibration_only,15,Train39.csv,Normal,Normal,True
XGB_vibration_only,15,Train41.csv,Normal,Normal,True
XGB_vibration_only,15,Train46.csv,Normal,Normal,True
XGB_vibration_only,15,Train60.csv,Normal,Normal,True
XGB_vibration_only,15,Train68.csv,Normal,Normal,True
XGB_vibration_only,15,Train70.csv,Normal,Normal,True
XGB_vibration_only,15,Train74.csv,Normal,Normal,True
XGB_vibration_only,15,Train77.csv,Normal,Normal,True
XGB_vibration_only,15,Train87.csv,Normal,Normal,True
XGB_vibration_only,15,Train90.csv,Normal,Normal,True
XGB_vibration_only,15,Train92.csv,Normal,Normal,True
XGB_vibration_only,15,Train97.csv,Normal,Normal,True
XGB_vibration_only,15,Train104.csv,Side II,Side II,True
XGB_vibration_only,15,Train106.csv,Side I,Normal,False
XGB_vibration_only,15,Train114.csv,Normal,Normal,True
XGB_vibration_only,15,Train118.csv,Normal,Normal,True
XGB_vibration_only,15,Train119.csv,Normal,Normal,True
XGB_vibration_only,15,Train121.csv,Side I,Normal,False
XGB_vibration_only,15,Train122.csv,Normal,Normal,True
XGB_vibration_only,15,Train126.csv,Normal,Normal,True
XGB_vibration_only,15,Train137.csv,Side I,Side I,True
XGB_vibration_only,15,Train142.csv,Normal,Normal,True
XGB_vibration_only,15,Train146.csv,Normal,Normal,True
XGB_vibration_only,15,Train149.csv,Normal,Normal,True
XGB_vibration_only,15,Train154.csv,Normal,Normal,True
XGB_vibration_only,15,Train161.csv,Normal,Normal,True
XGB_vibration_only,15,Train164.csv,Side II,Side II,True
XGB_vibration_only,15,Train165.csv,Normal,Normal,True
XGB_vibration_only,15,Train171.csv,Normal,Normal,True
XGB_vibration_only,15,Train183.csv,Normal,Normal,True
XGB_vibration_only,15,Train189.csv,Normal,Normal,True
XGB_vibration_only,15,Train190.csv,Normal,Normal,True
XGB_vibration_only,15,Train208.csv,Normal,Normal,True
XGB_vibration_only,15,Train214.csv,Normal,Normal,True
XGB_vibration_only,15,Train215.csv,Normal,Normal,True
XGB_vibration_only,15,Train216.csv,Side II,Normal,False
XGB_vibration_only,15,Train229.csv,Normal,Normal,True
XGB_vibration_only,15,Train232.csv,Normal,Normal,True
XGB_vibration_only,15,Train241.csv,Normal,Normal,True
XGB_vibration_only,15,Train245.csv,Normal,Normal,True
XGB_vibration_only,15,Train253.csv,Normal,Normal,True
XGB_vibration_only,15,Train255.csv,Normal,Normal,True
XGB_vibration_only,15,Train257.csv,Normal,Normal,True
XGB_vibration_only,15,Train261.csv,Normal,Normal,True
XGB_vibration_only,15,Train263.csv,Normal,Normal,True
XGB_vibration_only,15,Train267.csv,Side II,Side II,True
XGB_vibration_only,15,Train268.csv,Normal,Normal,True
XGB_vibration_only,15,Train270.csv,Normal,Normal,True
XGB_vibration_only,16,Train6.csv,Normal,Normal,True
XGB_vibration_only,16,Train16.csv,Normal,Normal,True
XGB_vibration_only,16,Train17.csv,Normal,Normal,True
XGB_vibration_only,16,Train19.csv,Normal,Normal,True
XGB_vibration_only,16,Train21.csv,Normal,Normal,True
XGB_vibration_only,16,Train30.csv,Side II,Side II,True
XGB_vibration_only,16,Train43.csv,Side II,Side I,False
XGB_vibration_only,16,Train44.csv,Normal,Normal,True
XGB_vibration_only,16,Train46.csv,Normal,Normal,True
XGB_vibration_only,16,Train56.csv,Normal,Normal,True
XGB_vibration_only,16,Train57.csv,Normal,Normal,True
XGB_vibration_only,16,Train68.csv,Normal,Normal,True
XGB_vibration_only,16,Train69.csv,Normal,Normal,True
XGB_vibration_only,16,Train83.csv,Side I,Side I,True
XGB_vibration_only,16,Train94.csv,Normal,Normal,True
XGB_vibration_only,16,Train96.csv,Normal,Normal,True
XGB_vibration_only,16,Train98.csv,Normal,Normal,True
XGB_vibration_only,16,Train105.csv,Normal,Normal,True
XGB_vibration_only,16,Train111.csv,Side II,Side II,True
XGB_vibration_only,16,Train113.csv,Normal,Normal,True
XGB_vibration_only,16,Train121.csv,Side I,Normal,False
XGB_vibration_only,16,Train125.csv,Normal,Normal,True
XGB_vibration_only,16,Train126.csv,Normal,Normal,True
XGB_vibration_only,16,Train130.csv,Normal,Normal,True
XGB_vibration_only,16,Train143.csv,Normal,Normal,True
XGB_vibration_only,16,Train147.csv,Normal,Normal,True
XGB_vibration_only,16,Train149.csv,Normal,Normal,True
XGB_vibration_only,16,Train154.csv,Normal,Normal,True
XGB_vibration_only,16,Train157.csv,Normal,Normal,True
XGB_vibration_only,16,Train159.csv,Normal,Normal,True
XGB_vibration_only,16,Train160.csv,Normal,Normal,True
XGB_vibration_only,16,Train164.csv,Side II,Side II,True
XGB_vibration_only,16,Train165.csv,Normal,Normal,True
XGB_vibration_only,16,Train166.csv,Normal,Normal,True
XGB_vibration_only,16,Train174.csv,Normal,Normal,True
XGB_vibration_only,16,Train175.csv,Normal,Normal,True
XGB_vibration_only,16,Train186.csv,Normal,Normal,True
XGB_vibration_only,16,Train200.csv,Normal,Normal,True
XGB_vibration_only,16,Train201.csv,Normal,Normal,True
XGB_vibration_only,16,Train202.csv,Side I,Normal,False
XGB_vibration_only,16,Train205.csv,Normal,Normal,True
XGB_vibration_only,16,Train209.csv,Normal,Normal,True
XGB_vibration_only,16,Train211.csv,Normal,Normal,True
XGB_vibration_only,16,Train214.csv,Normal,Normal,True
XGB_vibration_only,16,Train219.csv,Normal,Normal,True
XGB_vibration_only,16,Train223.csv,Normal,Normal,True
XGB_vibration_only,16,Train224.csv,Normal,Normal,True
XGB_vibration_only,16,Train236.csv,Normal,Normal,True
XGB_vibration_only,16,Train242.csv,Normal,Normal,True
XGB_vibration_only,16,Train248.csv,Side II,Side II,True
XGB_vibration_only,16,Train254.csv,Normal,Normal,True
XGB_vibration_only,16,Train259.csv,Normal,Normal,True
XGB_vibration_only,16,Train260.csv,Normal,Normal,True
XGB_vibration_only,16,Train264.csv,Normal,Normal,True
XGB_vibration_only,16,Train272.csv,Normal,Normal,True
XGB_vibration_only,17,Train7.csv,Normal,Normal,True
XGB_vibration_only,17,Train15.csv,Normal,Normal,True
XGB_vibration_only,17,Train35.csv,Normal,Normal,True
XGB_vibration_only,17,Train39.csv,Normal,Normal,True
XGB_vibration_only,17,Train47.csv,Normal,Normal,True
XGB_vibration_only,17,Train49.csv,Normal,Normal,True
XGB_vibration_only,17,Train50.csv,Normal,Normal,True
XGB_vibration_only,17,Train51.csv,Normal,Normal,True
XGB_vibration_only,17,Train55.csv,Normal,Normal,True
XGB_vibration_only,17,Train60.csv,Normal,Normal,True
XGB_vibration_only,17,Train62.csv,Side I,Side I,True
XGB_vibration_only,17,Train65.csv,Normal,Normal,True
XGB_vibration_only,17,Train70.csv,Normal,Normal,True
XGB_vibration_only,17,Train71.csv,Normal,Normal,True
XGB_vibration_only,17,Train80.csv,Normal,Normal,True
XGB_vibration_only,17,Train81.csv,Normal,Normal,True
XGB_vibration_only,17,Train82.csv,Normal,Normal,True
XGB_vibration_only,17,Train87.csv,Normal,Normal,True
XGB_vibration_only,17,Train88.csv,Normal,Normal,True
XGB_vibration_only,17,Train90.csv,Normal,Normal,True
XGB_vibration_only,17,Train93.csv,Side II,Side II,True
XGB_vibration_only,17,Train97.csv,Normal,Normal,True
XGB_vibration_only,17,Train101.csv,Normal,Normal,True
XGB_vibration_only,17,Train102.csv,Normal,Normal,True
XGB_vibration_only,17,Train106.csv,Side I,Normal,False
XGB_vibration_only,17,Train117.csv,Normal,Normal,True
XGB_vibration_only,17,Train119.csv,Normal,Normal,True
XGB_vibration_only,17,Train122.csv,Normal,Normal,True
XGB_vibration_only,17,Train127.csv,Side II,Side II,True
XGB_vibration_only,17,Train128.csv,Normal,Normal,True
XGB_vibration_only,17,Train142.csv,Normal,Normal,True
XGB_vibration_only,17,Train144.csv,Normal,Normal,True
XGB_vibration_only,17,Train152.csv,Normal,Normal,True
XGB_vibration_only,17,Train180.csv,Side I,Side I,True
XGB_vibration_only,17,Train189.csv,Normal,Normal,True
XGB_vibration_only,17,Train191.csv,Normal,Normal,True
XGB_vibration_only,17,Train192.csv,Normal,Normal,True
XGB_vibration_only,17,Train195.csv,Normal,Normal,True
XGB_vibration_only,17,Train196.csv,Normal,Normal,True
XGB_vibration_only,17,Train198.csv,Side II,Side II,True
XGB_vibration_only,17,Train203.csv,Normal,Normal,True
XGB_vibration_only,17,Train206.csv,Normal,Normal,True
XGB_vibration_only,17,Train207.csv,Side II,Side II,True
XGB_vibration_only,17,Train210.csv,Normal,Normal,True
XGB_vibration_only,17,Train215.csv,Normal,Normal,True
XGB_vibration_only,17,Train217.csv,Side II,Side I,False
XGB_vibration_only,17,Train222.csv,Normal,Normal,True
XGB_vibration_only,17,Train226.csv,Normal,Normal,True
XGB_vibration_only,17,Train228.csv,Normal,Normal,True
XGB_vibration_only,17,Train231.csv,Normal,Normal,True
XGB_vibration_only,17,Train247.csv,Normal,Normal,True
XGB_vibration_only,17,Train258.csv,Normal,Normal,True
XGB_vibration_only,17,Train261.csv,Normal,Normal,True
XGB_vibration_only,17,Train263.csv,Normal,Normal,True
XGB_vibration_only,17,Train266.csv,Normal,Normal,True
XGB_vibration_only,18,Train3.csv,Normal,Normal,True
XGB_vibration_only,18,Train13.csv,Normal,Normal,True
XGB_vibration_only,18,Train14.csv,Normal,Normal,True
XGB_vibration_only,18,Train22.csv,Normal,Normal,True
XGB_vibration_only,18,Train23.csv,Normal,Normal,True
XGB_vibration_only,18,Train26.csv,Side II,Side II,True
XGB_vibration_only,18,Train27.csv,Normal,Normal,True
XGB_vibration_only,18,Train32.csv,Normal,Normal,True
XGB_vibration_only,18,Train36.csv,Normal,Normal,True
XGB_vibration_only,18,Train37.csv,Normal,Normal,True
XGB_vibration_only,18,Train38.csv,Normal,Normal,True
XGB_vibration_only,18,Train40.csv,Normal,Normal,True
XGB_vibration_only,18,Train41.csv,Normal,Normal,True
XGB_vibration_only,18,Train45.csv,Normal,Normal,True
XGB_vibration_only,18,Train48.csv,Normal,Normal,True
XGB_vibration_only,18,Train54.csv,Normal,Normal,True
XGB_vibration_only,18,Train58.csv,Normal,Normal,True
XGB_vibration_only,18,Train67.csv,Normal,Normal,True
XGB_vibration_only,18,Train72.csv,Side II,Side II,True
XGB_vibration_only,18,Train75.csv,Normal,Normal,True
XGB_vibration_only,18,Train78.csv,Normal,Normal,True
XGB_vibration_only,18,Train79.csv,Normal,Normal,True
XGB_vibration_only,18,Train103.csv,Side II,Side II,True
XGB_vibration_only,18,Train115.csv,Normal,Normal,True
XGB_vibration_only,18,Train118.csv,Normal,Normal,True
XGB_vibration_only,18,Train124.csv,Normal,Normal,True
XGB_vibration_only,18,Train129.csv,Normal,Normal,True
XGB_vibration_only,18,Train135.csv,Normal,Normal,True
XGB_vibration_only,18,Train136.csv,Normal,Normal,True
XGB_vibration_only,18,Train139.csv,Normal,Normal,True
XGB_vibration_only,18,Train141.csv,Normal,Normal,True
XGB_vibration_only,18,Train156.csv,Normal,Normal,True
XGB_vibration_only,18,Train171.csv,Normal,Normal,True
XGB_vibration_only,18,Train172.csv,Normal,Normal,True
XGB_vibration_only,18,Train177.csv,Normal,Side I,False
XGB_vibration_only,18,Train181.csv,Normal,Normal,True
XGB_vibration_only,18,Train182.csv,Normal,Normal,True
XGB_vibration_only,18,Train193.csv,Normal,Normal,True
XGB_vibration_only,18,Train194.csv,Side I,Side II,False
XGB_vibration_only,18,Train197.csv,Normal,Normal,True
XGB_vibration_only,18,Train212.csv,Normal,Normal,True
XGB_vibration_only,18,Train213.csv,Side I,Side I,True
XGB_vibration_only,18,Train227.csv,Normal,Normal,True
XGB_vibration_only,18,Train234.csv,Normal,Normal,True
XGB_vibration_only,18,Train239.csv,Normal,Normal,True
XGB_vibration_only,18,Train240.csv,Side II,Side II,True
XGB_vibration_only,18,Train244.csv,Normal,Normal,True
XGB_vibration_only,18,Train246.csv,Normal,Normal,True
XGB_vibration_only,18,Train251.csv,Normal,Side II,False
XGB_vibration_only,18,Train252.csv,Normal,Normal,True
XGB_vibration_only,18,Train255.csv,Normal,Normal,True
XGB_vibration_only,18,Train265.csv,Side II,Side I,False
XGB_vibration_only,18,Train270.csv,Normal,Normal,True
XGB_vibration_only,18,Train271.csv,Normal,Normal,True
XGB_vibration_only,19,Train8.csv,Normal,Normal,True
XGB_vibration_only,19,Train9.csv,Normal,Normal,True
XGB_vibration_only,19,Train24.csv,Normal,Normal,True
XGB_vibration_only,19,Train25.csv,Normal,Normal,True
XGB_vibration_only,19,Train33.csv,Normal,Normal,True
XGB_vibration_only,19,Train42.csv,Normal,Normal,True
XGB_vibration_only,19,Train59.csv,Normal,Normal,True
XGB_vibration_only,19,Train63.csv,Normal,Normal,True
XGB_vibration_only,19,Train64.csv,Normal,Normal,True
XGB_vibration_only,19,Train66.csv,Normal,Normal,True
XGB_vibration_only,19,Train76.csv,Normal,Normal,True
XGB_vibration_only,19,Train86.csv,Normal,Normal,True
XGB_vibration_only,19,Train89.csv,Normal,Normal,True
XGB_vibration_only,19,Train91.csv,Normal,Normal,True
XGB_vibration_only,19,Train92.csv,Normal,Normal,True
XGB_vibration_only,19,Train99.csv,Normal,Normal,True
XGB_vibration_only,19,Train100.csv,Side I,Side II,False
XGB_vibration_only,19,Train104.csv,Side II,Side II,True
XGB_vibration_only,19,Train107.csv,Normal,Normal,True
XGB_vibration_only,19,Train108.csv,Normal,Normal,True
XGB_vibration_only,19,Train110.csv,Normal,Normal,True
XGB_vibration_only,19,Train120.csv,Normal,Normal,True
XGB_vibration_only,19,Train131.csv,Normal,Normal,True
XGB_vibration_only,19,Train133.csv,Normal,Normal,True
XGB_vibration_only,19,Train134.csv,Normal,Normal,True
XGB_vibration_only,19,Train138.csv,Normal,Normal,True
XGB_vibration_only,19,Train145.csv,Normal,Normal,True
XGB_vibration_only,19,Train155.csv,Normal,Normal,True
XGB_vibration_only,19,Train158.csv,Normal,Normal,True
XGB_vibration_only,19,Train161.csv,Normal,Normal,True
XGB_vibration_only,19,Train163.csv,Side I,Side I,True
XGB_vibration_only,19,Train168.csv,Normal,Normal,True
XGB_vibration_only,19,Train169.csv,Normal,Normal,True
XGB_vibration_only,19,Train170.csv,Side I,Normal,False
XGB_vibration_only,19,Train173.csv,Normal,Normal,True
XGB_vibration_only,19,Train176.csv,Normal,Normal,True
XGB_vibration_only,19,Train178.csv,Normal,Normal,True
XGB_vibration_only,19,Train184.csv,Normal,Normal,True
XGB_vibration_only,19,Train187.csv,Normal,Normal,True
XGB_vibration_only,19,Train188.csv,Side II,Side II,True
XGB_vibration_only,19,Train190.csv,Normal,Normal,True
XGB_vibration_only,19,Train216.csv,Side II,Normal,False
XGB_vibration_only,19,Train218.csv,Normal,Normal,True
XGB_vibration_only,19,Train221.csv,Normal,Normal,True
XGB_vibration_only,19,Train225.csv,Normal,Normal,True
XGB_vibration_only,19,Train229.csv,Normal,Normal,True
XGB_vibration_only,19,Train230.csv,Normal,Normal,True
XGB_vibration_only,19,Train232.csv,Normal,Normal,True
XGB_vibration_only,19,Train243.csv,Normal,Normal,True
XGB_vibration_only,19,Train249.csv,Normal,Normal,True
XGB_vibration_only,19,Train250.csv,Normal,Normal,True
XGB_vibration_only,19,Train267.csv,Side II,Side II,True
XGB_vibration_only,19,Train268.csv,Normal,Normal,True
XGB_vibration_only,19,Train269.csv,Normal,Normal,True
XGB_vibration_only,20,Train1.csv,Normal,Normal,True
XGB_vibration_only,20,Train2.csv,Side II,Side II,True
XGB_vibration_only,20,Train4.csv,Normal,Normal,True
XGB_vibration_only,20,Train5.csv,Normal,Normal,True
XGB_vibration_only,20,Train10.csv,Normal,Normal,True
XGB_vibration_only,20,Train11.csv,Normal,Normal,True
XGB_vibration_only,20,Train12.csv,Side II,Side II,True
XGB_vibration_only,20,Train18.csv,Normal,Normal,True
XGB_vibration_only,20,Train20.csv,Normal,Normal,True
XGB_vibration_only,20,Train28.csv,Normal,Normal,True
XGB_vibration_only,20,Train29.csv,Normal,Normal,True
XGB_vibration_only,20,Train31.csv,Normal,Normal,True
XGB_vibration_only,20,Train34.csv,Normal,Normal,True
XGB_vibration_only,20,Train52.csv,Normal,Normal,True
XGB_vibration_only,20,Train53.csv,Side II,Side II,True
XGB_vibration_only,20,Train61.csv,Normal,Normal,True
XGB_vibration_only,20,Train73.csv,Normal,Normal,True
XGB_vibration_only,20,Train74.csv,Normal,Normal,True
XGB_vibration_only,20,Train77.csv,Normal,Normal,True
XGB_vibration_only,20,Train84.csv,Normal,Normal,True
XGB_vibration_only,20,Train85.csv,Normal,Normal,True
XGB_vibration_only,20,Train95.csv,Normal,Normal,True
XGB_vibration_only,20,Train109.csv,Normal,Normal,True
XGB_vibration_only,20,Train112.csv,Normal,Normal,True
XGB_vibration_only,20,Train114.csv,Normal,Normal,True
XGB_vibration_only,20,Train116.csv,Normal,Normal,True
XGB_vibration_only,20,Train123.csv,Normal,Side I,False
XGB_vibration_only,20,Train132.csv,Normal,Normal,True
XGB_vibration_only,20,Train137.csv,Side I,Side I,True
XGB_vibration_only,20,Train140.csv,Normal,Normal,True
XGB_vibration_only,20,Train146.csv,Normal,Normal,True
XGB_vibration_only,20,Train148.csv,Normal,Normal,True
XGB_vibration_only,20,Train150.csv,Side I,Side I,True
XGB_vibration_only,20,Train151.csv,Normal,Normal,True
XGB_vibration_only,20,Train153.csv,Normal,Normal,True
XGB_vibration_only,20,Train162.csv,Normal,Normal,True
XGB_vibration_only,20,Train167.csv,Normal,Normal,True
XGB_vibration_only,20,Train179.csv,Side II,Side II,True
XGB_vibration_only,20,Train183.csv,Normal,Normal,True
XGB_vibration_only,20,Train185.csv,Side I,Normal,False
XGB_vibration_only,20,Train199.csv,Side II,Side II,True
XGB_vibration_only,20,Train204.csv,Normal,Normal,True
XGB_vibration_only,20,Train208.csv,Normal,Normal,True
XGB_vibration_only,20,Train220.csv,Normal,Normal,True
XGB_vibration_only,20,Train233.csv,Normal,Normal,True
XGB_vibration_only,20,Train235.csv,Normal,Normal,True
XGB_vibration_only,20,Train237.csv,Normal,Normal,True
XGB_vibration_only,20,Train238.csv,Normal,Normal,True
XGB_vibration_only,20,Train241.csv,Normal,Normal,True
XGB_vibration_only,20,Train245.csv,Normal,Normal,True
XGB_vibration_only,20,Train253.csv,Normal,Normal,True
XGB_vibration_only,20,Train256.csv,Normal,Normal,True
XGB_vibration_only,20,Train257.csv,Normal,Normal,True
XGB_vibration_only,20,Train262.csv,Normal,Normal,True
XGB_vibration_only,21,Train1.csv,Normal,Normal,True
XGB_vibration_only,21,Train3.csv,Normal,Normal,True
XGB_vibration_only,21,Train4.csv,Normal,Normal,True
XGB_vibration_only,21,Train5.csv,Normal,Normal,True
XGB_vibration_only,21,Train6.csv,Normal,Normal,True
XGB_vibration_only,21,Train10.csv,Normal,Normal,True
XGB_vibration_only,21,Train12.csv,Side II,Side II,True
XGB_vibration_only,21,Train19.csv,Normal,Normal,True
XGB_vibration_only,21,Train33.csv,Normal,Normal,True
XGB_vibration_only,21,Train40.csv,Normal,Normal,True
XGB_vibration_only,21,Train43.csv,Side II,Side I,False
XGB_vibration_only,21,Train59.csv,Normal,Normal,True
XGB_vibration_only,21,Train67.csv,Normal,Normal,True
XGB_vibration_only,21,Train74.csv,Normal,Normal,True
XGB_vibration_only,21,Train77.csv,Normal,Normal,True
XGB_vibration_only,21,Train79.csv,Normal,Normal,True
XGB_vibration_only,21,Train87.csv,Normal,Normal,True
XGB_vibration_only,21,Train88.csv,Normal,Normal,True
XGB_vibration_only,21,Train90.csv,Normal,Normal,True
XGB_vibration_only,21,Train92.csv,Normal,Normal,True
XGB_vibration_only,21,Train96.csv,Normal,Normal,True
XGB_vibration_only,21,Train97.csv,Normal,Normal,True
XGB_vibration_only,21,Train100.csv,Side I,Side II,False
XGB_vibration_only,21,Train107.csv,Normal,Normal,True
XGB_vibration_only,21,Train116.csv,Normal,Normal,True
XGB_vibration_only,21,Train124.csv,Normal,Normal,True
XGB_vibration_only,21,Train126.csv,Normal,Side II,False
XGB_vibration_only,21,Train127.csv,Side II,Side II,True
XGB_vibration_only,21,Train137.csv,Side I,Side I,True
XGB_vibration_only,21,Train139.csv,Normal,Normal,True
XGB_vibration_only,21,Train147.csv,Normal,Normal,True
XGB_vibration_only,21,Train154.csv,Normal,Normal,True
XGB_vibration_only,21,Train156.csv,Normal,Normal,True
XGB_vibration_only,21,Train170.csv,Side I,Normal,False
XGB_vibration_only,21,Train173.csv,Normal,Normal,True
XGB_vibration_only,21,Train176.csv,Normal,Normal,True
XGB_vibration_only,21,Train177.csv,Normal,Side I,False
XGB_vibration_only,21,Train178.csv,Normal,Normal,True
XGB_vibration_only,21,Train184.csv,Normal,Normal,True
XGB_vibration_only,21,Train191.csv,Normal,Normal,True
XGB_vibration_only,21,Train208.csv,Normal,Normal,True
XGB_vibration_only,21,Train211.csv,Normal,Normal,True
XGB_vibration_only,21,Train217.csv,Side II,Side I,False
XGB_vibration_only,21,Train219.csv,Normal,Normal,True
XGB_vibration_only,21,Train222.csv,Normal,Normal,True
XGB_vibration_only,21,Train223.csv,Normal,Normal,True
XGB_vibration_only,21,Train224.csv,Normal,Normal,True
XGB_vibration_only,21,Train225.csv,Normal,Normal,True
XGB_vibration_only,21,Train239.csv,Normal,Normal,True
XGB_vibration_only,21,Train244.csv,Normal,Normal,True
XGB_vibration_only,21,Train253.csv,Normal,Normal,True
XGB_vibration_only,21,Train254.csv,Normal,Normal,True
XGB_vibration_only,21,Train263.csv,Normal,Normal,True
XGB_vibration_only,21,Train265.csv,Side II,Side I,False
XGB_vibration_only,21,Train271.csv,Normal,Normal,True
XGB_vibration_only,22,Train7.csv,Normal,Normal,True
XGB_vibration_only,22,Train9.csv,Normal,Normal,True
XGB_vibration_only,22,Train24.csv,Normal,Normal,True
XGB_vibration_only,22,Train28.csv,Normal,Normal,True
XGB_vibration_only,22,Train29.csv,Normal,Normal,True
XGB_vibration_only,22,Train41.csv,Normal,Normal,True
XGB_vibration_only,22,Train51.csv,Normal,Normal,True
XGB_vibration_only,22,Train52.csv,Normal,Normal,True
XGB_vibration_only,22,Train60.csv,Normal,Normal,True
XGB_vibration_only,22,Train61.csv,Normal,Normal,True
XGB_vibration_only,22,Train64.csv,Normal,Normal,True
XGB_vibration_only,22,Train69.csv,Normal,Normal,True
XGB_vibration_only,22,Train70.csv,Normal,Normal,True
XGB_vibration_only,22,Train78.csv,Normal,Normal,True
XGB_vibration_only,22,Train86.csv,Normal,Normal,True
XGB_vibration_only,22,Train93.csv,Side II,Side II,True
XGB_vibration_only,22,Train98.csv,Normal,Normal,True
XGB_vibration_only,22,Train99.csv,Normal,Normal,True
XGB_vibration_only,22,Train101.csv,Normal,Normal,True
XGB_vibration_only,22,Train105.csv,Normal,Normal,True
XGB_vibration_only,22,Train112.csv,Normal,Normal,True
XGB_vibration_only,22,Train118.csv,Normal,Normal,True
XGB_vibration_only,22,Train119.csv,Normal,Normal,True
XGB_vibration_only,22,Train123.csv,Normal,Side I,False
XGB_vibration_only,22,Train131.csv,Normal,Normal,True
XGB_vibration_only,22,Train133.csv,Normal,Normal,True
XGB_vibration_only,22,Train134.csv,Normal,Normal,True
XGB_vibration_only,22,Train135.csv,Normal,Normal,True
XGB_vibration_only,22,Train136.csv,Normal,Normal,True
XGB_vibration_only,22,Train140.csv,Normal,Normal,True
XGB_vibration_only,22,Train144.csv,Normal,Normal,True
XGB_vibration_only,22,Train148.csv,Normal,Normal,True
XGB_vibration_only,22,Train150.csv,Side I,Side I,True
XGB_vibration_only,22,Train152.csv,Normal,Normal,True
XGB_vibration_only,22,Train160.csv,Normal,Normal,True
XGB_vibration_only,22,Train162.csv,Normal,Normal,True
XGB_vibration_only,22,Train164.csv,Side II,Side II,True
XGB_vibration_only,22,Train165.csv,Normal,Normal,True
XGB_vibration_only,22,Train167.csv,Normal,Normal,True
XGB_vibration_only,22,Train181.csv,Normal,Normal,True
XGB_vibration_only,22,Train185.csv,Side I,Normal,False
XGB_vibration_only,22,Train186.csv,Normal,Normal,True
XGB_vibration_only,22,Train188.csv,Side II,Side II,True
XGB_vibration_only,22,Train190.csv,Normal,Normal,True
XGB_vibration_only,22,Train197.csv,Normal,Side II,False
XGB_vibration_only,22,Train199.csv,Side II,Side II,True
XGB_vibration_only,22,Train209.csv,Normal,Normal,True
XGB_vibration_only,22,Train213.csv,Side I,Side I,True
XGB_vibration_only,22,Train221.csv,Normal,Normal,True
XGB_vibration_only,22,Train232.csv,Normal,Normal,True
XGB_vibration_only,22,Train233.csv,Normal,Normal,True
XGB_vibration_only,22,Train251.csv,Normal,Side II,False
XGB_vibration_only,22,Train255.csv,Normal,Normal,True
XGB_vibration_only,22,Train256.csv,Normal,Normal,True
XGB_vibration_only,22,Train267.csv,Side II,Side II,True
XGB_vibration_only,23,Train2.csv,Side II,Normal,False
XGB_vibration_only,23,Train11.csv,Normal,Normal,True
XGB_vibration_only,23,Train22.csv,Normal,Normal,True
XGB_vibration_only,23,Train30.csv,Side II,Side II,True
XGB_vibration_only,23,Train42.csv,Normal,Normal,True
XGB_vibration_only,23,Train48.csv,Normal,Normal,True
XGB_vibration_only,23,Train49.csv,Normal,Normal,True
XGB_vibration_only,23,Train54.csv,Normal,Normal,True
XGB_vibration_only,23,Train56.csv,Normal,Normal,True
XGB_vibration_only,23,Train63.csv,Normal,Normal,True
XGB_vibration_only,23,Train73.csv,Normal,Normal,True
XGB_vibration_only,23,Train80.csv,Normal,Normal,True
XGB_vibration_only,23,Train81.csv,Normal,Normal,True
XGB_vibration_only,23,Train82.csv,Normal,Normal,True
XGB_vibration_only,23,Train83.csv,Side I,Side I,True
XGB_vibration_only,23,Train94.csv,Normal,Normal,True
XGB_vibration_only,23,Train95.csv,Normal,Normal,True
XGB_vibration_only,23,Train102.csv,Normal,Normal,True
XGB_vibration_only,23,Train109.csv,Normal,Normal,True
XGB_vibration_only,23,Train110.csv,Normal,Normal,True
XGB_vibration_only,23,Train113.csv,Normal,Normal,True
XGB_vibration_only,23,Train120.csv,Normal,Normal,True
XGB_vibration_only,23,Train122.csv,Normal,Normal,True
XGB_vibration_only,23,Train138.csv,Normal,Normal,True
XGB_vibration_only,23,Train143.csv,Normal,Normal,True
XGB_vibration_only,23,Train146.csv,Normal,Normal,True
XGB_vibration_only,23,Train157.csv,Normal,Normal,True
XGB_vibration_only,23,Train163.csv,Side I,Side I,True
XGB_vibration_only,23,Train168.csv,Normal,Normal,True
XGB_vibration_only,23,Train171.csv,Normal,Normal,True
XGB_vibration_only,23,Train179.csv,Side II,Side II,True
XGB_vibration_only,23,Train182.csv,Normal,Normal,True
XGB_vibration_only,23,Train183.csv,Normal,Normal,True
XGB_vibration_only,23,Train187.csv,Normal,Normal,True
XGB_vibration_only,23,Train189.csv,Normal,Normal,True
XGB_vibration_only,23,Train192.csv,Normal,Normal,True
XGB_vibration_only,23,Train193.csv,Normal,Normal,True
XGB_vibration_only,23,Train196.csv,Normal,Normal,True
XGB_vibration_only,23,Train198.csv,Side II,Side II,True
XGB_vibration_only,23,Train201.csv,Normal,Normal,True
XGB_vibration_only,23,Train205.csv,Normal,Normal,True
XGB_vibration_only,23,Train206.csv,Normal,Normal,True
XGB_vibration_only,23,Train212.csv,Normal,Normal,True
XGB_vibration_only,23,Train215.csv,Normal,Normal,True
XGB_vibration_only,23,Train227.csv,Normal,Normal,True
XGB_vibration_only,23,Train228.csv,Normal,Normal,True
XGB_vibration_only,23,Train230.csv,Normal,Normal,True
XGB_vibration_only,23,Train237.csv,Normal,Normal,True
XGB_vibration_only,23,Train240.csv,Side II,Side II,True
XGB_vibration_only,23,Train243.csv,Normal,Normal,True
XGB_vibration_only,23,Train246.csv,Normal,Normal,True
XGB_vibration_only,23,Train249.csv,Normal,Normal,True
XGB_vibration_only,23,Train252.csv,Normal,Normal,True
XGB_vibration_only,23,Train261.csv,Normal,Normal,True
XGB_vibration_only,24,Train8.csv,Normal,Normal,True
XGB_vibration_only,24,Train13.csv,Normal,Normal,True
XGB_vibration_only,24,Train14.csv,Normal,Normal,True
XGB_vibration_only,24,Train15.csv,Normal,Normal,True
XGB_vibration_only,24,Train16.csv,Normal,Normal,True
XGB_vibration_only,24,Train20.csv,Normal,Normal,True
XGB_vibration_only,24,Train26.csv,Side II,Side II,True
XGB_vibration_only,24,Train27.csv,Normal,Normal,True
XGB_vibration_only,24,Train34.csv,Normal,Normal,True
XGB_vibration_only,24,Train36.csv,Normal,Normal,True
XGB_vibration_only,24,Train38.csv,Normal,Normal,True
XGB_vibration_only,24,Train44.csv,Normal,Normal,True
XGB_vibration_only,24,Train45.csv,Normal,Normal,True
XGB_vibration_only,24,Train47.csv,Normal,Normal,True
XGB_vibration_only,24,Train50.csv,Normal,Normal,True
XGB_vibration_only,24,Train53.csv,Side II,Side II,True
XGB_vibration_only,24,Train55.csv,Normal,Normal,True
XGB_vibration_only,24,Train57.csv,Normal,Normal,True
XGB_vibration_only,24,Train58.csv,Normal,Normal,True
XGB_vibration_only,24,Train66.csv,Normal,Normal,True
XGB_vibration_only,24,Train68.csv,Normal,Normal,True
XGB_vibration_only,24,Train75.csv,Normal,Normal,True
XGB_vibration_only,24,Train76.csv,Normal,Normal,True
XGB_vibration_only,24,Train85.csv,Normal,Normal,True
XGB_vibration_only,24,Train91.csv,Normal,Normal,True
XGB_vibration_only,24,Train103.csv,Side II,Side II,True
XGB_vibration_only,24,Train108.csv,Normal,Normal,True
XGB_vibration_only,24,Train114.csv,Normal,Normal,True
XGB_vibration_only,24,Train117.csv,Normal,Normal,True
XGB_vibration_only,24,Train121.csv,Side I,Normal,False
XGB_vibration_only,24,Train128.csv,Normal,Normal,True
XGB_vibration_only,24,Train130.csv,Normal,Normal,True
XGB_vibration_only,24,Train151.csv,Normal,Normal,True
XGB_vibration_only,24,Train153.csv,Normal,Normal,True
XGB_vibration_only,24,Train155.csv,Normal,Normal,True
XGB_vibration_only,24,Train158.csv,Normal,Normal,True
XGB_vibration_only,24,Train159.csv,Normal,Normal,True
XGB_vibration_only,24,Train166.csv,Normal,Normal,True
XGB_vibration_only,24,Train169.csv,Normal,Normal,True
XGB_vibration_only,24,Train172.csv,Normal,Normal,True
XGB_vibration_only,24,Train174.csv,Normal,Normal,True
XGB_vibration_only,24,Train180.csv,Side I,Side I,True
XGB_vibration_only,24,Train194.csv,Side I,Side II,False
XGB_vibration_only,24,Train207.csv,Side II,Side II,True
XGB_vibration_only,24,Train220.csv,Normal,Normal,True
XGB_vibration_only,24,Train231.csv,Normal,Normal,True
XGB_vibration_only,24,Train241.csv,Normal,Normal,True
XGB_vibration_only,24,Train242.csv,Normal,Normal,True
XGB_vibration_only,24,Train245.csv,Normal,Normal,True
XGB_vibration_only,24,Train259.csv,Normal,Normal,True
XGB_vibration_only,24,Train262.csv,Normal,Normal,True
XGB_vibration_only,24,Train266.csv,Normal,Normal,True
XGB_vibration_only,24,Train268.csv,Normal,Normal,True
XGB_vibration_only,24,Train272.csv,Normal,Normal,True
XGB_vibration_only,25,Train17.csv,Normal,Normal,True
XGB_vibration_only,25,Train18.csv,Normal,Normal,True
XGB_vibration_only,25,Train21.csv,Normal,Normal,True
XGB_vibration_only,25,Train23.csv,Normal,Normal,True
XGB_vibration_only,25,Train25.csv,Normal,Normal,True
XGB_vibration_only,25,Train31.csv,Normal,Normal,True
XGB_vibration_only,25,Train32.csv,Normal,Normal,True
XGB_vibration_only,25,Train35.csv,Normal,Normal,True
XGB_vibration_only,25,Train37.csv,Normal,Normal,True
XGB_vibration_only,25,Train39.csv,Normal,Normal,True
XGB_vibration_only,25,Train46.csv,Normal,Normal,True
XGB_vibration_only,25,Train62.csv,Side I,Side I,True
XGB_vibration_only,25,Train65.csv,Normal,Normal,True
XGB_vibration_only,25,Train71.csv,Normal,Normal,True
XGB_vibration_only,25,Train72.csv,Side II,Side II,True
XGB_vibration_only,25,Train84.csv,Normal,Normal,True
XGB_vibration_only,25,Train89.csv,Normal,Normal,True
XGB_vibration_only,25,Train104.csv,Side II,Side II,True
XGB_vibration_only,25,Train106.csv,Side I,Normal,False
XGB_vibration_only,25,Train111.csv,Side II,Side II,True
XGB_vibration_only,25,Train115.csv,Normal,Normal,True
XGB_vibration_only,25,Train125.csv,Normal,Normal,True
XGB_vibration_only,25,Train129.csv,Normal,Normal,True
XGB_vibration_only,25,Train132.csv,Normal,Normal,True
XGB_vibration_only,25,Train141.csv,Normal,Normal,True
XGB_vibration_only,25,Train142.csv,Normal,Normal,True
XGB_vibration_only,25,Train145.csv,Normal,Normal,True
XGB_vibration_only,25,Train149.csv,Normal,Normal,True
XGB_vibration_only,25,Train161.csv,Normal,Normal,True
XGB_vibration_only,25,Train175.csv,Normal,Normal,True
XGB_vibration_only,25,Train195.csv,Normal,Normal,True
XGB_vibration_only,25,Train200.csv,Normal,Normal,True
XGB_vibration_only,25,Train202.csv,Side I,Normal,False
XGB_vibration_only,25,Train203.csv,Normal,Normal,True
XGB_vibration_only,25,Train204.csv,Normal,Normal,True
XGB_vibration_only,25,Train210.csv,Normal,Normal,True
XGB_vibration_only,25,Train214.csv,Normal,Normal,True
XGB_vibration_only,25,Train216.csv,Side II,Normal,False
XGB_vibration_only,25,Train218.csv,Normal,Normal,True
XGB_vibration_only,25,Train226.csv,Normal,Normal,True
XGB_vibration_only,25,Train229.csv,Normal,Normal,True
XGB_vibration_only,25,Train234.csv,Normal,Normal,True
XGB_vibration_only,25,Train235.csv,Normal,Normal,True
XGB_vibration_only,25,Train236.csv,Normal,Normal,True
XGB_vibration_only,25,Train238.csv,Normal,Normal,True
XGB_vibration_only,25,Train247.csv,Normal,Normal,True
XGB_vibration_only,25,Train248.csv,Side II,Side II,True
XGB_vibration_only,25,Train250.csv,Normal,Normal,True
XGB_vibration_only,25,Train257.csv,Normal,Normal,True
XGB_vibration_only,25,Train258.csv,Normal,Normal,True
XGB_vibration_only,25,Train260.csv,Normal,Normal,True
XGB_vibration_only,25,Train264.csv,Normal,Normal,True
XGB_vibration_only,25,Train269.csv,Normal,Normal,True
XGB_vibration_only,25,Train270.csv,Normal,Normal,True
XGB_vibration_speed,1,Train5.csv,Normal,Normal,True
XGB_vibration_speed,1,Train11.csv,Normal,Normal,True
XGB_vibration_speed,1,Train12.csv,Side II,Side II,True
XGB_vibration_speed,1,Train16.csv,Normal,Normal,True
XGB_vibration_speed,1,Train19.csv,Normal,Normal,True
XGB_vibration_speed,1,Train22.csv,Normal,Normal,True
XGB_vibration_speed,1,Train24.csv,Normal,Normal,True
XGB_vibration_speed,1,Train26.csv,Side II,Side II,True
XGB_vibration_speed,1,Train29.csv,Normal,Normal,True
XGB_vibration_speed,1,Train30.csv,Side II,Normal,False
XGB_vibration_speed,1,Train34.csv,Normal,Normal,True
XGB_vibration_speed,1,Train37.csv,Normal,Normal,True
XGB_vibration_speed,1,Train42.csv,Normal,Normal,True
XGB_vibration_speed,1,Train66.csv,Normal,Normal,True
XGB_vibration_speed,1,Train78.csv,Normal,Normal,True
XGB_vibration_speed,1,Train82.csv,Normal,Normal,True
XGB_vibration_speed,1,Train92.csv,Normal,Normal,True
XGB_vibration_speed,1,Train94.csv,Normal,Normal,True
XGB_vibration_speed,1,Train95.csv,Normal,Normal,True
XGB_vibration_speed,1,Train96.csv,Normal,Normal,True
XGB_vibration_speed,1,Train97.csv,Normal,Normal,True
XGB_vibration_speed,1,Train100.csv,Side I,Side II,False
XGB_vibration_speed,1,Train109.csv,Normal,Normal,True
XGB_vibration_speed,1,Train115.csv,Normal,Normal,True
XGB_vibration_speed,1,Train119.csv,Normal,Normal,True
XGB_vibration_speed,1,Train120.csv,Normal,Normal,True
XGB_vibration_speed,1,Train123.csv,Normal,Side I,False
XGB_vibration_speed,1,Train134.csv,Normal,Normal,True
XGB_vibration_speed,1,Train138.csv,Normal,Normal,True
XGB_vibration_speed,1,Train142.csv,Normal,Normal,True
XGB_vibration_speed,1,Train143.csv,Normal,Normal,True
XGB_vibration_speed,1,Train146.csv,Normal,Normal,True
XGB_vibration_speed,1,Train147.csv,Normal,Normal,True
XGB_vibration_speed,1,Train149.csv,Normal,Normal,True
XGB_vibration_speed,1,Train152.csv,Normal,Normal,True
XGB_vibration_speed,1,Train161.csv,Normal,Normal,True
XGB_vibration_speed,1,Train165.csv,Normal,Normal,True
XGB_vibration_speed,1,Train167.csv,Normal,Normal,True
XGB_vibration_speed,1,Train172.csv,Normal,Normal,True
XGB_vibration_speed,1,Train177.csv,Normal,Side I,False
XGB_vibration_speed,1,Train180.csv,Side I,Normal,False
XGB_vibration_speed,1,Train182.csv,Normal,Normal,True
XGB_vibration_speed,1,Train185.csv,Side I,Normal,False
XGB_vibration_speed,1,Train195.csv,Normal,Normal,True
XGB_vibration_speed,1,Train196.csv,Normal,Normal,True
XGB_vibration_speed,1,Train198.csv,Side II,Side II,True
XGB_vibration_speed,1,Train206.csv,Normal,Normal,True
XGB_vibration_speed,1,Train208.csv,Normal,Normal,True
XGB_vibration_speed,1,Train212.csv,Normal,Normal,True
XGB_vibration_speed,1,Train216.csv,Side II,Normal,False
XGB_vibration_speed,1,Train236.csv,Normal,Normal,True
XGB_vibration_speed,1,Train244.csv,Normal,Normal,True
XGB_vibration_speed,1,Train247.csv,Normal,Normal,True
XGB_vibration_speed,1,Train263.csv,Normal,Normal,True
XGB_vibration_speed,1,Train269.csv,Normal,Normal,True
XGB_vibration_speed,2,Train1.csv,Normal,Normal,True
XGB_vibration_speed,2,Train9.csv,Normal,Normal,True
XGB_vibration_speed,2,Train14.csv,Normal,Normal,True
XGB_vibration_speed,2,Train31.csv,Normal,Normal,True
XGB_vibration_speed,2,Train33.csv,Normal,Normal,True
XGB_vibration_speed,2,Train36.csv,Normal,Normal,True
XGB_vibration_speed,2,Train43.csv,Side II,Side I,False
XGB_vibration_speed,2,Train49.csv,Normal,Normal,True
XGB_vibration_speed,2,Train52.csv,Normal,Normal,True
XGB_vibration_speed,2,Train53.csv,Side II,Side II,True
XGB_vibration_speed,2,Train65.csv,Normal,Normal,True
XGB_vibration_speed,2,Train73.csv,Normal,Normal,True
XGB_vibration_speed,2,Train76.csv,Normal,Normal,True
XGB_vibration_speed,2,Train77.csv,Normal,Normal,True
XGB_vibration_speed,2,Train81.csv,Normal,Normal,True
XGB_vibration_speed,2,Train84.csv,Normal,Normal,True
XGB_vibration_speed,2,Train88.csv,Normal,Normal,True
XGB_vibration_speed,2,Train102.csv,Normal,Normal,True
XGB_vibration_speed,2,Train108.csv,Normal,Normal,True
XGB_vibration_speed,2,Train113.csv,Normal,Normal,True
XGB_vibration_speed,2,Train121.csv,Side I,Normal,False
XGB_vibration_speed,2,Train122.csv,Normal,Normal,True
XGB_vibration_speed,2,Train129.csv,Normal,Normal,True
XGB_vibration_speed,2,Train130.csv,Normal,Normal,True
XGB_vibration_speed,2,Train136.csv,Normal,Normal,True
XGB_vibration_speed,2,Train150.csv,Side I,Side I,True
XGB_vibration_speed,2,Train154.csv,Normal,Normal,True
XGB_vibration_speed,2,Train158.csv,Normal,Normal,True
XGB_vibration_speed,2,Train160.csv,Normal,Normal,True
XGB_vibration_speed,2,Train171.csv,Normal,Normal,True
XGB_vibration_speed,2,Train174.csv,Normal,Normal,True
XGB_vibration_speed,2,Train184.csv,Normal,Normal,True
XGB_vibration_speed,2,Train191.csv,Normal,Normal,True
XGB_vibration_speed,2,Train193.csv,Normal,Normal,True
XGB_vibration_speed,2,Train194.csv,Side I,Normal,False
XGB_vibration_speed,2,Train200.csv,Normal,Normal,True
XGB_vibration_speed,2,Train201.csv,Normal,Normal,True
XGB_vibration_speed,2,Train205.csv,Normal,Normal,True
XGB_vibration_speed,2,Train207.csv,Side II,Side II,True
XGB_vibration_speed,2,Train209.csv,Normal,Normal,True
XGB_vibration_speed,2,Train215.csv,Normal,Normal,True
XGB_vibration_speed,2,Train217.csv,Side II,Side I,False
XGB_vibration_speed,2,Train222.csv,Normal,Normal,True
XGB_vibration_speed,2,Train223.csv,Normal,Normal,True
XGB_vibration_speed,2,Train225.csv,Normal,Normal,True
XGB_vibration_speed,2,Train233.csv,Normal,Normal,True
XGB_vibration_speed,2,Train234.csv,Normal,Normal,True
XGB_vibration_speed,2,Train235.csv,Normal,Normal,True
XGB_vibration_speed,2,Train237.csv,Normal,Normal,True
XGB_vibration_speed,2,Train248.csv,Side II,Side II,True
XGB_vibration_speed,2,Train249.csv,Normal,Normal,True
XGB_vibration_speed,2,Train256.csv,Normal,Normal,True
XGB_vibration_speed,2,Train258.csv,Normal,Normal,True
XGB_vibration_speed,2,Train266.csv,Normal,Normal,True
XGB_vibration_speed,2,Train270.csv,Normal,Normal,True
XGB_vibration_speed,3,Train2.csv,Side II,Side II,True
XGB_vibration_speed,3,Train6.csv,Normal,Normal,True
XGB_vibration_speed,3,Train7.csv,Normal,Normal,True
XGB_vibration_speed,3,Train20.csv,Normal,Normal,True
XGB_vibration_speed,3,Train25.csv,Normal,Normal,True
XGB_vibration_speed,3,Train38.csv,Normal,Normal,True
XGB_vibration_speed,3,Train39.csv,Normal,Normal,True
XGB_vibration_speed,3,Train48.csv,Normal,Normal,True
XGB_vibration_speed,3,Train54.csv,Normal,Normal,True
XGB_vibration_speed,3,Train61.csv,Normal,Normal,True
XGB_vibration_speed,3,Train63.csv,Normal,Normal,True
XGB_vibration_speed,3,Train67.csv,Normal,Normal,True
XGB_vibration_speed,3,Train70.csv,Normal,Normal,True
XGB_vibration_speed,3,Train72.csv,Side II,Side II,True
XGB_vibration_speed,3,Train75.csv,Normal,Normal,True
XGB_vibration_speed,3,Train79.csv,Normal,Normal,True
XGB_vibration_speed,3,Train80.csv,Normal,Normal,True
XGB_vibration_speed,3,Train83.csv,Side I,Side I,True
XGB_vibration_speed,3,Train85.csv,Normal,Normal,True
XGB_vibration_speed,3,Train89.csv,Normal,Normal,True
XGB_vibration_speed,3,Train91.csv,Normal,Normal,True
XGB_vibration_speed,3,Train98.csv,Normal,Normal,True
XGB_vibration_speed,3,Train99.csv,Normal,Normal,True
XGB_vibration_speed,3,Train104.csv,Side II,Side II,True
XGB_vibration_speed,3,Train110.csv,Normal,Normal,True
XGB_vibration_speed,3,Train114.csv,Normal,Normal,True
XGB_vibration_speed,3,Train124.csv,Normal,Normal,True
XGB_vibration_speed,3,Train125.csv,Normal,Normal,True
XGB_vibration_speed,3,Train126.csv,Normal,Normal,True
XGB_vibration_speed,3,Train127.csv,Side II,Side II,True
XGB_vibration_speed,3,Train133.csv,Normal,Normal,True
XGB_vibration_speed,3,Train135.csv,Normal,Normal,True
XGB_vibration_speed,3,Train139.csv,Normal,Normal,True
XGB_vibration_speed,3,Train141.csv,Normal,Normal,True
XGB_vibration_speed,3,Train151.csv,Normal,Normal,True
XGB_vibration_speed,3,Train155.csv,Normal,Normal,True
XGB_vibration_speed,3,Train163.csv,Side I,Side I,True
XGB_vibration_speed,3,Train164.csv,Side II,Side II,True
XGB_vibration_speed,3,Train166.csv,Normal,Normal,True
XGB_vibration_speed,3,Train175.csv,Normal,Normal,True
XGB_vibration_speed,3,Train183.csv,Normal,Normal,True
XGB_vibration_speed,3,Train186.csv,Normal,Normal,True
XGB_vibration_speed,3,Train197.csv,Normal,Normal,True
XGB_vibration_speed,3,Train211.csv,Normal,Normal,True
XGB_vibration_speed,3,Train219.csv,Normal,Normal,True
XGB_vibration_speed,3,Train224.csv,Normal,Normal,True
XGB_vibration_speed,3,Train243.csv,Normal,Normal,True
XGB_vibration_speed,3,Train251.csv,Normal,Side II,False
XGB_vibration_speed,3,Train253.csv,Normal,Normal,True
XGB_vibration_speed,3,Train254.csv,Normal,Normal,True
XGB_vibration_speed,3,Train255.csv,Normal,Normal,True
XGB_vibration_speed,3,Train261.csv,Normal,Normal,True
XGB_vibration_speed,3,Train268.csv,Normal,Normal,True
XGB_vibration_speed,3,Train272.csv,Normal,Normal,True
XGB_vibration_speed,4,Train4.csv,Normal,Normal,True
XGB_vibration_speed,4,Train18.csv,Normal,Normal,True
XGB_vibration_speed,4,Train27.csv,Normal,Normal,True
XGB_vibration_speed,4,Train32.csv,Normal,Normal,True
XGB_vibration_speed,4,Train35.csv,Normal,Normal,True
XGB_vibration_speed,4,Train40.csv,Normal,Normal,True
XGB_vibration_speed,4,Train41.csv,Normal,Normal,True
XGB_vibration_speed,4,Train44.csv,Normal,Normal,True
XGB_vibration_speed,4,Train45.csv,Normal,Normal,True
XGB_vibration_speed,4,Train46.csv,Normal,Normal,True
XGB_vibration_speed,4,Train55.csv,Normal,Normal,True
XGB_vibration_speed,4,Train56.csv,Normal,Normal,True
XGB_vibration_speed,4,Train57.csv,Normal,Normal,True
XGB_vibration_speed,4,Train59.csv,Normal,Normal,True
XGB_vibration_speed,4,Train64.csv,Normal,Normal,True
XGB_vibration_speed,4,Train68.csv,Normal,Normal,True
XGB_vibration_speed,4,Train69.csv,Normal,Normal,True
XGB_vibration_speed,4,Train86.csv,Normal,Normal,True
XGB_vibration_speed,4,Train87.csv,Normal,Normal,True
XGB_vibration_speed,4,Train93.csv,Side II,Side II,True
XGB_vibration_speed,4,Train103.csv,Side II,Side II,True
XGB_vibration_speed,4,Train105.csv,Normal,Normal,True
XGB_vibration_speed,4,Train107.csv,Normal,Normal,True
XGB_vibration_speed,4,Train112.csv,Normal,Normal,True
XGB_vibration_speed,4,Train116.csv,Normal,Normal,True
XGB_vibration_speed,4,Train118.csv,Normal,Normal,True
XGB_vibration_speed,4,Train128.csv,Normal,Normal,True
XGB_vibration_speed,4,Train131.csv,Normal,Normal,True
XGB_vibration_speed,4,Train132.csv,Normal,Normal,True
XGB_vibration_speed,4,Train145.csv,Normal,Normal,True
XGB_vibration_speed,4,Train148.csv,Normal,Normal,True
XGB_vibration_speed,4,Train153.csv,Normal,Normal,True
XGB_vibration_speed,4,Train157.csv,Normal,Normal,True
XGB_vibration_speed,4,Train159.csv,Normal,Normal,True
XGB_vibration_speed,4,Train162.csv,Normal,Normal,True
XGB_vibration_speed,4,Train168.csv,Normal,Normal,True
XGB_vibration_speed,4,Train170.csv,Side I,Normal,False
XGB_vibration_speed,4,Train176.csv,Normal,Normal,True
XGB_vibration_speed,4,Train178.csv,Normal,Normal,True
XGB_vibration_speed,4,Train181.csv,Normal,Normal,True
XGB_vibration_speed,4,Train188.csv,Side II,Side II,True
XGB_vibration_speed,4,Train192.csv,Normal,Normal,True
XGB_vibration_speed,4,Train202.csv,Side I,Normal,False
XGB_vibration_speed,4,Train213.csv,Side I,Normal,False
XGB_vibration_speed,4,Train214.csv,Normal,Normal,True
XGB_vibration_speed,4,Train227.csv,Normal,Normal,True
XGB_vibration_speed,4,Train232.csv,Normal,Normal,True
XGB_vibration_speed,4,Train238.csv,Normal,Normal,True
XGB_vibration_speed,4,Train241.csv,Normal,Normal,True
XGB_vibration_speed,4,Train245.csv,Normal,Normal,True
XGB_vibration_speed,4,Train250.csv,Normal,Normal,True
XGB_vibration_speed,4,Train252.csv,Normal,Normal,True
XGB_vibration_speed,4,Train267.csv,Side II,Side II,True
XGB_vibration_speed,4,Train271.csv,Normal,Normal,True
XGB_vibration_speed,5,Train3.csv,Normal,Normal,True
XGB_vibration_speed,5,Train8.csv,Normal,Normal,True
XGB_vibration_speed,5,Train10.csv,Normal,Normal,True
XGB_vibration_speed,5,Train13.csv,Normal,Normal,True
XGB_vibration_speed,5,Train15.csv,Normal,Normal,True
XGB_vibration_speed,5,Train17.csv,Normal,Normal,True
XGB_vibration_speed,5,Train21.csv,Normal,Normal,True
XGB_vibration_speed,5,Train23.csv,Normal,Normal,True
XGB_vibration_speed,5,Train28.csv,Normal,Normal,True
XGB_vibration_speed,5,Train47.csv,Normal,Normal,True
XGB_vibration_speed,5,Train50.csv,Normal,Normal,True
XGB_vibration_speed,5,Train51.csv,Normal,Normal,True
XGB_vibration_speed,5,Train58.csv,Normal,Normal,True
XGB_vibration_speed,5,Train60.csv,Normal,Normal,True
XGB_vibration_speed,5,Train62.csv,Side I,Side I,True
XGB_vibration_speed,5,Train71.csv,Normal,Normal,True
XGB_vibration_speed,5,Train74.csv,Normal,Normal,True
XGB_vibration_speed,5,Train90.csv,Normal,Normal,True
XGB_vibration_speed,5,Train101.csv,Normal,Normal,True
XGB_vibration_speed,5,Train106.csv,Side I,Normal,False
XGB_vibration_speed,5,Train111.csv,Side II,Side II,True
XGB_vibration_speed,5,Train117.csv,Normal,Normal,True
XGB_vibration_speed,5,Train137.csv,Side I,Side I,True
XGB_vibration_speed,5,Train140.csv,Normal,Normal,True
XGB_vibration_speed,5,Train144.csv,Normal,Normal,True
XGB_vibration_speed,5,Train156.csv,Normal,Normal,True
XGB_vibration_speed,5,Train169.csv,Normal,Normal,True
XGB_vibration_speed,5,Train173.csv,Normal,Normal,True
XGB_vibration_speed,5,Train179.csv,Side II,Side II,True
XGB_vibration_speed,5,Train187.csv,Normal,Normal,True
XGB_vibration_speed,5,Train189.csv,Normal,Normal,True
XGB_vibration_speed,5,Train190.csv,Normal,Normal,True
XGB_vibration_speed,5,Train199.csv,Side II,Side II,True
XGB_vibration_speed,5,Train203.csv,Normal,Normal,True
XGB_vibration_speed,5,Train204.csv,Normal,Normal,True
XGB_vibration_speed,5,Train210.csv,Normal,Normal,True
XGB_vibration_speed,5,Train218.csv,Normal,Normal,True
XGB_vibration_speed,5,Train220.csv,Normal,Normal,True
XGB_vibration_speed,5,Train221.csv,Normal,Normal,True
XGB_vibration_speed,5,Train226.csv,Normal,Normal,True
XGB_vibration_speed,5,Train228.csv,Normal,Normal,True
XGB_vibration_speed,5,Train229.csv,Normal,Normal,True
XGB_vibration_speed,5,Train230.csv,Normal,Normal,True
XGB_vibration_speed,5,Train231.csv,Normal,Normal,True
XGB_vibration_speed,5,Train239.csv,Normal,Normal,True
XGB_vibration_speed,5,Train240.csv,Side II,Side II,True
XGB_vibration_speed,5,Train242.csv,Normal,Normal,True
XGB_vibration_speed,5,Train246.csv,Normal,Normal,True
XGB_vibration_speed,5,Train257.csv,Normal,Normal,True
XGB_vibration_speed,5,Train259.csv,Normal,Normal,True
XGB_vibration_speed,5,Train260.csv,Normal,Normal,True
XGB_vibration_speed,5,Train262.csv,Normal,Normal,True
XGB_vibration_speed,5,Train264.csv,Normal,Normal,True
XGB_vibration_speed,5,Train265.csv,Side II,Side I,False
XGB_vibration_speed,6,Train5.csv,Normal,Normal,True
XGB_vibration_speed,6,Train17.csv,Normal,Normal,True
XGB_vibration_speed,6,Train24.csv,Normal,Normal,True
XGB_vibration_speed,6,Train25.csv,Normal,Normal,True
XGB_vibration_speed,6,Train28.csv,Normal,Normal,True
XGB_vibration_speed,6,Train29.csv,Normal,Normal,True
XGB_vibration_speed,6,Train30.csv,Side II,Side II,True
XGB_vibration_speed,6,Train55.csv,Normal,Normal,True
XGB_vibration_speed,6,Train56.csv,Normal,Normal,True
XGB_vibration_speed,6,Train70.csv,Normal,Normal,True
XGB_vibration_speed,6,Train75.csv,Normal,Normal,True
XGB_vibration_speed,6,Train76.csv,Normal,Normal,True
XGB_vibration_speed,6,Train78.csv,Normal,Normal,True
XGB_vibration_speed,6,Train86.csv,Normal,Normal,True
XGB_vibration_speed,6,Train91.csv,Normal,Normal,True
XGB_vibration_speed,6,Train94.csv,Normal,Normal,True
XGB_vibration_speed,6,Train97.csv,Normal,Normal,True
XGB_vibration_speed,6,Train106.csv,Side I,Side I,True
XGB_vibration_speed,6,Train109.csv,Normal,Normal,True
XGB_vibration_speed,6,Train111.csv,Side II,Side II,True
XGB_vibration_speed,6,Train131.csv,Normal,Normal,True
XGB_vibration_speed,6,Train135.csv,Normal,Normal,True
XGB_vibration_speed,6,Train136.csv,Normal,Normal,True
XGB_vibration_speed,6,Train141.csv,Normal,Normal,True
XGB_vibration_speed,6,Train142.csv,Normal,Normal,True
XGB_vibration_speed,6,Train143.csv,Normal,Normal,True
XGB_vibration_speed,6,Train145.csv,Normal,Normal,True
XGB_vibration_speed,6,Train148.csv,Normal,Normal,True
XGB_vibration_speed,6,Train152.csv,Normal,Normal,True
XGB_vibration_speed,6,Train153.csv,Normal,Normal,True
XGB_vibration_speed,6,Train154.csv,Normal,Normal,True
XGB_vibration_speed,6,Train160.csv,Normal,Normal,True
XGB_vibration_speed,6,Train169.csv,Normal,Normal,True
XGB_vibration_speed,6,Train171.csv,Normal,Normal,True
XGB_vibration_speed,6,Train181.csv,Normal,Normal,True
XGB_vibration_speed,6,Train182.csv,Normal,Normal,True
XGB_vibration_speed,6,Train185.csv,Side I,Normal,False
XGB_vibration_speed,6,Train186.csv,Normal,Normal,True
XGB_vibration_speed,6,Train189.csv,Normal,Normal,True
XGB_vibration_speed,6,Train191.csv,Normal,Normal,True
XGB_vibration_speed,6,Train193.csv,Normal,Normal,True
XGB_vibration_speed,6,Train194.csv,Side I,Normal,False
XGB_vibration_speed,6,Train195.csv,Normal,Normal,True
XGB_vibration_speed,6,Train203.csv,Normal,Normal,True
XGB_vibration_speed,6,Train205.csv,Normal,Normal,True
XGB_vibration_speed,6,Train209.csv,Normal,Normal,True
XGB_vibration_speed,6,Train210.csv,Normal,Normal,True
XGB_vibration_speed,6,Train214.csv,Normal,Normal,True
XGB_vibration_speed,6,Train216.csv,Side II,Normal,False
XGB_vibration_speed,6,Train217.csv,Side II,Side I,False
XGB_vibration_speed,6,Train218.csv,Normal,Normal,True
XGB_vibration_speed,6,Train230.csv,Normal,Normal,True
XGB_vibration_speed,6,Train232.csv,Normal,Normal,True
XGB_vibration_speed,6,Train248.csv,Side II,Side II,True
XGB_vibration_speed,6,Train272.csv,Normal,Normal,True
XGB_vibration_speed,7,Train3.csv,Normal,Normal,True
XGB_vibration_speed,7,Train6.csv,Normal,Normal,True
XGB_vibration_speed,7,Train14.csv,Normal,Normal,True
XGB_vibration_speed,7,Train15.csv,Normal,Normal,True
XGB_vibration_speed,7,Train16.csv,Normal,Normal,True
XGB_vibration_speed,7,Train18.csv,Normal,Normal,True
XGB_vibration_speed,7,Train20.csv,Normal,Normal,True
XGB_vibration_speed,7,Train21.csv,Normal,Normal,True
XGB_vibration_speed,7,Train26.csv,Side II,Side II,True
XGB_vibration_speed,7,Train32.csv,Normal,Normal,True
XGB_vibration_speed,7,Train34.csv,Normal,Normal,True
XGB_vibration_speed,7,Train39.csv,Normal,Normal,True
XGB_vibration_speed,7,Train41.csv,Normal,Normal,True
XGB_vibration_speed,7,Train43.csv,Side II,Side I,False
XGB_vibration_speed,7,Train44.csv,Normal,Normal,True
XGB_vibration_speed,7,Train45.csv,Normal,Normal,True
XGB_vibration_speed,7,Train60.csv,Normal,Normal,True
XGB_vibration_speed,7,Train62.csv,Side I,Side I,True
XGB_vibration_speed,7,Train63.csv,Normal,Normal,True
XGB_vibration_speed,7,Train72.csv,Side II,Side II,True
XGB_vibration_speed,7,Train74.csv,Normal,Normal,True
XGB_vibration_speed,7,Train80.csv,Normal,Normal,True
XGB_vibration_speed,7,Train82.csv,Normal,Normal,True
XGB_vibration_speed,7,Train92.csv,Normal,Normal,True
XGB_vibration_speed,7,Train98.csv,Normal,Normal,True
XGB_vibration_speed,7,Train99.csv,Normal,Normal,True
XGB_vibration_speed,7,Train108.csv,Normal,Normal,True
XGB_vibration_speed,7,Train110.csv,Normal,Normal,True
XGB_vibration_speed,7,Train117.csv,Normal,Normal,True
XGB_vibration_speed,7,Train124.csv,Normal,Normal,True
XGB_vibration_speed,7,Train128.csv,Normal,Normal,True
XGB_vibration_speed,7,Train130.csv,Normal,Normal,True
XGB_vibration_speed,7,Train132.csv,Normal,Normal,True
XGB_vibration_speed,7,Train134.csv,Normal,Normal,True
XGB_vibration_speed,7,Train137.csv,Side I,Side I,True
XGB_vibration_speed,7,Train140.csv,Normal,Normal,True
XGB_vibration_speed,7,Train144.csv,Normal,Normal,True
XGB_vibration_speed,7,Train147.csv,Normal,Normal,True
XGB_vibration_speed,7,Train149.csv,Normal,Normal,True
XGB_vibration_speed,7,Train159.csv,Normal,Normal,True
XGB_vibration_speed,7,Train163.csv,Side I,Side I,True
XGB_vibration_speed,7,Train167.csv,Normal,Normal,True
XGB_vibration_speed,7,Train173.csv,Normal,Normal,True
XGB_vibration_speed,7,Train192.csv,Normal,Normal,True
XGB_vibration_speed,7,Train198.csv,Side II,Side II,True
XGB_vibration_speed,7,Train199.csv,Side II,Side II,True
XGB_vibration_speed,7,Train200.csv,Normal,Normal,True
XGB_vibration_speed,7,Train211.csv,Normal,Normal,True
XGB_vibration_speed,7,Train233.csv,Normal,Normal,True
XGB_vibration_speed,7,Train241.csv,Normal,Normal,True
XGB_vibration_speed,7,Train245.csv,Normal,Normal,True
XGB_vibration_speed,7,Train250.csv,Normal,Normal,True
XGB_vibration_speed,7,Train256.csv,Normal,Normal,True
XGB_vibration_speed,7,Train261.csv,Normal,Normal,True
XGB_vibration_speed,7,Train268.csv,Normal,Normal,True
XGB_vibration_speed,8,Train1.csv,Normal,Normal,True
XGB_vibration_speed,8,Train8.csv,Normal,Normal,True
XGB_vibration_speed,8,Train23.csv,Normal,Normal,True
XGB_vibration_speed,8,Train36.csv,Normal,Normal,True
XGB_vibration_speed,8,Train47.csv,Normal,Normal,True
XGB_vibration_speed,8,Train49.csv,Normal,Normal,True
XGB_vibration_speed,8,Train52.csv,Normal,Normal,True
XGB_vibration_speed,8,Train57.csv,Normal,Normal,True
XGB_vibration_speed,8,Train59.csv,Normal,Normal,True
XGB_vibration_speed,8,Train66.csv,Normal,Normal,True
XGB_vibration_speed,8,Train79.csv,Normal,Normal,True
XGB_vibration_speed,8,Train81.csv,Normal,Normal,True
XGB_vibration_speed,8,Train83.csv,Side I,Side I,True
XGB_vibration_speed,8,Train84.csv,Normal,Normal,True
XGB_vibration_speed,8,Train85.csv,Normal,Normal,True
XGB_vibration_speed,8,Train88.csv,Normal,Normal,True
XGB_vibration_speed,8,Train90.csv,Normal,Normal,True
XGB_vibration_speed,8,Train101.csv,Normal,Normal,True
XGB_vibration_speed,8,Train102.csv,Normal,Normal,True
XGB_vibration_speed,8,Train103.csv,Side II,Normal,False
XGB_vibration_speed,8,Train113.csv,Normal,Normal,True
XGB_vibration_speed,8,Train114.csv,Normal,Normal,True
XGB_vibration_speed,8,Train118.csv,Normal,Normal,True
XGB_vibration_speed,8,Train123.csv,Normal,Side I,False
XGB_vibration_speed,8,Train126.csv,Normal,Normal,True
XGB_vibration_speed,8,Train127.csv,Side II,Side II,True
XGB_vibration_speed,8,Train129.csv,Normal,Normal,True
XGB_vibration_speed,8,Train146.csv,Normal,Normal,True
XGB_vibration_speed,8,Train157.csv,Normal,Normal,True
XGB_vibration_speed,8,Train158.csv,Normal,Normal,True
XGB_vibration_speed,8,Train161.csv,Normal,Normal,True
XGB_vibration_speed,8,Train164.csv,Side II,Side I,False
XGB_vibration_speed,8,Train170.csv,Side I,Normal,False
XGB_vibration_speed,8,Train176.csv,Normal,Normal,True
XGB_vibration_speed,8,Train183.csv,Normal,Normal,True
XGB_vibration_speed,8,Train187.csv,Normal,Normal,True
XGB_vibration_speed,8,Train201.csv,Normal,Normal,True
XGB_vibration_speed,8,Train204.csv,Normal,Normal,True
XGB_vibration_speed,8,Train212.csv,Normal,Normal,True
XGB_vibration_speed,8,Train219.csv,Normal,Normal,True
XGB_vibration_speed,8,Train220.csv,Normal,Normal,True
XGB_vibration_speed,8,Train225.csv,Normal,Normal,True
XGB_vibration_speed,8,Train226.csv,Normal,Normal,True
XGB_vibration_speed,8,Train240.csv,Side II,Side II,True
XGB_vibration_speed,8,Train242.csv,Normal,Normal,True
XGB_vibration_speed,8,Train243.csv,Normal,Normal,True
XGB_vibration_speed,8,Train249.csv,Normal,Normal,True
XGB_vibration_speed,8,Train251.csv,Normal,Side II,False
XGB_vibration_speed,8,Train255.csv,Normal,Normal,True
XGB_vibration_speed,8,Train257.csv,Normal,Normal,True
XGB_vibration_speed,8,Train260.csv,Normal,Normal,True
XGB_vibration_speed,8,Train264.csv,Normal,Normal,True
XGB_vibration_speed,8,Train265.csv,Side II,Side I,False
XGB_vibration_speed,8,Train270.csv,Normal,Normal,True
XGB_vibration_speed,9,Train2.csv,Side II,Side II,True
XGB_vibration_speed,9,Train4.csv,Normal,Normal,True
XGB_vibration_speed,9,Train7.csv,Normal,Normal,True
XGB_vibration_speed,9,Train9.csv,Normal,Normal,True
XGB_vibration_speed,9,Train10.csv,Normal,Normal,True
XGB_vibration_speed,9,Train11.csv,Normal,Normal,True
XGB_vibration_speed,9,Train13.csv,Normal,Normal,True
XGB_vibration_speed,9,Train19.csv,Normal,Normal,True
XGB_vibration_speed,9,Train22.csv,Normal,Normal,True
XGB_vibration_speed,9,Train33.csv,Normal,Normal,True
XGB_vibration_speed,9,Train35.csv,Normal,Normal,True
XGB_vibration_speed,9,Train37.csv,Normal,Normal,True
XGB_vibration_speed,9,Train38.csv,Normal,Normal,True
XGB_vibration_speed,9,Train40.csv,Normal,Normal,True
XGB_vibration_speed,9,Train42.csv,Normal,Normal,True
XGB_vibration_speed,9,Train46.csv,Normal,Normal,True
XGB_vibration_speed,9,Train51.csv,Normal,Normal,True
XGB_vibration_speed,9,Train53.csv,Side II,Side II,True
XGB_vibration_speed,9,Train58.csv,Normal,Normal,True
XGB_vibration_speed,9,Train61.csv,Normal,Normal,True
XGB_vibration_speed,9,Train64.csv,Normal,Normal,True
XGB_vibration_speed,9,Train67.csv,Normal,Normal,True
XGB_vibration_speed,9,Train87.csv,Normal,Normal,True
XGB_vibration_speed,9,Train89.csv,Normal,Normal,True
XGB_vibration_speed,9,Train93.csv,Side II,Side II,True
XGB_vibration_speed,9,Train100.csv,Side I,Side II,False
XGB_vibration_speed,9,Train116.csv,Normal,Normal,True
XGB_vibration_speed,9,Train122.csv,Normal,Normal,True
XGB_vibration_speed,9,Train133.csv,Normal,Normal,True
XGB_vibration_speed,9,Train139.csv,Normal,Normal,True
XGB_vibration_speed,9,Train155.csv,Normal,Normal,True
XGB_vibration_speed,9,Train156.csv,Normal,Normal,True
XGB_vibration_speed,9,Train162.csv,Normal,Normal,True
XGB_vibration_speed,9,Train166.csv,Normal,Normal,True
XGB_vibration_speed,9,Train175.csv,Normal,Normal,True
XGB_vibration_speed,9,Train180.csv,Side I,Normal,False
XGB_vibration_speed,9,Train190.csv,Normal,Normal,True
XGB_vibration_speed,9,Train208.csv,Normal,Normal,True
XGB_vibration_speed,9,Train213.csv,Side I,Side I,True
XGB_vibration_speed,9,Train215.csv,Normal,Normal,True
XGB_vibration_speed,9,Train221.csv,Normal,Normal,True
XGB_vibration_speed,9,Train224.csv,Normal,Normal,True
XGB_vibration_speed,9,Train231.csv,Normal,Normal,True
XGB_vibration_speed,9,Train235.csv,Normal,Normal,True
XGB_vibration_speed,9,Train237.csv,Normal,Normal,True
XGB_vibration_speed,9,Train244.csv,Normal,Normal,True
XGB_vibration_speed,9,Train246.csv,Normal,Normal,True
XGB_vibration_speed,9,Train252.csv,Normal,Normal,True
XGB_vibration_speed,9,Train253.csv,Normal,Normal,True
XGB_vibration_speed,9,Train259.csv,Normal,Normal,True
XGB_vibration_speed,9,Train262.csv,Normal,Normal,True
XGB_vibration_speed,9,Train263.csv,Normal,Normal,True
XGB_vibration_speed,9,Train267.csv,Side II,Side II,True
XGB_vibration_speed,9,Train269.csv,Normal,Normal,True
XGB_vibration_speed,10,Train12.csv,Side II,Side II,True
XGB_vibration_speed,10,Train27.csv,Normal,Normal,True
XGB_vibration_speed,10,Train31.csv,Normal,Normal,True
XGB_vibration_speed,10,Train48.csv,Normal,Normal,True
XGB_vibration_speed,10,Train50.csv,Normal,Normal,True
XGB_vibration_speed,10,Train54.csv,Normal,Normal,True
XGB_vibration_speed,10,Train65.csv,Normal,Normal,True
XGB_vibration_speed,10,Train68.csv,Normal,Normal,True
XGB_vibration_speed,10,Train69.csv,Normal,Normal,True
XGB_vibration_speed,10,Train71.csv,Normal,Normal,True
XGB_vibration_speed,10,Train73.csv,Normal,Normal,True
XGB_vibration_speed,10,Train77.csv,Normal,Normal,True
XGB_vibration_speed,10,Train95.csv,Normal,Normal,True
XGB_vibration_speed,10,Train96.csv,Normal,Normal,True
XGB_vibration_speed,10,Train104.csv,Side II,Side II,True
XGB_vibration_speed,10,Train105.csv,Normal,Normal,True
XGB_vibration_speed,10,Train107.csv,Normal,Normal,True
XGB_vibration_speed,10,Train112.csv,Normal,Normal,True
XGB_vibration_speed,10,Train115.csv,Normal,Normal,True
XGB_vibration_speed,10,Train119.csv,Normal,Normal,True
XGB_vibration_speed,10,Train120.csv,Normal,Normal,True
XGB_vibration_speed,10,Train121.csv,Side I,Normal,False
XGB_vibration_speed,10,Train125.csv,Normal,Normal,True
XGB_vibration_speed,10,Train138.csv,Normal,Normal,True
XGB_vibration_speed,10,Train150.csv,Side I,Side I,True
XGB_vibration_speed,10,Train151.csv,Normal,Normal,True
XGB_vibration_speed,10,Train165.csv,Normal,Normal,True
XGB_vibration_speed,10,Train168.csv,Normal,Normal,True
XGB_vibration_speed,10,Train172.csv,Normal,Normal,True
XGB_vibration_speed,10,Train174.csv,Normal,Normal,True
XGB_vibration_speed,10,Train177.csv,Normal,Side I,False
XGB_vibration_speed,10,Train178.csv,Normal,Normal,True
XGB_vibration_speed,10,Train179.csv,Side II,Side II,True
XGB_vibration_speed,10,Train184.csv,Normal,Normal,True
XGB_vibration_speed,10,Train188.csv,Side II,Side II,True
XGB_vibration_speed,10,Train196.csv,Normal,Normal,True
XGB_vibration_speed,10,Train197.csv,Normal,Normal,True
XGB_vibration_speed,10,Train202.csv,Side I,Normal,False
XGB_vibration_speed,10,Train206.csv,Normal,Normal,True
XGB_vibration_speed,10,Train207.csv,Side II,Side II,True
XGB_vibration_speed,10,Train222.csv,Normal,Normal,True
XGB_vibration_speed,10,Train223.csv,Normal,Normal,True
XGB_vibration_speed,10,Train227.csv,Normal,Normal,True
XGB_vibration_speed,10,Train228.csv,Normal,Normal,True
XGB_vibration_speed,10,Train229.csv,Normal,Normal,True
XGB_vibration_speed,10,Train234.csv,Normal,Normal,True
XGB_vibration_speed,10,Train236.csv,Normal,Normal,True
XGB_vibration_speed,10,Train238.csv,Normal,Normal,True
XGB_vibration_speed,10,Train239.csv,Normal,Normal,True
XGB_vibration_speed,10,Train247.csv,Normal,Normal,True
XGB_vibration_speed,10,Train254.csv,Normal,Normal,True
XGB_vibration_speed,10,Train258.csv,Normal,Normal,True
XGB_vibration_speed,10,Train266.csv,Normal,Normal,True
XGB_vibration_speed,10,Train271.csv,Normal,Normal,True
XGB_vibration_speed,11,Train14.csv,Normal,Normal,True
XGB_vibration_speed,11,Train15.csv,Normal,Normal,True
XGB_vibration_speed,11,Train25.csv,Normal,Normal,True
XGB_vibration_speed,11,Train42.csv,Normal,Normal,True
XGB_vibration_speed,11,Train47.csv,Normal,Normal,True
XGB_vibration_speed,11,Train49.csv,Normal,Normal,True
XGB_vibration_speed,11,Train51.csv,Normal,Normal,True
XGB_vibration_speed,11,Train61.csv,Normal,Normal,True
XGB_vibration_speed,11,Train63.csv,Normal,Normal,True
XGB_vibration_speed,11,Train71.csv,Normal,Normal,True
XGB_vibration_speed,11,Train72.csv,Side II,Side II,True
XGB_vibration_speed,11,Train73.csv,Normal,Normal,True
XGB_vibration_speed,11,Train81.csv,Normal,Normal,True
XGB_vibration_speed,11,Train89.csv,Normal,Normal,True
XGB_vibration_speed,11,Train91.csv,Normal,Normal,True
XGB_vibration_speed,11,Train102.csv,Normal,Normal,True
XGB_vibration_speed,11,Train105.csv,Normal,Normal,True
XGB_vibration_speed,11,Train109.csv,Normal,Normal,True
XGB_vibration_speed,11,Train110.csv,Normal,Normal,True
XGB_vibration_speed,11,Train111.csv,Side II,Side II,True
XGB_vibration_speed,11,Train112.csv,Normal,Normal,True
XGB_vibration_speed,11,Train115.csv,Normal,Normal,True
XGB_vibration_speed,11,Train117.csv,Normal,Normal,True
XGB_vibration_speed,11,Train128.csv,Normal,Normal,True
XGB_vibration_speed,11,Train131.csv,Normal,Normal,True
XGB_vibration_speed,11,Train133.csv,Normal,Normal,True
XGB_vibration_speed,11,Train135.csv,Normal,Normal,True
XGB_vibration_speed,11,Train138.csv,Normal,Normal,True
XGB_vibration_speed,11,Train139.csv,Normal,Normal,True
XGB_vibration_speed,11,Train148.csv,Normal,Normal,True
XGB_vibration_speed,11,Train163.csv,Side I,Side I,True
XGB_vibration_speed,11,Train167.csv,Normal,Normal,True
XGB_vibration_speed,11,Train176.csv,Normal,Normal,True
XGB_vibration_speed,11,Train177.csv,Normal,Side I,False
XGB_vibration_speed,11,Train181.csv,Normal,Normal,True
XGB_vibration_speed,11,Train184.csv,Normal,Normal,True
XGB_vibration_speed,11,Train194.csv,Side I,Side II,False
XGB_vibration_speed,11,Train201.csv,Normal,Normal,True
XGB_vibration_speed,11,Train202.csv,Side I,Normal,False
XGB_vibration_speed,11,Train204.csv,Normal,Normal,True
XGB_vibration_speed,11,Train207.csv,Side II,Side II,True
XGB_vibration_speed,11,Train212.csv,Normal,Normal,True
XGB_vibration_speed,11,Train217.csv,Side II,Side I,False
XGB_vibration_speed,11,Train225.csv,Normal,Normal,True
XGB_vibration_speed,11,Train226.csv,Normal,Normal,True
XGB_vibration_speed,11,Train233.csv,Normal,Normal,True
XGB_vibration_speed,11,Train242.csv,Normal,Normal,True
XGB_vibration_speed,11,Train243.csv,Normal,Normal,True
XGB_vibration_speed,11,Train246.csv,Normal,Normal,True
XGB_vibration_speed,11,Train247.csv,Normal,Normal,True
XGB_vibration_speed,11,Train251.csv,Normal,Side II,False
XGB_vibration_speed,11,Train252.csv,Normal,Normal,True
XGB_vibration_speed,11,Train258.csv,Normal,Normal,True
XGB_vibration_speed,11,Train265.csv,Side II,Side I,False
XGB_vibration_speed,11,Train269.csv,Normal,Normal,True
XGB_vibration_speed,12,Train1.csv,Normal,Normal,True
XGB_vibration_speed,12,Train4.csv,Normal,Normal,True
XGB_vibration_speed,12,Train10.csv,Normal,Normal,True
XGB_vibration_speed,12,Train12.csv,Side II,Side II,True
XGB_vibration_speed,12,Train17.csv,Normal,Normal,True
XGB_vibration_speed,12,Train18.csv,Normal,Normal,True
XGB_vibration_speed,12,Train21.csv,Normal,Normal,True
XGB_vibration_speed,12,Train24.csv,Normal,Normal,True
XGB_vibration_speed,12,Train26.csv,Side II,Side II,True
XGB_vibration_speed,12,Train27.csv,Normal,Normal,True
XGB_vibration_speed,12,Train28.csv,Normal,Normal,True
XGB_vibration_speed,12,Train43.csv,Side II,Side I,False
XGB_vibration_speed,12,Train45.csv,Normal,Normal,True
XGB_vibration_speed,12,Train48.csv,Normal,Normal,True
XGB_vibration_speed,12,Train55.csv,Normal,Normal,True
XGB_vibration_speed,12,Train56.csv,Normal,Normal,True
XGB_vibration_speed,12,Train57.csv,Normal,Normal,True
XGB_vibration_speed,12,Train59.csv,Normal,Normal,True
XGB_vibration_speed,12,Train62.csv,Side I,Side I,True
XGB_vibration_speed,12,Train67.csv,Normal,Normal,True
XGB_vibration_speed,12,Train80.csv,Normal,Normal,True
XGB_vibration_speed,12,Train82.csv,Normal,Normal,True
XGB_vibration_speed,12,Train84.csv,Normal,Normal,True
XGB_vibration_speed,12,Train85.csv,Normal,Normal,True
XGB_vibration_speed,12,Train93.csv,Side II,Side II,True
XGB_vibration_speed,12,Train94.csv,Normal,Normal,True
XGB_vibration_speed,12,Train101.csv,Normal,Normal,True
XGB_vibration_speed,12,Train107.csv,Normal,Normal,True
XGB_vibration_speed,12,Train113.csv,Normal,Normal,True
XGB_vibration_speed,12,Train124.csv,Normal,Normal,True
XGB_vibration_speed,12,Train125.csv,Normal,Normal,True
XGB_vibration_speed,12,Train140.csv,Normal,Normal,True
XGB_vibration_speed,12,Train144.csv,Normal,Normal,True
XGB_vibration_speed,12,Train147.csv,Normal,Normal,True
XGB_vibration_speed,12,Train152.csv,Normal,Normal,True
XGB_vibration_speed,12,Train153.csv,Normal,Normal,True
XGB_vibration_speed,12,Train158.csv,Normal,Normal,True
XGB_vibration_speed,12,Train159.csv,Normal,Normal,True
XGB_vibration_speed,12,Train162.csv,Normal,Normal,True
XGB_vibration_speed,12,Train168.csv,Normal,Normal,True
XGB_vibration_speed,12,Train170.csv,Side I,Normal,False
XGB_vibration_speed,12,Train172.csv,Normal,Normal,True
XGB_vibration_speed,12,Train179.csv,Side II,Side II,True
XGB_vibration_speed,12,Train185.csv,Side I,Normal,False
XGB_vibration_speed,12,Train187.csv,Normal,Normal,True
XGB_vibration_speed,12,Train192.csv,Normal,Normal,True
XGB_vibration_speed,12,Train205.csv,Normal,Normal,True
XGB_vibration_speed,12,Train209.csv,Normal,Normal,True
XGB_vibration_speed,12,Train218.csv,Normal,Normal,True
XGB_vibration_speed,12,Train222.csv,Normal,Normal,True
XGB_vibration_speed,12,Train223.csv,Normal,Normal,True
XGB_vibration_speed,12,Train227.csv,Normal,Normal,True
XGB_vibration_speed,12,Train236.csv,Normal,Normal,True
XGB_vibration_speed,12,Train238.csv,Normal,Normal,True
XGB_vibration_speed,12,Train239.csv,Normal,Normal,True
XGB_vibration_speed,13,Train5.csv,Normal,Normal,True
XGB_vibration_speed,13,Train7.csv,Normal,Normal,True
XGB_vibration_speed,13,Train9.csv,Normal,Normal,True
XGB_vibration_speed,13,Train20.csv,Normal,Normal,True
XGB_vibration_speed,13,Train22.csv,Normal,Normal,True
XGB_vibration_speed,13,Train32.csv,Normal,Normal,True
XGB_vibration_speed,13,Train34.csv,Normal,Normal,True
XGB_vibration_speed,13,Train40.csv,Normal,Normal,True
XGB_vibration_speed,13,Train50.csv,Normal,Normal,True
XGB_vibration_speed,13,Train52.csv,Normal,Normal,True
XGB_vibration_speed,13,Train53.csv,Side II,Side II,True
XGB_vibration_speed,13,Train58.csv,Normal,Normal,True
XGB_vibration_speed,13,Train65.csv,Normal,Normal,True
XGB_vibration_speed,13,Train69.csv,Normal,Normal,True
XGB_vibration_speed,13,Train78.csv,Normal,Normal,True
XGB_vibration_speed,13,Train86.csv,Normal,Normal,True
XGB_vibration_speed,13,Train88.csv,Normal,Normal,True
XGB_vibration_speed,13,Train98.csv,Normal,Normal,True
XGB_vibration_speed,13,Train99.csv,Normal,Normal,True
XGB_vibration_speed,13,Train100.csv,Side I,Side II,False
XGB_vibration_speed,13,Train103.csv,Side II,Side II,True
XGB_vibration_speed,13,Train108.csv,Normal,Normal,True
XGB_vibration_speed,13,Train127.csv,Side II,Side II,True
XGB_vibration_speed,13,Train130.csv,Normal,Normal,True
XGB_vibration_speed,13,Train134.csv,Normal,Normal,True
XGB_vibration_speed,13,Train143.csv,Normal,Normal,True
XGB_vibration_speed,13,Train145.csv,Normal,Normal,True
XGB_vibration_speed,13,Train150.csv,Side I,Normal,False
XGB_vibration_speed,13,Train151.csv,Normal,Normal,True
XGB_vibration_speed,13,Train155.csv,Normal,Normal,True
XGB_vibration_speed,13,Train160.csv,Normal,Normal,True
XGB_vibration_speed,13,Train166.csv,Normal,Normal,True
XGB_vibration_speed,13,Train174.csv,Normal,Normal,True
XGB_vibration_speed,13,Train182.csv,Normal,Normal,True
XGB_vibration_speed,13,Train188.csv,Side II,Side II,True
XGB_vibration_speed,13,Train195.csv,Normal,Normal,True
XGB_vibration_speed,13,Train196.csv,Normal,Normal,True
XGB_vibration_speed,13,Train203.csv,Normal,Normal,True
XGB_vibration_speed,13,Train210.csv,Normal,Normal,True
XGB_vibration_speed,13,Train219.csv,Normal,Normal,True
XGB_vibration_speed,13,Train221.csv,Normal,Normal,True
XGB_vibration_speed,13,Train224.csv,Normal,Normal,True
XGB_vibration_speed,13,Train230.csv,Normal,Normal,True
XGB_vibration_speed,13,Train231.csv,Normal,Normal,True
XGB_vibration_speed,13,Train235.csv,Normal,Normal,True
XGB_vibration_speed,13,Train237.csv,Normal,Normal,True
XGB_vibration_speed,13,Train240.csv,Side II,Side II,True
XGB_vibration_speed,13,Train244.csv,Normal,Normal,True
XGB_vibration_speed,13,Train250.csv,Normal,Normal,True
XGB_vibration_speed,13,Train256.csv,Normal,Normal,True
XGB_vibration_speed,13,Train259.csv,Normal,Normal,True
XGB_vibration_speed,13,Train264.csv,Normal,Normal,True
XGB_vibration_speed,13,Train266.csv,Normal,Normal,True
XGB_vibration_speed,13,Train272.csv,Normal,Normal,True
XGB_vibration_speed,14,Train3.csv,Normal,Normal,True
XGB_vibration_speed,14,Train6.csv,Normal,Normal,True
XGB_vibration_speed,14,Train8.csv,Normal,Normal,True
XGB_vibration_speed,14,Train11.csv,Normal,Normal,True
XGB_vibration_speed,14,Train16.csv,Normal,Normal,True
XGB_vibration_speed,14,Train19.csv,Normal,Normal,True
XGB_vibration_speed,14,Train23.csv,Normal,Normal,True
XGB_vibration_speed,14,Train30.csv,Side II,Side II,True
XGB_vibration_speed,14,Train35.csv,Normal,Normal,True
XGB_vibration_speed,14,Train36.csv,Normal,Normal,True
XGB_vibration_speed,14,Train37.csv,Normal,Normal,True
XGB_vibration_speed,14,Train44.csv,Normal,Normal,True
XGB_vibration_speed,14,Train54.csv,Normal,Normal,True
XGB_vibration_speed,14,Train64.csv,Normal,Normal,True
XGB_vibration_speed,14,Train66.csv,Normal,Normal,True
XGB_vibration_speed,14,Train75.csv,Normal,Normal,True
XGB_vibration_speed,14,Train76.csv,Normal,Normal,True
XGB_vibration_speed,14,Train79.csv,Normal,Normal,True
XGB_vibration_speed,14,Train83.csv,Side I,Side I,True
XGB_vibration_speed,14,Train95.csv,Normal,Normal,True
XGB_vibration_speed,14,Train96.csv,Normal,Normal,True
XGB_vibration_speed,14,Train116.csv,Normal,Normal,True
XGB_vibration_speed,14,Train120.csv,Normal,Normal,True
XGB_vibration_speed,14,Train123.csv,Normal,Normal,True
XGB_vibration_speed,14,Train129.csv,Normal,Normal,True
XGB_vibration_speed,14,Train132.csv,Normal,Normal,True
XGB_vibration_speed,14,Train136.csv,Normal,Normal,True
XGB_vibration_speed,14,Train141.csv,Normal,Normal,True
XGB_vibration_speed,14,Train156.csv,Normal,Normal,True
XGB_vibration_speed,14,Train157.csv,Normal,Normal,True
XGB_vibration_speed,14,Train169.csv,Normal,Normal,True
XGB_vibration_speed,14,Train173.csv,Normal,Normal,True
XGB_vibration_speed,14,Train175.csv,Normal,Normal,True
XGB_vibration_speed,14,Train178.csv,Normal,Normal,True
XGB_vibration_speed,14,Train180.csv,Side I,Normal,False
XGB_vibration_speed,14,Train186.csv,Normal,Normal,True
XGB_vibration_speed,14,Train191.csv,Normal,Normal,True
XGB_vibration_speed,14,Train193.csv,Normal,Normal,True
XGB_vibration_speed,14,Train197.csv,Normal,Normal,True
XGB_vibration_speed,14,Train198.csv,Side II,Side II,True
XGB_vibration_speed,14,Train199.csv,Side II,Side II,True
XGB_vibration_speed,14,Train200.csv,Normal,Normal,True
XGB_vibration_speed,14,Train206.csv,Normal,Normal,True
XGB_vibration_speed,14,Train211.csv,Normal,Normal,True
XGB_vibration_speed,14,Train213.csv,Side I,Side I,True
XGB_vibration_speed,14,Train220.csv,Normal,Normal,True
XGB_vibration_speed,14,Train228.csv,Normal,Normal,True
XGB_vibration_speed,14,Train234.csv,Normal,Normal,True
XGB_vibration_speed,14,Train248.csv,Side II,Side II,True
XGB_vibration_speed,14,Train249.csv,Normal,Normal,True
XGB_vibration_speed,14,Train254.csv,Normal,Normal,True
XGB_vibration_speed,14,Train260.csv,Normal,Normal,True
XGB_vibration_speed,14,Train262.csv,Normal,Normal,True
XGB_vibration_speed,14,Train271.csv,Normal,Normal,True
XGB_vibration_speed,15,Train2.csv,Side II,Normal,False
XGB_vibration_speed,15,Train13.csv,Normal,Normal,True
XGB_vibration_speed,15,Train29.csv,Normal,Normal,True
XGB_vibration_speed,15,Train31.csv,Normal,Normal,True
XGB_vibration_speed,15,Train33.csv,Normal,Normal,True
XGB_vibration_speed,15,Train38.csv,Normal,Normal,True
XGB_vibration_speed,15,Train39.csv,Normal,Normal,True
XGB_vibration_speed,15,Train41.csv,Normal,Normal,True
XGB_vibration_speed,15,Train46.csv,Normal,Normal,True
XGB_vibration_speed,15,Train60.csv,Normal,Normal,True
XGB_vibration_speed,15,Train68.csv,Normal,Normal,True
XGB_vibration_speed,15,Train70.csv,Normal,Normal,True
XGB_vibration_speed,15,Train74.csv,Normal,Normal,True
XGB_vibration_speed,15,Train77.csv,Normal,Normal,True
XGB_vibration_speed,15,Train87.csv,Normal,Normal,True
XGB_vibration_speed,15,Train90.csv,Normal,Normal,True
XGB_vibration_speed,15,Train92.csv,Normal,Normal,True
XGB_vibration_speed,15,Train97.csv,Normal,Normal,True
XGB_vibration_speed,15,Train104.csv,Side II,Side II,True
XGB_vibration_speed,15,Train106.csv,Side I,Normal,False
XGB_vibration_speed,15,Train114.csv,Normal,Normal,True
XGB_vibration_speed,15,Train118.csv,Normal,Normal,True
XGB_vibration_speed,15,Train119.csv,Normal,Normal,True
XGB_vibration_speed,15,Train121.csv,Side I,Normal,False
XGB_vibration_speed,15,Train122.csv,Normal,Normal,True
XGB_vibration_speed,15,Train126.csv,Normal,Normal,True
XGB_vibration_speed,15,Train137.csv,Side I,Side I,True
XGB_vibration_speed,15,Train142.csv,Normal,Normal,True
XGB_vibration_speed,15,Train146.csv,Normal,Normal,True
XGB_vibration_speed,15,Train149.csv,Normal,Normal,True
XGB_vibration_speed,15,Train154.csv,Normal,Normal,True
XGB_vibration_speed,15,Train161.csv,Normal,Normal,True
XGB_vibration_speed,15,Train164.csv,Side II,Side II,True
XGB_vibration_speed,15,Train165.csv,Normal,Normal,True
XGB_vibration_speed,15,Train171.csv,Normal,Normal,True
XGB_vibration_speed,15,Train183.csv,Normal,Normal,True
XGB_vibration_speed,15,Train189.csv,Normal,Normal,True
XGB_vibration_speed,15,Train190.csv,Normal,Normal,True
XGB_vibration_speed,15,Train208.csv,Normal,Normal,True
XGB_vibration_speed,15,Train214.csv,Normal,Normal,True
XGB_vibration_speed,15,Train215.csv,Normal,Normal,True
XGB_vibration_speed,15,Train216.csv,Side II,Normal,False
XGB_vibration_speed,15,Train229.csv,Normal,Normal,True
XGB_vibration_speed,15,Train232.csv,Normal,Normal,True
XGB_vibration_speed,15,Train241.csv,Normal,Normal,True
XGB_vibration_speed,15,Train245.csv,Normal,Normal,True
XGB_vibration_speed,15,Train253.csv,Normal,Normal,True
XGB_vibration_speed,15,Train255.csv,Normal,Normal,True
XGB_vibration_speed,15,Train257.csv,Normal,Normal,True
XGB_vibration_speed,15,Train261.csv,Normal,Normal,True
XGB_vibration_speed,15,Train263.csv,Normal,Normal,True
XGB_vibration_speed,15,Train267.csv,Side II,Side II,True
XGB_vibration_speed,15,Train268.csv,Normal,Normal,True
XGB_vibration_speed,15,Train270.csv,Normal,Normal,True
XGB_vibration_speed,16,Train6.csv,Normal,Normal,True
XGB_vibration_speed,16,Train16.csv,Normal,Normal,True
XGB_vibration_speed,16,Train17.csv,Normal,Normal,True
XGB_vibration_speed,16,Train19.csv,Normal,Normal,True
XGB_vibration_speed,16,Train21.csv,Normal,Normal,True
XGB_vibration_speed,16,Train30.csv,Side II,Side II,True
XGB_vibration_speed,16,Train43.csv,Side II,Side I,False
XGB_vibration_speed,16,Train44.csv,Normal,Normal,True
XGB_vibration_speed,16,Train46.csv,Normal,Normal,True
XGB_vibration_speed,16,Train56.csv,Normal,Normal,True
XGB_vibration_speed,16,Train57.csv,Normal,Normal,True
XGB_vibration_speed,16,Train68.csv,Normal,Normal,True
XGB_vibration_speed,16,Train69.csv,Normal,Normal,True
XGB_vibration_speed,16,Train83.csv,Side I,Side I,True
XGB_vibration_speed,16,Train94.csv,Normal,Normal,True
XGB_vibration_speed,16,Train96.csv,Normal,Normal,True
XGB_vibration_speed,16,Train98.csv,Normal,Normal,True
XGB_vibration_speed,16,Train105.csv,Normal,Normal,True
XGB_vibration_speed,16,Train111.csv,Side II,Side II,True
XGB_vibration_speed,16,Train113.csv,Normal,Normal,True
XGB_vibration_speed,16,Train121.csv,Side I,Normal,False
XGB_vibration_speed,16,Train125.csv,Normal,Normal,True
XGB_vibration_speed,16,Train126.csv,Normal,Normal,True
XGB_vibration_speed,16,Train130.csv,Normal,Normal,True
XGB_vibration_speed,16,Train143.csv,Normal,Normal,True
XGB_vibration_speed,16,Train147.csv,Normal,Normal,True
XGB_vibration_speed,16,Train149.csv,Normal,Normal,True
XGB_vibration_speed,16,Train154.csv,Normal,Normal,True
XGB_vibration_speed,16,Train157.csv,Normal,Normal,True
XGB_vibration_speed,16,Train159.csv,Normal,Normal,True
XGB_vibration_speed,16,Train160.csv,Normal,Normal,True
XGB_vibration_speed,16,Train164.csv,Side II,Side II,True
XGB_vibration_speed,16,Train165.csv,Normal,Normal,True
XGB_vibration_speed,16,Train166.csv,Normal,Normal,True
XGB_vibration_speed,16,Train174.csv,Normal,Normal,True
XGB_vibration_speed,16,Train175.csv,Normal,Normal,True
XGB_vibration_speed,16,Train186.csv,Normal,Normal,True
XGB_vibration_speed,16,Train200.csv,Normal,Normal,True
XGB_vibration_speed,16,Train201.csv,Normal,Normal,True
XGB_vibration_speed,16,Train202.csv,Side I,Normal,False
XGB_vibration_speed,16,Train205.csv,Normal,Normal,True
XGB_vibration_speed,16,Train209.csv,Normal,Normal,True
XGB_vibration_speed,16,Train211.csv,Normal,Normal,True
XGB_vibration_speed,16,Train214.csv,Normal,Normal,True
XGB_vibration_speed,16,Train219.csv,Normal,Normal,True
XGB_vibration_speed,16,Train223.csv,Normal,Normal,True
XGB_vibration_speed,16,Train224.csv,Normal,Normal,True
XGB_vibration_speed,16,Train236.csv,Normal,Normal,True
XGB_vibration_speed,16,Train242.csv,Normal,Normal,True
XGB_vibration_speed,16,Train248.csv,Side II,Side II,True
XGB_vibration_speed,16,Train254.csv,Normal,Normal,True
XGB_vibration_speed,16,Train259.csv,Normal,Normal,True
XGB_vibration_speed,16,Train260.csv,Normal,Normal,True
XGB_vibration_speed,16,Train264.csv,Normal,Normal,True
XGB_vibration_speed,16,Train272.csv,Normal,Normal,True
XGB_vibration_speed,17,Train7.csv,Normal,Normal,True
XGB_vibration_speed,17,Train15.csv,Normal,Normal,True
XGB_vibration_speed,17,Train35.csv,Normal,Normal,True
XGB_vibration_speed,17,Train39.csv,Normal,Normal,True
XGB_vibration_speed,17,Train47.csv,Normal,Normal,True
XGB_vibration_speed,17,Train49.csv,Normal,Normal,True
XGB_vibration_speed,17,Train50.csv,Normal,Normal,True
XGB_vibration_speed,17,Train51.csv,Normal,Normal,True
XGB_vibration_speed,17,Train55.csv,Normal,Normal,True
XGB_vibration_speed,17,Train60.csv,Normal,Normal,True
XGB_vibration_speed,17,Train62.csv,Side I,Side I,True
XGB_vibration_speed,17,Train65.csv,Normal,Normal,True
XGB_vibration_speed,17,Train70.csv,Normal,Normal,True
XGB_vibration_speed,17,Train71.csv,Normal,Normal,True
XGB_vibration_speed,17,Train80.csv,Normal,Normal,True
XGB_vibration_speed,17,Train81.csv,Normal,Normal,True
XGB_vibration_speed,17,Train82.csv,Normal,Normal,True
XGB_vibration_speed,17,Train87.csv,Normal,Normal,True
XGB_vibration_speed,17,Train88.csv,Normal,Normal,True
XGB_vibration_speed,17,Train90.csv,Normal,Normal,True
XGB_vibration_speed,17,Train93.csv,Side II,Side II,True
XGB_vibration_speed,17,Train97.csv,Normal,Normal,True
XGB_vibration_speed,17,Train101.csv,Normal,Normal,True
XGB_vibration_speed,17,Train102.csv,Normal,Normal,True
XGB_vibration_speed,17,Train106.csv,Side I,Normal,False
XGB_vibration_speed,17,Train117.csv,Normal,Normal,True
XGB_vibration_speed,17,Train119.csv,Normal,Normal,True
XGB_vibration_speed,17,Train122.csv,Normal,Normal,True
XGB_vibration_speed,17,Train127.csv,Side II,Side II,True
XGB_vibration_speed,17,Train128.csv,Normal,Normal,True
XGB_vibration_speed,17,Train142.csv,Normal,Normal,True
XGB_vibration_speed,17,Train144.csv,Normal,Normal,True
XGB_vibration_speed,17,Train152.csv,Normal,Normal,True
XGB_vibration_speed,17,Train180.csv,Side I,Side I,True
XGB_vibration_speed,17,Train189.csv,Normal,Normal,True
XGB_vibration_speed,17,Train191.csv,Normal,Normal,True
XGB_vibration_speed,17,Train192.csv,Normal,Normal,True
XGB_vibration_speed,17,Train195.csv,Normal,Normal,True
XGB_vibration_speed,17,Train196.csv,Normal,Normal,True
XGB_vibration_speed,17,Train198.csv,Side II,Side II,True
XGB_vibration_speed,17,Train203.csv,Normal,Normal,True
XGB_vibration_speed,17,Train206.csv,Normal,Normal,True
XGB_vibration_speed,17,Train207.csv,Side II,Side II,True
XGB_vibration_speed,17,Train210.csv,Normal,Normal,True
XGB_vibration_speed,17,Train215.csv,Normal,Normal,True
XGB_vibration_speed,17,Train217.csv,Side II,Side I,False
XGB_vibration_speed,17,Train222.csv,Normal,Normal,True
XGB_vibration_speed,17,Train226.csv,Normal,Normal,True
XGB_vibration_speed,17,Train228.csv,Normal,Normal,True
XGB_vibration_speed,17,Train231.csv,Normal,Normal,True
XGB_vibration_speed,17,Train247.csv,Normal,Normal,True
XGB_vibration_speed,17,Train258.csv,Normal,Normal,True
XGB_vibration_speed,17,Train261.csv,Normal,Normal,True
XGB_vibration_speed,17,Train263.csv,Normal,Normal,True
XGB_vibration_speed,17,Train266.csv,Normal,Normal,True
XGB_vibration_speed,18,Train3.csv,Normal,Normal,True
XGB_vibration_speed,18,Train13.csv,Normal,Normal,True
XGB_vibration_speed,18,Train14.csv,Normal,Normal,True
XGB_vibration_speed,18,Train22.csv,Normal,Normal,True
XGB_vibration_speed,18,Train23.csv,Normal,Normal,True
XGB_vibration_speed,18,Train26.csv,Side II,Side II,True
XGB_vibration_speed,18,Train27.csv,Normal,Normal,True
XGB_vibration_speed,18,Train32.csv,Normal,Normal,True
XGB_vibration_speed,18,Train36.csv,Normal,Normal,True
XGB_vibration_speed,18,Train37.csv,Normal,Normal,True
XGB_vibration_speed,18,Train38.csv,Normal,Normal,True
XGB_vibration_speed,18,Train40.csv,Normal,Normal,True
XGB_vibration_speed,18,Train41.csv,Normal,Normal,True
XGB_vibration_speed,18,Train45.csv,Normal,Normal,True
XGB_vibration_speed,18,Train48.csv,Normal,Normal,True
XGB_vibration_speed,18,Train54.csv,Normal,Normal,True
XGB_vibration_speed,18,Train58.csv,Normal,Normal,True
XGB_vibration_speed,18,Train67.csv,Normal,Normal,True
XGB_vibration_speed,18,Train72.csv,Side II,Side II,True
XGB_vibration_speed,18,Train75.csv,Normal,Normal,True
XGB_vibration_speed,18,Train78.csv,Normal,Normal,True
XGB_vibration_speed,18,Train79.csv,Normal,Normal,True
XGB_vibration_speed,18,Train103.csv,Side II,Side II,True
XGB_vibration_speed,18,Train115.csv,Normal,Normal,True
XGB_vibration_speed,18,Train118.csv,Normal,Normal,True
XGB_vibration_speed,18,Train124.csv,Normal,Normal,True
XGB_vibration_speed,18,Train129.csv,Normal,Normal,True
XGB_vibration_speed,18,Train135.csv,Normal,Normal,True
XGB_vibration_speed,18,Train136.csv,Normal,Normal,True
XGB_vibration_speed,18,Train139.csv,Normal,Normal,True
XGB_vibration_speed,18,Train141.csv,Normal,Normal,True
XGB_vibration_speed,18,Train156.csv,Normal,Normal,True
XGB_vibration_speed,18,Train171.csv,Normal,Normal,True
XGB_vibration_speed,18,Train172.csv,Normal,Normal,True
XGB_vibration_speed,18,Train177.csv,Normal,Side I,False
XGB_vibration_speed,18,Train181.csv,Normal,Normal,True
XGB_vibration_speed,18,Train182.csv,Normal,Normal,True
XGB_vibration_speed,18,Train193.csv,Normal,Normal,True
XGB_vibration_speed,18,Train194.csv,Side I,Side II,False
XGB_vibration_speed,18,Train197.csv,Normal,Normal,True
XGB_vibration_speed,18,Train212.csv,Normal,Normal,True
XGB_vibration_speed,18,Train213.csv,Side I,Side I,True
XGB_vibration_speed,18,Train227.csv,Normal,Normal,True
XGB_vibration_speed,18,Train234.csv,Normal,Normal,True
XGB_vibration_speed,18,Train239.csv,Normal,Normal,True
XGB_vibration_speed,18,Train240.csv,Side II,Side II,True
XGB_vibration_speed,18,Train244.csv,Normal,Normal,True
XGB_vibration_speed,18,Train246.csv,Normal,Normal,True
XGB_vibration_speed,18,Train251.csv,Normal,Side II,False
XGB_vibration_speed,18,Train252.csv,Normal,Normal,True
XGB_vibration_speed,18,Train255.csv,Normal,Normal,True
XGB_vibration_speed,18,Train265.csv,Side II,Side I,False
XGB_vibration_speed,18,Train270.csv,Normal,Normal,True
XGB_vibration_speed,18,Train271.csv,Normal,Normal,True
XGB_vibration_speed,19,Train8.csv,Normal,Normal,True
XGB_vibration_speed,19,Train9.csv,Normal,Normal,True
XGB_vibration_speed,19,Train24.csv,Normal,Normal,True
XGB_vibration_speed,19,Train25.csv,Normal,Normal,True
XGB_vibration_speed,19,Train33.csv,Normal,Normal,True
XGB_vibration_speed,19,Train42.csv,Normal,Normal,True
XGB_vibration_speed,19,Train59.csv,Normal,Normal,True
XGB_vibration_speed,19,Train63.csv,Normal,Normal,True
XGB_vibration_speed,19,Train64.csv,Normal,Normal,True
XGB_vibration_speed,19,Train66.csv,Normal,Normal,True
XGB_vibration_speed,19,Train76.csv,Normal,Normal,True
XGB_vibration_speed,19,Train86.csv,Normal,Normal,True
XGB_vibration_speed,19,Train89.csv,Normal,Normal,True
XGB_vibration_speed,19,Train91.csv,Normal,Normal,True
XGB_vibration_speed,19,Train92.csv,Normal,Normal,True
XGB_vibration_speed,19,Train99.csv,Normal,Normal,True
XGB_vibration_speed,19,Train100.csv,Side I,Side II,False
XGB_vibration_speed,19,Train104.csv,Side II,Side II,True
XGB_vibration_speed,19,Train107.csv,Normal,Normal,True
XGB_vibration_speed,19,Train108.csv,Normal,Normal,True
XGB_vibration_speed,19,Train110.csv,Normal,Normal,True
XGB_vibration_speed,19,Train120.csv,Normal,Normal,True
XGB_vibration_speed,19,Train131.csv,Normal,Normal,True
XGB_vibration_speed,19,Train133.csv,Normal,Normal,True
XGB_vibration_speed,19,Train134.csv,Normal,Normal,True
XGB_vibration_speed,19,Train138.csv,Normal,Normal,True
XGB_vibration_speed,19,Train145.csv,Normal,Normal,True
XGB_vibration_speed,19,Train155.csv,Normal,Normal,True
XGB_vibration_speed,19,Train158.csv,Normal,Normal,True
XGB_vibration_speed,19,Train161.csv,Normal,Normal,True
XGB_vibration_speed,19,Train163.csv,Side I,Side I,True
XGB_vibration_speed,19,Train168.csv,Normal,Normal,True
XGB_vibration_speed,19,Train169.csv,Normal,Normal,True
XGB_vibration_speed,19,Train170.csv,Side I,Normal,False
XGB_vibration_speed,19,Train173.csv,Normal,Normal,True
XGB_vibration_speed,19,Train176.csv,Normal,Normal,True
XGB_vibration_speed,19,Train178.csv,Normal,Normal,True
XGB_vibration_speed,19,Train184.csv,Normal,Normal,True
XGB_vibration_speed,19,Train187.csv,Normal,Normal,True
XGB_vibration_speed,19,Train188.csv,Side II,Side II,True
XGB_vibration_speed,19,Train190.csv,Normal,Normal,True
XGB_vibration_speed,19,Train216.csv,Side II,Normal,False
XGB_vibration_speed,19,Train218.csv,Normal,Normal,True
XGB_vibration_speed,19,Train221.csv,Normal,Normal,True
XGB_vibration_speed,19,Train225.csv,Normal,Normal,True
XGB_vibration_speed,19,Train229.csv,Normal,Normal,True
XGB_vibration_speed,19,Train230.csv,Normal,Normal,True
XGB_vibration_speed,19,Train232.csv,Normal,Normal,True
XGB_vibration_speed,19,Train243.csv,Normal,Normal,True
XGB_vibration_speed,19,Train249.csv,Normal,Normal,True
XGB_vibration_speed,19,Train250.csv,Normal,Normal,True
XGB_vibration_speed,19,Train267.csv,Side II,Side II,True
XGB_vibration_speed,19,Train268.csv,Normal,Normal,True
XGB_vibration_speed,19,Train269.csv,Normal,Normal,True
XGB_vibration_speed,20,Train1.csv,Normal,Normal,True
XGB_vibration_speed,20,Train2.csv,Side II,Side II,True
XGB_vibration_speed,20,Train4.csv,Normal,Normal,True
XGB_vibration_speed,20,Train5.csv,Normal,Normal,True
XGB_vibration_speed,20,Train10.csv,Normal,Normal,True
XGB_vibration_speed,20,Train11.csv,Normal,Normal,True
XGB_vibration_speed,20,Train12.csv,Side II,Side II,True
XGB_vibration_speed,20,Train18.csv,Normal,Normal,True
XGB_vibration_speed,20,Train20.csv,Normal,Normal,True
XGB_vibration_speed,20,Train28.csv,Normal,Normal,True
XGB_vibration_speed,20,Train29.csv,Normal,Normal,True
XGB_vibration_speed,20,Train31.csv,Normal,Normal,True
XGB_vibration_speed,20,Train34.csv,Normal,Normal,True
XGB_vibration_speed,20,Train52.csv,Normal,Normal,True
XGB_vibration_speed,20,Train53.csv,Side II,Side II,True
XGB_vibration_speed,20,Train61.csv,Normal,Normal,True
XGB_vibration_speed,20,Train73.csv,Normal,Normal,True
XGB_vibration_speed,20,Train74.csv,Normal,Normal,True
XGB_vibration_speed,20,Train77.csv,Normal,Normal,True
XGB_vibration_speed,20,Train84.csv,Normal,Normal,True
XGB_vibration_speed,20,Train85.csv,Normal,Normal,True
XGB_vibration_speed,20,Train95.csv,Normal,Normal,True
XGB_vibration_speed,20,Train109.csv,Normal,Normal,True
XGB_vibration_speed,20,Train112.csv,Normal,Normal,True
XGB_vibration_speed,20,Train114.csv,Normal,Normal,True
XGB_vibration_speed,20,Train116.csv,Normal,Normal,True
XGB_vibration_speed,20,Train123.csv,Normal,Side I,False
XGB_vibration_speed,20,Train132.csv,Normal,Normal,True
XGB_vibration_speed,20,Train137.csv,Side I,Side I,True
XGB_vibration_speed,20,Train140.csv,Normal,Normal,True
XGB_vibration_speed,20,Train146.csv,Normal,Normal,True
XGB_vibration_speed,20,Train148.csv,Normal,Normal,True
XGB_vibration_speed,20,Train150.csv,Side I,Side I,True
XGB_vibration_speed,20,Train151.csv,Normal,Normal,True
XGB_vibration_speed,20,Train153.csv,Normal,Normal,True
XGB_vibration_speed,20,Train162.csv,Normal,Normal,True
XGB_vibration_speed,20,Train167.csv,Normal,Normal,True
XGB_vibration_speed,20,Train179.csv,Side II,Side II,True
XGB_vibration_speed,20,Train183.csv,Normal,Normal,True
XGB_vibration_speed,20,Train185.csv,Side I,Normal,False
XGB_vibration_speed,20,Train199.csv,Side II,Side II,True
XGB_vibration_speed,20,Train204.csv,Normal,Normal,True
XGB_vibration_speed,20,Train208.csv,Normal,Normal,True
XGB_vibration_speed,20,Train220.csv,Normal,Normal,True
XGB_vibration_speed,20,Train233.csv,Normal,Normal,True
XGB_vibration_speed,20,Train235.csv,Normal,Normal,True
XGB_vibration_speed,20,Train237.csv,Normal,Normal,True
XGB_vibration_speed,20,Train238.csv,Normal,Normal,True
XGB_vibration_speed,20,Train241.csv,Normal,Normal,True
XGB_vibration_speed,20,Train245.csv,Normal,Normal,True
XGB_vibration_speed,20,Train253.csv,Normal,Normal,True
XGB_vibration_speed,20,Train256.csv,Normal,Normal,True
XGB_vibration_speed,20,Train257.csv,Normal,Normal,True
XGB_vibration_speed,20,Train262.csv,Normal,Normal,True
XGB_vibration_speed,21,Train1.csv,Normal,Normal,True
XGB_vibration_speed,21,Train3.csv,Normal,Normal,True
XGB_vibration_speed,21,Train4.csv,Normal,Normal,True
XGB_vibration_speed,21,Train5.csv,Normal,Normal,True
XGB_vibration_speed,21,Train6.csv,Normal,Normal,True
XGB_vibration_speed,21,Train10.csv,Normal,Normal,True
XGB_vibration_speed,21,Train12.csv,Side II,Side II,True
XGB_vibration_speed,21,Train19.csv,Normal,Normal,True
XGB_vibration_speed,21,Train33.csv,Normal,Normal,True
XGB_vibration_speed,21,Train40.csv,Normal,Normal,True
XGB_vibration_speed,21,Train43.csv,Side II,Side I,False
XGB_vibration_speed,21,Train59.csv,Normal,Normal,True
XGB_vibration_speed,21,Train67.csv,Normal,Normal,True
XGB_vibration_speed,21,Train74.csv,Normal,Normal,True
XGB_vibration_speed,21,Train77.csv,Normal,Normal,True
XGB_vibration_speed,21,Train79.csv,Normal,Normal,True
XGB_vibration_speed,21,Train87.csv,Normal,Normal,True
XGB_vibration_speed,21,Train88.csv,Normal,Normal,True
XGB_vibration_speed,21,Train90.csv,Normal,Normal,True
XGB_vibration_speed,21,Train92.csv,Normal,Normal,True
XGB_vibration_speed,21,Train96.csv,Normal,Normal,True
XGB_vibration_speed,21,Train97.csv,Normal,Normal,True
XGB_vibration_speed,21,Train100.csv,Side I,Side II,False
XGB_vibration_speed,21,Train107.csv,Normal,Normal,True
XGB_vibration_speed,21,Train116.csv,Normal,Normal,True
XGB_vibration_speed,21,Train124.csv,Normal,Normal,True
XGB_vibration_speed,21,Train126.csv,Normal,Side II,False
XGB_vibration_speed,21,Train127.csv,Side II,Side II,True
XGB_vibration_speed,21,Train137.csv,Side I,Side I,True
XGB_vibration_speed,21,Train139.csv,Normal,Normal,True
XGB_vibration_speed,21,Train147.csv,Normal,Normal,True
XGB_vibration_speed,21,Train154.csv,Normal,Normal,True
XGB_vibration_speed,21,Train156.csv,Normal,Normal,True
XGB_vibration_speed,21,Train170.csv,Side I,Normal,False
XGB_vibration_speed,21,Train173.csv,Normal,Normal,True
XGB_vibration_speed,21,Train176.csv,Normal,Normal,True
XGB_vibration_speed,21,Train177.csv,Normal,Side I,False
XGB_vibration_speed,21,Train178.csv,Normal,Normal,True
XGB_vibration_speed,21,Train184.csv,Normal,Normal,True
XGB_vibration_speed,21,Train191.csv,Normal,Normal,True
XGB_vibration_speed,21,Train208.csv,Normal,Normal,True
XGB_vibration_speed,21,Train211.csv,Normal,Normal,True
XGB_vibration_speed,21,Train217.csv,Side II,Side I,False
XGB_vibration_speed,21,Train219.csv,Normal,Normal,True
XGB_vibration_speed,21,Train222.csv,Normal,Normal,True
XGB_vibration_speed,21,Train223.csv,Normal,Normal,True
XGB_vibration_speed,21,Train224.csv,Normal,Normal,True
XGB_vibration_speed,21,Train225.csv,Normal,Normal,True
XGB_vibration_speed,21,Train239.csv,Normal,Normal,True
XGB_vibration_speed,21,Train244.csv,Normal,Normal,True
XGB_vibration_speed,21,Train253.csv,Normal,Normal,True
XGB_vibration_speed,21,Train254.csv,Normal,Normal,True
XGB_vibration_speed,21,Train263.csv,Normal,Normal,True
XGB_vibration_speed,21,Train265.csv,Side II,Side I,False
XGB_vibration_speed,21,Train271.csv,Normal,Normal,True
XGB_vibration_speed,22,Train7.csv,Normal,Normal,True
XGB_vibration_speed,22,Train9.csv,Normal,Normal,True
XGB_vibration_speed,22,Train24.csv,Normal,Normal,True
XGB_vibration_speed,22,Train28.csv,Normal,Normal,True
XGB_vibration_speed,22,Train29.csv,Normal,Normal,True
XGB_vibration_speed,22,Train41.csv,Normal,Normal,True
XGB_vibration_speed,22,Train51.csv,Normal,Normal,True
XGB_vibration_speed,22,Train52.csv,Normal,Normal,True
XGB_vibration_speed,22,Train60.csv,Normal,Normal,True
XGB_vibration_speed,22,Train61.csv,Normal,Normal,True
XGB_vibration_speed,22,Train64.csv,Normal,Normal,True
XGB_vibration_speed,22,Train69.csv,Normal,Normal,True
XGB_vibration_speed,22,Train70.csv,Normal,Normal,True
XGB_vibration_speed,22,Train78.csv,Normal,Normal,True
XGB_vibration_speed,22,Train86.csv,Normal,Normal,True
XGB_vibration_speed,22,Train93.csv,Side II,Side II,True
XGB_vibration_speed,22,Train98.csv,Normal,Normal,True
XGB_vibration_speed,22,Train99.csv,Normal,Normal,True
XGB_vibration_speed,22,Train101.csv,Normal,Normal,True
XGB_vibration_speed,22,Train105.csv,Normal,Normal,True
XGB_vibration_speed,22,Train112.csv,Normal,Normal,True
XGB_vibration_speed,22,Train118.csv,Normal,Normal,True
XGB_vibration_speed,22,Train119.csv,Normal,Normal,True
XGB_vibration_speed,22,Train123.csv,Normal,Side I,False
XGB_vibration_speed,22,Train131.csv,Normal,Normal,True
XGB_vibration_speed,22,Train133.csv,Normal,Normal,True
XGB_vibration_speed,22,Train134.csv,Normal,Normal,True
XGB_vibration_speed,22,Train135.csv,Normal,Normal,True
XGB_vibration_speed,22,Train136.csv,Normal,Normal,True
XGB_vibration_speed,22,Train140.csv,Normal,Normal,True
XGB_vibration_speed,22,Train144.csv,Normal,Normal,True
XGB_vibration_speed,22,Train148.csv,Normal,Normal,True
XGB_vibration_speed,22,Train150.csv,Side I,Side I,True
XGB_vibration_speed,22,Train152.csv,Normal,Normal,True
XGB_vibration_speed,22,Train160.csv,Normal,Normal,True
XGB_vibration_speed,22,Train162.csv,Normal,Normal,True
XGB_vibration_speed,22,Train164.csv,Side II,Side II,True
XGB_vibration_speed,22,Train165.csv,Normal,Normal,True
XGB_vibration_speed,22,Train167.csv,Normal,Normal,True
XGB_vibration_speed,22,Train181.csv,Normal,Normal,True
XGB_vibration_speed,22,Train185.csv,Side I,Normal,False
XGB_vibration_speed,22,Train186.csv,Normal,Normal,True
XGB_vibration_speed,22,Train188.csv,Side II,Side II,True
XGB_vibration_speed,22,Train190.csv,Normal,Normal,True
XGB_vibration_speed,22,Train197.csv,Normal,Side II,False
XGB_vibration_speed,22,Train199.csv,Side II,Side II,True
XGB_vibration_speed,22,Train209.csv,Normal,Normal,True
XGB_vibration_speed,22,Train213.csv,Side I,Side I,True
XGB_vibration_speed,22,Train221.csv,Normal,Normal,True
XGB_vibration_speed,22,Train232.csv,Normal,Normal,True
XGB_vibration_speed,22,Train233.csv,Normal,Normal,True
XGB_vibration_speed,22,Train251.csv,Normal,Side II,False
XGB_vibration_speed,22,Train255.csv,Normal,Normal,True
XGB_vibration_speed,22,Train256.csv,Normal,Normal,True
XGB_vibration_speed,22,Train267.csv,Side II,Side II,True
XGB_vibration_speed,23,Train2.csv,Side II,Normal,False
XGB_vibration_speed,23,Train11.csv,Normal,Normal,True
XGB_vibration_speed,23,Train22.csv,Normal,Normal,True
XGB_vibration_speed,23,Train30.csv,Side II,Side II,True
XGB_vibration_speed,23,Train42.csv,Normal,Normal,True
XGB_vibration_speed,23,Train48.csv,Normal,Normal,True
XGB_vibration_speed,23,Train49.csv,Normal,Normal,True
XGB_vibration_speed,23,Train54.csv,Normal,Normal,True
XGB_vibration_speed,23,Train56.csv,Normal,Normal,True
XGB_vibration_speed,23,Train63.csv,Normal,Normal,True
XGB_vibration_speed,23,Train73.csv,Normal,Normal,True
XGB_vibration_speed,23,Train80.csv,Normal,Normal,True
XGB_vibration_speed,23,Train81.csv,Normal,Normal,True
XGB_vibration_speed,23,Train82.csv,Normal,Normal,True
XGB_vibration_speed,23,Train83.csv,Side I,Side I,True
XGB_vibration_speed,23,Train94.csv,Normal,Normal,True
XGB_vibration_speed,23,Train95.csv,Normal,Normal,True
XGB_vibration_speed,23,Train102.csv,Normal,Normal,True
XGB_vibration_speed,23,Train109.csv,Normal,Normal,True
XGB_vibration_speed,23,Train110.csv,Normal,Normal,True
XGB_vibration_speed,23,Train113.csv,Normal,Normal,True
XGB_vibration_speed,23,Train120.csv,Normal,Normal,True
XGB_vibration_speed,23,Train122.csv,Normal,Normal,True
XGB_vibration_speed,23,Train138.csv,Normal,Normal,True
XGB_vibration_speed,23,Train143.csv,Normal,Normal,True
XGB_vibration_speed,23,Train146.csv,Normal,Normal,True
XGB_vibration_speed,23,Train157.csv,Normal,Normal,True
XGB_vibration_speed,23,Train163.csv,Side I,Side I,True
XGB_vibration_speed,23,Train168.csv,Normal,Normal,True
XGB_vibration_speed,23,Train171.csv,Normal,Normal,True
XGB_vibration_speed,23,Train179.csv,Side II,Side II,True
XGB_vibration_speed,23,Train182.csv,Normal,Normal,True
XGB_vibration_speed,23,Train183.csv,Normal,Normal,True
XGB_vibration_speed,23,Train187.csv,Normal,Normal,True
XGB_vibration_speed,23,Train189.csv,Normal,Normal,True
XGB_vibration_speed,23,Train192.csv,Normal,Normal,True
XGB_vibration_speed,23,Train193.csv,Normal,Normal,True
XGB_vibration_speed,23,Train196.csv,Normal,Normal,True
XGB_vibration_speed,23,Train198.csv,Side II,Side II,True
XGB_vibration_speed,23,Train201.csv,Normal,Normal,True
XGB_vibration_speed,23,Train205.csv,Normal,Normal,True
XGB_vibration_speed,23,Train206.csv,Normal,Normal,True
XGB_vibration_speed,23,Train212.csv,Normal,Normal,True
XGB_vibration_speed,23,Train215.csv,Normal,Normal,True
XGB_vibration_speed,23,Train227.csv,Normal,Normal,True
XGB_vibration_speed,23,Train228.csv,Normal,Normal,True
XGB_vibration_speed,23,Train230.csv,Normal,Normal,True
XGB_vibration_speed,23,Train237.csv,Normal,Normal,True
XGB_vibration_speed,23,Train240.csv,Side II,Normal,False
XGB_vibration_speed,23,Train243.csv,Normal,Normal,True
XGB_vibration_speed,23,Train246.csv,Normal,Normal,True
XGB_vibration_speed,23,Train249.csv,Normal,Normal,True
XGB_vibration_speed,23,Train252.csv,Normal,Normal,True
XGB_vibration_speed,23,Train261.csv,Normal,Normal,True
XGB_vibration_speed,24,Train8.csv,Normal,Normal,True
XGB_vibration_speed,24,Train13.csv,Normal,Normal,True
XGB_vibration_speed,24,Train14.csv,Normal,Normal,True
XGB_vibration_speed,24,Train15.csv,Normal,Normal,True
XGB_vibration_speed,24,Train16.csv,Normal,Normal,True
XGB_vibration_speed,24,Train20.csv,Normal,Normal,True
XGB_vibration_speed,24,Train26.csv,Side II,Side II,True
XGB_vibration_speed,24,Train27.csv,Normal,Normal,True
XGB_vibration_speed,24,Train34.csv,Normal,Normal,True
XGB_vibration_speed,24,Train36.csv,Normal,Normal,True
XGB_vibration_speed,24,Train38.csv,Normal,Normal,True
XGB_vibration_speed,24,Train44.csv,Normal,Normal,True
XGB_vibration_speed,24,Train45.csv,Normal,Normal,True
XGB_vibration_speed,24,Train47.csv,Normal,Normal,True
XGB_vibration_speed,24,Train50.csv,Normal,Normal,True
XGB_vibration_speed,24,Train53.csv,Side II,Side II,True
XGB_vibration_speed,24,Train55.csv,Normal,Normal,True
XGB_vibration_speed,24,Train57.csv,Normal,Normal,True
XGB_vibration_speed,24,Train58.csv,Normal,Normal,True
XGB_vibration_speed,24,Train66.csv,Normal,Normal,True
XGB_vibration_speed,24,Train68.csv,Normal,Normal,True
XGB_vibration_speed,24,Train75.csv,Normal,Normal,True
XGB_vibration_speed,24,Train76.csv,Normal,Normal,True
XGB_vibration_speed,24,Train85.csv,Normal,Normal,True
XGB_vibration_speed,24,Train91.csv,Normal,Normal,True
XGB_vibration_speed,24,Train103.csv,Side II,Side II,True
XGB_vibration_speed,24,Train108.csv,Normal,Normal,True
XGB_vibration_speed,24,Train114.csv,Normal,Normal,True
XGB_vibration_speed,24,Train117.csv,Normal,Normal,True
XGB_vibration_speed,24,Train121.csv,Side I,Normal,False
XGB_vibration_speed,24,Train128.csv,Normal,Normal,True
XGB_vibration_speed,24,Train130.csv,Normal,Normal,True
XGB_vibration_speed,24,Train151.csv,Normal,Normal,True
XGB_vibration_speed,24,Train153.csv,Normal,Normal,True
XGB_vibration_speed,24,Train155.csv,Normal,Normal,True
XGB_vibration_speed,24,Train158.csv,Normal,Normal,True
XGB_vibration_speed,24,Train159.csv,Normal,Normal,True
XGB_vibration_speed,24,Train166.csv,Normal,Normal,True
XGB_vibration_speed,24,Train169.csv,Normal,Normal,True
XGB_vibration_speed,24,Train172.csv,Normal,Normal,True
XGB_vibration_speed,24,Train174.csv,Normal,Normal,True
XGB_vibration_speed,24,Train180.csv,Side I,Side I,True
XGB_vibration_speed,24,Train194.csv,Side I,Side II,False
XGB_vibration_speed,24,Train207.csv,Side II,Side II,True
XGB_vibration_speed,24,Train220.csv,Normal,Normal,True
XGB_vibration_speed,24,Train231.csv,Normal,Normal,True
XGB_vibration_speed,24,Train241.csv,Normal,Normal,True
XGB_vibration_speed,24,Train242.csv,Normal,Normal,True
XGB_vibration_speed,24,Train245.csv,Normal,Normal,True
XGB_vibration_speed,24,Train259.csv,Normal,Normal,True
XGB_vibration_speed,24,Train262.csv,Normal,Normal,True
XGB_vibration_speed,24,Train266.csv,Normal,Normal,True
XGB_vibration_speed,24,Train268.csv,Normal,Normal,True
XGB_vibration_speed,24,Train272.csv,Normal,Normal,True
XGB_vibration_speed,25,Train17.csv,Normal,Normal,True
XGB_vibration_speed,25,Train18.csv,Normal,Normal,True
XGB_vibration_speed,25,Train21.csv,Normal,Normal,True
XGB_vibration_speed,25,Train23.csv,Normal,Normal,True
XGB_vibration_speed,25,Train25.csv,Normal,Normal,True
XGB_vibration_speed,25,Train31.csv,Normal,Normal,True
XGB_vibration_speed,25,Train32.csv,Normal,Normal,True
XGB_vibration_speed,25,Train35.csv,Normal,Normal,True
XGB_vibration_speed,25,Train37.csv,Normal,Normal,True
XGB_vibration_speed,25,Train39.csv,Normal,Normal,True
XGB_vibration_speed,25,Train46.csv,Normal,Normal,True
XGB_vibration_speed,25,Train62.csv,Side I,Side I,True
XGB_vibration_speed,25,Train65.csv,Normal,Normal,True
XGB_vibration_speed,25,Train71.csv,Normal,Normal,True
XGB_vibration_speed,25,Train72.csv,Side II,Side II,True
XGB_vibration_speed,25,Train84.csv,Normal,Normal,True
XGB_vibration_speed,25,Train89.csv,Normal,Normal,True
XGB_vibration_speed,25,Train104.csv,Side II,Side II,True
XGB_vibration_speed,25,Train106.csv,Side I,Normal,False
XGB_vibration_speed,25,Train111.csv,Side II,Side II,True
XGB_vibration_speed,25,Train115.csv,Normal,Normal,True
XGB_vibration_speed,25,Train125.csv,Normal,Normal,True
XGB_vibration_speed,25,Train129.csv,Normal,Normal,True
XGB_vibration_speed,25,Train132.csv,Normal,Normal,True
XGB_vibration_speed,25,Train141.csv,Normal,Normal,True
XGB_vibration_speed,25,Train142.csv,Normal,Normal,True
XGB_vibration_speed,25,Train145.csv,Normal,Normal,True
XGB_vibration_speed,25,Train149.csv,Normal,Normal,True
XGB_vibration_speed,25,Train161.csv,Normal,Normal,True
XGB_vibration_speed,25,Train175.csv,Normal,Normal,True
XGB_vibration_speed,25,Train195.csv,Normal,Normal,True
XGB_vibration_speed,25,Train200.csv,Normal,Normal,True
XGB_vibration_speed,25,Train202.csv,Side I,Normal,False
XGB_vibration_speed,25,Train203.csv,Normal,Normal,True
XGB_vibration_speed,25,Train204.csv,Normal,Normal,True
XGB_vibration_speed,25,Train210.csv,Normal,Normal,True
XGB_vibration_speed,25,Train214.csv,Normal,Normal,True
XGB_vibration_speed,25,Train216.csv,Side II,Normal,False
XGB_vibration_speed,25,Train218.csv,Normal,Normal,True
XGB_vibration_speed,25,Train226.csv,Normal,Normal,True
XGB_vibration_speed,25,Train229.csv,Normal,Normal,True
XGB_vibration_speed,25,Train234.csv,Normal,Normal,True
XGB_vibration_speed,25,Train235.csv,Normal,Normal,True
XGB_vibration_speed,25,Train236.csv,Normal,Normal,True
XGB_vibration_speed,25,Train238.csv,Normal,Normal,True
XGB_vibration_speed,25,Train247.csv,Normal,Normal,True
XGB_vibration_speed,25,Train248.csv,Side II,Side II,True
XGB_vibration_speed,25,Train250.csv,Normal,Normal,True
XGB_vibration_speed,25,Train257.csv,Normal,Normal,True
XGB_vibration_speed,25,Train258.csv,Normal,Normal,True
XGB_vibration_speed,25,Train260.csv,Normal,Normal,True
XGB_vibration_speed,25,Train264.csv,Normal,Normal,True
XGB_vibration_speed,25,Train269.csv,Normal,Normal,True
XGB_vibration_speed,25,Train270.csv,Normal,Normal,True
XGB_top75,1,Train5.csv,Normal,Normal,True
XGB_top75,1,Train11.csv,Normal,Normal,True
XGB_top75,1,Train12.csv,Side II,Side II,True
XGB_top75,1,Train16.csv,Normal,Normal,True
XGB_top75,1,Train19.csv,Normal,Normal,True
XGB_top75,1,Train22.csv,Normal,Normal,True
XGB_top75,1,Train24.csv,Normal,Normal,True
XGB_top75,1,Train26.csv,Side II,Side II,True
XGB_top75,1,Train29.csv,Normal,Normal,True
XGB_top75,1,Train30.csv,Side II,Normal,False
XGB_top75,1,Train34.csv,Normal,Normal,True
XGB_top75,1,Train37.csv,Normal,Normal,True
XGB_top75,1,Train42.csv,Normal,Normal,True
XGB_top75,1,Train66.csv,Normal,Normal,True
XGB_top75,1,Train78.csv,Normal,Normal,True
XGB_top75,1,Train82.csv,Normal,Normal,True
XGB_top75,1,Train92.csv,Normal,Normal,True
XGB_top75,1,Train94.csv,Normal,Normal,True
XGB_top75,1,Train95.csv,Normal,Normal,True
XGB_top75,1,Train96.csv,Normal,Normal,True
XGB_top75,1,Train97.csv,Normal,Normal,True
XGB_top75,1,Train100.csv,Side I,Side II,False
XGB_top75,1,Train109.csv,Normal,Normal,True
XGB_top75,1,Train115.csv,Normal,Normal,True
XGB_top75,1,Train119.csv,Normal,Normal,True
XGB_top75,1,Train120.csv,Normal,Normal,True
XGB_top75,1,Train123.csv,Normal,Side I,False
XGB_top75,1,Train134.csv,Normal,Normal,True
XGB_top75,1,Train138.csv,Normal,Normal,True
XGB_top75,1,Train142.csv,Normal,Normal,True
XGB_top75,1,Train143.csv,Normal,Normal,True
XGB_top75,1,Train146.csv,Normal,Normal,True
XGB_top75,1,Train147.csv,Normal,Normal,True
XGB_top75,1,Train149.csv,Normal,Normal,True
XGB_top75,1,Train152.csv,Normal,Normal,True
XGB_top75,1,Train161.csv,Normal,Normal,True
XGB_top75,1,Train165.csv,Normal,Normal,True
XGB_top75,1,Train167.csv,Normal,Normal,True
XGB_top75,1,Train172.csv,Normal,Normal,True
XGB_top75,1,Train177.csv,Normal,Side I,False
XGB_top75,1,Train180.csv,Side I,Normal,False
XGB_top75,1,Train182.csv,Normal,Normal,True
XGB_top75,1,Train185.csv,Side I,Normal,False
XGB_top75,1,Train195.csv,Normal,Normal,True
XGB_top75,1,Train196.csv,Normal,Normal,True
XGB_top75,1,Train198.csv,Side II,Side II,True
XGB_top75,1,Train206.csv,Normal,Normal,True
XGB_top75,1,Train208.csv,Normal,Normal,True
XGB_top75,1,Train212.csv,Normal,Normal,True
XGB_top75,1,Train216.csv,Side II,Normal,False
XGB_top75,1,Train236.csv,Normal,Normal,True
XGB_top75,1,Train244.csv,Normal,Normal,True
XGB_top75,1,Train247.csv,Normal,Normal,True
XGB_top75,1,Train263.csv,Normal,Normal,True
XGB_top75,1,Train269.csv,Normal,Normal,True
XGB_top75,2,Train1.csv,Normal,Normal,True
XGB_top75,2,Train9.csv,Normal,Normal,True
XGB_top75,2,Train14.csv,Normal,Normal,True
XGB_top75,2,Train31.csv,Normal,Normal,True
XGB_top75,2,Train33.csv,Normal,Normal,True
XGB_top75,2,Train36.csv,Normal,Normal,True
XGB_top75,2,Train43.csv,Side II,Side I,False
XGB_top75,2,Train49.csv,Normal,Normal,True
XGB_top75,2,Train52.csv,Normal,Normal,True
XGB_top75,2,Train53.csv,Side II,Side II,True
XGB_top75,2,Train65.csv,Normal,Normal,True
XGB_top75,2,Train73.csv,Normal,Normal,True
XGB_top75,2,Train76.csv,Normal,Normal,True
XGB_top75,2,Train77.csv,Normal,Normal,True
XGB_top75,2,Train81.csv,Normal,Normal,True
XGB_top75,2,Train84.csv,Normal,Normal,True
XGB_top75,2,Train88.csv,Normal,Normal,True
XGB_top75,2,Train102.csv,Normal,Normal,True
XGB_top75,2,Train108.csv,Normal,Normal,True
XGB_top75,2,Train113.csv,Normal,Normal,True
XGB_top75,2,Train121.csv,Side I,Normal,False
XGB_top75,2,Train122.csv,Normal,Normal,True
XGB_top75,2,Train129.csv,Normal,Normal,True
XGB_top75,2,Train130.csv,Normal,Normal,True
XGB_top75,2,Train136.csv,Normal,Normal,True
XGB_top75,2,Train150.csv,Side I,Side I,True
XGB_top75,2,Train154.csv,Normal,Normal,True
XGB_top75,2,Train158.csv,Normal,Normal,True
XGB_top75,2,Train160.csv,Normal,Normal,True
XGB_top75,2,Train171.csv,Normal,Normal,True
XGB_top75,2,Train174.csv,Normal,Normal,True
XGB_top75,2,Train184.csv,Normal,Normal,True
XGB_top75,2,Train191.csv,Normal,Normal,True
XGB_top75,2,Train193.csv,Normal,Normal,True
XGB_top75,2,Train194.csv,Side I,Side II,False
XGB_top75,2,Train200.csv,Normal,Normal,True
XGB_top75,2,Train201.csv,Normal,Normal,True
XGB_top75,2,Train205.csv,Normal,Normal,True
XGB_top75,2,Train207.csv,Side II,Side II,True
XGB_top75,2,Train209.csv,Normal,Normal,True
XGB_top75,2,Train215.csv,Normal,Normal,True
XGB_top75,2,Train217.csv,Side II,Side I,False
XGB_top75,2,Train222.csv,Normal,Normal,True
XGB_top75,2,Train223.csv,Normal,Normal,True
XGB_top75,2,Train225.csv,Normal,Normal,True
XGB_top75,2,Train233.csv,Normal,Normal,True
XGB_top75,2,Train234.csv,Normal,Normal,True
XGB_top75,2,Train235.csv,Normal,Normal,True
XGB_top75,2,Train237.csv,Normal,Normal,True
XGB_top75,2,Train248.csv,Side II,Side II,True
XGB_top75,2,Train249.csv,Normal,Normal,True
XGB_top75,2,Train256.csv,Normal,Normal,True
XGB_top75,2,Train258.csv,Normal,Normal,True
XGB_top75,2,Train266.csv,Normal,Normal,True
XGB_top75,2,Train270.csv,Normal,Normal,True
XGB_top75,3,Train2.csv,Side II,Side II,True
XGB_top75,3,Train6.csv,Normal,Normal,True
XGB_top75,3,Train7.csv,Normal,Normal,True
XGB_top75,3,Train20.csv,Normal,Normal,True
XGB_top75,3,Train25.csv,Normal,Normal,True
XGB_top75,3,Train38.csv,Normal,Normal,True
XGB_top75,3,Train39.csv,Normal,Normal,True
XGB_top75,3,Train48.csv,Normal,Normal,True
XGB_top75,3,Train54.csv,Normal,Normal,True
XGB_top75,3,Train61.csv,Normal,Normal,True
XGB_top75,3,Train63.csv,Normal,Normal,True
XGB_top75,3,Train67.csv,Normal,Normal,True
XGB_top75,3,Train70.csv,Normal,Normal,True
XGB_top75,3,Train72.csv,Side II,Side II,True
XGB_top75,3,Train75.csv,Normal,Normal,True
XGB_top75,3,Train79.csv,Normal,Normal,True
XGB_top75,3,Train80.csv,Normal,Normal,True
XGB_top75,3,Train83.csv,Side I,Side I,True
XGB_top75,3,Train85.csv,Normal,Normal,True
XGB_top75,3,Train89.csv,Normal,Normal,True
XGB_top75,3,Train91.csv,Normal,Normal,True
XGB_top75,3,Train98.csv,Normal,Normal,True
XGB_top75,3,Train99.csv,Normal,Normal,True
XGB_top75,3,Train104.csv,Side II,Side II,True
XGB_top75,3,Train110.csv,Normal,Normal,True
XGB_top75,3,Train114.csv,Normal,Normal,True
XGB_top75,3,Train124.csv,Normal,Normal,True
XGB_top75,3,Train125.csv,Normal,Normal,True
XGB_top75,3,Train126.csv,Normal,Normal,True
XGB_top75,3,Train127.csv,Side II,Side II,True
XGB_top75,3,Train133.csv,Normal,Normal,True
XGB_top75,3,Train135.csv,Normal,Normal,True
XGB_top75,3,Train139.csv,Normal,Normal,True
XGB_top75,3,Train141.csv,Normal,Normal,True
XGB_top75,3,Train151.csv,Normal,Normal,True
XGB_top75,3,Train155.csv,Normal,Normal,True
XGB_top75,3,Train163.csv,Side I,Side I,True
XGB_top75,3,Train164.csv,Side II,Side II,True
XGB_top75,3,Train166.csv,Normal,Normal,True
XGB_top75,3,Train175.csv,Normal,Normal,True
XGB_top75,3,Train183.csv,Normal,Normal,True
XGB_top75,3,Train186.csv,Normal,Normal,True
XGB_top75,3,Train197.csv,Normal,Normal,True
XGB_top75,3,Train211.csv,Normal,Normal,True
XGB_top75,3,Train219.csv,Normal,Normal,True
XGB_top75,3,Train224.csv,Normal,Normal,True
XGB_top75,3,Train243.csv,Normal,Normal,True
XGB_top75,3,Train251.csv,Normal,Side II,False
XGB_top75,3,Train253.csv,Normal,Normal,True
XGB_top75,3,Train254.csv,Normal,Normal,True
XGB_top75,3,Train255.csv,Normal,Normal,True
XGB_top75,3,Train261.csv,Normal,Normal,True
XGB_top75,3,Train268.csv,Normal,Normal,True
XGB_top75,3,Train272.csv,Normal,Normal,True
XGB_top75,4,Train4.csv,Normal,Normal,True
XGB_top75,4,Train18.csv,Normal,Normal,True
XGB_top75,4,Train27.csv,Normal,Normal,True
XGB_top75,4,Train32.csv,Normal,Normal,True
XGB_top75,4,Train35.csv,Normal,Normal,True
XGB_top75,4,Train40.csv,Normal,Normal,True
XGB_top75,4,Train41.csv,Normal,Normal,True
XGB_top75,4,Train44.csv,Normal,Normal,True
XGB_top75,4,Train45.csv,Normal,Normal,True
XGB_top75,4,Train46.csv,Normal,Normal,True
XGB_top75,4,Train55.csv,Normal,Normal,True
XGB_top75,4,Train56.csv,Normal,Normal,True
XGB_top75,4,Train57.csv,Normal,Normal,True
XGB_top75,4,Train59.csv,Normal,Normal,True
XGB_top75,4,Train64.csv,Normal,Normal,True
XGB_top75,4,Train68.csv,Normal,Normal,True
XGB_top75,4,Train69.csv,Normal,Normal,True
XGB_top75,4,Train86.csv,Normal,Normal,True
XGB_top75,4,Train87.csv,Normal,Normal,True
XGB_top75,4,Train93.csv,Side II,Side II,True
XGB_top75,4,Train103.csv,Side II,Side II,True
XGB_top75,4,Train105.csv,Normal,Normal,True
XGB_top75,4,Train107.csv,Normal,Normal,True
XGB_top75,4,Train112.csv,Normal,Normal,True
XGB_top75,4,Train116.csv,Normal,Normal,True
XGB_top75,4,Train118.csv,Normal,Normal,True
XGB_top75,4,Train128.csv,Normal,Normal,True
XGB_top75,4,Train131.csv,Normal,Normal,True
XGB_top75,4,Train132.csv,Normal,Normal,True
XGB_top75,4,Train145.csv,Normal,Normal,True
XGB_top75,4,Train148.csv,Normal,Normal,True
XGB_top75,4,Train153.csv,Normal,Normal,True
XGB_top75,4,Train157.csv,Normal,Normal,True
XGB_top75,4,Train159.csv,Normal,Normal,True
XGB_top75,4,Train162.csv,Normal,Normal,True
XGB_top75,4,Train168.csv,Normal,Normal,True
XGB_top75,4,Train170.csv,Side I,Normal,False
XGB_top75,4,Train176.csv,Normal,Normal,True
XGB_top75,4,Train178.csv,Normal,Normal,True
XGB_top75,4,Train181.csv,Normal,Normal,True
XGB_top75,4,Train188.csv,Side II,Side II,True
XGB_top75,4,Train192.csv,Normal,Normal,True
XGB_top75,4,Train202.csv,Side I,Normal,False
XGB_top75,4,Train213.csv,Side I,Side I,True
XGB_top75,4,Train214.csv,Normal,Normal,True
XGB_top75,4,Train227.csv,Normal,Normal,True
XGB_top75,4,Train232.csv,Normal,Normal,True
XGB_top75,4,Train238.csv,Normal,Normal,True
XGB_top75,4,Train241.csv,Normal,Normal,True
XGB_top75,4,Train245.csv,Normal,Normal,True
XGB_top75,4,Train250.csv,Normal,Normal,True
XGB_top75,4,Train252.csv,Normal,Normal,True
XGB_top75,4,Train267.csv,Side II,Side II,True
XGB_top75,4,Train271.csv,Normal,Normal,True
XGB_top75,5,Train3.csv,Normal,Normal,True
XGB_top75,5,Train8.csv,Normal,Normal,True
XGB_top75,5,Train10.csv,Normal,Normal,True
XGB_top75,5,Train13.csv,Normal,Normal,True
XGB_top75,5,Train15.csv,Normal,Normal,True
XGB_top75,5,Train17.csv,Normal,Normal,True
XGB_top75,5,Train21.csv,Normal,Normal,True
XGB_top75,5,Train23.csv,Normal,Normal,True
XGB_top75,5,Train28.csv,Normal,Normal,True
XGB_top75,5,Train47.csv,Normal,Normal,True
XGB_top75,5,Train50.csv,Normal,Normal,True
XGB_top75,5,Train51.csv,Normal,Normal,True
XGB_top75,5,Train58.csv,Normal,Normal,True
XGB_top75,5,Train60.csv,Normal,Normal,True
XGB_top75,5,Train62.csv,Side I,Normal,False
XGB_top75,5,Train71.csv,Normal,Normal,True
XGB_top75,5,Train74.csv,Normal,Normal,True
XGB_top75,5,Train90.csv,Normal,Normal,True
XGB_top75,5,Train101.csv,Normal,Normal,True
XGB_top75,5,Train106.csv,Side I,Normal,False
XGB_top75,5,Train111.csv,Side II,Side II,True
XGB_top75,5,Train117.csv,Normal,Normal,True
XGB_top75,5,Train137.csv,Side I,Side I,True
XGB_top75,5,Train140.csv,Normal,Normal,True
XGB_top75,5,Train144.csv,Normal,Normal,True
XGB_top75,5,Train156.csv,Normal,Normal,True
XGB_top75,5,Train169.csv,Normal,Normal,True
XGB_top75,5,Train173.csv,Normal,Normal,True
XGB_top75,5,Train179.csv,Side II,Side II,True
XGB_top75,5,Train187.csv,Normal,Normal,True
XGB_top75,5,Train189.csv,Normal,Normal,True
XGB_top75,5,Train190.csv,Normal,Normal,True
XGB_top75,5,Train199.csv,Side II,Side II,True
XGB_top75,5,Train203.csv,Normal,Normal,True
XGB_top75,5,Train204.csv,Normal,Normal,True
XGB_top75,5,Train210.csv,Normal,Normal,True
XGB_top75,5,Train218.csv,Normal,Normal,True
XGB_top75,5,Train220.csv,Normal,Normal,True
XGB_top75,5,Train221.csv,Normal,Normal,True
XGB_top75,5,Train226.csv,Normal,Normal,True
XGB_top75,5,Train228.csv,Normal,Normal,True
XGB_top75,5,Train229.csv,Normal,Normal,True
XGB_top75,5,Train230.csv,Normal,Normal,True
XGB_top75,5,Train231.csv,Normal,Normal,True
XGB_top75,5,Train239.csv,Normal,Normal,True
XGB_top75,5,Train240.csv,Side II,Side II,True
XGB_top75,5,Train242.csv,Normal,Normal,True
XGB_top75,5,Train246.csv,Normal,Normal,True
XGB_top75,5,Train257.csv,Normal,Normal,True
XGB_top75,5,Train259.csv,Normal,Normal,True
XGB_top75,5,Train260.csv,Normal,Normal,True
XGB_top75,5,Train262.csv,Normal,Normal,True
XGB_top75,5,Train264.csv,Normal,Normal,True
XGB_top75,5,Train265.csv,Side II,Side I,False
XGB_top75,6,Train5.csv,Normal,Normal,True
XGB_top75,6,Train17.csv,Normal,Normal,True
XGB_top75,6,Train24.csv,Normal,Normal,True
XGB_top75,6,Train25.csv,Normal,Normal,True
XGB_top75,6,Train28.csv,Normal,Normal,True
XGB_top75,6,Train29.csv,Normal,Normal,True
XGB_top75,6,Train30.csv,Side II,Normal,False
XGB_top75,6,Train55.csv,Normal,Normal,True
XGB_top75,6,Train56.csv,Normal,Normal,True
XGB_top75,6,Train70.csv,Normal,Normal,True
XGB_top75,6,Train75.csv,Normal,Normal,True
XGB_top75,6,Train76.csv,Normal,Normal,True
XGB_top75,6,Train78.csv,Normal,Normal,True
XGB_top75,6,Train86.csv,Normal,Normal,True
XGB_top75,6,Train91.csv,Normal,Normal,True
XGB_top75,6,Train94.csv,Normal,Normal,True
XGB_top75,6,Train97.csv,Normal,Normal,True
XGB_top75,6,Train106.csv,Side I,Side I,True
XGB_top75,6,Train109.csv,Normal,Normal,True
XGB_top75,6,Train111.csv,Side II,Side II,True
XGB_top75,6,Train131.csv,Normal,Normal,True
XGB_top75,6,Train135.csv,Normal,Normal,True
XGB_top75,6,Train136.csv,Normal,Normal,True
XGB_top75,6,Train141.csv,Normal,Normal,True
XGB_top75,6,Train142.csv,Normal,Normal,True
XGB_top75,6,Train143.csv,Normal,Normal,True
XGB_top75,6,Train145.csv,Normal,Normal,True
XGB_top75,6,Train148.csv,Normal,Normal,True
XGB_top75,6,Train152.csv,Normal,Normal,True
XGB_top75,6,Train153.csv,Normal,Normal,True
XGB_top75,6,Train154.csv,Normal,Normal,True
XGB_top75,6,Train160.csv,Normal,Normal,True
XGB_top75,6,Train169.csv,Normal,Normal,True
XGB_top75,6,Train171.csv,Normal,Normal,True
XGB_top75,6,Train181.csv,Normal,Normal,True
XGB_top75,6,Train182.csv,Normal,Normal,True
XGB_top75,6,Train185.csv,Side I,Normal,False
XGB_top75,6,Train186.csv,Normal,Normal,True
XGB_top75,6,Train189.csv,Normal,Normal,True
XGB_top75,6,Train191.csv,Normal,Normal,True
XGB_top75,6,Train193.csv,Normal,Normal,True
XGB_top75,6,Train194.csv,Side I,Side I,True
XGB_top75,6,Train195.csv,Normal,Normal,True
XGB_top75,6,Train203.csv,Normal,Normal,True
XGB_top75,6,Train205.csv,Normal,Normal,True
XGB_top75,6,Train209.csv,Normal,Normal,True
XGB_top75,6,Train210.csv,Normal,Normal,True
XGB_top75,6,Train214.csv,Normal,Normal,True
XGB_top75,6,Train216.csv,Side II,Normal,False
XGB_top75,6,Train217.csv,Side II,Side I,False
XGB_top75,6,Train218.csv,Normal,Normal,True
XGB_top75,6,Train230.csv,Normal,Normal,True
XGB_top75,6,Train232.csv,Normal,Normal,True
XGB_top75,6,Train248.csv,Side II,Side II,True
XGB_top75,6,Train272.csv,Normal,Normal,True
XGB_top75,7,Train3.csv,Normal,Normal,True
XGB_top75,7,Train6.csv,Normal,Normal,True
XGB_top75,7,Train14.csv,Normal,Normal,True
XGB_top75,7,Train15.csv,Normal,Normal,True
XGB_top75,7,Train16.csv,Normal,Normal,True
XGB_top75,7,Train18.csv,Normal,Normal,True
XGB_top75,7,Train20.csv,Normal,Normal,True
XGB_top75,7,Train21.csv,Normal,Normal,True
XGB_top75,7,Train26.csv,Side II,Side II,True
XGB_top75,7,Train32.csv,Normal,Normal,True
XGB_top75,7,Train34.csv,Normal,Normal,True
XGB_top75,7,Train39.csv,Normal,Normal,True
XGB_top75,7,Train41.csv,Normal,Normal,True
XGB_top75,7,Train43.csv,Side II,Side II,True
XGB_top75,7,Train44.csv,Normal,Normal,True
XGB_top75,7,Train45.csv,Normal,Normal,True
XGB_top75,7,Train60.csv,Normal,Side II,False
XGB_top75,7,Train62.csv,Side I,Normal,False
XGB_top75,7,Train63.csv,Normal,Normal,True
XGB_top75,7,Train72.csv,Side II,Side II,True
XGB_top75,7,Train74.csv,Normal,Normal,True
XGB_top75,7,Train80.csv,Normal,Normal,True
XGB_top75,7,Train82.csv,Normal,Normal,True
XGB_top75,7,Train92.csv,Normal,Normal,True
XGB_top75,7,Train98.csv,Normal,Normal,True
XGB_top75,7,Train99.csv,Normal,Normal,True
XGB_top75,7,Train108.csv,Normal,Normal,True
XGB_top75,7,Train110.csv,Normal,Normal,True
XGB_top75,7,Train117.csv,Normal,Normal,True
XGB_top75,7,Train124.csv,Normal,Normal,True
XGB_top75,7,Train128.csv,Normal,Normal,True
XGB_top75,7,Train130.csv,Normal,Side I,False
XGB_top75,7,Train132.csv,Normal,Normal,True
XGB_top75,7,Train134.csv,Normal,Normal,True
XGB_top75,7,Train137.csv,Side I,Side I,True
XGB_top75,7,Train140.csv,Normal,Normal,True
XGB_top75,7,Train144.csv,Normal,Normal,True
XGB_top75,7,Train147.csv,Normal,Normal,True
XGB_top75,7,Train149.csv,Normal,Normal,True
XGB_top75,7,Train159.csv,Normal,Normal,True
XGB_top75,7,Train163.csv,Side I,Side II,False
XGB_top75,7,Train167.csv,Normal,Normal,True
XGB_top75,7,Train173.csv,Normal,Normal,True
XGB_top75,7,Train192.csv,Normal,Normal,True
XGB_top75,7,Train198.csv,Side II,Side II,True
XGB_top75,7,Train199.csv,Side II,Side II,True
XGB_top75,7,Train200.csv,Normal,Normal,True
XGB_top75,7,Train211.csv,Normal,Normal,True
XGB_top75,7,Train233.csv,Normal,Normal,True
XGB_top75,7,Train241.csv,Normal,Normal,True
XGB_top75,7,Train245.csv,Normal,Normal,True
XGB_top75,7,Train250.csv,Normal,Normal,True
XGB_top75,7,Train256.csv,Normal,Normal,True
XGB_top75,7,Train261.csv,Normal,Normal,True
XGB_top75,7,Train268.csv,Normal,Normal,True
XGB_top75,8,Train1.csv,Normal,Normal,True
XGB_top75,8,Train8.csv,Normal,Normal,True
XGB_top75,8,Train23.csv,Normal,Normal,True
XGB_top75,8,Train36.csv,Normal,Normal,True
XGB_top75,8,Train47.csv,Normal,Normal,True
XGB_top75,8,Train49.csv,Normal,Normal,True
XGB_top75,8,Train52.csv,Normal,Normal,True
XGB_top75,8,Train57.csv,Normal,Normal,True
XGB_top75,8,Train59.csv,Normal,Normal,True
XGB_top75,8,Train66.csv,Normal,Normal,True
XGB_top75,8,Train79.csv,Normal,Normal,True
XGB_top75,8,Train81.csv,Normal,Normal,True
XGB_top75,8,Train83.csv,Side I,Side I,True
XGB_top75,8,Train84.csv,Normal,Normal,True
XGB_top75,8,Train85.csv,Normal,Normal,True
XGB_top75,8,Train88.csv,Normal,Normal,True
XGB_top75,8,Train90.csv,Normal,Normal,True
XGB_top75,8,Train101.csv,Normal,Normal,True
XGB_top75,8,Train102.csv,Normal,Normal,True
XGB_top75,8,Train103.csv,Side II,Normal,False
XGB_top75,8,Train113.csv,Normal,Normal,True
XGB_top75,8,Train114.csv,Normal,Normal,True
XGB_top75,8,Train118.csv,Normal,Normal,True
XGB_top75,8,Train123.csv,Normal,Side I,False
XGB_top75,8,Train126.csv,Normal,Normal,True
XGB_top75,8,Train127.csv,Side II,Side II,True
XGB_top75,8,Train129.csv,Normal,Normal,True
XGB_top75,8,Train146.csv,Normal,Normal,True
XGB_top75,8,Train157.csv,Normal,Normal,True
XGB_top75,8,Train158.csv,Normal,Normal,True
XGB_top75,8,Train161.csv,Normal,Normal,True
XGB_top75,8,Train164.csv,Side II,Side I,False
XGB_top75,8,Train170.csv,Side I,Normal,False
XGB_top75,8,Train176.csv,Normal,Normal,True
XGB_top75,8,Train183.csv,Normal,Normal,True
XGB_top75,8,Train187.csv,Normal,Normal,True
XGB_top75,8,Train201.csv,Normal,Normal,True
XGB_top75,8,Train204.csv,Normal,Normal,True
XGB_top75,8,Train212.csv,Normal,Normal,True
XGB_top75,8,Train219.csv,Normal,Normal,True
XGB_top75,8,Train220.csv,Normal,Normal,True
XGB_top75,8,Train225.csv,Normal,Normal,True
XGB_top75,8,Train226.csv,Normal,Normal,True
XGB_top75,8,Train240.csv,Side II,Side II,True
XGB_top75,8,Train242.csv,Normal,Normal,True
XGB_top75,8,Train243.csv,Normal,Normal,True
XGB_top75,8,Train249.csv,Normal,Normal,True
XGB_top75,8,Train251.csv,Normal,Side II,False
XGB_top75,8,Train255.csv,Normal,Side I,False
XGB_top75,8,Train257.csv,Normal,Normal,True
XGB_top75,8,Train260.csv,Normal,Normal,True
XGB_top75,8,Train264.csv,Normal,Normal,True
XGB_top75,8,Train265.csv,Side II,Side I,False
XGB_top75,8,Train270.csv,Normal,Normal,True
XGB_top75,9,Train2.csv,Side II,Normal,False
XGB_top75,9,Train4.csv,Normal,Normal,True
XGB_top75,9,Train7.csv,Normal,Normal,True
XGB_top75,9,Train9.csv,Normal,Normal,True
XGB_top75,9,Train10.csv,Normal,Normal,True
XGB_top75,9,Train11.csv,Normal,Normal,True
XGB_top75,9,Train13.csv,Normal,Normal,True
XGB_top75,9,Train19.csv,Normal,Normal,True
XGB_top75,9,Train22.csv,Normal,Normal,True
XGB_top75,9,Train33.csv,Normal,Normal,True
XGB_top75,9,Train35.csv,Normal,Normal,True
XGB_top75,9,Train37.csv,Normal,Normal,True
XGB_top75,9,Train38.csv,Normal,Normal,True
XGB_top75,9,Train40.csv,Normal,Normal,True
XGB_top75,9,Train42.csv,Normal,Normal,True
XGB_top75,9,Train46.csv,Normal,Normal,True
XGB_top75,9,Train51.csv,Normal,Normal,True
XGB_top75,9,Train53.csv,Side II,Side II,True
XGB_top75,9,Train58.csv,Normal,Normal,True
XGB_top75,9,Train61.csv,Normal,Normal,True
XGB_top75,9,Train64.csv,Normal,Normal,True
XGB_top75,9,Train67.csv,Normal,Normal,True
XGB_top75,9,Train87.csv,Normal,Normal,True
XGB_top75,9,Train89.csv,Normal,Normal,True
XGB_top75,9,Train93.csv,Side II,Side II,True
XGB_top75,9,Train100.csv,Side I,Side II,False
XGB_top75,9,Train116.csv,Normal,Normal,True
XGB_top75,9,Train122.csv,Normal,Normal,True
XGB_top75,9,Train133.csv,Normal,Normal,True
XGB_top75,9,Train139.csv,Normal,Normal,True
XGB_top75,9,Train155.csv,Normal,Normal,True
XGB_top75,9,Train156.csv,Normal,Normal,True
XGB_top75,9,Train162.csv,Normal,Normal,True
XGB_top75,9,Train166.csv,Normal,Normal,True
XGB_top75,9,Train175.csv,Normal,Normal,True
XGB_top75,9,Train180.csv,Side I,Normal,False
XGB_top75,9,Train190.csv,Normal,Normal,True
XGB_top75,9,Train208.csv,Normal,Normal,True
XGB_top75,9,Train213.csv,Side I,Side I,True
XGB_top75,9,Train215.csv,Normal,Normal,True
XGB_top75,9,Train221.csv,Normal,Normal,True
XGB_top75,9,Train224.csv,Normal,Normal,True
XGB_top75,9,Train231.csv,Normal,Normal,True
XGB_top75,9,Train235.csv,Normal,Normal,True
XGB_top75,9,Train237.csv,Normal,Normal,True
XGB_top75,9,Train244.csv,Normal,Normal,True
XGB_top75,9,Train246.csv,Normal,Normal,True
XGB_top75,9,Train252.csv,Normal,Normal,True
XGB_top75,9,Train253.csv,Normal,Normal,True
XGB_top75,9,Train259.csv,Normal,Normal,True
XGB_top75,9,Train262.csv,Normal,Normal,True
XGB_top75,9,Train263.csv,Normal,Normal,True
XGB_top75,9,Train267.csv,Side II,Side II,True
XGB_top75,9,Train269.csv,Normal,Normal,True
XGB_top75,10,Train12.csv,Side II,Side II,True
XGB_top75,10,Train27.csv,Normal,Normal,True
XGB_top75,10,Train31.csv,Normal,Normal,True
XGB_top75,10,Train48.csv,Normal,Normal,True
XGB_top75,10,Train50.csv,Normal,Normal,True
XGB_top75,10,Train54.csv,Normal,Normal,True
XGB_top75,10,Train65.csv,Normal,Normal,True
XGB_top75,10,Train68.csv,Normal,Normal,True
XGB_top75,10,Train69.csv,Normal,Normal,True
XGB_top75,10,Train71.csv,Normal,Normal,True
XGB_top75,10,Train73.csv,Normal,Normal,True
XGB_top75,10,Train77.csv,Normal,Normal,True
XGB_top75,10,Train95.csv,Normal,Normal,True
XGB_top75,10,Train96.csv,Normal,Normal,True
XGB_top75,10,Train104.csv,Side II,Side II,True
XGB_top75,10,Train105.csv,Normal,Normal,True
XGB_top75,10,Train107.csv,Normal,Normal,True
XGB_top75,10,Train112.csv,Normal,Normal,True
XGB_top75,10,Train115.csv,Normal,Normal,True
XGB_top75,10,Train119.csv,Normal,Normal,True
XGB_top75,10,Train120.csv,Normal,Normal,True
XGB_top75,10,Train121.csv,Side I,Normal,False
XGB_top75,10,Train125.csv,Normal,Normal,True
XGB_top75,10,Train138.csv,Normal,Normal,True
XGB_top75,10,Train150.csv,Side I,Side I,True
XGB_top75,10,Train151.csv,Normal,Normal,True
XGB_top75,10,Train165.csv,Normal,Normal,True
XGB_top75,10,Train168.csv,Normal,Normal,True
XGB_top75,10,Train172.csv,Normal,Normal,True
XGB_top75,10,Train174.csv,Normal,Normal,True
XGB_top75,10,Train177.csv,Normal,Side I,False
XGB_top75,10,Train178.csv,Normal,Normal,True
XGB_top75,10,Train179.csv,Side II,Side II,True
XGB_top75,10,Train184.csv,Normal,Normal,True
XGB_top75,10,Train188.csv,Side II,Side II,True
XGB_top75,10,Train196.csv,Normal,Normal,True
XGB_top75,10,Train197.csv,Normal,Normal,True
XGB_top75,10,Train202.csv,Side I,Side I,True
XGB_top75,10,Train206.csv,Normal,Normal,True
XGB_top75,10,Train207.csv,Side II,Side II,True
XGB_top75,10,Train222.csv,Normal,Normal,True
XGB_top75,10,Train223.csv,Normal,Normal,True
XGB_top75,10,Train227.csv,Normal,Normal,True
XGB_top75,10,Train228.csv,Normal,Normal,True
XGB_top75,10,Train229.csv,Normal,Normal,True
XGB_top75,10,Train234.csv,Normal,Normal,True
XGB_top75,10,Train236.csv,Normal,Normal,True
XGB_top75,10,Train238.csv,Normal,Normal,True
XGB_top75,10,Train239.csv,Normal,Normal,True
XGB_top75,10,Train247.csv,Normal,Normal,True
XGB_top75,10,Train254.csv,Normal,Normal,True
XGB_top75,10,Train258.csv,Normal,Normal,True
XGB_top75,10,Train266.csv,Normal,Normal,True
XGB_top75,10,Train271.csv,Normal,Normal,True
XGB_top75,11,Train14.csv,Normal,Normal,True
XGB_top75,11,Train15.csv,Normal,Normal,True
XGB_top75,11,Train25.csv,Normal,Normal,True
XGB_top75,11,Train42.csv,Normal,Normal,True
XGB_top75,11,Train47.csv,Normal,Normal,True
XGB_top75,11,Train49.csv,Normal,Normal,True
XGB_top75,11,Train51.csv,Normal,Normal,True
XGB_top75,11,Train61.csv,Normal,Normal,True
XGB_top75,11,Train63.csv,Normal,Normal,True
XGB_top75,11,Train71.csv,Normal,Normal,True
XGB_top75,11,Train72.csv,Side II,Side II,True
XGB_top75,11,Train73.csv,Normal,Normal,True
XGB_top75,11,Train81.csv,Normal,Normal,True
XGB_top75,11,Train89.csv,Normal,Normal,True
XGB_top75,11,Train91.csv,Normal,Normal,True
XGB_top75,11,Train102.csv,Normal,Normal,True
XGB_top75,11,Train105.csv,Normal,Normal,True
XGB_top75,11,Train109.csv,Normal,Normal,True
XGB_top75,11,Train110.csv,Normal,Normal,True
XGB_top75,11,Train111.csv,Side II,Side II,True
XGB_top75,11,Train112.csv,Normal,Normal,True
XGB_top75,11,Train115.csv,Normal,Normal,True
XGB_top75,11,Train117.csv,Normal,Normal,True
XGB_top75,11,Train128.csv,Normal,Normal,True
XGB_top75,11,Train131.csv,Normal,Normal,True
XGB_top75,11,Train133.csv,Normal,Normal,True
XGB_top75,11,Train135.csv,Normal,Normal,True
XGB_top75,11,Train138.csv,Normal,Normal,True
XGB_top75,11,Train139.csv,Normal,Normal,True
XGB_top75,11,Train148.csv,Normal,Normal,True
XGB_top75,11,Train163.csv,Side I,Side I,True
XGB_top75,11,Train167.csv,Normal,Normal,True
XGB_top75,11,Train176.csv,Normal,Normal,True
XGB_top75,11,Train177.csv,Normal,Side I,False
XGB_top75,11,Train181.csv,Normal,Normal,True
XGB_top75,11,Train184.csv,Normal,Normal,True
XGB_top75,11,Train194.csv,Side I,Side I,True
XGB_top75,11,Train201.csv,Normal,Normal,True
XGB_top75,11,Train202.csv,Side I,Normal,False
XGB_top75,11,Train204.csv,Normal,Normal,True
XGB_top75,11,Train207.csv,Side II,Side II,True
XGB_top75,11,Train212.csv,Normal,Normal,True
XGB_top75,11,Train217.csv,Side II,Side I,False
XGB_top75,11,Train225.csv,Normal,Normal,True
XGB_top75,11,Train226.csv,Normal,Normal,True
XGB_top75,11,Train233.csv,Normal,Normal,True
XGB_top75,11,Train242.csv,Normal,Normal,True
XGB_top75,11,Train243.csv,Normal,Normal,True
XGB_top75,11,Train246.csv,Normal,Normal,True
XGB_top75,11,Train247.csv,Normal,Normal,True
XGB_top75,11,Train251.csv,Normal,Side II,False
XGB_top75,11,Train252.csv,Normal,Normal,True
XGB_top75,11,Train258.csv,Normal,Normal,True
XGB_top75,11,Train265.csv,Side II,Side I,False
XGB_top75,11,Train269.csv,Normal,Normal,True
XGB_top75,12,Train1.csv,Normal,Normal,True
XGB_top75,12,Train4.csv,Normal,Normal,True
XGB_top75,12,Train10.csv,Normal,Normal,True
XGB_top75,12,Train12.csv,Side II,Side II,True
XGB_top75,12,Train17.csv,Normal,Normal,True
XGB_top75,12,Train18.csv,Normal,Normal,True
XGB_top75,12,Train21.csv,Normal,Normal,True
XGB_top75,12,Train24.csv,Normal,Normal,True
XGB_top75,12,Train26.csv,Side II,Side II,True
XGB_top75,12,Train27.csv,Normal,Normal,True
XGB_top75,12,Train28.csv,Normal,Normal,True
XGB_top75,12,Train43.csv,Side II,Side II,True
XGB_top75,12,Train45.csv,Normal,Normal,True
XGB_top75,12,Train48.csv,Normal,Normal,True
XGB_top75,12,Train55.csv,Normal,Normal,True
XGB_top75,12,Train56.csv,Normal,Normal,True
XGB_top75,12,Train57.csv,Normal,Normal,True
XGB_top75,12,Train59.csv,Normal,Normal,True
XGB_top75,12,Train62.csv,Side I,Side I,True
XGB_top75,12,Train67.csv,Normal,Normal,True
XGB_top75,12,Train80.csv,Normal,Normal,True
XGB_top75,12,Train82.csv,Normal,Normal,True
XGB_top75,12,Train84.csv,Normal,Normal,True
XGB_top75,12,Train85.csv,Normal,Normal,True
XGB_top75,12,Train93.csv,Side II,Side II,True
XGB_top75,12,Train94.csv,Normal,Normal,True
XGB_top75,12,Train101.csv,Normal,Normal,True
XGB_top75,12,Train107.csv,Normal,Normal,True
XGB_top75,12,Train113.csv,Normal,Normal,True
XGB_top75,12,Train124.csv,Normal,Normal,True
XGB_top75,12,Train125.csv,Normal,Normal,True
XGB_top75,12,Train140.csv,Normal,Normal,True
XGB_top75,12,Train144.csv,Normal,Normal,True
XGB_top75,12,Train147.csv,Normal,Normal,True
XGB_top75,12,Train152.csv,Normal,Normal,True
XGB_top75,12,Train153.csv,Normal,Normal,True
XGB_top75,12,Train158.csv,Normal,Normal,True
XGB_top75,12,Train159.csv,Normal,Normal,True
XGB_top75,12,Train162.csv,Normal,Normal,True
XGB_top75,12,Train168.csv,Normal,Normal,True
XGB_top75,12,Train170.csv,Side I,Normal,False
XGB_top75,12,Train172.csv,Normal,Normal,True
XGB_top75,12,Train179.csv,Side II,Side II,True
XGB_top75,12,Train185.csv,Side I,Normal,False
XGB_top75,12,Train187.csv,Normal,Normal,True
XGB_top75,12,Train192.csv,Normal,Normal,True
XGB_top75,12,Train205.csv,Normal,Side I,False
XGB_top75,12,Train209.csv,Normal,Normal,True
XGB_top75,12,Train218.csv,Normal,Normal,True
XGB_top75,12,Train222.csv,Normal,Normal,True
XGB_top75,12,Train223.csv,Normal,Normal,True
XGB_top75,12,Train227.csv,Normal,Normal,True
XGB_top75,12,Train236.csv,Normal,Normal,True
XGB_top75,12,Train238.csv,Normal,Normal,True
XGB_top75,12,Train239.csv,Normal,Normal,True
XGB_top75,13,Train5.csv,Normal,Normal,True
XGB_top75,13,Train7.csv,Normal,Normal,True
XGB_top75,13,Train9.csv,Normal,Normal,True
XGB_top75,13,Train20.csv,Normal,Normal,True
XGB_top75,13,Train22.csv,Normal,Normal,True
XGB_top75,13,Train32.csv,Normal,Normal,True
XGB_top75,13,Train34.csv,Normal,Normal,True
XGB_top75,13,Train40.csv,Normal,Normal,True
XGB_top75,13,Train50.csv,Normal,Normal,True
XGB_top75,13,Train52.csv,Normal,Normal,True
XGB_top75,13,Train53.csv,Side II,Side II,True
XGB_top75,13,Train58.csv,Normal,Normal,True
XGB_top75,13,Train65.csv,Normal,Normal,True
XGB_top75,13,Train69.csv,Normal,Normal,True
XGB_top75,13,Train78.csv,Normal,Normal,True
XGB_top75,13,Train86.csv,Normal,Normal,True
XGB_top75,13,Train88.csv,Normal,Normal,True
XGB_top75,13,Train98.csv,Normal,Normal,True
XGB_top75,13,Train99.csv,Normal,Normal,True
XGB_top75,13,Train100.csv,Side I,Side II,False
XGB_top75,13,Train103.csv,Side II,Side II,True
XGB_top75,13,Train108.csv,Normal,Normal,True
XGB_top75,13,Train127.csv,Side II,Side II,True
XGB_top75,13,Train130.csv,Normal,Normal,True
XGB_top75,13,Train134.csv,Normal,Normal,True
XGB_top75,13,Train143.csv,Normal,Normal,True
XGB_top75,13,Train145.csv,Normal,Normal,True
XGB_top75,13,Train150.csv,Side I,Normal,False
XGB_top75,13,Train151.csv,Normal,Normal,True
XGB_top75,13,Train155.csv,Normal,Normal,True
XGB_top75,13,Train160.csv,Normal,Normal,True
XGB_top75,13,Train166.csv,Normal,Normal,True
XGB_top75,13,Train174.csv,Normal,Normal,True
XGB_top75,13,Train182.csv,Normal,Normal,True
XGB_top75,13,Train188.csv,Side II,Side II,True
XGB_top75,13,Train195.csv,Normal,Normal,True
XGB_top75,13,Train196.csv,Normal,Normal,True
XGB_top75,13,Train203.csv,Normal,Normal,True
XGB_top75,13,Train210.csv,Normal,Normal,True
XGB_top75,13,Train219.csv,Normal,Normal,True
XGB_top75,13,Train221.csv,Normal,Normal,True
XGB_top75,13,Train224.csv,Normal,Normal,True
XGB_top75,13,Train230.csv,Normal,Normal,True
XGB_top75,13,Train231.csv,Normal,Normal,True
XGB_top75,13,Train235.csv,Normal,Normal,True
XGB_top75,13,Train237.csv,Normal,Normal,True
XGB_top75,13,Train240.csv,Side II,Side II,True
XGB_top75,13,Train244.csv,Normal,Normal,True
XGB_top75,13,Train250.csv,Normal,Normal,True
XGB_top75,13,Train256.csv,Normal,Normal,True
XGB_top75,13,Train259.csv,Normal,Normal,True
XGB_top75,13,Train264.csv,Normal,Normal,True
XGB_top75,13,Train266.csv,Normal,Normal,True
XGB_top75,13,Train272.csv,Normal,Normal,True
XGB_top75,14,Train3.csv,Normal,Normal,True
XGB_top75,14,Train6.csv,Normal,Normal,True
XGB_top75,14,Train8.csv,Normal,Normal,True
XGB_top75,14,Train11.csv,Normal,Normal,True
XGB_top75,14,Train16.csv,Normal,Normal,True
XGB_top75,14,Train19.csv,Normal,Normal,True
XGB_top75,14,Train23.csv,Normal,Normal,True
XGB_top75,14,Train30.csv,Side II,Normal,False
XGB_top75,14,Train35.csv,Normal,Normal,True
XGB_top75,14,Train36.csv,Normal,Normal,True
XGB_top75,14,Train37.csv,Normal,Normal,True
XGB_top75,14,Train44.csv,Normal,Normal,True
XGB_top75,14,Train54.csv,Normal,Normal,True
XGB_top75,14,Train64.csv,Normal,Normal,True
XGB_top75,14,Train66.csv,Normal,Normal,True
XGB_top75,14,Train75.csv,Normal,Normal,True
XGB_top75,14,Train76.csv,Normal,Normal,True
XGB_top75,14,Train79.csv,Normal,Normal,True
XGB_top75,14,Train83.csv,Side I,Side I,True
XGB_top75,14,Train95.csv,Normal,Normal,True
XGB_top75,14,Train96.csv,Normal,Normal,True
XGB_top75,14,Train116.csv,Normal,Normal,True
XGB_top75,14,Train120.csv,Normal,Normal,True
XGB_top75,14,Train123.csv,Normal,Side I,False
XGB_top75,14,Train129.csv,Normal,Normal,True
XGB_top75,14,Train132.csv,Normal,Normal,True
XGB_top75,14,Train136.csv,Normal,Normal,True
XGB_top75,14,Train141.csv,Normal,Normal,True
XGB_top75,14,Train156.csv,Normal,Normal,True
XGB_top75,14,Train157.csv,Normal,Normal,True
XGB_top75,14,Train169.csv,Normal,Normal,True
XGB_top75,14,Train173.csv,Normal,Normal,True
XGB_top75,14,Train175.csv,Normal,Normal,True
XGB_top75,14,Train178.csv,Normal,Normal,True
XGB_top75,14,Train180.csv,Side I,Normal,False
XGB_top75,14,Train186.csv,Normal,Normal,True
XGB_top75,14,Train191.csv,Normal,Normal,True
XGB_top75,14,Train193.csv,Normal,Normal,True
XGB_top75,14,Train197.csv,Normal,Normal,True
XGB_top75,14,Train198.csv,Side II,Side II,True
XGB_top75,14,Train199.csv,Side II,Side II,True
XGB_top75,14,Train200.csv,Normal,Normal,True
XGB_top75,14,Train206.csv,Normal,Normal,True
XGB_top75,14,Train211.csv,Normal,Normal,True
XGB_top75,14,Train213.csv,Side I,Side I,True
XGB_top75,14,Train220.csv,Normal,Normal,True
XGB_top75,14,Train228.csv,Normal,Normal,True
XGB_top75,14,Train234.csv,Normal,Normal,True
XGB_top75,14,Train248.csv,Side II,Side II,True
XGB_top75,14,Train249.csv,Normal,Normal,True
XGB_top75,14,Train254.csv,Normal,Normal,True
XGB_top75,14,Train260.csv,Normal,Normal,True
XGB_top75,14,Train262.csv,Normal,Normal,True
XGB_top75,14,Train271.csv,Normal,Normal,True
XGB_top75,15,Train2.csv,Side II,Side II,True
XGB_top75,15,Train13.csv,Normal,Normal,True
XGB_top75,15,Train29.csv,Normal,Normal,True
XGB_top75,15,Train31.csv,Normal,Normal,True
XGB_top75,15,Train33.csv,Normal,Normal,True
XGB_top75,15,Train38.csv,Normal,Normal,True
XGB_top75,15,Train39.csv,Normal,Normal,True
XGB_top75,15,Train41.csv,Normal,Normal,True
XGB_top75,15,Train46.csv,Normal,Normal,True
XGB_top75,15,Train60.csv,Normal,Normal,True
XGB_top75,15,Train68.csv,Normal,Normal,True
XGB_top75,15,Train70.csv,Normal,Normal,True
XGB_top75,15,Train74.csv,Normal,Normal,True
XGB_top75,15,Train77.csv,Normal,Normal,True
XGB_top75,15,Train87.csv,Normal,Normal,True
XGB_top75,15,Train90.csv,Normal,Normal,True
XGB_top75,15,Train92.csv,Normal,Normal,True
XGB_top75,15,Train97.csv,Normal,Normal,True
XGB_top75,15,Train104.csv,Side II,Side II,True
XGB_top75,15,Train106.csv,Side I,Side I,True
XGB_top75,15,Train114.csv,Normal,Normal,True
XGB_top75,15,Train118.csv,Normal,Normal,True
XGB_top75,15,Train119.csv,Normal,Normal,True
XGB_top75,15,Train121.csv,Side I,Side I,True
XGB_top75,15,Train122.csv,Normal,Normal,True
XGB_top75,15,Train126.csv,Normal,Normal,True
XGB_top75,15,Train137.csv,Side I,Side I,True
XGB_top75,15,Train142.csv,Normal,Normal,True
XGB_top75,15,Train146.csv,Normal,Normal,True
XGB_top75,15,Train149.csv,Normal,Normal,True
XGB_top75,15,Train154.csv,Normal,Normal,True
XGB_top75,15,Train161.csv,Normal,Normal,True
XGB_top75,15,Train164.csv,Side II,Side II,True
XGB_top75,15,Train165.csv,Normal,Normal,True
XGB_top75,15,Train171.csv,Normal,Normal,True
XGB_top75,15,Train183.csv,Normal,Normal,True
XGB_top75,15,Train189.csv,Normal,Normal,True
XGB_top75,15,Train190.csv,Normal,Normal,True
XGB_top75,15,Train208.csv,Normal,Normal,True
XGB_top75,15,Train214.csv,Normal,Normal,True
XGB_top75,15,Train215.csv,Normal,Normal,True
XGB_top75,15,Train216.csv,Side II,Normal,False
XGB_top75,15,Train229.csv,Normal,Normal,True
XGB_top75,15,Train232.csv,Normal,Normal,True
XGB_top75,15,Train241.csv,Normal,Normal,True
XGB_top75,15,Train245.csv,Normal,Normal,True
XGB_top75,15,Train253.csv,Normal,Normal,True
XGB_top75,15,Train255.csv,Normal,Normal,True
XGB_top75,15,Train257.csv,Normal,Normal,True
XGB_top75,15,Train261.csv,Normal,Normal,True
XGB_top75,15,Train263.csv,Normal,Normal,True
XGB_top75,15,Train267.csv,Side II,Side II,True
XGB_top75,15,Train268.csv,Normal,Normal,True
XGB_top75,15,Train270.csv,Normal,Normal,True
XGB_top75,16,Train6.csv,Normal,Normal,True
XGB_top75,16,Train16.csv,Normal,Normal,True
XGB_top75,16,Train17.csv,Normal,Normal,True
XGB_top75,16,Train19.csv,Normal,Normal,True
XGB_top75,16,Train21.csv,Normal,Normal,True
XGB_top75,16,Train30.csv,Side II,Side II,True
XGB_top75,16,Train43.csv,Side II,Side I,False
XGB_top75,16,Train44.csv,Normal,Normal,True
XGB_top75,16,Train46.csv,Normal,Normal,True
XGB_top75,16,Train56.csv,Normal,Normal,True
XGB_top75,16,Train57.csv,Normal,Normal,True
XGB_top75,16,Train68.csv,Normal,Normal,True
XGB_top75,16,Train69.csv,Normal,Normal,True
XGB_top75,16,Train83.csv,Side I,Side I,True
XGB_top75,16,Train94.csv,Normal,Normal,True
XGB_top75,16,Train96.csv,Normal,Normal,True
XGB_top75,16,Train98.csv,Normal,Normal,True
XGB_top75,16,Train105.csv,Normal,Normal,True
XGB_top75,16,Train111.csv,Side II,Side II,True
XGB_top75,16,Train113.csv,Normal,Normal,True
XGB_top75,16,Train121.csv,Side I,Normal,False
XGB_top75,16,Train125.csv,Normal,Normal,True
XGB_top75,16,Train126.csv,Normal,Normal,True
XGB_top75,16,Train130.csv,Normal,Normal,True
XGB_top75,16,Train143.csv,Normal,Normal,True
XGB_top75,16,Train147.csv,Normal,Normal,True
XGB_top75,16,Train149.csv,Normal,Normal,True
XGB_top75,16,Train154.csv,Normal,Normal,True
XGB_top75,16,Train157.csv,Normal,Normal,True
XGB_top75,16,Train159.csv,Normal,Normal,True
XGB_top75,16,Train160.csv,Normal,Normal,True
XGB_top75,16,Train164.csv,Side II,Side II,True
XGB_top75,16,Train165.csv,Normal,Normal,True
XGB_top75,16,Train166.csv,Normal,Normal,True
XGB_top75,16,Train174.csv,Normal,Normal,True
XGB_top75,16,Train175.csv,Normal,Normal,True
XGB_top75,16,Train186.csv,Normal,Normal,True
XGB_top75,16,Train200.csv,Normal,Normal,True
XGB_top75,16,Train201.csv,Normal,Normal,True
XGB_top75,16,Train202.csv,Side I,Normal,False
XGB_top75,16,Train205.csv,Normal,Normal,True
XGB_top75,16,Train209.csv,Normal,Normal,True
XGB_top75,16,Train211.csv,Normal,Normal,True
XGB_top75,16,Train214.csv,Normal,Normal,True
XGB_top75,16,Train219.csv,Normal,Normal,True
XGB_top75,16,Train223.csv,Normal,Normal,True
XGB_top75,16,Train224.csv,Normal,Normal,True
XGB_top75,16,Train236.csv,Normal,Normal,True
XGB_top75,16,Train242.csv,Normal,Normal,True
XGB_top75,16,Train248.csv,Side II,Side II,True
XGB_top75,16,Train254.csv,Normal,Normal,True
XGB_top75,16,Train259.csv,Normal,Normal,True
XGB_top75,16,Train260.csv,Normal,Normal,True
XGB_top75,16,Train264.csv,Normal,Normal,True
XGB_top75,16,Train272.csv,Normal,Normal,True
XGB_top75,17,Train7.csv,Normal,Normal,True
XGB_top75,17,Train15.csv,Normal,Normal,True
XGB_top75,17,Train35.csv,Normal,Normal,True
XGB_top75,17,Train39.csv,Normal,Normal,True
XGB_top75,17,Train47.csv,Normal,Normal,True
XGB_top75,17,Train49.csv,Normal,Normal,True
XGB_top75,17,Train50.csv,Normal,Normal,True
XGB_top75,17,Train51.csv,Normal,Normal,True
XGB_top75,17,Train55.csv,Normal,Normal,True
XGB_top75,17,Train60.csv,Normal,Normal,True
XGB_top75,17,Train62.csv,Side I,Normal,False
XGB_top75,17,Train65.csv,Normal,Normal,True
XGB_top75,17,Train70.csv,Normal,Normal,True
XGB_top75,17,Train71.csv,Normal,Normal,True
XGB_top75,17,Train80.csv,Normal,Normal,True
XGB_top75,17,Train81.csv,Normal,Normal,True
XGB_top75,17,Train82.csv,Normal,Normal,True
XGB_top75,17,Train87.csv,Normal,Normal,True
XGB_top75,17,Train88.csv,Normal,Normal,True
XGB_top75,17,Train90.csv,Normal,Normal,True
XGB_top75,17,Train93.csv,Side II,Side II,True
XGB_top75,17,Train97.csv,Normal,Normal,True
XGB_top75,17,Train101.csv,Normal,Normal,True
XGB_top75,17,Train102.csv,Normal,Normal,True
XGB_top75,17,Train106.csv,Side I,Normal,False
XGB_top75,17,Train117.csv,Normal,Normal,True
XGB_top75,17,Train119.csv,Normal,Normal,True
XGB_top75,17,Train122.csv,Normal,Normal,True
XGB_top75,17,Train127.csv,Side II,Side II,True
XGB_top75,17,Train128.csv,Normal,Normal,True
XGB_top75,17,Train142.csv,Normal,Normal,True
XGB_top75,17,Train144.csv,Normal,Normal,True
XGB_top75,17,Train152.csv,Normal,Normal,True
XGB_top75,17,Train180.csv,Side I,Normal,False
XGB_top75,17,Train189.csv,Normal,Normal,True
XGB_top75,17,Train191.csv,Normal,Normal,True
XGB_top75,17,Train192.csv,Normal,Normal,True
XGB_top75,17,Train195.csv,Normal,Normal,True
XGB_top75,17,Train196.csv,Normal,Normal,True
XGB_top75,17,Train198.csv,Side II,Side II,True
XGB_top75,17,Train203.csv,Normal,Normal,True
XGB_top75,17,Train206.csv,Normal,Normal,True
XGB_top75,17,Train207.csv,Side II,Side II,True
XGB_top75,17,Train210.csv,Normal,Normal,True
XGB_top75,17,Train215.csv,Normal,Normal,True
XGB_top75,17,Train217.csv,Side II,Normal,False
XGB_top75,17,Train222.csv,Normal,Normal,True
XGB_top75,17,Train226.csv,Normal,Normal,True
XGB_top75,17,Train228.csv,Normal,Normal,True
XGB_top75,17,Train231.csv,Normal,Normal,True
XGB_top75,17,Train247.csv,Normal,Normal,True
XGB_top75,17,Train258.csv,Normal,Normal,True
XGB_top75,17,Train261.csv,Normal,Normal,True
XGB_top75,17,Train263.csv,Normal,Normal,True
XGB_top75,17,Train266.csv,Normal,Normal,True
XGB_top75,18,Train3.csv,Normal,Normal,True
XGB_top75,18,Train13.csv,Normal,Normal,True
XGB_top75,18,Train14.csv,Normal,Normal,True
XGB_top75,18,Train22.csv,Normal,Normal,True
XGB_top75,18,Train23.csv,Normal,Normal,True
XGB_top75,18,Train26.csv,Side II,Side II,True
XGB_top75,18,Train27.csv,Normal,Normal,True
XGB_top75,18,Train32.csv,Normal,Normal,True
XGB_top75,18,Train36.csv,Normal,Normal,True
XGB_top75,18,Train37.csv,Normal,Normal,True
XGB_top75,18,Train38.csv,Normal,Normal,True
XGB_top75,18,Train40.csv,Normal,Normal,True
XGB_top75,18,Train41.csv,Normal,Normal,True
XGB_top75,18,Train45.csv,Normal,Normal,True
XGB_top75,18,Train48.csv,Normal,Normal,True
XGB_top75,18,Train54.csv,Normal,Normal,True
XGB_top75,18,Train58.csv,Normal,Normal,True
XGB_top75,18,Train67.csv,Normal,Normal,True
XGB_top75,18,Train72.csv,Side II,Side II,True
XGB_top75,18,Train75.csv,Normal,Normal,True
XGB_top75,18,Train78.csv,Normal,Normal,True
XGB_top75,18,Train79.csv,Normal,Normal,True
XGB_top75,18,Train103.csv,Side II,Side II,True
XGB_top75,18,Train115.csv,Normal,Normal,True
XGB_top75,18,Train118.csv,Normal,Normal,True
XGB_top75,18,Train124.csv,Normal,Normal,True
XGB_top75,18,Train129.csv,Normal,Normal,True
XGB_top75,18,Train135.csv,Normal,Normal,True
XGB_top75,18,Train136.csv,Normal,Normal,True
XGB_top75,18,Train139.csv,Normal,Normal,True
XGB_top75,18,Train141.csv,Normal,Normal,True
XGB_top75,18,Train156.csv,Normal,Normal,True
XGB_top75,18,Train171.csv,Normal,Normal,True
XGB_top75,18,Train172.csv,Normal,Normal,True
XGB_top75,18,Train177.csv,Normal,Side I,False
XGB_top75,18,Train181.csv,Normal,Normal,True
XGB_top75,18,Train182.csv,Normal,Normal,True
XGB_top75,18,Train193.csv,Normal,Normal,True
XGB_top75,18,Train194.csv,Side I,Side I,True
XGB_top75,18,Train197.csv,Normal,Normal,True
XGB_top75,18,Train212.csv,Normal,Normal,True
XGB_top75,18,Train213.csv,Side I,Side I,True
XGB_top75,18,Train227.csv,Normal,Normal,True
XGB_top75,18,Train234.csv,Normal,Normal,True
XGB_top75,18,Train239.csv,Normal,Normal,True
XGB_top75,18,Train240.csv,Side II,Side II,True
XGB_top75,18,Train244.csv,Normal,Normal,True
XGB_top75,18,Train246.csv,Normal,Normal,True
XGB_top75,18,Train251.csv,Normal,Side II,False
XGB_top75,18,Train252.csv,Normal,Normal,True
XGB_top75,18,Train255.csv,Normal,Normal,True
XGB_top75,18,Train265.csv,Side II,Side I,False
XGB_top75,18,Train270.csv,Normal,Normal,True
XGB_top75,18,Train271.csv,Normal,Normal,True
XGB_top75,19,Train8.csv,Normal,Normal,True
XGB_top75,19,Train9.csv,Normal,Normal,True
XGB_top75,19,Train24.csv,Normal,Normal,True
XGB_top75,19,Train25.csv,Normal,Normal,True
XGB_top75,19,Train33.csv,Normal,Normal,True
XGB_top75,19,Train42.csv,Normal,Normal,True
XGB_top75,19,Train59.csv,Normal,Normal,True
XGB_top75,19,Train63.csv,Normal,Normal,True
XGB_top75,19,Train64.csv,Normal,Normal,True
XGB_top75,19,Train66.csv,Normal,Normal,True
XGB_top75,19,Train76.csv,Normal,Normal,True
XGB_top75,19,Train86.csv,Normal,Normal,True
XGB_top75,19,Train89.csv,Normal,Normal,True
XGB_top75,19,Train91.csv,Normal,Normal,True
XGB_top75,19,Train92.csv,Normal,Normal,True
XGB_top75,19,Train99.csv,Normal,Normal,True
XGB_top75,19,Train100.csv,Side I,Side II,False
XGB_top75,19,Train104.csv,Side II,Side II,True
XGB_top75,19,Train107.csv,Normal,Normal,True
XGB_top75,19,Train108.csv,Normal,Normal,True
XGB_top75,19,Train110.csv,Normal,Normal,True
XGB_top75,19,Train120.csv,Normal,Normal,True
XGB_top75,19,Train131.csv,Normal,Normal,True
XGB_top75,19,Train133.csv,Normal,Normal,True
XGB_top75,19,Train134.csv,Normal,Normal,True
XGB_top75,19,Train138.csv,Normal,Normal,True
XGB_top75,19,Train145.csv,Normal,Normal,True
XGB_top75,19,Train155.csv,Normal,Normal,True
XGB_top75,19,Train158.csv,Normal,Normal,True
XGB_top75,19,Train161.csv,Normal,Normal,True
XGB_top75,19,Train163.csv,Side I,Side I,True
XGB_top75,19,Train168.csv,Normal,Normal,True
XGB_top75,19,Train169.csv,Normal,Normal,True
XGB_top75,19,Train170.csv,Side I,Normal,False
XGB_top75,19,Train173.csv,Normal,Normal,True
XGB_top75,19,Train176.csv,Normal,Normal,True
XGB_top75,19,Train178.csv,Normal,Normal,True
XGB_top75,19,Train184.csv,Normal,Normal,True
XGB_top75,19,Train187.csv,Normal,Normal,True
XGB_top75,19,Train188.csv,Side II,Side II,True
XGB_top75,19,Train190.csv,Normal,Normal,True
XGB_top75,19,Train216.csv,Side II,Normal,False
XGB_top75,19,Train218.csv,Normal,Normal,True
XGB_top75,19,Train221.csv,Normal,Normal,True
XGB_top75,19,Train225.csv,Normal,Normal,True
XGB_top75,19,Train229.csv,Normal,Normal,True
XGB_top75,19,Train230.csv,Normal,Normal,True
XGB_top75,19,Train232.csv,Normal,Normal,True
XGB_top75,19,Train243.csv,Normal,Normal,True
XGB_top75,19,Train249.csv,Normal,Normal,True
XGB_top75,19,Train250.csv,Normal,Normal,True
XGB_top75,19,Train267.csv,Side II,Side II,True
XGB_top75,19,Train268.csv,Normal,Normal,True
XGB_top75,19,Train269.csv,Normal,Normal,True
XGB_top75,20,Train1.csv,Normal,Normal,True
XGB_top75,20,Train2.csv,Side II,Side II,True
XGB_top75,20,Train4.csv,Normal,Normal,True
XGB_top75,20,Train5.csv,Normal,Normal,True
XGB_top75,20,Train10.csv,Normal,Normal,True
XGB_top75,20,Train11.csv,Normal,Normal,True
XGB_top75,20,Train12.csv,Side II,Side II,True
XGB_top75,20,Train18.csv,Normal,Normal,True
XGB_top75,20,Train20.csv,Normal,Normal,True
XGB_top75,20,Train28.csv,Normal,Normal,True
XGB_top75,20,Train29.csv,Normal,Normal,True
XGB_top75,20,Train31.csv,Normal,Normal,True
XGB_top75,20,Train34.csv,Normal,Normal,True
XGB_top75,20,Train52.csv,Normal,Normal,True
XGB_top75,20,Train53.csv,Side II,Side II,True
XGB_top75,20,Train61.csv,Normal,Normal,True
XGB_top75,20,Train73.csv,Normal,Normal,True
XGB_top75,20,Train74.csv,Normal,Normal,True
XGB_top75,20,Train77.csv,Normal,Normal,True
XGB_top75,20,Train84.csv,Normal,Normal,True
XGB_top75,20,Train85.csv,Normal,Normal,True
XGB_top75,20,Train95.csv,Normal,Normal,True
XGB_top75,20,Train109.csv,Normal,Normal,True
XGB_top75,20,Train112.csv,Normal,Normal,True
XGB_top75,20,Train114.csv,Normal,Normal,True
XGB_top75,20,Train116.csv,Normal,Normal,True
XGB_top75,20,Train123.csv,Normal,Side I,False
XGB_top75,20,Train132.csv,Normal,Normal,True
XGB_top75,20,Train137.csv,Side I,Side I,True
XGB_top75,20,Train140.csv,Normal,Normal,True
XGB_top75,20,Train146.csv,Normal,Normal,True
XGB_top75,20,Train148.csv,Normal,Normal,True
XGB_top75,20,Train150.csv,Side I,Side I,True
XGB_top75,20,Train151.csv,Normal,Normal,True
XGB_top75,20,Train153.csv,Normal,Normal,True
XGB_top75,20,Train162.csv,Normal,Normal,True
XGB_top75,20,Train167.csv,Normal,Normal,True
XGB_top75,20,Train179.csv,Side II,Side II,True
XGB_top75,20,Train183.csv,Normal,Normal,True
XGB_top75,20,Train185.csv,Side I,Normal,False
XGB_top75,20,Train199.csv,Side II,Side II,True
XGB_top75,20,Train204.csv,Normal,Normal,True
XGB_top75,20,Train208.csv,Normal,Normal,True
XGB_top75,20,Train220.csv,Normal,Normal,True
XGB_top75,20,Train233.csv,Normal,Normal,True
XGB_top75,20,Train235.csv,Normal,Normal,True
XGB_top75,20,Train237.csv,Normal,Normal,True
XGB_top75,20,Train238.csv,Normal,Normal,True
XGB_top75,20,Train241.csv,Normal,Normal,True
XGB_top75,20,Train245.csv,Normal,Normal,True
XGB_top75,20,Train253.csv,Normal,Normal,True
XGB_top75,20,Train256.csv,Normal,Normal,True
XGB_top75,20,Train257.csv,Normal,Normal,True
XGB_top75,20,Train262.csv,Normal,Normal,True
XGB_top75,21,Train1.csv,Normal,Normal,True
XGB_top75,21,Train3.csv,Normal,Normal,True
XGB_top75,21,Train4.csv,Normal,Normal,True
XGB_top75,21,Train5.csv,Normal,Normal,True
XGB_top75,21,Train6.csv,Normal,Normal,True
XGB_top75,21,Train10.csv,Normal,Normal,True
XGB_top75,21,Train12.csv,Side II,Side II,True
XGB_top75,21,Train19.csv,Normal,Normal,True
XGB_top75,21,Train33.csv,Normal,Normal,True
XGB_top75,21,Train40.csv,Normal,Normal,True
XGB_top75,21,Train43.csv,Side II,Side I,False
XGB_top75,21,Train59.csv,Normal,Normal,True
XGB_top75,21,Train67.csv,Normal,Normal,True
XGB_top75,21,Train74.csv,Normal,Normal,True
XGB_top75,21,Train77.csv,Normal,Normal,True
XGB_top75,21,Train79.csv,Normal,Normal,True
XGB_top75,21,Train87.csv,Normal,Normal,True
XGB_top75,21,Train88.csv,Normal,Normal,True
XGB_top75,21,Train90.csv,Normal,Normal,True
XGB_top75,21,Train92.csv,Normal,Normal,True
XGB_top75,21,Train96.csv,Normal,Normal,True
XGB_top75,21,Train97.csv,Normal,Normal,True
XGB_top75,21,Train100.csv,Side I,Side II,False
XGB_top75,21,Train107.csv,Normal,Normal,True
XGB_top75,21,Train116.csv,Normal,Normal,True
XGB_top75,21,Train124.csv,Normal,Normal,True
XGB_top75,21,Train126.csv,Normal,Side II,False
XGB_top75,21,Train127.csv,Side II,Side II,True
XGB_top75,21,Train137.csv,Side I,Side I,True
XGB_top75,21,Train139.csv,Normal,Normal,True
XGB_top75,21,Train147.csv,Normal,Normal,True
XGB_top75,21,Train154.csv,Normal,Normal,True
XGB_top75,21,Train156.csv,Normal,Normal,True
XGB_top75,21,Train170.csv,Side I,Normal,False
XGB_top75,21,Train173.csv,Normal,Normal,True
XGB_top75,21,Train176.csv,Normal,Normal,True
XGB_top75,21,Train177.csv,Normal,Side I,False
XGB_top75,21,Train178.csv,Normal,Normal,True
XGB_top75,21,Train184.csv,Normal,Normal,True
XGB_top75,21,Train191.csv,Normal,Normal,True
XGB_top75,21,Train208.csv,Normal,Normal,True
XGB_top75,21,Train211.csv,Normal,Normal,True
XGB_top75,21,Train217.csv,Side II,Side I,False
XGB_top75,21,Train219.csv,Normal,Normal,True
XGB_top75,21,Train222.csv,Normal,Normal,True
XGB_top75,21,Train223.csv,Normal,Normal,True
XGB_top75,21,Train224.csv,Normal,Normal,True
XGB_top75,21,Train225.csv,Normal,Normal,True
XGB_top75,21,Train239.csv,Normal,Normal,True
XGB_top75,21,Train244.csv,Normal,Normal,True
XGB_top75,21,Train253.csv,Normal,Normal,True
XGB_top75,21,Train254.csv,Normal,Normal,True
XGB_top75,21,Train263.csv,Normal,Normal,True
XGB_top75,21,Train265.csv,Side II,Side I,False
XGB_top75,21,Train271.csv,Normal,Normal,True
XGB_top75,22,Train7.csv,Normal,Normal,True
XGB_top75,22,Train9.csv,Normal,Normal,True
XGB_top75,22,Train24.csv,Normal,Normal,True
XGB_top75,22,Train28.csv,Normal,Normal,True
XGB_top75,22,Train29.csv,Normal,Normal,True
XGB_top75,22,Train41.csv,Normal,Normal,True
XGB_top75,22,Train51.csv,Normal,Normal,True
XGB_top75,22,Train52.csv,Normal,Normal,True
XGB_top75,22,Train60.csv,Normal,Normal,True
XGB_top75,22,Train61.csv,Normal,Normal,True
XGB_top75,22,Train64.csv,Normal,Normal,True
XGB_top75,22,Train69.csv,Normal,Normal,True
XGB_top75,22,Train70.csv,Normal,Normal,True
XGB_top75,22,Train78.csv,Normal,Normal,True
XGB_top75,22,Train86.csv,Normal,Normal,True
XGB_top75,22,Train93.csv,Side II,Side II,True
XGB_top75,22,Train98.csv,Normal,Normal,True
XGB_top75,22,Train99.csv,Normal,Normal,True
XGB_top75,22,Train101.csv,Normal,Normal,True
XGB_top75,22,Train105.csv,Normal,Normal,True
XGB_top75,22,Train112.csv,Normal,Normal,True
XGB_top75,22,Train118.csv,Normal,Normal,True
XGB_top75,22,Train119.csv,Normal,Normal,True
XGB_top75,22,Train123.csv,Normal,Side I,False
XGB_top75,22,Train131.csv,Normal,Normal,True
XGB_top75,22,Train133.csv,Normal,Normal,True
XGB_top75,22,Train134.csv,Normal,Normal,True
XGB_top75,22,Train135.csv,Normal,Normal,True
XGB_top75,22,Train136.csv,Normal,Normal,True
XGB_top75,22,Train140.csv,Normal,Normal,True
XGB_top75,22,Train144.csv,Normal,Normal,True
XGB_top75,22,Train148.csv,Normal,Normal,True
XGB_top75,22,Train150.csv,Side I,Side I,True
XGB_top75,22,Train152.csv,Normal,Normal,True
XGB_top75,22,Train160.csv,Normal,Normal,True
XGB_top75,22,Train162.csv,Normal,Normal,True
XGB_top75,22,Train164.csv,Side II,Side II,True
XGB_top75,22,Train165.csv,Normal,Normal,True
XGB_top75,22,Train167.csv,Normal,Normal,True
XGB_top75,22,Train181.csv,Normal,Normal,True
XGB_top75,22,Train185.csv,Side I,Normal,False
XGB_top75,22,Train186.csv,Normal,Normal,True
XGB_top75,22,Train188.csv,Side II,Side II,True
XGB_top75,22,Train190.csv,Normal,Normal,True
XGB_top75,22,Train197.csv,Normal,Side II,False
XGB_top75,22,Train199.csv,Side II,Side II,True
XGB_top75,22,Train209.csv,Normal,Normal,True
XGB_top75,22,Train213.csv,Side I,Side I,True
XGB_top75,22,Train221.csv,Normal,Normal,True
XGB_top75,22,Train232.csv,Normal,Normal,True
XGB_top75,22,Train233.csv,Normal,Normal,True
XGB_top75,22,Train251.csv,Normal,Side II,False
XGB_top75,22,Train255.csv,Normal,Normal,True
XGB_top75,22,Train256.csv,Normal,Normal,True
XGB_top75,22,Train267.csv,Side II,Side II,True
XGB_top75,23,Train2.csv,Side II,Side II,True
XGB_top75,23,Train11.csv,Normal,Normal,True
XGB_top75,23,Train22.csv,Normal,Normal,True
XGB_top75,23,Train30.csv,Side II,Side II,True
XGB_top75,23,Train42.csv,Normal,Normal,True
XGB_top75,23,Train48.csv,Normal,Normal,True
XGB_top75,23,Train49.csv,Normal,Normal,True
XGB_top75,23,Train54.csv,Normal,Normal,True
XGB_top75,23,Train56.csv,Normal,Normal,True
XGB_top75,23,Train63.csv,Normal,Normal,True
XGB_top75,23,Train73.csv,Normal,Normal,True
XGB_top75,23,Train80.csv,Normal,Normal,True
XGB_top75,23,Train81.csv,Normal,Normal,True
XGB_top75,23,Train82.csv,Normal,Normal,True
XGB_top75,23,Train83.csv,Side I,Side I,True
XGB_top75,23,Train94.csv,Normal,Normal,True
XGB_top75,23,Train95.csv,Normal,Normal,True
XGB_top75,23,Train102.csv,Normal,Normal,True
XGB_top75,23,Train109.csv,Normal,Normal,True
XGB_top75,23,Train110.csv,Normal,Normal,True
XGB_top75,23,Train113.csv,Normal,Normal,True
XGB_top75,23,Train120.csv,Normal,Normal,True
XGB_top75,23,Train122.csv,Normal,Normal,True
XGB_top75,23,Train138.csv,Normal,Normal,True
XGB_top75,23,Train143.csv,Normal,Normal,True
XGB_top75,23,Train146.csv,Normal,Normal,True
XGB_top75,23,Train157.csv,Normal,Normal,True
XGB_top75,23,Train163.csv,Side I,Side I,True
XGB_top75,23,Train168.csv,Normal,Normal,True
XGB_top75,23,Train171.csv,Normal,Normal,True
XGB_top75,23,Train179.csv,Side II,Side II,True
XGB_top75,23,Train182.csv,Normal,Normal,True
XGB_top75,23,Train183.csv,Normal,Normal,True
XGB_top75,23,Train187.csv,Normal,Normal,True
XGB_top75,23,Train189.csv,Normal,Normal,True
XGB_top75,23,Train192.csv,Normal,Normal,True
XGB_top75,23,Train193.csv,Normal,Normal,True
XGB_top75,23,Train196.csv,Normal,Normal,True
XGB_top75,23,Train198.csv,Side II,Side II,True
XGB_top75,23,Train201.csv,Normal,Normal,True
XGB_top75,23,Train205.csv,Normal,Normal,True
XGB_top75,23,Train206.csv,Normal,Normal,True
XGB_top75,23,Train212.csv,Normal,Normal,True
XGB_top75,23,Train215.csv,Normal,Normal,True
XGB_top75,23,Train227.csv,Normal,Normal,True
XGB_top75,23,Train228.csv,Normal,Normal,True
XGB_top75,23,Train230.csv,Normal,Normal,True
XGB_top75,23,Train237.csv,Normal,Normal,True
XGB_top75,23,Train240.csv,Side II,Normal,False
XGB_top75,23,Train243.csv,Normal,Normal,True
XGB_top75,23,Train246.csv,Normal,Normal,True
XGB_top75,23,Train249.csv,Normal,Normal,True
XGB_top75,23,Train252.csv,Normal,Normal,True
XGB_top75,23,Train261.csv,Normal,Normal,True
XGB_top75,24,Train8.csv,Normal,Normal,True
XGB_top75,24,Train13.csv,Normal,Normal,True
XGB_top75,24,Train14.csv,Normal,Normal,True
XGB_top75,24,Train15.csv,Normal,Normal,True
XGB_top75,24,Train16.csv,Normal,Normal,True
XGB_top75,24,Train20.csv,Normal,Normal,True
XGB_top75,24,Train26.csv,Side II,Side II,True
XGB_top75,24,Train27.csv,Normal,Normal,True
XGB_top75,24,Train34.csv,Normal,Normal,True
XGB_top75,24,Train36.csv,Normal,Normal,True
XGB_top75,24,Train38.csv,Normal,Normal,True
XGB_top75,24,Train44.csv,Normal,Normal,True
XGB_top75,24,Train45.csv,Normal,Normal,True
XGB_top75,24,Train47.csv,Normal,Normal,True
XGB_top75,24,Train50.csv,Normal,Normal,True
XGB_top75,24,Train53.csv,Side II,Side II,True
XGB_top75,24,Train55.csv,Normal,Normal,True
XGB_top75,24,Train57.csv,Normal,Normal,True
XGB_top75,24,Train58.csv,Normal,Normal,True
XGB_top75,24,Train66.csv,Normal,Normal,True
XGB_top75,24,Train68.csv,Normal,Normal,True
XGB_top75,24,Train75.csv,Normal,Normal,True
XGB_top75,24,Train76.csv,Normal,Normal,True
XGB_top75,24,Train85.csv,Normal,Normal,True
XGB_top75,24,Train91.csv,Normal,Normal,True
XGB_top75,24,Train103.csv,Side II,Side II,True
XGB_top75,24,Train108.csv,Normal,Normal,True
XGB_top75,24,Train114.csv,Normal,Normal,True
XGB_top75,24,Train117.csv,Normal,Normal,True
XGB_top75,24,Train121.csv,Side I,Side I,True
XGB_top75,24,Train128.csv,Normal,Normal,True
XGB_top75,24,Train130.csv,Normal,Normal,True
XGB_top75,24,Train151.csv,Normal,Normal,True
XGB_top75,24,Train153.csv,Normal,Normal,True
XGB_top75,24,Train155.csv,Normal,Normal,True
XGB_top75,24,Train158.csv,Normal,Normal,True
XGB_top75,24,Train159.csv,Normal,Normal,True
XGB_top75,24,Train166.csv,Normal,Normal,True
XGB_top75,24,Train169.csv,Normal,Normal,True
XGB_top75,24,Train172.csv,Normal,Normal,True
XGB_top75,24,Train174.csv,Normal,Normal,True
XGB_top75,24,Train180.csv,Side I,Side I,True
XGB_top75,24,Train194.csv,Side I,Side I,True
XGB_top75,24,Train207.csv,Side II,Side II,True
XGB_top75,24,Train220.csv,Normal,Normal,True
XGB_top75,24,Train231.csv,Normal,Normal,True
XGB_top75,24,Train241.csv,Normal,Normal,True
XGB_top75,24,Train242.csv,Normal,Normal,True
XGB_top75,24,Train245.csv,Normal,Normal,True
XGB_top75,24,Train259.csv,Normal,Normal,True
XGB_top75,24,Train262.csv,Normal,Normal,True
XGB_top75,24,Train266.csv,Normal,Normal,True
XGB_top75,24,Train268.csv,Normal,Normal,True
XGB_top75,24,Train272.csv,Normal,Normal,True
XGB_top75,25,Train17.csv,Normal,Normal,True
XGB_top75,25,Train18.csv,Normal,Normal,True
XGB_top75,25,Train21.csv,Normal,Normal,True
XGB_top75,25,Train23.csv,Normal,Normal,True
XGB_top75,25,Train25.csv,Normal,Normal,True
XGB_top75,25,Train31.csv,Normal,Normal,True
XGB_top75,25,Train32.csv,Normal,Normal,True
XGB_top75,25,Train35.csv,Normal,Normal,True
XGB_top75,25,Train37.csv,Normal,Normal,True
XGB_top75,25,Train39.csv,Normal,Normal,True
XGB_top75,25,Train46.csv,Normal,Normal,True
XGB_top75,25,Train62.csv,Side I,Normal,False
XGB_top75,25,Train65.csv,Normal,Normal,True
XGB_top75,25,Train71.csv,Normal,Normal,True
XGB_top75,25,Train72.csv,Side II,Side II,True
XGB_top75,25,Train84.csv,Normal,Normal,True
XGB_top75,25,Train89.csv,Normal,Normal,True
XGB_top75,25,Train104.csv,Side II,Side II,True
XGB_top75,25,Train106.csv,Side I,Side I,True
XGB_top75,25,Train111.csv,Side II,Side II,True
XGB_top75,25,Train115.csv,Normal,Normal,True
XGB_top75,25,Train125.csv,Normal,Normal,True
XGB_top75,25,Train129.csv,Normal,Normal,True
XGB_top75,25,Train132.csv,Normal,Normal,True
XGB_top75,25,Train141.csv,Normal,Normal,True
XGB_top75,25,Train142.csv,Normal,Normal,True
XGB_top75,25,Train145.csv,Normal,Normal,True
XGB_top75,25,Train149.csv,Normal,Normal,True
XGB_top75,25,Train161.csv,Normal,Normal,True
XGB_top75,25,Train175.csv,Normal,Normal,True
XGB_top75,25,Train195.csv,Normal,Normal,True
XGB_top75,25,Train200.csv,Normal,Normal,True
XGB_top75,25,Train202.csv,Side I,Normal,False
XGB_top75,25,Train203.csv,Normal,Normal,True
XGB_top75,25,Train204.csv,Normal,Normal,True
XGB_top75,25,Train210.csv,Normal,Normal,True
XGB_top75,25,Train214.csv,Normal,Normal,True
XGB_top75,25,Train216.csv,Side II,Normal,False
XGB_top75,25,Train218.csv,Normal,Normal,True
XGB_top75,25,Train226.csv,Normal,Normal,True
XGB_top75,25,Train229.csv,Normal,Normal,True
XGB_top75,25,Train234.csv,Normal,Normal,True
XGB_top75,25,Train235.csv,Normal,Normal,True
XGB_top75,25,Train236.csv,Normal,Normal,True
XGB_top75,25,Train238.csv,Normal,Normal,True
XGB_top75,25,Train247.csv,Normal,Normal,True
XGB_top75,25,Train248.csv,Side II,Side II,True
XGB_top75,25,Train250.csv,Normal,Normal,True
XGB_top75,25,Train257.csv,Normal,Normal,True
XGB_top75,25,Train258.csv,Normal,Normal,True
XGB_top75,25,Train260.csv,Normal,Normal,True
XGB_top75,25,Train264.csv,Normal,Normal,True
XGB_top75,25,Train269.csv,Normal,Normal,True
XGB_top75,25,Train270.csv,Normal,Normal,True
XGB_top100,1,Train5.csv,Normal,Normal,True
XGB_top100,1,Train11.csv,Normal,Normal,True
XGB_top100,1,Train12.csv,Side II,Side II,True
XGB_top100,1,Train16.csv,Normal,Normal,True
XGB_top100,1,Train19.csv,Normal,Normal,True
XGB_top100,1,Train22.csv,Normal,Normal,True
XGB_top100,1,Train24.csv,Normal,Normal,True
XGB_top100,1,Train26.csv,Side II,Side II,True
XGB_top100,1,Train29.csv,Normal,Normal,True
XGB_top100,1,Train30.csv,Side II,Normal,False
XGB_top100,1,Train34.csv,Normal,Normal,True
XGB_top100,1,Train37.csv,Normal,Normal,True
XGB_top100,1,Train42.csv,Normal,Normal,True
XGB_top100,1,Train66.csv,Normal,Normal,True
XGB_top100,1,Train78.csv,Normal,Normal,True
XGB_top100,1,Train82.csv,Normal,Normal,True
XGB_top100,1,Train92.csv,Normal,Normal,True
XGB_top100,1,Train94.csv,Normal,Normal,True
XGB_top100,1,Train95.csv,Normal,Normal,True
XGB_top100,1,Train96.csv,Normal,Normal,True
XGB_top100,1,Train97.csv,Normal,Normal,True
XGB_top100,1,Train100.csv,Side I,Side II,False
XGB_top100,1,Train109.csv,Normal,Normal,True
XGB_top100,1,Train115.csv,Normal,Normal,True
XGB_top100,1,Train119.csv,Normal,Normal,True
XGB_top100,1,Train120.csv,Normal,Normal,True
XGB_top100,1,Train123.csv,Normal,Side I,False
XGB_top100,1,Train134.csv,Normal,Normal,True
XGB_top100,1,Train138.csv,Normal,Normal,True
XGB_top100,1,Train142.csv,Normal,Normal,True
XGB_top100,1,Train143.csv,Normal,Normal,True
XGB_top100,1,Train146.csv,Normal,Normal,True
XGB_top100,1,Train147.csv,Normal,Normal,True
XGB_top100,1,Train149.csv,Normal,Normal,True
XGB_top100,1,Train152.csv,Normal,Normal,True
XGB_top100,1,Train161.csv,Normal,Normal,True
XGB_top100,1,Train165.csv,Normal,Normal,True
XGB_top100,1,Train167.csv,Normal,Normal,True
XGB_top100,1,Train172.csv,Normal,Normal,True
XGB_top100,1,Train177.csv,Normal,Side I,False
XGB_top100,1,Train180.csv,Side I,Normal,False
XGB_top100,1,Train182.csv,Normal,Normal,True
XGB_top100,1,Train185.csv,Side I,Normal,False
XGB_top100,1,Train195.csv,Normal,Normal,True
XGB_top100,1,Train196.csv,Normal,Normal,True
XGB_top100,1,Train198.csv,Side II,Side II,True
XGB_top100,1,Train206.csv,Normal,Normal,True
XGB_top100,1,Train208.csv,Normal,Normal,True
XGB_top100,1,Train212.csv,Normal,Normal,True
XGB_top100,1,Train216.csv,Side II,Normal,False
XGB_top100,1,Train236.csv,Normal,Normal,True
XGB_top100,1,Train244.csv,Normal,Normal,True
XGB_top100,1,Train247.csv,Normal,Normal,True
XGB_top100,1,Train263.csv,Normal,Normal,True
XGB_top100,1,Train269.csv,Normal,Normal,True
XGB_top100,2,Train1.csv,Normal,Normal,True
XGB_top100,2,Train9.csv,Normal,Normal,True
XGB_top100,2,Train14.csv,Normal,Normal,True
XGB_top100,2,Train31.csv,Normal,Normal,True
XGB_top100,2,Train33.csv,Normal,Normal,True
XGB_top100,2,Train36.csv,Normal,Normal,True
XGB_top100,2,Train43.csv,Side II,Side I,False
XGB_top100,2,Train49.csv,Normal,Normal,True
XGB_top100,2,Train52.csv,Normal,Normal,True
XGB_top100,2,Train53.csv,Side II,Side II,True
XGB_top100,2,Train65.csv,Normal,Normal,True
XGB_top100,2,Train73.csv,Normal,Normal,True
XGB_top100,2,Train76.csv,Normal,Normal,True
XGB_top100,2,Train77.csv,Normal,Normal,True
XGB_top100,2,Train81.csv,Normal,Normal,True
XGB_top100,2,Train84.csv,Normal,Normal,True
XGB_top100,2,Train88.csv,Normal,Normal,True
XGB_top100,2,Train102.csv,Normal,Normal,True
XGB_top100,2,Train108.csv,Normal,Normal,True
XGB_top100,2,Train113.csv,Normal,Normal,True
XGB_top100,2,Train121.csv,Side I,Normal,False
XGB_top100,2,Train122.csv,Normal,Normal,True
XGB_top100,2,Train129.csv,Normal,Normal,True
XGB_top100,2,Train130.csv,Normal,Normal,True
XGB_top100,2,Train136.csv,Normal,Normal,True
XGB_top100,2,Train150.csv,Side I,Side I,True
XGB_top100,2,Train154.csv,Normal,Normal,True
XGB_top100,2,Train158.csv,Normal,Normal,True
XGB_top100,2,Train160.csv,Normal,Normal,True
XGB_top100,2,Train171.csv,Normal,Normal,True
XGB_top100,2,Train174.csv,Normal,Normal,True
XGB_top100,2,Train184.csv,Normal,Normal,True
XGB_top100,2,Train191.csv,Normal,Normal,True
XGB_top100,2,Train193.csv,Normal,Normal,True
XGB_top100,2,Train194.csv,Side I,Side II,False
XGB_top100,2,Train200.csv,Normal,Normal,True
XGB_top100,2,Train201.csv,Normal,Normal,True
XGB_top100,2,Train205.csv,Normal,Normal,True
XGB_top100,2,Train207.csv,Side II,Side II,True
XGB_top100,2,Train209.csv,Normal,Normal,True
XGB_top100,2,Train215.csv,Normal,Normal,True
XGB_top100,2,Train217.csv,Side II,Side I,False
XGB_top100,2,Train222.csv,Normal,Normal,True
XGB_top100,2,Train223.csv,Normal,Normal,True
XGB_top100,2,Train225.csv,Normal,Normal,True
XGB_top100,2,Train233.csv,Normal,Normal,True
XGB_top100,2,Train234.csv,Normal,Normal,True
XGB_top100,2,Train235.csv,Normal,Normal,True
XGB_top100,2,Train237.csv,Normal,Normal,True
XGB_top100,2,Train248.csv,Side II,Side II,True
XGB_top100,2,Train249.csv,Normal,Normal,True
XGB_top100,2,Train256.csv,Normal,Normal,True
XGB_top100,2,Train258.csv,Normal,Normal,True
XGB_top100,2,Train266.csv,Normal,Normal,True
XGB_top100,2,Train270.csv,Normal,Normal,True
XGB_top100,3,Train2.csv,Side II,Side II,True
XGB_top100,3,Train6.csv,Normal,Normal,True
XGB_top100,3,Train7.csv,Normal,Normal,True
XGB_top100,3,Train20.csv,Normal,Normal,True
XGB_top100,3,Train25.csv,Normal,Normal,True
XGB_top100,3,Train38.csv,Normal,Normal,True
XGB_top100,3,Train39.csv,Normal,Normal,True
XGB_top100,3,Train48.csv,Normal,Normal,True
XGB_top100,3,Train54.csv,Normal,Normal,True
XGB_top100,3,Train61.csv,Normal,Normal,True
XGB_top100,3,Train63.csv,Normal,Normal,True
XGB_top100,3,Train67.csv,Normal,Normal,True
XGB_top100,3,Train70.csv,Normal,Normal,True
XGB_top100,3,Train72.csv,Side II,Side II,True
XGB_top100,3,Train75.csv,Normal,Normal,True
XGB_top100,3,Train79.csv,Normal,Normal,True
XGB_top100,3,Train80.csv,Normal,Normal,True
XGB_top100,3,Train83.csv,Side I,Side I,True
XGB_top100,3,Train85.csv,Normal,Normal,True
XGB_top100,3,Train89.csv,Normal,Normal,True
XGB_top100,3,Train91.csv,Normal,Normal,True
XGB_top100,3,Train98.csv,Normal,Normal,True
XGB_top100,3,Train99.csv,Normal,Normal,True
XGB_top100,3,Train104.csv,Side II,Side II,True
XGB_top100,3,Train110.csv,Normal,Normal,True
XGB_top100,3,Train114.csv,Normal,Normal,True
XGB_top100,3,Train124.csv,Normal,Normal,True
XGB_top100,3,Train125.csv,Normal,Normal,True
XGB_top100,3,Train126.csv,Normal,Normal,True
XGB_top100,3,Train127.csv,Side II,Side II,True
XGB_top100,3,Train133.csv,Normal,Normal,True
XGB_top100,3,Train135.csv,Normal,Normal,True
XGB_top100,3,Train139.csv,Normal,Normal,True
XGB_top100,3,Train141.csv,Normal,Normal,True
XGB_top100,3,Train151.csv,Normal,Normal,True
XGB_top100,3,Train155.csv,Normal,Normal,True
XGB_top100,3,Train163.csv,Side I,Side I,True
XGB_top100,3,Train164.csv,Side II,Side II,True
XGB_top100,3,Train166.csv,Normal,Normal,True
XGB_top100,3,Train175.csv,Normal,Normal,True
XGB_top100,3,Train183.csv,Normal,Normal,True
XGB_top100,3,Train186.csv,Normal,Normal,True
XGB_top100,3,Train197.csv,Normal,Normal,True
XGB_top100,3,Train211.csv,Normal,Normal,True
XGB_top100,3,Train219.csv,Normal,Normal,True
XGB_top100,3,Train224.csv,Normal,Normal,True
XGB_top100,3,Train243.csv,Normal,Normal,True
XGB_top100,3,Train251.csv,Normal,Side II,False
XGB_top100,3,Train253.csv,Normal,Normal,True
XGB_top100,3,Train254.csv,Normal,Normal,True
XGB_top100,3,Train255.csv,Normal,Normal,True
XGB_top100,3,Train261.csv,Normal,Normal,True
XGB_top100,3,Train268.csv,Normal,Normal,True
XGB_top100,3,Train272.csv,Normal,Normal,True
XGB_top100,4,Train4.csv,Normal,Normal,True
XGB_top100,4,Train18.csv,Normal,Normal,True
XGB_top100,4,Train27.csv,Normal,Normal,True
XGB_top100,4,Train32.csv,Normal,Normal,True
XGB_top100,4,Train35.csv,Normal,Normal,True
XGB_top100,4,Train40.csv,Normal,Normal,True
XGB_top100,4,Train41.csv,Normal,Normal,True
XGB_top100,4,Train44.csv,Normal,Normal,True
XGB_top100,4,Train45.csv,Normal,Normal,True
XGB_top100,4,Train46.csv,Normal,Normal,True
XGB_top100,4,Train55.csv,Normal,Normal,True
XGB_top100,4,Train56.csv,Normal,Normal,True
XGB_top100,4,Train57.csv,Normal,Normal,True
XGB_top100,4,Train59.csv,Normal,Normal,True
XGB_top100,4,Train64.csv,Normal,Normal,True
XGB_top100,4,Train68.csv,Normal,Normal,True
XGB_top100,4,Train69.csv,Normal,Normal,True
XGB_top100,4,Train86.csv,Normal,Normal,True
XGB_top100,4,Train87.csv,Normal,Normal,True
XGB_top100,4,Train93.csv,Side II,Side II,True
XGB_top100,4,Train103.csv,Side II,Side II,True
XGB_top100,4,Train105.csv,Normal,Normal,True
XGB_top100,4,Train107.csv,Normal,Normal,True
XGB_top100,4,Train112.csv,Normal,Normal,True
XGB_top100,4,Train116.csv,Normal,Normal,True
XGB_top100,4,Train118.csv,Normal,Normal,True
XGB_top100,4,Train128.csv,Normal,Normal,True
XGB_top100,4,Train131.csv,Normal,Normal,True
XGB_top100,4,Train132.csv,Normal,Normal,True
XGB_top100,4,Train145.csv,Normal,Normal,True
XGB_top100,4,Train148.csv,Normal,Normal,True
XGB_top100,4,Train153.csv,Normal,Normal,True
XGB_top100,4,Train157.csv,Normal,Normal,True
XGB_top100,4,Train159.csv,Normal,Normal,True
XGB_top100,4,Train162.csv,Normal,Normal,True
XGB_top100,4,Train168.csv,Normal,Normal,True
XGB_top100,4,Train170.csv,Side I,Normal,False
XGB_top100,4,Train176.csv,Normal,Normal,True
XGB_top100,4,Train178.csv,Normal,Normal,True
XGB_top100,4,Train181.csv,Normal,Normal,True
XGB_top100,4,Train188.csv,Side II,Side II,True
XGB_top100,4,Train192.csv,Normal,Normal,True
XGB_top100,4,Train202.csv,Side I,Normal,False
XGB_top100,4,Train213.csv,Side I,Side I,True
XGB_top100,4,Train214.csv,Normal,Normal,True
XGB_top100,4,Train227.csv,Normal,Normal,True
XGB_top100,4,Train232.csv,Normal,Normal,True
XGB_top100,4,Train238.csv,Normal,Normal,True
XGB_top100,4,Train241.csv,Normal,Normal,True
XGB_top100,4,Train245.csv,Normal,Normal,True
XGB_top100,4,Train250.csv,Normal,Normal,True
XGB_top100,4,Train252.csv,Normal,Normal,True
XGB_top100,4,Train267.csv,Side II,Side II,True
XGB_top100,4,Train271.csv,Normal,Normal,True
XGB_top100,5,Train3.csv,Normal,Normal,True
XGB_top100,5,Train8.csv,Normal,Normal,True
XGB_top100,5,Train10.csv,Normal,Normal,True
XGB_top100,5,Train13.csv,Normal,Normal,True
XGB_top100,5,Train15.csv,Normal,Normal,True
XGB_top100,5,Train17.csv,Normal,Normal,True
XGB_top100,5,Train21.csv,Normal,Normal,True
XGB_top100,5,Train23.csv,Normal,Normal,True
XGB_top100,5,Train28.csv,Normal,Normal,True
XGB_top100,5,Train47.csv,Normal,Normal,True
XGB_top100,5,Train50.csv,Normal,Normal,True
XGB_top100,5,Train51.csv,Normal,Normal,True
XGB_top100,5,Train58.csv,Normal,Normal,True
XGB_top100,5,Train60.csv,Normal,Normal,True
XGB_top100,5,Train62.csv,Side I,Normal,False
XGB_top100,5,Train71.csv,Normal,Normal,True
XGB_top100,5,Train74.csv,Normal,Normal,True
XGB_top100,5,Train90.csv,Normal,Normal,True
XGB_top100,5,Train101.csv,Normal,Normal,True
XGB_top100,5,Train106.csv,Side I,Normal,False
XGB_top100,5,Train111.csv,Side II,Side II,True
XGB_top100,5,Train117.csv,Normal,Normal,True
XGB_top100,5,Train137.csv,Side I,Side I,True
XGB_top100,5,Train140.csv,Normal,Normal,True
XGB_top100,5,Train144.csv,Normal,Normal,True
XGB_top100,5,Train156.csv,Normal,Normal,True
XGB_top100,5,Train169.csv,Normal,Normal,True
XGB_top100,5,Train173.csv,Normal,Normal,True
XGB_top100,5,Train179.csv,Side II,Side II,True
XGB_top100,5,Train187.csv,Normal,Normal,True
XGB_top100,5,Train189.csv,Normal,Normal,True
XGB_top100,5,Train190.csv,Normal,Normal,True
XGB_top100,5,Train199.csv,Side II,Side II,True
XGB_top100,5,Train203.csv,Normal,Normal,True
XGB_top100,5,Train204.csv,Normal,Normal,True
XGB_top100,5,Train210.csv,Normal,Normal,True
XGB_top100,5,Train218.csv,Normal,Normal,True
XGB_top100,5,Train220.csv,Normal,Normal,True
XGB_top100,5,Train221.csv,Normal,Normal,True
XGB_top100,5,Train226.csv,Normal,Normal,True
XGB_top100,5,Train228.csv,Normal,Normal,True
XGB_top100,5,Train229.csv,Normal,Normal,True
XGB_top100,5,Train230.csv,Normal,Normal,True
XGB_top100,5,Train231.csv,Normal,Normal,True
XGB_top100,5,Train239.csv,Normal,Normal,True
XGB_top100,5,Train240.csv,Side II,Side II,True
XGB_top100,5,Train242.csv,Normal,Normal,True
XGB_top100,5,Train246.csv,Normal,Normal,True
XGB_top100,5,Train257.csv,Normal,Normal,True
XGB_top100,5,Train259.csv,Normal,Normal,True
XGB_top100,5,Train260.csv,Normal,Normal,True
XGB_top100,5,Train262.csv,Normal,Normal,True
XGB_top100,5,Train264.csv,Normal,Normal,True
XGB_top100,5,Train265.csv,Side II,Side I,False
XGB_top100,6,Train5.csv,Normal,Normal,True
XGB_top100,6,Train17.csv,Normal,Normal,True
XGB_top100,6,Train24.csv,Normal,Normal,True
XGB_top100,6,Train25.csv,Normal,Normal,True
XGB_top100,6,Train28.csv,Normal,Normal,True
XGB_top100,6,Train29.csv,Normal,Normal,True
XGB_top100,6,Train30.csv,Side II,Normal,False
XGB_top100,6,Train55.csv,Normal,Normal,True
XGB_top100,6,Train56.csv,Normal,Normal,True
XGB_top100,6,Train70.csv,Normal,Normal,True
XGB_top100,6,Train75.csv,Normal,Normal,True
XGB_top100,6,Train76.csv,Normal,Normal,True
XGB_top100,6,Train78.csv,Normal,Normal,True
XGB_top100,6,Train86.csv,Normal,Normal,True
XGB_top100,6,Train91.csv,Normal,Normal,True
XGB_top100,6,Train94.csv,Normal,Normal,True
XGB_top100,6,Train97.csv,Normal,Normal,True
XGB_top100,6,Train106.csv,Side I,Side I,True
XGB_top100,6,Train109.csv,Normal,Normal,True
XGB_top100,6,Train111.csv,Side II,Side II,True
XGB_top100,6,Train131.csv,Normal,Normal,True
XGB_top100,6,Train135.csv,Normal,Normal,True
XGB_top100,6,Train136.csv,Normal,Normal,True
XGB_top100,6,Train141.csv,Normal,Normal,True
XGB_top100,6,Train142.csv,Normal,Normal,True
XGB_top100,6,Train143.csv,Normal,Normal,True
XGB_top100,6,Train145.csv,Normal,Normal,True
XGB_top100,6,Train148.csv,Normal,Normal,True
XGB_top100,6,Train152.csv,Normal,Normal,True
XGB_top100,6,Train153.csv,Normal,Normal,True
XGB_top100,6,Train154.csv,Normal,Normal,True
XGB_top100,6,Train160.csv,Normal,Normal,True
XGB_top100,6,Train169.csv,Normal,Normal,True
XGB_top100,6,Train171.csv,Normal,Normal,True
XGB_top100,6,Train181.csv,Normal,Normal,True
XGB_top100,6,Train182.csv,Normal,Normal,True
XGB_top100,6,Train185.csv,Side I,Normal,False
XGB_top100,6,Train186.csv,Normal,Normal,True
XGB_top100,6,Train189.csv,Normal,Normal,True
XGB_top100,6,Train191.csv,Normal,Normal,True
XGB_top100,6,Train193.csv,Normal,Normal,True
XGB_top100,6,Train194.csv,Side I,Side I,True
XGB_top100,6,Train195.csv,Normal,Normal,True
XGB_top100,6,Train203.csv,Normal,Normal,True
XGB_top100,6,Train205.csv,Normal,Normal,True
XGB_top100,6,Train209.csv,Normal,Normal,True
XGB_top100,6,Train210.csv,Normal,Normal,True
XGB_top100,6,Train214.csv,Normal,Normal,True
XGB_top100,6,Train216.csv,Side II,Normal,False
XGB_top100,6,Train217.csv,Side II,Side I,False
XGB_top100,6,Train218.csv,Normal,Normal,True
XGB_top100,6,Train230.csv,Normal,Normal,True
XGB_top100,6,Train232.csv,Normal,Normal,True
XGB_top100,6,Train248.csv,Side II,Side II,True
XGB_top100,6,Train272.csv,Normal,Normal,True
XGB_top100,7,Train3.csv,Normal,Normal,True
XGB_top100,7,Train6.csv,Normal,Normal,True
XGB_top100,7,Train14.csv,Normal,Normal,True
XGB_top100,7,Train15.csv,Normal,Normal,True
XGB_top100,7,Train16.csv,Normal,Normal,True
XGB_top100,7,Train18.csv,Normal,Normal,True
XGB_top100,7,Train20.csv,Normal,Normal,True
XGB_top100,7,Train21.csv,Normal,Normal,True
XGB_top100,7,Train26.csv,Side II,Side II,True
XGB_top100,7,Train32.csv,Normal,Normal,True
XGB_top100,7,Train34.csv,Normal,Normal,True
XGB_top100,7,Train39.csv,Normal,Normal,True
XGB_top100,7,Train41.csv,Normal,Normal,True
XGB_top100,7,Train43.csv,Side II,Side II,True
XGB_top100,7,Train44.csv,Normal,Normal,True
XGB_top100,7,Train45.csv,Normal,Normal,True
XGB_top100,7,Train60.csv,Normal,Side II,False
XGB_top100,7,Train62.csv,Side I,Normal,False
XGB_top100,7,Train63.csv,Normal,Normal,True
XGB_top100,7,Train72.csv,Side II,Side II,True
XGB_top100,7,Train74.csv,Normal,Normal,True
XGB_top100,7,Train80.csv,Normal,Normal,True
XGB_top100,7,Train82.csv,Normal,Normal,True
XGB_top100,7,Train92.csv,Normal,Normal,True
XGB_top100,7,Train98.csv,Normal,Normal,True
XGB_top100,7,Train99.csv,Normal,Normal,True
XGB_top100,7,Train108.csv,Normal,Normal,True
XGB_top100,7,Train110.csv,Normal,Normal,True
XGB_top100,7,Train117.csv,Normal,Normal,True
XGB_top100,7,Train124.csv,Normal,Normal,True
XGB_top100,7,Train128.csv,Normal,Normal,True
XGB_top100,7,Train130.csv,Normal,Normal,True
XGB_top100,7,Train132.csv,Normal,Normal,True
XGB_top100,7,Train134.csv,Normal,Normal,True
XGB_top100,7,Train137.csv,Side I,Side I,True
XGB_top100,7,Train140.csv,Normal,Normal,True
XGB_top100,7,Train144.csv,Normal,Normal,True
XGB_top100,7,Train147.csv,Normal,Normal,True
XGB_top100,7,Train149.csv,Normal,Normal,True
XGB_top100,7,Train159.csv,Normal,Normal,True
XGB_top100,7,Train163.csv,Side I,Side I,True
XGB_top100,7,Train167.csv,Normal,Normal,True
XGB_top100,7,Train173.csv,Normal,Normal,True
XGB_top100,7,Train192.csv,Normal,Normal,True
XGB_top100,7,Train198.csv,Side II,Side II,True
XGB_top100,7,Train199.csv,Side II,Side II,True
XGB_top100,7,Train200.csv,Normal,Normal,True
XGB_top100,7,Train211.csv,Normal,Normal,True
XGB_top100,7,Train233.csv,Normal,Normal,True
XGB_top100,7,Train241.csv,Normal,Normal,True
XGB_top100,7,Train245.csv,Normal,Normal,True
XGB_top100,7,Train250.csv,Normal,Normal,True
XGB_top100,7,Train256.csv,Normal,Normal,True
XGB_top100,7,Train261.csv,Normal,Normal,True
XGB_top100,7,Train268.csv,Normal,Normal,True
XGB_top100,8,Train1.csv,Normal,Normal,True
XGB_top100,8,Train8.csv,Normal,Normal,True
XGB_top100,8,Train23.csv,Normal,Normal,True
XGB_top100,8,Train36.csv,Normal,Normal,True
XGB_top100,8,Train47.csv,Normal,Normal,True
XGB_top100,8,Train49.csv,Normal,Normal,True
XGB_top100,8,Train52.csv,Normal,Normal,True
XGB_top100,8,Train57.csv,Normal,Normal,True
XGB_top100,8,Train59.csv,Normal,Normal,True
XGB_top100,8,Train66.csv,Normal,Normal,True
XGB_top100,8,Train79.csv,Normal,Normal,True
XGB_top100,8,Train81.csv,Normal,Normal,True
XGB_top100,8,Train83.csv,Side I,Side I,True
XGB_top100,8,Train84.csv,Normal,Normal,True
XGB_top100,8,Train85.csv,Normal,Normal,True
XGB_top100,8,Train88.csv,Normal,Normal,True
XGB_top100,8,Train90.csv,Normal,Normal,True
XGB_top100,8,Train101.csv,Normal,Normal,True
XGB_top100,8,Train102.csv,Normal,Normal,True
XGB_top100,8,Train103.csv,Side II,Side II,True
XGB_top100,8,Train113.csv,Normal,Normal,True
XGB_top100,8,Train114.csv,Normal,Normal,True
XGB_top100,8,Train118.csv,Normal,Normal,True
XGB_top100,8,Train123.csv,Normal,Side I,False
XGB_top100,8,Train126.csv,Normal,Normal,True
XGB_top100,8,Train127.csv,Side II,Side II,True
XGB_top100,8,Train129.csv,Normal,Normal,True
XGB_top100,8,Train146.csv,Normal,Normal,True
XGB_top100,8,Train157.csv,Normal,Normal,True
XGB_top100,8,Train158.csv,Normal,Normal,True
XGB_top100,8,Train161.csv,Normal,Normal,True
XGB_top100,8,Train164.csv,Side II,Side I,False
XGB_top100,8,Train170.csv,Side I,Normal,False
XGB_top100,8,Train176.csv,Normal,Normal,True
XGB_top100,8,Train183.csv,Normal,Normal,True
XGB_top100,8,Train187.csv,Normal,Normal,True
XGB_top100,8,Train201.csv,Normal,Normal,True
XGB_top100,8,Train204.csv,Normal,Normal,True
XGB_top100,8,Train212.csv,Normal,Normal,True
XGB_top100,8,Train219.csv,Normal,Normal,True
XGB_top100,8,Train220.csv,Normal,Normal,True
XGB_top100,8,Train225.csv,Normal,Normal,True
XGB_top100,8,Train226.csv,Normal,Normal,True
XGB_top100,8,Train240.csv,Side II,Side II,True
XGB_top100,8,Train242.csv,Normal,Normal,True
XGB_top100,8,Train243.csv,Normal,Normal,True
XGB_top100,8,Train249.csv,Normal,Normal,True
XGB_top100,8,Train251.csv,Normal,Side II,False
XGB_top100,8,Train255.csv,Normal,Side I,False
XGB_top100,8,Train257.csv,Normal,Normal,True
XGB_top100,8,Train260.csv,Normal,Normal,True
XGB_top100,8,Train264.csv,Normal,Normal,True
XGB_top100,8,Train265.csv,Side II,Side I,False
XGB_top100,8,Train270.csv,Normal,Normal,True
XGB_top100,9,Train2.csv,Side II,Normal,False
XGB_top100,9,Train4.csv,Normal,Normal,True
XGB_top100,9,Train7.csv,Normal,Normal,True
XGB_top100,9,Train9.csv,Normal,Normal,True
XGB_top100,9,Train10.csv,Normal,Normal,True
XGB_top100,9,Train11.csv,Normal,Normal,True
XGB_top100,9,Train13.csv,Normal,Normal,True
XGB_top100,9,Train19.csv,Normal,Normal,True
XGB_top100,9,Train22.csv,Normal,Normal,True
XGB_top100,9,Train33.csv,Normal,Normal,True
XGB_top100,9,Train35.csv,Normal,Normal,True
XGB_top100,9,Train37.csv,Normal,Normal,True
XGB_top100,9,Train38.csv,Normal,Normal,True
XGB_top100,9,Train40.csv,Normal,Normal,True
XGB_top100,9,Train42.csv,Normal,Normal,True
XGB_top100,9,Train46.csv,Normal,Normal,True
XGB_top100,9,Train51.csv,Normal,Normal,True
XGB_top100,9,Train53.csv,Side II,Side II,True
XGB_top100,9,Train58.csv,Normal,Normal,True
XGB_top100,9,Train61.csv,Normal,Normal,True
XGB_top100,9,Train64.csv,Normal,Normal,True
XGB_top100,9,Train67.csv,Normal,Normal,True
XGB_top100,9,Train87.csv,Normal,Normal,True
XGB_top100,9,Train89.csv,Normal,Normal,True
XGB_top100,9,Train93.csv,Side II,Side II,True
XGB_top100,9,Train100.csv,Side I,Side II,False
XGB_top100,9,Train116.csv,Normal,Normal,True
XGB_top100,9,Train122.csv,Normal,Normal,True
XGB_top100,9,Train133.csv,Normal,Normal,True
XGB_top100,9,Train139.csv,Normal,Normal,True
XGB_top100,9,Train155.csv,Normal,Normal,True
XGB_top100,9,Train156.csv,Normal,Normal,True
XGB_top100,9,Train162.csv,Normal,Normal,True
XGB_top100,9,Train166.csv,Normal,Normal,True
XGB_top100,9,Train175.csv,Normal,Normal,True
XGB_top100,9,Train180.csv,Side I,Normal,False
XGB_top100,9,Train190.csv,Normal,Normal,True
XGB_top100,9,Train208.csv,Normal,Normal,True
XGB_top100,9,Train213.csv,Side I,Side I,True
XGB_top100,9,Train215.csv,Normal,Normal,True
XGB_top100,9,Train221.csv,Normal,Normal,True
XGB_top100,9,Train224.csv,Normal,Normal,True
XGB_top100,9,Train231.csv,Normal,Normal,True
XGB_top100,9,Train235.csv,Normal,Normal,True
XGB_top100,9,Train237.csv,Normal,Normal,True
XGB_top100,9,Train244.csv,Normal,Normal,True
XGB_top100,9,Train246.csv,Normal,Normal,True
XGB_top100,9,Train252.csv,Normal,Normal,True
XGB_top100,9,Train253.csv,Normal,Normal,True
XGB_top100,9,Train259.csv,Normal,Normal,True
XGB_top100,9,Train262.csv,Normal,Normal,True
XGB_top100,9,Train263.csv,Normal,Normal,True
XGB_top100,9,Train267.csv,Side II,Side II,True
XGB_top100,9,Train269.csv,Normal,Normal,True
XGB_top100,10,Train12.csv,Side II,Side II,True
XGB_top100,10,Train27.csv,Normal,Normal,True
XGB_top100,10,Train31.csv,Normal,Normal,True
XGB_top100,10,Train48.csv,Normal,Normal,True
XGB_top100,10,Train50.csv,Normal,Normal,True
XGB_top100,10,Train54.csv,Normal,Normal,True
XGB_top100,10,Train65.csv,Normal,Normal,True
XGB_top100,10,Train68.csv,Normal,Normal,True
XGB_top100,10,Train69.csv,Normal,Normal,True
XGB_top100,10,Train71.csv,Normal,Normal,True
XGB_top100,10,Train73.csv,Normal,Normal,True
XGB_top100,10,Train77.csv,Normal,Normal,True
XGB_top100,10,Train95.csv,Normal,Normal,True
XGB_top100,10,Train96.csv,Normal,Normal,True
XGB_top100,10,Train104.csv,Side II,Side II,True
XGB_top100,10,Train105.csv,Normal,Normal,True
XGB_top100,10,Train107.csv,Normal,Normal,True
XGB_top100,10,Train112.csv,Normal,Normal,True
XGB_top100,10,Train115.csv,Normal,Normal,True
XGB_top100,10,Train119.csv,Normal,Normal,True
XGB_top100,10,Train120.csv,Normal,Normal,True
XGB_top100,10,Train121.csv,Side I,Normal,False
XGB_top100,10,Train125.csv,Normal,Normal,True
XGB_top100,10,Train138.csv,Normal,Normal,True
XGB_top100,10,Train150.csv,Side I,Side I,True
XGB_top100,10,Train151.csv,Normal,Normal,True
XGB_top100,10,Train165.csv,Normal,Normal,True
XGB_top100,10,Train168.csv,Normal,Normal,True
XGB_top100,10,Train172.csv,Normal,Normal,True
XGB_top100,10,Train174.csv,Normal,Normal,True
XGB_top100,10,Train177.csv,Normal,Side I,False
XGB_top100,10,Train178.csv,Normal,Normal,True
XGB_top100,10,Train179.csv,Side II,Side II,True
XGB_top100,10,Train184.csv,Normal,Normal,True
XGB_top100,10,Train188.csv,Side II,Side II,True
XGB_top100,10,Train196.csv,Normal,Normal,True
XGB_top100,10,Train197.csv,Normal,Normal,True
XGB_top100,10,Train202.csv,Side I,Normal,False
XGB_top100,10,Train206.csv,Normal,Normal,True
XGB_top100,10,Train207.csv,Side II,Side II,True
XGB_top100,10,Train222.csv,Normal,Normal,True
XGB_top100,10,Train223.csv,Normal,Normal,True
XGB_top100,10,Train227.csv,Normal,Normal,True
XGB_top100,10,Train228.csv,Normal,Normal,True
XGB_top100,10,Train229.csv,Normal,Normal,True
XGB_top100,10,Train234.csv,Normal,Normal,True
XGB_top100,10,Train236.csv,Normal,Normal,True
XGB_top100,10,Train238.csv,Normal,Normal,True
XGB_top100,10,Train239.csv,Normal,Normal,True
XGB_top100,10,Train247.csv,Normal,Normal,True
XGB_top100,10,Train254.csv,Normal,Normal,True
XGB_top100,10,Train258.csv,Normal,Normal,True
XGB_top100,10,Train266.csv,Normal,Normal,True
XGB_top100,10,Train271.csv,Normal,Normal,True
XGB_top100,11,Train14.csv,Normal,Normal,True
XGB_top100,11,Train15.csv,Normal,Normal,True
XGB_top100,11,Train25.csv,Normal,Normal,True
XGB_top100,11,Train42.csv,Normal,Normal,True
XGB_top100,11,Train47.csv,Normal,Normal,True
XGB_top100,11,Train49.csv,Normal,Normal,True
XGB_top100,11,Train51.csv,Normal,Normal,True
XGB_top100,11,Train61.csv,Normal,Normal,True
XGB_top100,11,Train63.csv,Normal,Normal,True
XGB_top100,11,Train71.csv,Normal,Normal,True
XGB_top100,11,Train72.csv,Side II,Side II,True
XGB_top100,11,Train73.csv,Normal,Normal,True
XGB_top100,11,Train81.csv,Normal,Normal,True
XGB_top100,11,Train89.csv,Normal,Normal,True
XGB_top100,11,Train91.csv,Normal,Normal,True
XGB_top100,11,Train102.csv,Normal,Normal,True
XGB_top100,11,Train105.csv,Normal,Normal,True
XGB_top100,11,Train109.csv,Normal,Normal,True
XGB_top100,11,Train110.csv,Normal,Normal,True
XGB_top100,11,Train111.csv,Side II,Side II,True
XGB_top100,11,Train112.csv,Normal,Normal,True
XGB_top100,11,Train115.csv,Normal,Normal,True
XGB_top100,11,Train117.csv,Normal,Normal,True
XGB_top100,11,Train128.csv,Normal,Normal,True
XGB_top100,11,Train131.csv,Normal,Normal,True
XGB_top100,11,Train133.csv,Normal,Normal,True
XGB_top100,11,Train135.csv,Normal,Normal,True
XGB_top100,11,Train138.csv,Normal,Normal,True
XGB_top100,11,Train139.csv,Normal,Normal,True
XGB_top100,11,Train148.csv,Normal,Normal,True
XGB_top100,11,Train163.csv,Side I,Side I,True
XGB_top100,11,Train167.csv,Normal,Normal,True
XGB_top100,11,Train176.csv,Normal,Normal,True
XGB_top100,11,Train177.csv,Normal,Side I,False
XGB_top100,11,Train181.csv,Normal,Normal,True
XGB_top100,11,Train184.csv,Normal,Normal,True
XGB_top100,11,Train194.csv,Side I,Side I,True
XGB_top100,11,Train201.csv,Normal,Normal,True
XGB_top100,11,Train202.csv,Side I,Normal,False
XGB_top100,11,Train204.csv,Normal,Normal,True
XGB_top100,11,Train207.csv,Side II,Side II,True
XGB_top100,11,Train212.csv,Normal,Normal,True
XGB_top100,11,Train217.csv,Side II,Side I,False
XGB_top100,11,Train225.csv,Normal,Normal,True
XGB_top100,11,Train226.csv,Normal,Normal,True
XGB_top100,11,Train233.csv,Normal,Normal,True
XGB_top100,11,Train242.csv,Normal,Normal,True
XGB_top100,11,Train243.csv,Normal,Normal,True
XGB_top100,11,Train246.csv,Normal,Normal,True
XGB_top100,11,Train247.csv,Normal,Normal,True
XGB_top100,11,Train251.csv,Normal,Side II,False
XGB_top100,11,Train252.csv,Normal,Normal,True
XGB_top100,11,Train258.csv,Normal,Normal,True
XGB_top100,11,Train265.csv,Side II,Side I,False
XGB_top100,11,Train269.csv,Normal,Normal,True
XGB_top100,12,Train1.csv,Normal,Normal,True
XGB_top100,12,Train4.csv,Normal,Normal,True
XGB_top100,12,Train10.csv,Normal,Normal,True
XGB_top100,12,Train12.csv,Side II,Side II,True
XGB_top100,12,Train17.csv,Normal,Normal,True
XGB_top100,12,Train18.csv,Normal,Normal,True
XGB_top100,12,Train21.csv,Normal,Normal,True
XGB_top100,12,Train24.csv,Normal,Normal,True
XGB_top100,12,Train26.csv,Side II,Side II,True
XGB_top100,12,Train27.csv,Normal,Normal,True
XGB_top100,12,Train28.csv,Normal,Normal,True
XGB_top100,12,Train43.csv,Side II,Side II,True
XGB_top100,12,Train45.csv,Normal,Normal,True
XGB_top100,12,Train48.csv,Normal,Normal,True
XGB_top100,12,Train55.csv,Normal,Normal,True
XGB_top100,12,Train56.csv,Normal,Normal,True
XGB_top100,12,Train57.csv,Normal,Normal,True
XGB_top100,12,Train59.csv,Normal,Normal,True
XGB_top100,12,Train62.csv,Side I,Normal,False
XGB_top100,12,Train67.csv,Normal,Normal,True
XGB_top100,12,Train80.csv,Normal,Normal,True
XGB_top100,12,Train82.csv,Normal,Normal,True
XGB_top100,12,Train84.csv,Normal,Normal,True
XGB_top100,12,Train85.csv,Normal,Normal,True
XGB_top100,12,Train93.csv,Side II,Side II,True
XGB_top100,12,Train94.csv,Normal,Normal,True
XGB_top100,12,Train101.csv,Normal,Normal,True
XGB_top100,12,Train107.csv,Normal,Normal,True
XGB_top100,12,Train113.csv,Normal,Normal,True
XGB_top100,12,Train124.csv,Normal,Normal,True
XGB_top100,12,Train125.csv,Normal,Normal,True
XGB_top100,12,Train140.csv,Normal,Normal,True
XGB_top100,12,Train144.csv,Normal,Normal,True
XGB_top100,12,Train147.csv,Normal,Normal,True
XGB_top100,12,Train152.csv,Normal,Normal,True
XGB_top100,12,Train153.csv,Normal,Normal,True
XGB_top100,12,Train158.csv,Normal,Normal,True
XGB_top100,12,Train159.csv,Normal,Normal,True
XGB_top100,12,Train162.csv,Normal,Normal,True
XGB_top100,12,Train168.csv,Normal,Normal,True
XGB_top100,12,Train170.csv,Side I,Normal,False
XGB_top100,12,Train172.csv,Normal,Normal,True
XGB_top100,12,Train179.csv,Side II,Side II,True
XGB_top100,12,Train185.csv,Side I,Normal,False
XGB_top100,12,Train187.csv,Normal,Normal,True
XGB_top100,12,Train192.csv,Normal,Normal,True
XGB_top100,12,Train205.csv,Normal,Side I,False
XGB_top100,12,Train209.csv,Normal,Normal,True
XGB_top100,12,Train218.csv,Normal,Normal,True
XGB_top100,12,Train222.csv,Normal,Normal,True
XGB_top100,12,Train223.csv,Normal,Normal,True
XGB_top100,12,Train227.csv,Normal,Normal,True
XGB_top100,12,Train236.csv,Normal,Normal,True
XGB_top100,12,Train238.csv,Normal,Normal,True
XGB_top100,12,Train239.csv,Normal,Normal,True
XGB_top100,13,Train5.csv,Normal,Normal,True
XGB_top100,13,Train7.csv,Normal,Normal,True
XGB_top100,13,Train9.csv,Normal,Normal,True
XGB_top100,13,Train20.csv,Normal,Normal,True
XGB_top100,13,Train22.csv,Normal,Normal,True
XGB_top100,13,Train32.csv,Normal,Normal,True
XGB_top100,13,Train34.csv,Normal,Normal,True
XGB_top100,13,Train40.csv,Normal,Normal,True
XGB_top100,13,Train50.csv,Normal,Normal,True
XGB_top100,13,Train52.csv,Normal,Normal,True
XGB_top100,13,Train53.csv,Side II,Side II,True
XGB_top100,13,Train58.csv,Normal,Normal,True
XGB_top100,13,Train65.csv,Normal,Normal,True
XGB_top100,13,Train69.csv,Normal,Normal,True
XGB_top100,13,Train78.csv,Normal,Normal,True
XGB_top100,13,Train86.csv,Normal,Normal,True
XGB_top100,13,Train88.csv,Normal,Normal,True
XGB_top100,13,Train98.csv,Normal,Normal,True
XGB_top100,13,Train99.csv,Normal,Normal,True
XGB_top100,13,Train100.csv,Side I,Side II,False
XGB_top100,13,Train103.csv,Side II,Side II,True
XGB_top100,13,Train108.csv,Normal,Normal,True
XGB_top100,13,Train127.csv,Side II,Side II,True
XGB_top100,13,Train130.csv,Normal,Normal,True
XGB_top100,13,Train134.csv,Normal,Normal,True
XGB_top100,13,Train143.csv,Normal,Normal,True
XGB_top100,13,Train145.csv,Normal,Normal,True
XGB_top100,13,Train150.csv,Side I,Side I,True
XGB_top100,13,Train151.csv,Normal,Normal,True
XGB_top100,13,Train155.csv,Normal,Normal,True
XGB_top100,13,Train160.csv,Normal,Normal,True
XGB_top100,13,Train166.csv,Normal,Normal,True
XGB_top100,13,Train174.csv,Normal,Normal,True
XGB_top100,13,Train182.csv,Normal,Normal,True
XGB_top100,13,Train188.csv,Side II,Side II,True
XGB_top100,13,Train195.csv,Normal,Normal,True
XGB_top100,13,Train196.csv,Normal,Normal,True
XGB_top100,13,Train203.csv,Normal,Normal,True
XGB_top100,13,Train210.csv,Normal,Normal,True
XGB_top100,13,Train219.csv,Normal,Normal,True
XGB_top100,13,Train221.csv,Normal,Normal,True
XGB_top100,13,Train224.csv,Normal,Normal,True
XGB_top100,13,Train230.csv,Normal,Normal,True
XGB_top100,13,Train231.csv,Normal,Normal,True
XGB_top100,13,Train235.csv,Normal,Normal,True
XGB_top100,13,Train237.csv,Normal,Normal,True
XGB_top100,13,Train240.csv,Side II,Side II,True
XGB_top100,13,Train244.csv,Normal,Normal,True
XGB_top100,13,Train250.csv,Normal,Normal,True
XGB_top100,13,Train256.csv,Normal,Normal,True
XGB_top100,13,Train259.csv,Normal,Normal,True
XGB_top100,13,Train264.csv,Normal,Normal,True
XGB_top100,13,Train266.csv,Normal,Normal,True
XGB_top100,13,Train272.csv,Normal,Normal,True
XGB_top100,14,Train3.csv,Normal,Normal,True
XGB_top100,14,Train6.csv,Normal,Normal,True
XGB_top100,14,Train8.csv,Normal,Normal,True
XGB_top100,14,Train11.csv,Normal,Normal,True
XGB_top100,14,Train16.csv,Normal,Normal,True
XGB_top100,14,Train19.csv,Normal,Normal,True
XGB_top100,14,Train23.csv,Normal,Normal,True
XGB_top100,14,Train30.csv,Side II,Normal,False
XGB_top100,14,Train35.csv,Normal,Normal,True
XGB_top100,14,Train36.csv,Normal,Normal,True
XGB_top100,14,Train37.csv,Normal,Normal,True
XGB_top100,14,Train44.csv,Normal,Normal,True
XGB_top100,14,Train54.csv,Normal,Normal,True
XGB_top100,14,Train64.csv,Normal,Normal,True
XGB_top100,14,Train66.csv,Normal,Normal,True
XGB_top100,14,Train75.csv,Normal,Normal,True
XGB_top100,14,Train76.csv,Normal,Normal,True
XGB_top100,14,Train79.csv,Normal,Normal,True
XGB_top100,14,Train83.csv,Side I,Side I,True
XGB_top100,14,Train95.csv,Normal,Normal,True
XGB_top100,14,Train96.csv,Normal,Normal,True
XGB_top100,14,Train116.csv,Normal,Normal,True
XGB_top100,14,Train120.csv,Normal,Normal,True
XGB_top100,14,Train123.csv,Normal,Side I,False
XGB_top100,14,Train129.csv,Normal,Normal,True
XGB_top100,14,Train132.csv,Normal,Normal,True
XGB_top100,14,Train136.csv,Normal,Normal,True
XGB_top100,14,Train141.csv,Normal,Normal,True
XGB_top100,14,Train156.csv,Normal,Normal,True
XGB_top100,14,Train157.csv,Normal,Normal,True
XGB_top100,14,Train169.csv,Normal,Normal,True
XGB_top100,14,Train173.csv,Normal,Normal,True
XGB_top100,14,Train175.csv,Normal,Normal,True
XGB_top100,14,Train178.csv,Normal,Normal,True
XGB_top100,14,Train180.csv,Side I,Normal,False
XGB_top100,14,Train186.csv,Normal,Normal,True
XGB_top100,14,Train191.csv,Normal,Normal,True
XGB_top100,14,Train193.csv,Normal,Normal,True
XGB_top100,14,Train197.csv,Normal,Normal,True
XGB_top100,14,Train198.csv,Side II,Side II,True
XGB_top100,14,Train199.csv,Side II,Side II,True
XGB_top100,14,Train200.csv,Normal,Normal,True
XGB_top100,14,Train206.csv,Normal,Normal,True
XGB_top100,14,Train211.csv,Normal,Normal,True
XGB_top100,14,Train213.csv,Side I,Side I,True
XGB_top100,14,Train220.csv,Normal,Normal,True
XGB_top100,14,Train228.csv,Normal,Normal,True
XGB_top100,14,Train234.csv,Normal,Normal,True
XGB_top100,14,Train248.csv,Side II,Side II,True
XGB_top100,14,Train249.csv,Normal,Normal,True
XGB_top100,14,Train254.csv,Normal,Normal,True
XGB_top100,14,Train260.csv,Normal,Normal,True
XGB_top100,14,Train262.csv,Normal,Normal,True
XGB_top100,14,Train271.csv,Normal,Normal,True
XGB_top100,15,Train2.csv,Side II,Side II,True
XGB_top100,15,Train13.csv,Normal,Normal,True
XGB_top100,15,Train29.csv,Normal,Normal,True
XGB_top100,15,Train31.csv,Normal,Normal,True
XGB_top100,15,Train33.csv,Normal,Normal,True
XGB_top100,15,Train38.csv,Normal,Normal,True
XGB_top100,15,Train39.csv,Normal,Normal,True
XGB_top100,15,Train41.csv,Normal,Normal,True
XGB_top100,15,Train46.csv,Normal,Normal,True
XGB_top100,15,Train60.csv,Normal,Normal,True
XGB_top100,15,Train68.csv,Normal,Normal,True
XGB_top100,15,Train70.csv,Normal,Normal,True
XGB_top100,15,Train74.csv,Normal,Normal,True
XGB_top100,15,Train77.csv,Normal,Normal,True
XGB_top100,15,Train87.csv,Normal,Normal,True
XGB_top100,15,Train90.csv,Normal,Normal,True
XGB_top100,15,Train92.csv,Normal,Normal,True
XGB_top100,15,Train97.csv,Normal,Normal,True
XGB_top100,15,Train104.csv,Side II,Side II,True
XGB_top100,15,Train106.csv,Side I,Side I,True
XGB_top100,15,Train114.csv,Normal,Normal,True
XGB_top100,15,Train118.csv,Normal,Normal,True
XGB_top100,15,Train119.csv,Normal,Normal,True
XGB_top100,15,Train121.csv,Side I,Normal,False
XGB_top100,15,Train122.csv,Normal,Normal,True
XGB_top100,15,Train126.csv,Normal,Normal,True
XGB_top100,15,Train137.csv,Side I,Normal,False
XGB_top100,15,Train142.csv,Normal,Normal,True
XGB_top100,15,Train146.csv,Normal,Normal,True
XGB_top100,15,Train149.csv,Normal,Normal,True
XGB_top100,15,Train154.csv,Normal,Normal,True
XGB_top100,15,Train161.csv,Normal,Normal,True
XGB_top100,15,Train164.csv,Side II,Side II,True
XGB_top100,15,Train165.csv,Normal,Normal,True
XGB_top100,15,Train171.csv,Normal,Normal,True
XGB_top100,15,Train183.csv,Normal,Normal,True
XGB_top100,15,Train189.csv,Normal,Normal,True
XGB_top100,15,Train190.csv,Normal,Normal,True
XGB_top100,15,Train208.csv,Normal,Normal,True
XGB_top100,15,Train214.csv,Normal,Normal,True
XGB_top100,15,Train215.csv,Normal,Normal,True
XGB_top100,15,Train216.csv,Side II,Normal,False
XGB_top100,15,Train229.csv,Normal,Normal,True
XGB_top100,15,Train232.csv,Normal,Normal,True
XGB_top100,15,Train241.csv,Normal,Normal,True
XGB_top100,15,Train245.csv,Normal,Normal,True
XGB_top100,15,Train253.csv,Normal,Normal,True
XGB_top100,15,Train255.csv,Normal,Normal,True
XGB_top100,15,Train257.csv,Normal,Normal,True
XGB_top100,15,Train261.csv,Normal,Normal,True
XGB_top100,15,Train263.csv,Normal,Normal,True
XGB_top100,15,Train267.csv,Side II,Side II,True
XGB_top100,15,Train268.csv,Normal,Normal,True
XGB_top100,15,Train270.csv,Normal,Normal,True
XGB_top100,16,Train6.csv,Normal,Normal,True
XGB_top100,16,Train16.csv,Normal,Normal,True
XGB_top100,16,Train17.csv,Normal,Normal,True
XGB_top100,16,Train19.csv,Normal,Normal,True
XGB_top100,16,Train21.csv,Normal,Normal,True
XGB_top100,16,Train30.csv,Side II,Side II,True
XGB_top100,16,Train43.csv,Side II,Side I,False
XGB_top100,16,Train44.csv,Normal,Normal,True
XGB_top100,16,Train46.csv,Normal,Normal,True
XGB_top100,16,Train56.csv,Normal,Normal,True
XGB_top100,16,Train57.csv,Normal,Normal,True
XGB_top100,16,Train68.csv,Normal,Normal,True
XGB_top100,16,Train69.csv,Normal,Normal,True
XGB_top100,16,Train83.csv,Side I,Side I,True
XGB_top100,16,Train94.csv,Normal,Normal,True
XGB_top100,16,Train96.csv,Normal,Normal,True
XGB_top100,16,Train98.csv,Normal,Normal,True
XGB_top100,16,Train105.csv,Normal,Normal,True
XGB_top100,16,Train111.csv,Side II,Side II,True
XGB_top100,16,Train113.csv,Normal,Normal,True
XGB_top100,16,Train121.csv,Side I,Normal,False
XGB_top100,16,Train125.csv,Normal,Normal,True
XGB_top100,16,Train126.csv,Normal,Side II,False
XGB_top100,16,Train130.csv,Normal,Normal,True
XGB_top100,16,Train143.csv,Normal,Normal,True
XGB_top100,16,Train147.csv,Normal,Normal,True
XGB_top100,16,Train149.csv,Normal,Normal,True
XGB_top100,16,Train154.csv,Normal,Normal,True
XGB_top100,16,Train157.csv,Normal,Normal,True
XGB_top100,16,Train159.csv,Normal,Normal,True
XGB_top100,16,Train160.csv,Normal,Normal,True
XGB_top100,16,Train164.csv,Side II,Side II,True
XGB_top100,16,Train165.csv,Normal,Normal,True
XGB_top100,16,Train166.csv,Normal,Normal,True
XGB_top100,16,Train174.csv,Normal,Normal,True
XGB_top100,16,Train175.csv,Normal,Normal,True
XGB_top100,16,Train186.csv,Normal,Normal,True
XGB_top100,16,Train200.csv,Normal,Normal,True
XGB_top100,16,Train201.csv,Normal,Normal,True
XGB_top100,16,Train202.csv,Side I,Normal,False
XGB_top100,16,Train205.csv,Normal,Normal,True
XGB_top100,16,Train209.csv,Normal,Normal,True
XGB_top100,16,Train211.csv,Normal,Normal,True
XGB_top100,16,Train214.csv,Normal,Normal,True
XGB_top100,16,Train219.csv,Normal,Normal,True
XGB_top100,16,Train223.csv,Normal,Normal,True
XGB_top100,16,Train224.csv,Normal,Normal,True
XGB_top100,16,Train236.csv,Normal,Normal,True
XGB_top100,16,Train242.csv,Normal,Normal,True
XGB_top100,16,Train248.csv,Side II,Side II,True
XGB_top100,16,Train254.csv,Normal,Normal,True
XGB_top100,16,Train259.csv,Normal,Normal,True
XGB_top100,16,Train260.csv,Normal,Normal,True
XGB_top100,16,Train264.csv,Normal,Normal,True
XGB_top100,16,Train272.csv,Normal,Normal,True
XGB_top100,17,Train7.csv,Normal,Normal,True
XGB_top100,17,Train15.csv,Normal,Normal,True
XGB_top100,17,Train35.csv,Normal,Normal,True
XGB_top100,17,Train39.csv,Normal,Normal,True
XGB_top100,17,Train47.csv,Normal,Normal,True
XGB_top100,17,Train49.csv,Normal,Normal,True
XGB_top100,17,Train50.csv,Normal,Normal,True
XGB_top100,17,Train51.csv,Normal,Normal,True
XGB_top100,17,Train55.csv,Normal,Normal,True
XGB_top100,17,Train60.csv,Normal,Normal,True
XGB_top100,17,Train62.csv,Side I,Normal,False
XGB_top100,17,Train65.csv,Normal,Normal,True
XGB_top100,17,Train70.csv,Normal,Normal,True
XGB_top100,17,Train71.csv,Normal,Normal,True
XGB_top100,17,Train80.csv,Normal,Normal,True
XGB_top100,17,Train81.csv,Normal,Normal,True
XGB_top100,17,Train82.csv,Normal,Normal,True
XGB_top100,17,Train87.csv,Normal,Normal,True
XGB_top100,17,Train88.csv,Normal,Normal,True
XGB_top100,17,Train90.csv,Normal,Normal,True
XGB_top100,17,Train93.csv,Side II,Side II,True
XGB_top100,17,Train97.csv,Normal,Normal,True
XGB_top100,17,Train101.csv,Normal,Normal,True
XGB_top100,17,Train102.csv,Normal,Normal,True
XGB_top100,17,Train106.csv,Side I,Normal,False
XGB_top100,17,Train117.csv,Normal,Normal,True
XGB_top100,17,Train119.csv,Normal,Normal,True
XGB_top100,17,Train122.csv,Normal,Normal,True
XGB_top100,17,Train127.csv,Side II,Side II,True
XGB_top100,17,Train128.csv,Normal,Normal,True
XGB_top100,17,Train142.csv,Normal,Normal,True
XGB_top100,17,Train144.csv,Normal,Normal,True
XGB_top100,17,Train152.csv,Normal,Normal,True
XGB_top100,17,Train180.csv,Side I,Side I,True
XGB_top100,17,Train189.csv,Normal,Normal,True
XGB_top100,17,Train191.csv,Normal,Normal,True
XGB_top100,17,Train192.csv,Normal,Normal,True
XGB_top100,17,Train195.csv,Normal,Normal,True
XGB_top100,17,Train196.csv,Normal,Normal,True
XGB_top100,17,Train198.csv,Side II,Side II,True
XGB_top100,17,Train203.csv,Normal,Normal,True
XGB_top100,17,Train206.csv,Normal,Normal,True
XGB_top100,17,Train207.csv,Side II,Side II,True
XGB_top100,17,Train210.csv,Normal,Normal,True
XGB_top100,17,Train215.csv,Normal,Normal,True
XGB_top100,17,Train217.csv,Side II,Normal,False
XGB_top100,17,Train222.csv,Normal,Normal,True
XGB_top100,17,Train226.csv,Normal,Normal,True
XGB_top100,17,Train228.csv,Normal,Normal,True
XGB_top100,17,Train231.csv,Normal,Normal,True
XGB_top100,17,Train247.csv,Normal,Normal,True
XGB_top100,17,Train258.csv,Normal,Normal,True
XGB_top100,17,Train261.csv,Normal,Normal,True
XGB_top100,17,Train263.csv,Normal,Normal,True
XGB_top100,17,Train266.csv,Normal,Normal,True
XGB_top100,18,Train3.csv,Normal,Normal,True
XGB_top100,18,Train13.csv,Normal,Normal,True
XGB_top100,18,Train14.csv,Normal,Normal,True
XGB_top100,18,Train22.csv,Normal,Normal,True
XGB_top100,18,Train23.csv,Normal,Normal,True
XGB_top100,18,Train26.csv,Side II,Side II,True
XGB_top100,18,Train27.csv,Normal,Normal,True
XGB_top100,18,Train32.csv,Normal,Normal,True
XGB_top100,18,Train36.csv,Normal,Normal,True
XGB_top100,18,Train37.csv,Normal,Normal,True
XGB_top100,18,Train38.csv,Normal,Normal,True
XGB_top100,18,Train40.csv,Normal,Normal,True
XGB_top100,18,Train41.csv,Normal,Normal,True
XGB_top100,18,Train45.csv,Normal,Normal,True
XGB_top100,18,Train48.csv,Normal,Normal,True
XGB_top100,18,Train54.csv,Normal,Normal,True
XGB_top100,18,Train58.csv,Normal,Normal,True
XGB_top100,18,Train67.csv,Normal,Normal,True
XGB_top100,18,Train72.csv,Side II,Side II,True
XGB_top100,18,Train75.csv,Normal,Normal,True
XGB_top100,18,Train78.csv,Normal,Normal,True
XGB_top100,18,Train79.csv,Normal,Normal,True
XGB_top100,18,Train103.csv,Side II,Side II,True
XGB_top100,18,Train115.csv,Normal,Normal,True
XGB_top100,18,Train118.csv,Normal,Normal,True
XGB_top100,18,Train124.csv,Normal,Normal,True
XGB_top100,18,Train129.csv,Normal,Normal,True
XGB_top100,18,Train135.csv,Normal,Normal,True
XGB_top100,18,Train136.csv,Normal,Normal,True
XGB_top100,18,Train139.csv,Normal,Normal,True
XGB_top100,18,Train141.csv,Normal,Normal,True
XGB_top100,18,Train156.csv,Normal,Normal,True
XGB_top100,18,Train171.csv,Normal,Normal,True
XGB_top100,18,Train172.csv,Normal,Normal,True
XGB_top100,18,Train177.csv,Normal,Side I,False
XGB_top100,18,Train181.csv,Normal,Normal,True
XGB_top100,18,Train182.csv,Normal,Normal,True
XGB_top100,18,Train193.csv,Normal,Normal,True
XGB_top100,18,Train194.csv,Side I,Side I,True
XGB_top100,18,Train197.csv,Normal,Normal,True
XGB_top100,18,Train212.csv,Normal,Normal,True
XGB_top100,18,Train213.csv,Side I,Side I,True
XGB_top100,18,Train227.csv,Normal,Normal,True
XGB_top100,18,Train234.csv,Normal,Normal,True
XGB_top100,18,Train239.csv,Normal,Normal,True
XGB_top100,18,Train240.csv,Side II,Side II,True
XGB_top100,18,Train244.csv,Normal,Normal,True
XGB_top100,18,Train246.csv,Normal,Normal,True
XGB_top100,18,Train251.csv,Normal,Side II,False
XGB_top100,18,Train252.csv,Normal,Normal,True
XGB_top100,18,Train255.csv,Normal,Side I,False
XGB_top100,18,Train265.csv,Side II,Side I,False
XGB_top100,18,Train270.csv,Normal,Normal,True
XGB_top100,18,Train271.csv,Normal,Normal,True
XGB_top100,19,Train8.csv,Normal,Normal,True
XGB_top100,19,Train9.csv,Normal,Normal,True
XGB_top100,19,Train24.csv,Normal,Normal,True
XGB_top100,19,Train25.csv,Normal,Normal,True
XGB_top100,19,Train33.csv,Normal,Normal,True
XGB_top100,19,Train42.csv,Normal,Normal,True
XGB_top100,19,Train59.csv,Normal,Normal,True
XGB_top100,19,Train63.csv,Normal,Normal,True
XGB_top100,19,Train64.csv,Normal,Normal,True
XGB_top100,19,Train66.csv,Normal,Normal,True
XGB_top100,19,Train76.csv,Normal,Normal,True
XGB_top100,19,Train86.csv,Normal,Normal,True
XGB_top100,19,Train89.csv,Normal,Normal,True
XGB_top100,19,Train91.csv,Normal,Normal,True
XGB_top100,19,Train92.csv,Normal,Normal,True
XGB_top100,19,Train99.csv,Normal,Normal,True
XGB_top100,19,Train100.csv,Side I,Side II,False
XGB_top100,19,Train104.csv,Side II,Side II,True
XGB_top100,19,Train107.csv,Normal,Normal,True
XGB_top100,19,Train108.csv,Normal,Normal,True
XGB_top100,19,Train110.csv,Normal,Normal,True
XGB_top100,19,Train120.csv,Normal,Normal,True
XGB_top100,19,Train131.csv,Normal,Normal,True
XGB_top100,19,Train133.csv,Normal,Normal,True
XGB_top100,19,Train134.csv,Normal,Normal,True
XGB_top100,19,Train138.csv,Normal,Normal,True
XGB_top100,19,Train145.csv,Normal,Normal,True
XGB_top100,19,Train155.csv,Normal,Normal,True
XGB_top100,19,Train158.csv,Normal,Normal,True
XGB_top100,19,Train161.csv,Normal,Normal,True
XGB_top100,19,Train163.csv,Side I,Side I,True
XGB_top100,19,Train168.csv,Normal,Normal,True
XGB_top100,19,Train169.csv,Normal,Normal,True
XGB_top100,19,Train170.csv,Side I,Normal,False
XGB_top100,19,Train173.csv,Normal,Normal,True
XGB_top100,19,Train176.csv,Normal,Normal,True
XGB_top100,19,Train178.csv,Normal,Normal,True
XGB_top100,19,Train184.csv,Normal,Normal,True
XGB_top100,19,Train187.csv,Normal,Normal,True
XGB_top100,19,Train188.csv,Side II,Side II,True
XGB_top100,19,Train190.csv,Normal,Normal,True
XGB_top100,19,Train216.csv,Side II,Normal,False
XGB_top100,19,Train218.csv,Normal,Normal,True
XGB_top100,19,Train221.csv,Normal,Normal,True
XGB_top100,19,Train225.csv,Normal,Normal,True
XGB_top100,19,Train229.csv,Normal,Normal,True
XGB_top100,19,Train230.csv,Normal,Normal,True
XGB_top100,19,Train232.csv,Normal,Normal,True
XGB_top100,19,Train243.csv,Normal,Normal,True
XGB_top100,19,Train249.csv,Normal,Normal,True
XGB_top100,19,Train250.csv,Normal,Normal,True
XGB_top100,19,Train267.csv,Side II,Side II,True
XGB_top100,19,Train268.csv,Normal,Normal,True
XGB_top100,19,Train269.csv,Normal,Normal,True
XGB_top100,20,Train1.csv,Normal,Normal,True
XGB_top100,20,Train2.csv,Side II,Side II,True
XGB_top100,20,Train4.csv,Normal,Normal,True
XGB_top100,20,Train5.csv,Normal,Normal,True
XGB_top100,20,Train10.csv,Normal,Normal,True
XGB_top100,20,Train11.csv,Normal,Normal,True
XGB_top100,20,Train12.csv,Side II,Side II,True
XGB_top100,20,Train18.csv,Normal,Normal,True
XGB_top100,20,Train20.csv,Normal,Normal,True
XGB_top100,20,Train28.csv,Normal,Normal,True
XGB_top100,20,Train29.csv,Normal,Normal,True
XGB_top100,20,Train31.csv,Normal,Normal,True
XGB_top100,20,Train34.csv,Normal,Normal,True
XGB_top100,20,Train52.csv,Normal,Normal,True
XGB_top100,20,Train53.csv,Side II,Side II,True
XGB_top100,20,Train61.csv,Normal,Normal,True
XGB_top100,20,Train73.csv,Normal,Normal,True
XGB_top100,20,Train74.csv,Normal,Normal,True
XGB_top100,20,Train77.csv,Normal,Normal,True
XGB_top100,20,Train84.csv,Normal,Normal,True
XGB_top100,20,Train85.csv,Normal,Normal,True
XGB_top100,20,Train95.csv,Normal,Normal,True
XGB_top100,20,Train109.csv,Normal,Normal,True
XGB_top100,20,Train112.csv,Normal,Normal,True
XGB_top100,20,Train114.csv,Normal,Normal,True
XGB_top100,20,Train116.csv,Normal,Normal,True
XGB_top100,20,Train123.csv,Normal,Normal,True
XGB_top100,20,Train132.csv,Normal,Normal,True
XGB_top100,20,Train137.csv,Side I,Side I,True
XGB_top100,20,Train140.csv,Normal,Normal,True
XGB_top100,20,Train146.csv,Normal,Normal,True
XGB_top100,20,Train148.csv,Normal,Normal,True
XGB_top100,20,Train150.csv,Side I,Side I,True
XGB_top100,20,Train151.csv,Normal,Normal,True
XGB_top100,20,Train153.csv,Normal,Normal,True
XGB_top100,20,Train162.csv,Normal,Normal,True
XGB_top100,20,Train167.csv,Normal,Normal,True
XGB_top100,20,Train179.csv,Side II,Side II,True
XGB_top100,20,Train183.csv,Normal,Normal,True
XGB_top100,20,Train185.csv,Side I,Normal,False
XGB_top100,20,Train199.csv,Side II,Side II,True
XGB_top100,20,Train204.csv,Normal,Normal,True
XGB_top100,20,Train208.csv,Normal,Normal,True
XGB_top100,20,Train220.csv,Normal,Normal,True
XGB_top100,20,Train233.csv,Normal,Normal,True
XGB_top100,20,Train235.csv,Normal,Normal,True
XGB_top100,20,Train237.csv,Normal,Normal,True
XGB_top100,20,Train238.csv,Normal,Normal,True
XGB_top100,20,Train241.csv,Normal,Normal,True
XGB_top100,20,Train245.csv,Normal,Normal,True
XGB_top100,20,Train253.csv,Normal,Normal,True
XGB_top100,20,Train256.csv,Normal,Normal,True
XGB_top100,20,Train257.csv,Normal,Normal,True
XGB_top100,20,Train262.csv,Normal,Normal,True
XGB_top100,21,Train1.csv,Normal,Normal,True
XGB_top100,21,Train3.csv,Normal,Normal,True
XGB_top100,21,Train4.csv,Normal,Normal,True
XGB_top100,21,Train5.csv,Normal,Normal,True
XGB_top100,21,Train6.csv,Normal,Normal,True
XGB_top100,21,Train10.csv,Normal,Normal,True
XGB_top100,21,Train12.csv,Side II,Side II,True
XGB_top100,21,Train19.csv,Normal,Normal,True
XGB_top100,21,Train33.csv,Normal,Normal,True
XGB_top100,21,Train40.csv,Normal,Normal,True
XGB_top100,21,Train43.csv,Side II,Side I,False
XGB_top100,21,Train59.csv,Normal,Normal,True
XGB_top100,21,Train67.csv,Normal,Normal,True
XGB_top100,21,Train74.csv,Normal,Normal,True
XGB_top100,21,Train77.csv,Normal,Normal,True
XGB_top100,21,Train79.csv,Normal,Normal,True
XGB_top100,21,Train87.csv,Normal,Normal,True
XGB_top100,21,Train88.csv,Normal,Normal,True
XGB_top100,21,Train90.csv,Normal,Normal,True
XGB_top100,21,Train92.csv,Normal,Normal,True
XGB_top100,21,Train96.csv,Normal,Normal,True
XGB_top100,21,Train97.csv,Normal,Normal,True
XGB_top100,21,Train100.csv,Side I,Side II,False
XGB_top100,21,Train107.csv,Normal,Normal,True
XGB_top100,21,Train116.csv,Normal,Normal,True
XGB_top100,21,Train124.csv,Normal,Normal,True
XGB_top100,21,Train126.csv,Normal,Side II,False
XGB_top100,21,Train127.csv,Side II,Side II,True
XGB_top100,21,Train137.csv,Side I,Side I,True
XGB_top100,21,Train139.csv,Normal,Normal,True
XGB_top100,21,Train147.csv,Normal,Normal,True
XGB_top100,21,Train154.csv,Normal,Normal,True
XGB_top100,21,Train156.csv,Normal,Normal,True
XGB_top100,21,Train170.csv,Side I,Normal,False
XGB_top100,21,Train173.csv,Normal,Normal,True
XGB_top100,21,Train176.csv,Normal,Normal,True
XGB_top100,21,Train177.csv,Normal,Side I,False
XGB_top100,21,Train178.csv,Normal,Normal,True
XGB_top100,21,Train184.csv,Normal,Normal,True
XGB_top100,21,Train191.csv,Normal,Normal,True
XGB_top100,21,Train208.csv,Normal,Normal,True
XGB_top100,21,Train211.csv,Normal,Normal,True
XGB_top100,21,Train217.csv,Side II,Side I,False
XGB_top100,21,Train219.csv,Normal,Normal,True
XGB_top100,21,Train222.csv,Normal,Normal,True
XGB_top100,21,Train223.csv,Normal,Normal,True
XGB_top100,21,Train224.csv,Normal,Normal,True
XGB_top100,21,Train225.csv,Normal,Normal,True
XGB_top100,21,Train239.csv,Normal,Normal,True
XGB_top100,21,Train244.csv,Normal,Normal,True
XGB_top100,21,Train253.csv,Normal,Normal,True
XGB_top100,21,Train254.csv,Normal,Normal,True
XGB_top100,21,Train263.csv,Normal,Normal,True
XGB_top100,21,Train265.csv,Side II,Side I,False
XGB_top100,21,Train271.csv,Normal,Normal,True
XGB_top100,22,Train7.csv,Normal,Normal,True
XGB_top100,22,Train9.csv,Normal,Normal,True
XGB_top100,22,Train24.csv,Normal,Normal,True
XGB_top100,22,Train28.csv,Normal,Normal,True
XGB_top100,22,Train29.csv,Normal,Normal,True
XGB_top100,22,Train41.csv,Normal,Normal,True
XGB_top100,22,Train51.csv,Normal,Normal,True
XGB_top100,22,Train52.csv,Normal,Normal,True
XGB_top100,22,Train60.csv,Normal,Normal,True
XGB_top100,22,Train61.csv,Normal,Normal,True
XGB_top100,22,Train64.csv,Normal,Normal,True
XGB_top100,22,Train69.csv,Normal,Normal,True
XGB_top100,22,Train70.csv,Normal,Normal,True
XGB_top100,22,Train78.csv,Normal,Normal,True
XGB_top100,22,Train86.csv,Normal,Normal,True
XGB_top100,22,Train93.csv,Side II,Side II,True
XGB_top100,22,Train98.csv,Normal,Normal,True
XGB_top100,22,Train99.csv,Normal,Normal,True
XGB_top100,22,Train101.csv,Normal,Normal,True
XGB_top100,22,Train105.csv,Normal,Normal,True
XGB_top100,22,Train112.csv,Normal,Normal,True
XGB_top100,22,Train118.csv,Normal,Normal,True
XGB_top100,22,Train119.csv,Normal,Normal,True
XGB_top100,22,Train123.csv,Normal,Side I,False
XGB_top100,22,Train131.csv,Normal,Normal,True
XGB_top100,22,Train133.csv,Normal,Normal,True
XGB_top100,22,Train134.csv,Normal,Normal,True
XGB_top100,22,Train135.csv,Normal,Normal,True
XGB_top100,22,Train136.csv,Normal,Normal,True
XGB_top100,22,Train140.csv,Normal,Normal,True
XGB_top100,22,Train144.csv,Normal,Normal,True
XGB_top100,22,Train148.csv,Normal,Normal,True
XGB_top100,22,Train150.csv,Side I,Side I,True
XGB_top100,22,Train152.csv,Normal,Normal,True
XGB_top100,22,Train160.csv,Normal,Normal,True
XGB_top100,22,Train162.csv,Normal,Normal,True
XGB_top100,22,Train164.csv,Side II,Side II,True
XGB_top100,22,Train165.csv,Normal,Normal,True
XGB_top100,22,Train167.csv,Normal,Normal,True
XGB_top100,22,Train181.csv,Normal,Normal,True
XGB_top100,22,Train185.csv,Side I,Normal,False
XGB_top100,22,Train186.csv,Normal,Normal,True
XGB_top100,22,Train188.csv,Side II,Side II,True
XGB_top100,22,Train190.csv,Normal,Normal,True
XGB_top100,22,Train197.csv,Normal,Side II,False
XGB_top100,22,Train199.csv,Side II,Side II,True
XGB_top100,22,Train209.csv,Normal,Normal,True
XGB_top100,22,Train213.csv,Side I,Side I,True
XGB_top100,22,Train221.csv,Normal,Normal,True
XGB_top100,22,Train232.csv,Normal,Normal,True
XGB_top100,22,Train233.csv,Normal,Normal,True
XGB_top100,22,Train251.csv,Normal,Side II,False
XGB_top100,22,Train255.csv,Normal,Normal,True
XGB_top100,22,Train256.csv,Normal,Normal,True
XGB_top100,22,Train267.csv,Side II,Side II,True
XGB_top100,23,Train2.csv,Side II,Side II,True
XGB_top100,23,Train11.csv,Normal,Normal,True
XGB_top100,23,Train22.csv,Normal,Normal,True
XGB_top100,23,Train30.csv,Side II,Normal,False
XGB_top100,23,Train42.csv,Normal,Normal,True
XGB_top100,23,Train48.csv,Normal,Normal,True
XGB_top100,23,Train49.csv,Normal,Normal,True
XGB_top100,23,Train54.csv,Normal,Normal,True
XGB_top100,23,Train56.csv,Normal,Normal,True
XGB_top100,23,Train63.csv,Normal,Normal,True
XGB_top100,23,Train73.csv,Normal,Normal,True
XGB_top100,23,Train80.csv,Normal,Normal,True
XGB_top100,23,Train81.csv,Normal,Normal,True
XGB_top100,23,Train82.csv,Normal,Normal,True
XGB_top100,23,Train83.csv,Side I,Side I,True
XGB_top100,23,Train94.csv,Normal,Normal,True
XGB_top100,23,Train95.csv,Normal,Normal,True
XGB_top100,23,Train102.csv,Normal,Normal,True
XGB_top100,23,Train109.csv,Normal,Normal,True
XGB_top100,23,Train110.csv,Normal,Normal,True
XGB_top100,23,Train113.csv,Normal,Normal,True
XGB_top100,23,Train120.csv,Normal,Normal,True
XGB_top100,23,Train122.csv,Normal,Normal,True
XGB_top100,23,Train138.csv,Normal,Normal,True
XGB_top100,23,Train143.csv,Normal,Normal,True
XGB_top100,23,Train146.csv,Normal,Normal,True
XGB_top100,23,Train157.csv,Normal,Normal,True
XGB_top100,23,Train163.csv,Side I,Side I,True
XGB_top100,23,Train168.csv,Normal,Normal,True
XGB_top100,23,Train171.csv,Normal,Normal,True
XGB_top100,23,Train179.csv,Side II,Side II,True
XGB_top100,23,Train182.csv,Normal,Normal,True
XGB_top100,23,Train183.csv,Normal,Normal,True
XGB_top100,23,Train187.csv,Normal,Normal,True
XGB_top100,23,Train189.csv,Normal,Normal,True
XGB_top100,23,Train192.csv,Normal,Normal,True
XGB_top100,23,Train193.csv,Normal,Normal,True
XGB_top100,23,Train196.csv,Normal,Normal,True
XGB_top100,23,Train198.csv,Side II,Side II,True
XGB_top100,23,Train201.csv,Normal,Normal,True
XGB_top100,23,Train205.csv,Normal,Normal,True
XGB_top100,23,Train206.csv,Normal,Normal,True
XGB_top100,23,Train212.csv,Normal,Normal,True
XGB_top100,23,Train215.csv,Normal,Normal,True
XGB_top100,23,Train227.csv,Normal,Normal,True
XGB_top100,23,Train228.csv,Normal,Normal,True
XGB_top100,23,Train230.csv,Normal,Normal,True
XGB_top100,23,Train237.csv,Normal,Normal,True
XGB_top100,23,Train240.csv,Side II,Normal,False
XGB_top100,23,Train243.csv,Normal,Normal,True
XGB_top100,23,Train246.csv,Normal,Normal,True
XGB_top100,23,Train249.csv,Normal,Normal,True
XGB_top100,23,Train252.csv,Normal,Normal,True
XGB_top100,23,Train261.csv,Normal,Normal,True
XGB_top100,24,Train8.csv,Normal,Normal,True
XGB_top100,24,Train13.csv,Normal,Normal,True
XGB_top100,24,Train14.csv,Normal,Normal,True
XGB_top100,24,Train15.csv,Normal,Normal,True
XGB_top100,24,Train16.csv,Normal,Normal,True
XGB_top100,24,Train20.csv,Normal,Normal,True
XGB_top100,24,Train26.csv,Side II,Side II,True
XGB_top100,24,Train27.csv,Normal,Normal,True
XGB_top100,24,Train34.csv,Normal,Normal,True
XGB_top100,24,Train36.csv,Normal,Normal,True
XGB_top100,24,Train38.csv,Normal,Normal,True
XGB_top100,24,Train44.csv,Normal,Normal,True
XGB_top100,24,Train45.csv,Normal,Normal,True
XGB_top100,24,Train47.csv,Normal,Normal,True
XGB_top100,24,Train50.csv,Normal,Normal,True
XGB_top100,24,Train53.csv,Side II,Side II,True
XGB_top100,24,Train55.csv,Normal,Normal,True
XGB_top100,24,Train57.csv,Normal,Normal,True
XGB_top100,24,Train58.csv,Normal,Normal,True
XGB_top100,24,Train66.csv,Normal,Normal,True
XGB_top100,24,Train68.csv,Normal,Normal,True
XGB_top100,24,Train75.csv,Normal,Normal,True
XGB_top100,24,Train76.csv,Normal,Normal,True
XGB_top100,24,Train85.csv,Normal,Normal,True
XGB_top100,24,Train91.csv,Normal,Normal,True
XGB_top100,24,Train103.csv,Side II,Side II,True
XGB_top100,24,Train108.csv,Normal,Normal,True
XGB_top100,24,Train114.csv,Normal,Normal,True
XGB_top100,24,Train117.csv,Normal,Normal,True
XGB_top100,24,Train121.csv,Side I,Normal,False
XGB_top100,24,Train128.csv,Normal,Normal,True
XGB_top100,24,Train130.csv,Normal,Normal,True
XGB_top100,24,Train151.csv,Normal,Normal,True
XGB_top100,24,Train153.csv,Normal,Normal,True
XGB_top100,24,Train155.csv,Normal,Normal,True
XGB_top100,24,Train158.csv,Normal,Normal,True
XGB_top100,24,Train159.csv,Normal,Normal,True
XGB_top100,24,Train166.csv,Normal,Normal,True
XGB_top100,24,Train169.csv,Normal,Normal,True
XGB_top100,24,Train172.csv,Normal,Normal,True
XGB_top100,24,Train174.csv,Normal,Normal,True
XGB_top100,24,Train180.csv,Side I,Normal,False
XGB_top100,24,Train194.csv,Side I,Side I,True
XGB_top100,24,Train207.csv,Side II,Side II,True
XGB_top100,24,Train220.csv,Normal,Normal,True
XGB_top100,24,Train231.csv,Normal,Normal,True
XGB_top100,24,Train241.csv,Normal,Normal,True
XGB_top100,24,Train242.csv,Normal,Normal,True
XGB_top100,24,Train245.csv,Normal,Normal,True
XGB_top100,24,Train259.csv,Normal,Normal,True
XGB_top100,24,Train262.csv,Normal,Normal,True
XGB_top100,24,Train266.csv,Normal,Normal,True
XGB_top100,24,Train268.csv,Normal,Normal,True
XGB_top100,24,Train272.csv,Normal,Normal,True
XGB_top100,25,Train17.csv,Normal,Normal,True
XGB_top100,25,Train18.csv,Normal,Normal,True
XGB_top100,25,Train21.csv,Normal,Normal,True
XGB_top100,25,Train23.csv,Normal,Normal,True
XGB_top100,25,Train25.csv,Normal,Normal,True
XGB_top100,25,Train31.csv,Normal,Normal,True
XGB_top100,25,Train32.csv,Normal,Normal,True
XGB_top100,25,Train35.csv,Normal,Normal,True
XGB_top100,25,Train37.csv,Normal,Normal,True
XGB_top100,25,Train39.csv,Normal,Normal,True
XGB_top100,25,Train46.csv,Normal,Normal,True
XGB_top100,25,Train62.csv,Side I,Normal,False
XGB_top100,25,Train65.csv,Normal,Normal,True
XGB_top100,25,Train71.csv,Normal,Normal,True
XGB_top100,25,Train72.csv,Side II,Side II,True
XGB_top100,25,Train84.csv,Normal,Normal,True
XGB_top100,25,Train89.csv,Normal,Normal,True
XGB_top100,25,Train104.csv,Side II,Side II,True
XGB_top100,25,Train106.csv,Side I,Side I,True
XGB_top100,25,Train111.csv,Side II,Side II,True
XGB_top100,25,Train115.csv,Normal,Normal,True
XGB_top100,25,Train125.csv,Normal,Normal,True
XGB_top100,25,Train129.csv,Normal,Normal,True
XGB_top100,25,Train132.csv,Normal,Normal,True
XGB_top100,25,Train141.csv,Normal,Normal,True
XGB_top100,25,Train142.csv,Normal,Normal,True
XGB_top100,25,Train145.csv,Normal,Normal,True
XGB_top100,25,Train149.csv,Normal,Normal,True
XGB_top100,25,Train161.csv,Normal,Normal,True
XGB_top100,25,Train175.csv,Normal,Normal,True
XGB_top100,25,Train195.csv,Normal,Normal,True
XGB_top100,25,Train200.csv,Normal,Normal,True
XGB_top100,25,Train202.csv,Side I,Normal,False
XGB_top100,25,Train203.csv,Normal,Normal,True
XGB_top100,25,Train204.csv,Normal,Normal,True
XGB_top100,25,Train210.csv,Normal,Normal,True
XGB_top100,25,Train214.csv,Normal,Normal,True
XGB_top100,25,Train216.csv,Side II,Normal,False
XGB_top100,25,Train218.csv,Normal,Normal,True
XGB_top100,25,Train226.csv,Normal,Normal,True
XGB_top100,25,Train229.csv,Normal,Normal,True
XGB_top100,25,Train234.csv,Normal,Normal,True
XGB_top100,25,Train235.csv,Normal,Normal,True
XGB_top100,25,Train236.csv,Normal,Normal,True
XGB_top100,25,Train238.csv,Normal,Normal,True
XGB_top100,25,Train247.csv,Normal,Normal,True
XGB_top100,25,Train248.csv,Side II,Side II,True
XGB_top100,25,Train250.csv,Normal,Normal,True
XGB_top100,25,Train257.csv,Normal,Normal,True
XGB_top100,25,Train258.csv,Normal,Normal,True
XGB_top100,25,Train260.csv,Normal,Normal,True
XGB_top100,25,Train264.csv,Normal,Normal,True
XGB_top100,25,Train269.csv,Normal,Normal,True
XGB_top100,25,Train270.csv,Normal,Normal,True
XGB_top125,1,Train5.csv,Normal,Normal,True
XGB_top125,1,Train11.csv,Normal,Normal,True
XGB_top125,1,Train12.csv,Side II,Side II,True
XGB_top125,1,Train16.csv,Normal,Normal,True
XGB_top125,1,Train19.csv,Normal,Normal,True
XGB_top125,1,Train22.csv,Normal,Normal,True
XGB_top125,1,Train24.csv,Normal,Normal,True
XGB_top125,1,Train26.csv,Side II,Side II,True
XGB_top125,1,Train29.csv,Normal,Normal,True
XGB_top125,1,Train30.csv,Side II,Normal,False
XGB_top125,1,Train34.csv,Normal,Normal,True
XGB_top125,1,Train37.csv,Normal,Normal,True
XGB_top125,1,Train42.csv,Normal,Normal,True
XGB_top125,1,Train66.csv,Normal,Normal,True
XGB_top125,1,Train78.csv,Normal,Normal,True
XGB_top125,1,Train82.csv,Normal,Normal,True
XGB_top125,1,Train92.csv,Normal,Normal,True
XGB_top125,1,Train94.csv,Normal,Normal,True
XGB_top125,1,Train95.csv,Normal,Normal,True
XGB_top125,1,Train96.csv,Normal,Normal,True
XGB_top125,1,Train97.csv,Normal,Normal,True
XGB_top125,1,Train100.csv,Side I,Side II,False
XGB_top125,1,Train109.csv,Normal,Normal,True
XGB_top125,1,Train115.csv,Normal,Normal,True
XGB_top125,1,Train119.csv,Normal,Normal,True
XGB_top125,1,Train120.csv,Normal,Normal,True
XGB_top125,1,Train123.csv,Normal,Side I,False
XGB_top125,1,Train134.csv,Normal,Normal,True
XGB_top125,1,Train138.csv,Normal,Normal,True
XGB_top125,1,Train142.csv,Normal,Normal,True
XGB_top125,1,Train143.csv,Normal,Normal,True
XGB_top125,1,Train146.csv,Normal,Normal,True
XGB_top125,1,Train147.csv,Normal,Normal,True
XGB_top125,1,Train149.csv,Normal,Normal,True
XGB_top125,1,Train152.csv,Normal,Normal,True
XGB_top125,1,Train161.csv,Normal,Normal,True
XGB_top125,1,Train165.csv,Normal,Normal,True
XGB_top125,1,Train167.csv,Normal,Normal,True
XGB_top125,1,Train172.csv,Normal,Normal,True
XGB_top125,1,Train177.csv,Normal,Side I,False
XGB_top125,1,Train180.csv,Side I,Normal,False
XGB_top125,1,Train182.csv,Normal,Normal,True
XGB_top125,1,Train185.csv,Side I,Normal,False
XGB_top125,1,Train195.csv,Normal,Normal,True
XGB_top125,1,Train196.csv,Normal,Normal,True
XGB_top125,1,Train198.csv,Side II,Side II,True
XGB_top125,1,Train206.csv,Normal,Normal,True
XGB_top125,1,Train208.csv,Normal,Normal,True
XGB_top125,1,Train212.csv,Normal,Normal,True
XGB_top125,1,Train216.csv,Side II,Normal,False
XGB_top125,1,Train236.csv,Normal,Normal,True
XGB_top125,1,Train244.csv,Normal,Normal,True
XGB_top125,1,Train247.csv,Normal,Normal,True
XGB_top125,1,Train263.csv,Normal,Normal,True
XGB_top125,1,Train269.csv,Normal,Normal,True
XGB_top125,2,Train1.csv,Normal,Normal,True
XGB_top125,2,Train9.csv,Normal,Normal,True
XGB_top125,2,Train14.csv,Normal,Normal,True
XGB_top125,2,Train31.csv,Normal,Normal,True
XGB_top125,2,Train33.csv,Normal,Normal,True
XGB_top125,2,Train36.csv,Normal,Normal,True
XGB_top125,2,Train43.csv,Side II,Side I,False
XGB_top125,2,Train49.csv,Normal,Normal,True
XGB_top125,2,Train52.csv,Normal,Normal,True
XGB_top125,2,Train53.csv,Side II,Side II,True
XGB_top125,2,Train65.csv,Normal,Normal,True
XGB_top125,2,Train73.csv,Normal,Normal,True
XGB_top125,2,Train76.csv,Normal,Normal,True
XGB_top125,2,Train77.csv,Normal,Normal,True
XGB_top125,2,Train81.csv,Normal,Normal,True
XGB_top125,2,Train84.csv,Normal,Normal,True
XGB_top125,2,Train88.csv,Normal,Normal,True
XGB_top125,2,Train102.csv,Normal,Normal,True
XGB_top125,2,Train108.csv,Normal,Normal,True
XGB_top125,2,Train113.csv,Normal,Normal,True
XGB_top125,2,Train121.csv,Side I,Normal,False
XGB_top125,2,Train122.csv,Normal,Normal,True
XGB_top125,2,Train129.csv,Normal,Normal,True
XGB_top125,2,Train130.csv,Normal,Normal,True
XGB_top125,2,Train136.csv,Normal,Normal,True
XGB_top125,2,Train150.csv,Side I,Side I,True
XGB_top125,2,Train154.csv,Normal,Normal,True
XGB_top125,2,Train158.csv,Normal,Normal,True
XGB_top125,2,Train160.csv,Normal,Normal,True
XGB_top125,2,Train171.csv,Normal,Normal,True
XGB_top125,2,Train174.csv,Normal,Normal,True
XGB_top125,2,Train184.csv,Normal,Normal,True
XGB_top125,2,Train191.csv,Normal,Normal,True
XGB_top125,2,Train193.csv,Normal,Normal,True
XGB_top125,2,Train194.csv,Side I,Side II,False
XGB_top125,2,Train200.csv,Normal,Normal,True
XGB_top125,2,Train201.csv,Normal,Normal,True
XGB_top125,2,Train205.csv,Normal,Normal,True
XGB_top125,2,Train207.csv,Side II,Side II,True
XGB_top125,2,Train209.csv,Normal,Normal,True
XGB_top125,2,Train215.csv,Normal,Normal,True
XGB_top125,2,Train217.csv,Side II,Side I,False
XGB_top125,2,Train222.csv,Normal,Normal,True
XGB_top125,2,Train223.csv,Normal,Normal,True
XGB_top125,2,Train225.csv,Normal,Normal,True
XGB_top125,2,Train233.csv,Normal,Normal,True
XGB_top125,2,Train234.csv,Normal,Normal,True
XGB_top125,2,Train235.csv,Normal,Normal,True
XGB_top125,2,Train237.csv,Normal,Normal,True
XGB_top125,2,Train248.csv,Side II,Side II,True
XGB_top125,2,Train249.csv,Normal,Normal,True
XGB_top125,2,Train256.csv,Normal,Normal,True
XGB_top125,2,Train258.csv,Normal,Normal,True
XGB_top125,2,Train266.csv,Normal,Normal,True
XGB_top125,2,Train270.csv,Normal,Normal,True
XGB_top125,3,Train2.csv,Side II,Side II,True
XGB_top125,3,Train6.csv,Normal,Normal,True
XGB_top125,3,Train7.csv,Normal,Normal,True
XGB_top125,3,Train20.csv,Normal,Normal,True
XGB_top125,3,Train25.csv,Normal,Normal,True
XGB_top125,3,Train38.csv,Normal,Normal,True
XGB_top125,3,Train39.csv,Normal,Normal,True
XGB_top125,3,Train48.csv,Normal,Normal,True
XGB_top125,3,Train54.csv,Normal,Normal,True
XGB_top125,3,Train61.csv,Normal,Normal,True
XGB_top125,3,Train63.csv,Normal,Normal,True
XGB_top125,3,Train67.csv,Normal,Normal,True
XGB_top125,3,Train70.csv,Normal,Normal,True
XGB_top125,3,Train72.csv,Side II,Side II,True
XGB_top125,3,Train75.csv,Normal,Normal,True
XGB_top125,3,Train79.csv,Normal,Normal,True
XGB_top125,3,Train80.csv,Normal,Normal,True
XGB_top125,3,Train83.csv,Side I,Side I,True
XGB_top125,3,Train85.csv,Normal,Normal,True
XGB_top125,3,Train89.csv,Normal,Normal,True
XGB_top125,3,Train91.csv,Normal,Normal,True
XGB_top125,3,Train98.csv,Normal,Normal,True
XGB_top125,3,Train99.csv,Normal,Normal,True
XGB_top125,3,Train104.csv,Side II,Side II,True
XGB_top125,3,Train110.csv,Normal,Normal,True
XGB_top125,3,Train114.csv,Normal,Normal,True
XGB_top125,3,Train124.csv,Normal,Normal,True
XGB_top125,3,Train125.csv,Normal,Normal,True
XGB_top125,3,Train126.csv,Normal,Normal,True
XGB_top125,3,Train127.csv,Side II,Side II,True
XGB_top125,3,Train133.csv,Normal,Normal,True
XGB_top125,3,Train135.csv,Normal,Normal,True
XGB_top125,3,Train139.csv,Normal,Normal,True
XGB_top125,3,Train141.csv,Normal,Normal,True
XGB_top125,3,Train151.csv,Normal,Normal,True
XGB_top125,3,Train155.csv,Normal,Normal,True
XGB_top125,3,Train163.csv,Side I,Side I,True
XGB_top125,3,Train164.csv,Side II,Side II,True
XGB_top125,3,Train166.csv,Normal,Normal,True
XGB_top125,3,Train175.csv,Normal,Normal,True
XGB_top125,3,Train183.csv,Normal,Normal,True
XGB_top125,3,Train186.csv,Normal,Normal,True
XGB_top125,3,Train197.csv,Normal,Normal,True
XGB_top125,3,Train211.csv,Normal,Normal,True
XGB_top125,3,Train219.csv,Normal,Normal,True
XGB_top125,3,Train224.csv,Normal,Normal,True
XGB_top125,3,Train243.csv,Normal,Normal,True
XGB_top125,3,Train251.csv,Normal,Side II,False
XGB_top125,3,Train253.csv,Normal,Normal,True
XGB_top125,3,Train254.csv,Normal,Normal,True
XGB_top125,3,Train255.csv,Normal,Normal,True
XGB_top125,3,Train261.csv,Normal,Normal,True
XGB_top125,3,Train268.csv,Normal,Normal,True
XGB_top125,3,Train272.csv,Normal,Normal,True
XGB_top125,4,Train4.csv,Normal,Normal,True
XGB_top125,4,Train18.csv,Normal,Normal,True
XGB_top125,4,Train27.csv,Normal,Normal,True
XGB_top125,4,Train32.csv,Normal,Normal,True
XGB_top125,4,Train35.csv,Normal,Normal,True
XGB_top125,4,Train40.csv,Normal,Normal,True
XGB_top125,4,Train41.csv,Normal,Normal,True
XGB_top125,4,Train44.csv,Normal,Normal,True
XGB_top125,4,Train45.csv,Normal,Normal,True
XGB_top125,4,Train46.csv,Normal,Normal,True
XGB_top125,4,Train55.csv,Normal,Normal,True
XGB_top125,4,Train56.csv,Normal,Normal,True
XGB_top125,4,Train57.csv,Normal,Normal,True
XGB_top125,4,Train59.csv,Normal,Normal,True
XGB_top125,4,Train64.csv,Normal,Normal,True
XGB_top125,4,Train68.csv,Normal,Normal,True
XGB_top125,4,Train69.csv,Normal,Normal,True
XGB_top125,4,Train86.csv,Normal,Normal,True
XGB_top125,4,Train87.csv,Normal,Normal,True
XGB_top125,4,Train93.csv,Side II,Side II,True
XGB_top125,4,Train103.csv,Side II,Side II,True
XGB_top125,4,Train105.csv,Normal,Normal,True
XGB_top125,4,Train107.csv,Normal,Normal,True
XGB_top125,4,Train112.csv,Normal,Normal,True
XGB_top125,4,Train116.csv,Normal,Normal,True
XGB_top125,4,Train118.csv,Normal,Normal,True
XGB_top125,4,Train128.csv,Normal,Normal,True
XGB_top125,4,Train131.csv,Normal,Normal,True
XGB_top125,4,Train132.csv,Normal,Normal,True
XGB_top125,4,Train145.csv,Normal,Normal,True
XGB_top125,4,Train148.csv,Normal,Normal,True
XGB_top125,4,Train153.csv,Normal,Normal,True
XGB_top125,4,Train157.csv,Normal,Normal,True
XGB_top125,4,Train159.csv,Normal,Normal,True
XGB_top125,4,Train162.csv,Normal,Normal,True
XGB_top125,4,Train168.csv,Normal,Normal,True
XGB_top125,4,Train170.csv,Side I,Normal,False
XGB_top125,4,Train176.csv,Normal,Normal,True
XGB_top125,4,Train178.csv,Normal,Normal,True
XGB_top125,4,Train181.csv,Normal,Normal,True
XGB_top125,4,Train188.csv,Side II,Side II,True
XGB_top125,4,Train192.csv,Normal,Normal,True
XGB_top125,4,Train202.csv,Side I,Normal,False
XGB_top125,4,Train213.csv,Side I,Side I,True
XGB_top125,4,Train214.csv,Normal,Normal,True
XGB_top125,4,Train227.csv,Normal,Normal,True
XGB_top125,4,Train232.csv,Normal,Normal,True
XGB_top125,4,Train238.csv,Normal,Normal,True
XGB_top125,4,Train241.csv,Normal,Normal,True
XGB_top125,4,Train245.csv,Normal,Normal,True
XGB_top125,4,Train250.csv,Normal,Normal,True
XGB_top125,4,Train252.csv,Normal,Normal,True
XGB_top125,4,Train267.csv,Side II,Side II,True
XGB_top125,4,Train271.csv,Normal,Normal,True
XGB_top125,5,Train3.csv,Normal,Normal,True
XGB_top125,5,Train8.csv,Normal,Normal,True
XGB_top125,5,Train10.csv,Normal,Normal,True
XGB_top125,5,Train13.csv,Normal,Normal,True
XGB_top125,5,Train15.csv,Normal,Normal,True
XGB_top125,5,Train17.csv,Normal,Normal,True
XGB_top125,5,Train21.csv,Normal,Normal,True
XGB_top125,5,Train23.csv,Normal,Normal,True
XGB_top125,5,Train28.csv,Normal,Normal,True
XGB_top125,5,Train47.csv,Normal,Normal,True
XGB_top125,5,Train50.csv,Normal,Normal,True
XGB_top125,5,Train51.csv,Normal,Normal,True
XGB_top125,5,Train58.csv,Normal,Normal,True
XGB_top125,5,Train60.csv,Normal,Normal,True
XGB_top125,5,Train62.csv,Side I,Normal,False
XGB_top125,5,Train71.csv,Normal,Normal,True
XGB_top125,5,Train74.csv,Normal,Normal,True
XGB_top125,5,Train90.csv,Normal,Normal,True
XGB_top125,5,Train101.csv,Normal,Normal,True
XGB_top125,5,Train106.csv,Side I,Normal,False
XGB_top125,5,Train111.csv,Side II,Side II,True
XGB_top125,5,Train117.csv,Normal,Normal,True
XGB_top125,5,Train137.csv,Side I,Side I,True
XGB_top125,5,Train140.csv,Normal,Normal,True
XGB_top125,5,Train144.csv,Normal,Normal,True
XGB_top125,5,Train156.csv,Normal,Normal,True
XGB_top125,5,Train169.csv,Normal,Normal,True
XGB_top125,5,Train173.csv,Normal,Normal,True
XGB_top125,5,Train179.csv,Side II,Side II,True
XGB_top125,5,Train187.csv,Normal,Normal,True
XGB_top125,5,Train189.csv,Normal,Normal,True
XGB_top125,5,Train190.csv,Normal,Normal,True
XGB_top125,5,Train199.csv,Side II,Side II,True
XGB_top125,5,Train203.csv,Normal,Normal,True
XGB_top125,5,Train204.csv,Normal,Normal,True
XGB_top125,5,Train210.csv,Normal,Normal,True
XGB_top125,5,Train218.csv,Normal,Normal,True
XGB_top125,5,Train220.csv,Normal,Normal,True
XGB_top125,5,Train221.csv,Normal,Normal,True
XGB_top125,5,Train226.csv,Normal,Normal,True
XGB_top125,5,Train228.csv,Normal,Normal,True
XGB_top125,5,Train229.csv,Normal,Normal,True
XGB_top125,5,Train230.csv,Normal,Normal,True
XGB_top125,5,Train231.csv,Normal,Normal,True
XGB_top125,5,Train239.csv,Normal,Normal,True
XGB_top125,5,Train240.csv,Side II,Side II,True
XGB_top125,5,Train242.csv,Normal,Normal,True
XGB_top125,5,Train246.csv,Normal,Normal,True
XGB_top125,5,Train257.csv,Normal,Normal,True
XGB_top125,5,Train259.csv,Normal,Normal,True
XGB_top125,5,Train260.csv,Normal,Normal,True
XGB_top125,5,Train262.csv,Normal,Normal,True
XGB_top125,5,Train264.csv,Normal,Normal,True
XGB_top125,5,Train265.csv,Side II,Side I,False
XGB_top125,6,Train5.csv,Normal,Normal,True
XGB_top125,6,Train17.csv,Normal,Normal,True
XGB_top125,6,Train24.csv,Normal,Normal,True
XGB_top125,6,Train25.csv,Normal,Normal,True
XGB_top125,6,Train28.csv,Normal,Normal,True
XGB_top125,6,Train29.csv,Normal,Normal,True
XGB_top125,6,Train30.csv,Side II,Normal,False
XGB_top125,6,Train55.csv,Normal,Normal,True
XGB_top125,6,Train56.csv,Normal,Normal,True
XGB_top125,6,Train70.csv,Normal,Normal,True
XGB_top125,6,Train75.csv,Normal,Normal,True
XGB_top125,6,Train76.csv,Normal,Normal,True
XGB_top125,6,Train78.csv,Normal,Normal,True
XGB_top125,6,Train86.csv,Normal,Normal,True
XGB_top125,6,Train91.csv,Normal,Normal,True
XGB_top125,6,Train94.csv,Normal,Normal,True
XGB_top125,6,Train97.csv,Normal,Normal,True
XGB_top125,6,Train106.csv,Side I,Side I,True
XGB_top125,6,Train109.csv,Normal,Normal,True
XGB_top125,6,Train111.csv,Side II,Side II,True
XGB_top125,6,Train131.csv,Normal,Normal,True
XGB_top125,6,Train135.csv,Normal,Normal,True
XGB_top125,6,Train136.csv,Normal,Normal,True
XGB_top125,6,Train141.csv,Normal,Normal,True
XGB_top125,6,Train142.csv,Normal,Normal,True
XGB_top125,6,Train143.csv,Normal,Normal,True
XGB_top125,6,Train145.csv,Normal,Normal,True
XGB_top125,6,Train148.csv,Normal,Normal,True
XGB_top125,6,Train152.csv,Normal,Normal,True
XGB_top125,6,Train153.csv,Normal,Normal,True
XGB_top125,6,Train154.csv,Normal,Normal,True
XGB_top125,6,Train160.csv,Normal,Normal,True
XGB_top125,6,Train169.csv,Normal,Normal,True
XGB_top125,6,Train171.csv,Normal,Normal,True
XGB_top125,6,Train181.csv,Normal,Normal,True
XGB_top125,6,Train182.csv,Normal,Normal,True
XGB_top125,6,Train185.csv,Side I,Normal,False
XGB_top125,6,Train186.csv,Normal,Normal,True
XGB_top125,6,Train189.csv,Normal,Normal,True
XGB_top125,6,Train191.csv,Normal,Normal,True
XGB_top125,6,Train193.csv,Normal,Normal,True
XGB_top125,6,Train194.csv,Side I,Side I,True
XGB_top125,6,Train195.csv,Normal,Normal,True
XGB_top125,6,Train203.csv,Normal,Normal,True
XGB_top125,6,Train205.csv,Normal,Normal,True
XGB_top125,6,Train209.csv,Normal,Normal,True
XGB_top125,6,Train210.csv,Normal,Normal,True
XGB_top125,6,Train214.csv,Normal,Normal,True
XGB_top125,6,Train216.csv,Side II,Normal,False
XGB_top125,6,Train217.csv,Side II,Side I,False
XGB_top125,6,Train218.csv,Normal,Normal,True
XGB_top125,6,Train230.csv,Normal,Normal,True
XGB_top125,6,Train232.csv,Normal,Normal,True
XGB_top125,6,Train248.csv,Side II,Side II,True
XGB_top125,6,Train272.csv,Normal,Normal,True
XGB_top125,7,Train3.csv,Normal,Normal,True
XGB_top125,7,Train6.csv,Normal,Normal,True
XGB_top125,7,Train14.csv,Normal,Normal,True
XGB_top125,7,Train15.csv,Normal,Normal,True
XGB_top125,7,Train16.csv,Normal,Normal,True
XGB_top125,7,Train18.csv,Normal,Normal,True
XGB_top125,7,Train20.csv,Normal,Normal,True
XGB_top125,7,Train21.csv,Normal,Normal,True
XGB_top125,7,Train26.csv,Side II,Side II,True
XGB_top125,7,Train32.csv,Normal,Normal,True
XGB_top125,7,Train34.csv,Normal,Normal,True
XGB_top125,7,Train39.csv,Normal,Normal,True
XGB_top125,7,Train41.csv,Normal,Normal,True
XGB_top125,7,Train43.csv,Side II,Side II,True
XGB_top125,7,Train44.csv,Normal,Normal,True
XGB_top125,7,Train45.csv,Normal,Normal,True
XGB_top125,7,Train60.csv,Normal,Side II,False
XGB_top125,7,Train62.csv,Side I,Normal,False
XGB_top125,7,Train63.csv,Normal,Normal,True
XGB_top125,7,Train72.csv,Side II,Side II,True
XGB_top125,7,Train74.csv,Normal,Normal,True
XGB_top125,7,Train80.csv,Normal,Normal,True
XGB_top125,7,Train82.csv,Normal,Normal,True
XGB_top125,7,Train92.csv,Normal,Normal,True
XGB_top125,7,Train98.csv,Normal,Normal,True
XGB_top125,7,Train99.csv,Normal,Normal,True
XGB_top125,7,Train108.csv,Normal,Normal,True
XGB_top125,7,Train110.csv,Normal,Normal,True
XGB_top125,7,Train117.csv,Normal,Normal,True
XGB_top125,7,Train124.csv,Normal,Normal,True
XGB_top125,7,Train128.csv,Normal,Normal,True
XGB_top125,7,Train130.csv,Normal,Normal,True
XGB_top125,7,Train132.csv,Normal,Normal,True
XGB_top125,7,Train134.csv,Normal,Normal,True
XGB_top125,7,Train137.csv,Side I,Normal,False
XGB_top125,7,Train140.csv,Normal,Normal,True
XGB_top125,7,Train144.csv,Normal,Normal,True
XGB_top125,7,Train147.csv,Normal,Normal,True
XGB_top125,7,Train149.csv,Normal,Normal,True
XGB_top125,7,Train159.csv,Normal,Normal,True
XGB_top125,7,Train163.csv,Side I,Normal,False
XGB_top125,7,Train167.csv,Normal,Normal,True
XGB_top125,7,Train173.csv,Normal,Normal,True
XGB_top125,7,Train192.csv,Normal,Normal,True
XGB_top125,7,Train198.csv,Side II,Side II,True
XGB_top125,7,Train199.csv,Side II,Side II,True
XGB_top125,7,Train200.csv,Normal,Normal,True
XGB_top125,7,Train211.csv,Normal,Normal,True
XGB_top125,7,Train233.csv,Normal,Normal,True
XGB_top125,7,Train241.csv,Normal,Normal,True
XGB_top125,7,Train245.csv,Normal,Normal,True
XGB_top125,7,Train250.csv,Normal,Normal,True
XGB_top125,7,Train256.csv,Normal,Normal,True
XGB_top125,7,Train261.csv,Normal,Normal,True
XGB_top125,7,Train268.csv,Normal,Normal,True
XGB_top125,8,Train1.csv,Normal,Normal,True
XGB_top125,8,Train8.csv,Normal,Normal,True
XGB_top125,8,Train23.csv,Normal,Normal,True
XGB_top125,8,Train36.csv,Normal,Normal,True
XGB_top125,8,Train47.csv,Normal,Normal,True
XGB_top125,8,Train49.csv,Normal,Normal,True
XGB_top125,8,Train52.csv,Normal,Normal,True
XGB_top125,8,Train57.csv,Normal,Normal,True
XGB_top125,8,Train59.csv,Normal,Normal,True
XGB_top125,8,Train66.csv,Normal,Normal,True
XGB_top125,8,Train79.csv,Normal,Normal,True
XGB_top125,8,Train81.csv,Normal,Normal,True
XGB_top125,8,Train83.csv,Side I,Side I,True
XGB_top125,8,Train84.csv,Normal,Normal,True
XGB_top125,8,Train85.csv,Normal,Normal,True
XGB_top125,8,Train88.csv,Normal,Normal,True
XGB_top125,8,Train90.csv,Normal,Normal,True
XGB_top125,8,Train101.csv,Normal,Normal,True
XGB_top125,8,Train102.csv,Normal,Normal,True
XGB_top125,8,Train103.csv,Side II,Normal,False
XGB_top125,8,Train113.csv,Normal,Normal,True
XGB_top125,8,Train114.csv,Normal,Normal,True
XGB_top125,8,Train118.csv,Normal,Normal,True
XGB_top125,8,Train123.csv,Normal,Side I,False
XGB_top125,8,Train126.csv,Normal,Normal,True
XGB_top125,8,Train127.csv,Side II,Side II,True
XGB_top125,8,Train129.csv,Normal,Normal,True
XGB_top125,8,Train146.csv,Normal,Normal,True
XGB_top125,8,Train157.csv,Normal,Normal,True
XGB_top125,8,Train158.csv,Normal,Normal,True
XGB_top125,8,Train161.csv,Normal,Normal,True
XGB_top125,8,Train164.csv,Side II,Side I,False
XGB_top125,8,Train170.csv,Side I,Normal,False
XGB_top125,8,Train176.csv,Normal,Normal,True
XGB_top125,8,Train183.csv,Normal,Normal,True
XGB_top125,8,Train187.csv,Normal,Normal,True
XGB_top125,8,Train201.csv,Normal,Normal,True
XGB_top125,8,Train204.csv,Normal,Normal,True
XGB_top125,8,Train212.csv,Normal,Normal,True
XGB_top125,8,Train219.csv,Normal,Normal,True
XGB_top125,8,Train220.csv,Normal,Normal,True
XGB_top125,8,Train225.csv,Normal,Normal,True
XGB_top125,8,Train226.csv,Normal,Normal,True
XGB_top125,8,Train240.csv,Side II,Side II,True
XGB_top125,8,Train242.csv,Normal,Normal,True
XGB_top125,8,Train243.csv,Normal,Normal,True
XGB_top125,8,Train249.csv,Normal,Normal,True
XGB_top125,8,Train251.csv,Normal,Side II,False
XGB_top125,8,Train255.csv,Normal,Side I,False
XGB_top125,8,Train257.csv,Normal,Normal,True
XGB_top125,8,Train260.csv,Normal,Normal,True
XGB_top125,8,Train264.csv,Normal,Normal,True
XGB_top125,8,Train265.csv,Side II,Side I,False
XGB_top125,8,Train270.csv,Normal,Normal,True
XGB_top125,9,Train2.csv,Side II,Normal,False
XGB_top125,9,Train4.csv,Normal,Normal,True
XGB_top125,9,Train7.csv,Normal,Normal,True
XGB_top125,9,Train9.csv,Normal,Normal,True
XGB_top125,9,Train10.csv,Normal,Normal,True
XGB_top125,9,Train11.csv,Normal,Normal,True
XGB_top125,9,Train13.csv,Normal,Normal,True
XGB_top125,9,Train19.csv,Normal,Normal,True
XGB_top125,9,Train22.csv,Normal,Normal,True
XGB_top125,9,Train33.csv,Normal,Normal,True
XGB_top125,9,Train35.csv,Normal,Normal,True
XGB_top125,9,Train37.csv,Normal,Normal,True
XGB_top125,9,Train38.csv,Normal,Normal,True
XGB_top125,9,Train40.csv,Normal,Normal,True
XGB_top125,9,Train42.csv,Normal,Normal,True
XGB_top125,9,Train46.csv,Normal,Normal,True
XGB_top125,9,Train51.csv,Normal,Normal,True
XGB_top125,9,Train53.csv,Side II,Side II,True
XGB_top125,9,Train58.csv,Normal,Normal,True
XGB_top125,9,Train61.csv,Normal,Normal,True
XGB_top125,9,Train64.csv,Normal,Normal,True
XGB_top125,9,Train67.csv,Normal,Normal,True
XGB_top125,9,Train87.csv,Normal,Normal,True
XGB_top125,9,Train89.csv,Normal,Normal,True
XGB_top125,9,Train93.csv,Side II,Side II,True
XGB_top125,9,Train100.csv,Side I,Side II,False
XGB_top125,9,Train116.csv,Normal,Normal,True
XGB_top125,9,Train122.csv,Normal,Normal,True
XGB_top125,9,Train133.csv,Normal,Normal,True
XGB_top125,9,Train139.csv,Normal,Normal,True
XGB_top125,9,Train155.csv,Normal,Normal,True
XGB_top125,9,Train156.csv,Normal,Normal,True
XGB_top125,9,Train162.csv,Normal,Normal,True
XGB_top125,9,Train166.csv,Normal,Normal,True
XGB_top125,9,Train175.csv,Normal,Normal,True
XGB_top125,9,Train180.csv,Side I,Normal,False
XGB_top125,9,Train190.csv,Normal,Normal,True
XGB_top125,9,Train208.csv,Normal,Normal,True
XGB_top125,9,Train213.csv,Side I,Side I,True
XGB_top125,9,Train215.csv,Normal,Normal,True
XGB_top125,9,Train221.csv,Normal,Normal,True
XGB_top125,9,Train224.csv,Normal,Normal,True
XGB_top125,9,Train231.csv,Normal,Normal,True
XGB_top125,9,Train235.csv,Normal,Normal,True
XGB_top125,9,Train237.csv,Normal,Normal,True
XGB_top125,9,Train244.csv,Normal,Normal,True
XGB_top125,9,Train246.csv,Normal,Normal,True
XGB_top125,9,Train252.csv,Normal,Normal,True
XGB_top125,9,Train253.csv,Normal,Normal,True
XGB_top125,9,Train259.csv,Normal,Normal,True
XGB_top125,9,Train262.csv,Normal,Normal,True
XGB_top125,9,Train263.csv,Normal,Normal,True
XGB_top125,9,Train267.csv,Side II,Side II,True
XGB_top125,9,Train269.csv,Normal,Normal,True
XGB_top125,10,Train12.csv,Side II,Side II,True
XGB_top125,10,Train27.csv,Normal,Normal,True
XGB_top125,10,Train31.csv,Normal,Normal,True
XGB_top125,10,Train48.csv,Normal,Normal,True
XGB_top125,10,Train50.csv,Normal,Normal,True
XGB_top125,10,Train54.csv,Normal,Normal,True
XGB_top125,10,Train65.csv,Normal,Normal,True
XGB_top125,10,Train68.csv,Normal,Normal,True
XGB_top125,10,Train69.csv,Normal,Normal,True
XGB_top125,10,Train71.csv,Normal,Normal,True
XGB_top125,10,Train73.csv,Normal,Normal,True
XGB_top125,10,Train77.csv,Normal,Normal,True
XGB_top125,10,Train95.csv,Normal,Normal,True
XGB_top125,10,Train96.csv,Normal,Normal,True
XGB_top125,10,Train104.csv,Side II,Side II,True
XGB_top125,10,Train105.csv,Normal,Normal,True
XGB_top125,10,Train107.csv,Normal,Normal,True
XGB_top125,10,Train112.csv,Normal,Normal,True
XGB_top125,10,Train115.csv,Normal,Normal,True
XGB_top125,10,Train119.csv,Normal,Normal,True
XGB_top125,10,Train120.csv,Normal,Normal,True
XGB_top125,10,Train121.csv,Side I,Side I,True
XGB_top125,10,Train125.csv,Normal,Normal,True
XGB_top125,10,Train138.csv,Normal,Normal,True
XGB_top125,10,Train150.csv,Side I,Side I,True
XGB_top125,10,Train151.csv,Normal,Normal,True
XGB_top125,10,Train165.csv,Normal,Normal,True
XGB_top125,10,Train168.csv,Normal,Normal,True
XGB_top125,10,Train172.csv,Normal,Normal,True
XGB_top125,10,Train174.csv,Normal,Normal,True
XGB_top125,10,Train177.csv,Normal,Side I,False
XGB_top125,10,Train178.csv,Normal,Normal,True
XGB_top125,10,Train179.csv,Side II,Side II,True
XGB_top125,10,Train184.csv,Normal,Normal,True
XGB_top125,10,Train188.csv,Side II,Side II,True
XGB_top125,10,Train196.csv,Normal,Normal,True
XGB_top125,10,Train197.csv,Normal,Normal,True
XGB_top125,10,Train202.csv,Side I,Normal,False
XGB_top125,10,Train206.csv,Normal,Normal,True
XGB_top125,10,Train207.csv,Side II,Side II,True
XGB_top125,10,Train222.csv,Normal,Normal,True
XGB_top125,10,Train223.csv,Normal,Normal,True
XGB_top125,10,Train227.csv,Normal,Normal,True
XGB_top125,10,Train228.csv,Normal,Normal,True
XGB_top125,10,Train229.csv,Normal,Normal,True
XGB_top125,10,Train234.csv,Normal,Normal,True
XGB_top125,10,Train236.csv,Normal,Normal,True
XGB_top125,10,Train238.csv,Normal,Normal,True
XGB_top125,10,Train239.csv,Normal,Normal,True
XGB_top125,10,Train247.csv,Normal,Normal,True
XGB_top125,10,Train254.csv,Normal,Normal,True
XGB_top125,10,Train258.csv,Normal,Normal,True
XGB_top125,10,Train266.csv,Normal,Normal,True
XGB_top125,10,Train271.csv,Normal,Normal,True
XGB_top125,11,Train14.csv,Normal,Normal,True
XGB_top125,11,Train15.csv,Normal,Normal,True
XGB_top125,11,Train25.csv,Normal,Normal,True
XGB_top125,11,Train42.csv,Normal,Normal,True
XGB_top125,11,Train47.csv,Normal,Normal,True
XGB_top125,11,Train49.csv,Normal,Normal,True
XGB_top125,11,Train51.csv,Normal,Normal,True
XGB_top125,11,Train61.csv,Normal,Normal,True
XGB_top125,11,Train63.csv,Normal,Normal,True
XGB_top125,11,Train71.csv,Normal,Normal,True
XGB_top125,11,Train72.csv,Side II,Side II,True
XGB_top125,11,Train73.csv,Normal,Normal,True
XGB_top125,11,Train81.csv,Normal,Normal,True
XGB_top125,11,Train89.csv,Normal,Normal,True
XGB_top125,11,Train91.csv,Normal,Normal,True
XGB_top125,11,Train102.csv,Normal,Normal,True
XGB_top125,11,Train105.csv,Normal,Normal,True
XGB_top125,11,Train109.csv,Normal,Normal,True
XGB_top125,11,Train110.csv,Normal,Normal,True
XGB_top125,11,Train111.csv,Side II,Side II,True
XGB_top125,11,Train112.csv,Normal,Normal,True
XGB_top125,11,Train115.csv,Normal,Normal,True
XGB_top125,11,Train117.csv,Normal,Normal,True
XGB_top125,11,Train128.csv,Normal,Normal,True
XGB_top125,11,Train131.csv,Normal,Normal,True
XGB_top125,11,Train133.csv,Normal,Normal,True
XGB_top125,11,Train135.csv,Normal,Normal,True
XGB_top125,11,Train138.csv,Normal,Normal,True
XGB_top125,11,Train139.csv,Normal,Normal,True
XGB_top125,11,Train148.csv,Normal,Normal,True
XGB_top125,11,Train163.csv,Side I,Side I,True
XGB_top125,11,Train167.csv,Normal,Normal,True
XGB_top125,11,Train176.csv,Normal,Normal,True
XGB_top125,11,Train177.csv,Normal,Side I,False
XGB_top125,11,Train181.csv,Normal,Normal,True
XGB_top125,11,Train184.csv,Normal,Normal,True
XGB_top125,11,Train194.csv,Side I,Side I,True
XGB_top125,11,Train201.csv,Normal,Normal,True
XGB_top125,11,Train202.csv,Side I,Normal,False
XGB_top125,11,Train204.csv,Normal,Normal,True
XGB_top125,11,Train207.csv,Side II,Side II,True
XGB_top125,11,Train212.csv,Normal,Normal,True
XGB_top125,11,Train217.csv,Side II,Side I,False
XGB_top125,11,Train225.csv,Normal,Normal,True
XGB_top125,11,Train226.csv,Normal,Normal,True
XGB_top125,11,Train233.csv,Normal,Normal,True
XGB_top125,11,Train242.csv,Normal,Normal,True
XGB_top125,11,Train243.csv,Normal,Normal,True
XGB_top125,11,Train246.csv,Normal,Normal,True
XGB_top125,11,Train247.csv,Normal,Normal,True
XGB_top125,11,Train251.csv,Normal,Side II,False
XGB_top125,11,Train252.csv,Normal,Normal,True
XGB_top125,11,Train258.csv,Normal,Normal,True
XGB_top125,11,Train265.csv,Side II,Side I,False
XGB_top125,11,Train269.csv,Normal,Normal,True
XGB_top125,12,Train1.csv,Normal,Normal,True
XGB_top125,12,Train4.csv,Normal,Normal,True
XGB_top125,12,Train10.csv,Normal,Normal,True
XGB_top125,12,Train12.csv,Side II,Side II,True
XGB_top125,12,Train17.csv,Normal,Normal,True
XGB_top125,12,Train18.csv,Normal,Normal,True
XGB_top125,12,Train21.csv,Normal,Normal,True
XGB_top125,12,Train24.csv,Normal,Normal,True
XGB_top125,12,Train26.csv,Side II,Side II,True
XGB_top125,12,Train27.csv,Normal,Normal,True
XGB_top125,12,Train28.csv,Normal,Normal,True
XGB_top125,12,Train43.csv,Side II,Side II,True
XGB_top125,12,Train45.csv,Normal,Normal,True
XGB_top125,12,Train48.csv,Normal,Normal,True
XGB_top125,12,Train55.csv,Normal,Normal,True
XGB_top125,12,Train56.csv,Normal,Normal,True
XGB_top125,12,Train57.csv,Normal,Normal,True
XGB_top125,12,Train59.csv,Normal,Normal,True
XGB_top125,12,Train62.csv,Side I,Normal,False
XGB_top125,12,Train67.csv,Normal,Normal,True
XGB_top125,12,Train80.csv,Normal,Normal,True
XGB_top125,12,Train82.csv,Normal,Normal,True
XGB_top125,12,Train84.csv,Normal,Normal,True
XGB_top125,12,Train85.csv,Normal,Normal,True
XGB_top125,12,Train93.csv,Side II,Side II,True
XGB_top125,12,Train94.csv,Normal,Normal,True
XGB_top125,12,Train101.csv,Normal,Normal,True
XGB_top125,12,Train107.csv,Normal,Normal,True
XGB_top125,12,Train113.csv,Normal,Normal,True
XGB_top125,12,Train124.csv,Normal,Normal,True
XGB_top125,12,Train125.csv,Normal,Normal,True
XGB_top125,12,Train140.csv,Normal,Normal,True
XGB_top125,12,Train144.csv,Normal,Normal,True
XGB_top125,12,Train147.csv,Normal,Normal,True
XGB_top125,12,Train152.csv,Normal,Normal,True
XGB_top125,12,Train153.csv,Normal,Normal,True
XGB_top125,12,Train158.csv,Normal,Normal,True
XGB_top125,12,Train159.csv,Normal,Normal,True
XGB_top125,12,Train162.csv,Normal,Normal,True
XGB_top125,12,Train168.csv,Normal,Normal,True
XGB_top125,12,Train170.csv,Side I,Normal,False
XGB_top125,12,Train172.csv,Normal,Normal,True
XGB_top125,12,Train179.csv,Side II,Side II,True
XGB_top125,12,Train185.csv,Side I,Normal,False
XGB_top125,12,Train187.csv,Normal,Normal,True
XGB_top125,12,Train192.csv,Normal,Normal,True
XGB_top125,12,Train205.csv,Normal,Side I,False
XGB_top125,12,Train209.csv,Normal,Normal,True
XGB_top125,12,Train218.csv,Normal,Normal,True
XGB_top125,12,Train222.csv,Normal,Normal,True
XGB_top125,12,Train223.csv,Normal,Normal,True
XGB_top125,12,Train227.csv,Normal,Normal,True
XGB_top125,12,Train236.csv,Normal,Normal,True
XGB_top125,12,Train238.csv,Normal,Normal,True
XGB_top125,12,Train239.csv,Normal,Normal,True
XGB_top125,13,Train5.csv,Normal,Normal,True
XGB_top125,13,Train7.csv,Normal,Normal,True
XGB_top125,13,Train9.csv,Normal,Normal,True
XGB_top125,13,Train20.csv,Normal,Normal,True
XGB_top125,13,Train22.csv,Normal,Normal,True
XGB_top125,13,Train32.csv,Normal,Normal,True
XGB_top125,13,Train34.csv,Normal,Normal,True
XGB_top125,13,Train40.csv,Normal,Normal,True
XGB_top125,13,Train50.csv,Normal,Normal,True
XGB_top125,13,Train52.csv,Normal,Normal,True
XGB_top125,13,Train53.csv,Side II,Side II,True
XGB_top125,13,Train58.csv,Normal,Normal,True
XGB_top125,13,Train65.csv,Normal,Normal,True
XGB_top125,13,Train69.csv,Normal,Normal,True
XGB_top125,13,Train78.csv,Normal,Normal,True
XGB_top125,13,Train86.csv,Normal,Normal,True
XGB_top125,13,Train88.csv,Normal,Normal,True
XGB_top125,13,Train98.csv,Normal,Normal,True
XGB_top125,13,Train99.csv,Normal,Normal,True
XGB_top125,13,Train100.csv,Side I,Side II,False
XGB_top125,13,Train103.csv,Side II,Side II,True
XGB_top125,13,Train108.csv,Normal,Normal,True
XGB_top125,13,Train127.csv,Side II,Side II,True
XGB_top125,13,Train130.csv,Normal,Normal,True
XGB_top125,13,Train134.csv,Normal,Normal,True
XGB_top125,13,Train143.csv,Normal,Normal,True
XGB_top125,13,Train145.csv,Normal,Normal,True
XGB_top125,13,Train150.csv,Side I,Side I,True
XGB_top125,13,Train151.csv,Normal,Normal,True
XGB_top125,13,Train155.csv,Normal,Normal,True
XGB_top125,13,Train160.csv,Normal,Normal,True
XGB_top125,13,Train166.csv,Normal,Normal,True
XGB_top125,13,Train174.csv,Normal,Normal,True
XGB_top125,13,Train182.csv,Normal,Normal,True
XGB_top125,13,Train188.csv,Side II,Side II,True
XGB_top125,13,Train195.csv,Normal,Normal,True
XGB_top125,13,Train196.csv,Normal,Normal,True
XGB_top125,13,Train203.csv,Normal,Normal,True
XGB_top125,13,Train210.csv,Normal,Normal,True
XGB_top125,13,Train219.csv,Normal,Normal,True
XGB_top125,13,Train221.csv,Normal,Normal,True
XGB_top125,13,Train224.csv,Normal,Normal,True
XGB_top125,13,Train230.csv,Normal,Normal,True
XGB_top125,13,Train231.csv,Normal,Normal,True
XGB_top125,13,Train235.csv,Normal,Normal,True
XGB_top125,13,Train237.csv,Normal,Normal,True
XGB_top125,13,Train240.csv,Side II,Side II,True
XGB_top125,13,Train244.csv,Normal,Normal,True
XGB_top125,13,Train250.csv,Normal,Normal,True
XGB_top125,13,Train256.csv,Normal,Normal,True
XGB_top125,13,Train259.csv,Normal,Normal,True
XGB_top125,13,Train264.csv,Normal,Normal,True
XGB_top125,13,Train266.csv,Normal,Normal,True
XGB_top125,13,Train272.csv,Normal,Normal,True
XGB_top125,14,Train3.csv,Normal,Normal,True
XGB_top125,14,Train6.csv,Normal,Normal,True
XGB_top125,14,Train8.csv,Normal,Normal,True
XGB_top125,14,Train11.csv,Normal,Normal,True
XGB_top125,14,Train16.csv,Normal,Normal,True
XGB_top125,14,Train19.csv,Normal,Normal,True
XGB_top125,14,Train23.csv,Normal,Normal,True
XGB_top125,14,Train30.csv,Side II,Normal,False
XGB_top125,14,Train35.csv,Normal,Normal,True
XGB_top125,14,Train36.csv,Normal,Normal,True
XGB_top125,14,Train37.csv,Normal,Normal,True
XGB_top125,14,Train44.csv,Normal,Normal,True
XGB_top125,14,Train54.csv,Normal,Normal,True
XGB_top125,14,Train64.csv,Normal,Normal,True
XGB_top125,14,Train66.csv,Normal,Normal,True
XGB_top125,14,Train75.csv,Normal,Normal,True
XGB_top125,14,Train76.csv,Normal,Normal,True
XGB_top125,14,Train79.csv,Normal,Normal,True
XGB_top125,14,Train83.csv,Side I,Side I,True
XGB_top125,14,Train95.csv,Normal,Normal,True
XGB_top125,14,Train96.csv,Normal,Normal,True
XGB_top125,14,Train116.csv,Normal,Normal,True
XGB_top125,14,Train120.csv,Normal,Normal,True
XGB_top125,14,Train123.csv,Normal,Normal,True
XGB_top125,14,Train129.csv,Normal,Normal,True
XGB_top125,14,Train132.csv,Normal,Normal,True
XGB_top125,14,Train136.csv,Normal,Normal,True
XGB_top125,14,Train141.csv,Normal,Normal,True
XGB_top125,14,Train156.csv,Normal,Normal,True
XGB_top125,14,Train157.csv,Normal,Normal,True
XGB_top125,14,Train169.csv,Normal,Normal,True
XGB_top125,14,Train173.csv,Normal,Normal,True
XGB_top125,14,Train175.csv,Normal,Normal,True
XGB_top125,14,Train178.csv,Normal,Normal,True
XGB_top125,14,Train180.csv,Side I,Normal,False
XGB_top125,14,Train186.csv,Normal,Normal,True
XGB_top125,14,Train191.csv,Normal,Normal,True
XGB_top125,14,Train193.csv,Normal,Normal,True
XGB_top125,14,Train197.csv,Normal,Normal,True
XGB_top125,14,Train198.csv,Side II,Side II,True
XGB_top125,14,Train199.csv,Side II,Side II,True
XGB_top125,14,Train200.csv,Normal,Normal,True
XGB_top125,14,Train206.csv,Normal,Normal,True
XGB_top125,14,Train211.csv,Normal,Normal,True
XGB_top125,14,Train213.csv,Side I,Side I,True
XGB_top125,14,Train220.csv,Normal,Normal,True
XGB_top125,14,Train228.csv,Normal,Normal,True
XGB_top125,14,Train234.csv,Normal,Normal,True
XGB_top125,14,Train248.csv,Side II,Side II,True
XGB_top125,14,Train249.csv,Normal,Normal,True
XGB_top125,14,Train254.csv,Normal,Normal,True
XGB_top125,14,Train260.csv,Normal,Normal,True
XGB_top125,14,Train262.csv,Normal,Normal,True
XGB_top125,14,Train271.csv,Normal,Normal,True
XGB_top125,15,Train2.csv,Side II,Normal,False
XGB_top125,15,Train13.csv,Normal,Normal,True
XGB_top125,15,Train29.csv,Normal,Normal,True
XGB_top125,15,Train31.csv,Normal,Normal,True
XGB_top125,15,Train33.csv,Normal,Normal,True
XGB_top125,15,Train38.csv,Normal,Normal,True
XGB_top125,15,Train39.csv,Normal,Normal,True
XGB_top125,15,Train41.csv,Normal,Normal,True
XGB_top125,15,Train46.csv,Normal,Normal,True
XGB_top125,15,Train60.csv,Normal,Normal,True
XGB_top125,15,Train68.csv,Normal,Normal,True
XGB_top125,15,Train70.csv,Normal,Normal,True
XGB_top125,15,Train74.csv,Normal,Normal,True
XGB_top125,15,Train77.csv,Normal,Normal,True
XGB_top125,15,Train87.csv,Normal,Normal,True
XGB_top125,15,Train90.csv,Normal,Normal,True
XGB_top125,15,Train92.csv,Normal,Normal,True
XGB_top125,15,Train97.csv,Normal,Normal,True
XGB_top125,15,Train104.csv,Side II,Side II,True
XGB_top125,15,Train106.csv,Side I,Side I,True
XGB_top125,15,Train114.csv,Normal,Normal,True
XGB_top125,15,Train118.csv,Normal,Normal,True
XGB_top125,15,Train119.csv,Normal,Normal,True
XGB_top125,15,Train121.csv,Side I,Normal,False
XGB_top125,15,Train122.csv,Normal,Normal,True
XGB_top125,15,Train126.csv,Normal,Normal,True
XGB_top125,15,Train137.csv,Side I,Side I,True
XGB_top125,15,Train142.csv,Normal,Normal,True
XGB_top125,15,Train146.csv,Normal,Normal,True
XGB_top125,15,Train149.csv,Normal,Normal,True
XGB_top125,15,Train154.csv,Normal,Normal,True
XGB_top125,15,Train161.csv,Normal,Normal,True
XGB_top125,15,Train164.csv,Side II,Side II,True
XGB_top125,15,Train165.csv,Normal,Normal,True
XGB_top125,15,Train171.csv,Normal,Normal,True
XGB_top125,15,Train183.csv,Normal,Normal,True
XGB_top125,15,Train189.csv,Normal,Normal,True
XGB_top125,15,Train190.csv,Normal,Normal,True
XGB_top125,15,Train208.csv,Normal,Normal,True
XGB_top125,15,Train214.csv,Normal,Normal,True
XGB_top125,15,Train215.csv,Normal,Normal,True
XGB_top125,15,Train216.csv,Side II,Normal,False
XGB_top125,15,Train229.csv,Normal,Normal,True
XGB_top125,15,Train232.csv,Normal,Normal,True
XGB_top125,15,Train241.csv,Normal,Normal,True
XGB_top125,15,Train245.csv,Normal,Normal,True
XGB_top125,15,Train253.csv,Normal,Normal,True
XGB_top125,15,Train255.csv,Normal,Normal,True
XGB_top125,15,Train257.csv,Normal,Normal,True
XGB_top125,15,Train261.csv,Normal,Normal,True
XGB_top125,15,Train263.csv,Normal,Normal,True
XGB_top125,15,Train267.csv,Side II,Side II,True
XGB_top125,15,Train268.csv,Normal,Normal,True
XGB_top125,15,Train270.csv,Normal,Normal,True
XGB_top125,16,Train6.csv,Normal,Normal,True
XGB_top125,16,Train16.csv,Normal,Normal,True
XGB_top125,16,Train17.csv,Normal,Normal,True
XGB_top125,16,Train19.csv,Normal,Normal,True
XGB_top125,16,Train21.csv,Normal,Normal,True
XGB_top125,16,Train30.csv,Side II,Side II,True
XGB_top125,16,Train43.csv,Side II,Side I,False
XGB_top125,16,Train44.csv,Normal,Normal,True
XGB_top125,16,Train46.csv,Normal,Normal,True
XGB_top125,16,Train56.csv,Normal,Normal,True
XGB_top125,16,Train57.csv,Normal,Normal,True
XGB_top125,16,Train68.csv,Normal,Normal,True
XGB_top125,16,Train69.csv,Normal,Normal,True
XGB_top125,16,Train83.csv,Side I,Side I,True
XGB_top125,16,Train94.csv,Normal,Normal,True
XGB_top125,16,Train96.csv,Normal,Normal,True
XGB_top125,16,Train98.csv,Normal,Normal,True
XGB_top125,16,Train105.csv,Normal,Normal,True
XGB_top125,16,Train111.csv,Side II,Side II,True
XGB_top125,16,Train113.csv,Normal,Normal,True
XGB_top125,16,Train121.csv,Side I,Normal,False
XGB_top125,16,Train125.csv,Normal,Normal,True
XGB_top125,16,Train126.csv,Normal,Normal,True
XGB_top125,16,Train130.csv,Normal,Normal,True
XGB_top125,16,Train143.csv,Normal,Normal,True
XGB_top125,16,Train147.csv,Normal,Normal,True
XGB_top125,16,Train149.csv,Normal,Normal,True
XGB_top125,16,Train154.csv,Normal,Normal,True
XGB_top125,16,Train157.csv,Normal,Normal,True
XGB_top125,16,Train159.csv,Normal,Normal,True
XGB_top125,16,Train160.csv,Normal,Normal,True
XGB_top125,16,Train164.csv,Side II,Side II,True
XGB_top125,16,Train165.csv,Normal,Normal,True
XGB_top125,16,Train166.csv,Normal,Normal,True
XGB_top125,16,Train174.csv,Normal,Normal,True
XGB_top125,16,Train175.csv,Normal,Normal,True
XGB_top125,16,Train186.csv,Normal,Normal,True
XGB_top125,16,Train200.csv,Normal,Normal,True
XGB_top125,16,Train201.csv,Normal,Normal,True
XGB_top125,16,Train202.csv,Side I,Normal,False
XGB_top125,16,Train205.csv,Normal,Normal,True
XGB_top125,16,Train209.csv,Normal,Normal,True
XGB_top125,16,Train211.csv,Normal,Normal,True
XGB_top125,16,Train214.csv,Normal,Normal,True
XGB_top125,16,Train219.csv,Normal,Normal,True
XGB_top125,16,Train223.csv,Normal,Normal,True
XGB_top125,16,Train224.csv,Normal,Normal,True
XGB_top125,16,Train236.csv,Normal,Normal,True
XGB_top125,16,Train242.csv,Normal,Normal,True
XGB_top125,16,Train248.csv,Side II,Side II,True
XGB_top125,16,Train254.csv,Normal,Normal,True
XGB_top125,16,Train259.csv,Normal,Normal,True
XGB_top125,16,Train260.csv,Normal,Normal,True
XGB_top125,16,Train264.csv,Normal,Normal,True
XGB_top125,16,Train272.csv,Normal,Normal,True
XGB_top125,17,Train7.csv,Normal,Normal,True
XGB_top125,17,Train15.csv,Normal,Normal,True
XGB_top125,17,Train35.csv,Normal,Normal,True
XGB_top125,17,Train39.csv,Normal,Normal,True
XGB_top125,17,Train47.csv,Normal,Normal,True
XGB_top125,17,Train49.csv,Normal,Normal,True
XGB_top125,17,Train50.csv,Normal,Normal,True
XGB_top125,17,Train51.csv,Normal,Normal,True
XGB_top125,17,Train55.csv,Normal,Normal,True
XGB_top125,17,Train60.csv,Normal,Normal,True
XGB_top125,17,Train62.csv,Side I,Side I,True
XGB_top125,17,Train65.csv,Normal,Normal,True
XGB_top125,17,Train70.csv,Normal,Normal,True
XGB_top125,17,Train71.csv,Normal,Normal,True
XGB_top125,17,Train80.csv,Normal,Normal,True
XGB_top125,17,Train81.csv,Normal,Normal,True
XGB_top125,17,Train82.csv,Normal,Normal,True
XGB_top125,17,Train87.csv,Normal,Normal,True
XGB_top125,17,Train88.csv,Normal,Normal,True
XGB_top125,17,Train90.csv,Normal,Normal,True
XGB_top125,17,Train93.csv,Side II,Side II,True
XGB_top125,17,Train97.csv,Normal,Normal,True
XGB_top125,17,Train101.csv,Normal,Normal,True
XGB_top125,17,Train102.csv,Normal,Normal,True
XGB_top125,17,Train106.csv,Side I,Normal,False
XGB_top125,17,Train117.csv,Normal,Normal,True
XGB_top125,17,Train119.csv,Normal,Normal,True
XGB_top125,17,Train122.csv,Normal,Normal,True
XGB_top125,17,Train127.csv,Side II,Side II,True
XGB_top125,17,Train128.csv,Normal,Normal,True
XGB_top125,17,Train142.csv,Normal,Normal,True
XGB_top125,17,Train144.csv,Normal,Normal,True
XGB_top125,17,Train152.csv,Normal,Normal,True
XGB_top125,17,Train180.csv,Side I,Side I,True
XGB_top125,17,Train189.csv,Normal,Normal,True
XGB_top125,17,Train191.csv,Normal,Normal,True
XGB_top125,17,Train192.csv,Normal,Normal,True
XGB_top125,17,Train195.csv,Normal,Normal,True
XGB_top125,17,Train196.csv,Normal,Normal,True
XGB_top125,17,Train198.csv,Side II,Side II,True
XGB_top125,17,Train203.csv,Normal,Normal,True
XGB_top125,17,Train206.csv,Normal,Normal,True
XGB_top125,17,Train207.csv,Side II,Side II,True
XGB_top125,17,Train210.csv,Normal,Normal,True
XGB_top125,17,Train215.csv,Normal,Normal,True
XGB_top125,17,Train217.csv,Side II,Normal,False
XGB_top125,17,Train222.csv,Normal,Normal,True
XGB_top125,17,Train226.csv,Normal,Normal,True
XGB_top125,17,Train228.csv,Normal,Normal,True
XGB_top125,17,Train231.csv,Normal,Normal,True
XGB_top125,17,Train247.csv,Normal,Normal,True
XGB_top125,17,Train258.csv,Normal,Normal,True
XGB_top125,17,Train261.csv,Normal,Normal,True
XGB_top125,17,Train263.csv,Normal,Normal,True
XGB_top125,17,Train266.csv,Normal,Normal,True
XGB_top125,18,Train3.csv,Normal,Normal,True
XGB_top125,18,Train13.csv,Normal,Normal,True
XGB_top125,18,Train14.csv,Normal,Normal,True
XGB_top125,18,Train22.csv,Normal,Normal,True
XGB_top125,18,Train23.csv,Normal,Normal,True
XGB_top125,18,Train26.csv,Side II,Side II,True
XGB_top125,18,Train27.csv,Normal,Normal,True
XGB_top125,18,Train32.csv,Normal,Normal,True
XGB_top125,18,Train36.csv,Normal,Normal,True
XGB_top125,18,Train37.csv,Normal,Normal,True
XGB_top125,18,Train38.csv,Normal,Normal,True
XGB_top125,18,Train40.csv,Normal,Normal,True
XGB_top125,18,Train41.csv,Normal,Normal,True
XGB_top125,18,Train45.csv,Normal,Normal,True
XGB_top125,18,Train48.csv,Normal,Normal,True
XGB_top125,18,Train54.csv,Normal,Normal,True
XGB_top125,18,Train58.csv,Normal,Normal,True
XGB_top125,18,Train67.csv,Normal,Normal,True
XGB_top125,18,Train72.csv,Side II,Side II,True
XGB_top125,18,Train75.csv,Normal,Normal,True
XGB_top125,18,Train78.csv,Normal,Normal,True
XGB_top125,18,Train79.csv,Normal,Normal,True
XGB_top125,18,Train103.csv,Side II,Side II,True
XGB_top125,18,Train115.csv,Normal,Normal,True
XGB_top125,18,Train118.csv,Normal,Normal,True
XGB_top125,18,Train124.csv,Normal,Normal,True
XGB_top125,18,Train129.csv,Normal,Normal,True
XGB_top125,18,Train135.csv,Normal,Normal,True
XGB_top125,18,Train136.csv,Normal,Normal,True
XGB_top125,18,Train139.csv,Normal,Normal,True
XGB_top125,18,Train141.csv,Normal,Normal,True
XGB_top125,18,Train156.csv,Normal,Normal,True
XGB_top125,18,Train171.csv,Normal,Normal,True
XGB_top125,18,Train172.csv,Normal,Normal,True
XGB_top125,18,Train177.csv,Normal,Side I,False
XGB_top125,18,Train181.csv,Normal,Normal,True
XGB_top125,18,Train182.csv,Normal,Normal,True
XGB_top125,18,Train193.csv,Normal,Normal,True
XGB_top125,18,Train194.csv,Side I,Side I,True
XGB_top125,18,Train197.csv,Normal,Normal,True
XGB_top125,18,Train212.csv,Normal,Normal,True
XGB_top125,18,Train213.csv,Side I,Side I,True
XGB_top125,18,Train227.csv,Normal,Normal,True
XGB_top125,18,Train234.csv,Normal,Normal,True
XGB_top125,18,Train239.csv,Normal,Normal,True
XGB_top125,18,Train240.csv,Side II,Side II,True
XGB_top125,18,Train244.csv,Normal,Normal,True
XGB_top125,18,Train246.csv,Normal,Normal,True
XGB_top125,18,Train251.csv,Normal,Side II,False
XGB_top125,18,Train252.csv,Normal,Normal,True
XGB_top125,18,Train255.csv,Normal,Normal,True
XGB_top125,18,Train265.csv,Side II,Side I,False
XGB_top125,18,Train270.csv,Normal,Normal,True
XGB_top125,18,Train271.csv,Normal,Normal,True
XGB_top125,19,Train8.csv,Normal,Normal,True
XGB_top125,19,Train9.csv,Normal,Normal,True
XGB_top125,19,Train24.csv,Normal,Normal,True
XGB_top125,19,Train25.csv,Normal,Normal,True
XGB_top125,19,Train33.csv,Normal,Normal,True
XGB_top125,19,Train42.csv,Normal,Normal,True
XGB_top125,19,Train59.csv,Normal,Normal,True
XGB_top125,19,Train63.csv,Normal,Normal,True
XGB_top125,19,Train64.csv,Normal,Normal,True
XGB_top125,19,Train66.csv,Normal,Normal,True
XGB_top125,19,Train76.csv,Normal,Normal,True
XGB_top125,19,Train86.csv,Normal,Normal,True
XGB_top125,19,Train89.csv,Normal,Normal,True
XGB_top125,19,Train91.csv,Normal,Normal,True
XGB_top125,19,Train92.csv,Normal,Normal,True
XGB_top125,19,Train99.csv,Normal,Normal,True
XGB_top125,19,Train100.csv,Side I,Side II,False
XGB_top125,19,Train104.csv,Side II,Side II,True
XGB_top125,19,Train107.csv,Normal,Normal,True
XGB_top125,19,Train108.csv,Normal,Normal,True
XGB_top125,19,Train110.csv,Normal,Normal,True
XGB_top125,19,Train120.csv,Normal,Normal,True
XGB_top125,19,Train131.csv,Normal,Normal,True
XGB_top125,19,Train133.csv,Normal,Normal,True
XGB_top125,19,Train134.csv,Normal,Normal,True
XGB_top125,19,Train138.csv,Normal,Normal,True
XGB_top125,19,Train145.csv,Normal,Normal,True
XGB_top125,19,Train155.csv,Normal,Normal,True
XGB_top125,19,Train158.csv,Normal,Normal,True
XGB_top125,19,Train161.csv,Normal,Normal,True
XGB_top125,19,Train163.csv,Side I,Side I,True
XGB_top125,19,Train168.csv,Normal,Normal,True
XGB_top125,19,Train169.csv,Normal,Normal,True
XGB_top125,19,Train170.csv,Side I,Normal,False
XGB_top125,19,Train173.csv,Normal,Normal,True
XGB_top125,19,Train176.csv,Normal,Normal,True
XGB_top125,19,Train178.csv,Normal,Normal,True
XGB_top125,19,Train184.csv,Normal,Normal,True
XGB_top125,19,Train187.csv,Normal,Normal,True
XGB_top125,19,Train188.csv,Side II,Side II,True
XGB_top125,19,Train190.csv,Normal,Normal,True
XGB_top125,19,Train216.csv,Side II,Normal,False
XGB_top125,19,Train218.csv,Normal,Normal,True
XGB_top125,19,Train221.csv,Normal,Normal,True
XGB_top125,19,Train225.csv,Normal,Normal,True
XGB_top125,19,Train229.csv,Normal,Normal,True
XGB_top125,19,Train230.csv,Normal,Normal,True
XGB_top125,19,Train232.csv,Normal,Normal,True
XGB_top125,19,Train243.csv,Normal,Normal,True
XGB_top125,19,Train249.csv,Normal,Normal,True
XGB_top125,19,Train250.csv,Normal,Normal,True
XGB_top125,19,Train267.csv,Side II,Side II,True
XGB_top125,19,Train268.csv,Normal,Normal,True
XGB_top125,19,Train269.csv,Normal,Normal,True
XGB_top125,20,Train1.csv,Normal,Normal,True
XGB_top125,20,Train2.csv,Side II,Side II,True
XGB_top125,20,Train4.csv,Normal,Normal,True
XGB_top125,20,Train5.csv,Normal,Normal,True
XGB_top125,20,Train10.csv,Normal,Normal,True
XGB_top125,20,Train11.csv,Normal,Normal,True
XGB_top125,20,Train12.csv,Side II,Side II,True
XGB_top125,20,Train18.csv,Normal,Normal,True
XGB_top125,20,Train20.csv,Normal,Normal,True
XGB_top125,20,Train28.csv,Normal,Normal,True
XGB_top125,20,Train29.csv,Normal,Normal,True
XGB_top125,20,Train31.csv,Normal,Normal,True
XGB_top125,20,Train34.csv,Normal,Normal,True
XGB_top125,20,Train52.csv,Normal,Normal,True
XGB_top125,20,Train53.csv,Side II,Side II,True
XGB_top125,20,Train61.csv,Normal,Normal,True
XGB_top125,20,Train73.csv,Normal,Normal,True
XGB_top125,20,Train74.csv,Normal,Normal,True
XGB_top125,20,Train77.csv,Normal,Normal,True
XGB_top125,20,Train84.csv,Normal,Normal,True
XGB_top125,20,Train85.csv,Normal,Normal,True
XGB_top125,20,Train95.csv,Normal,Normal,True
XGB_top125,20,Train109.csv,Normal,Normal,True
XGB_top125,20,Train112.csv,Normal,Normal,True
XGB_top125,20,Train114.csv,Normal,Normal,True
XGB_top125,20,Train116.csv,Normal,Normal,True
XGB_top125,20,Train123.csv,Normal,Normal,True
XGB_top125,20,Train132.csv,Normal,Normal,True
XGB_top125,20,Train137.csv,Side I,Side I,True
XGB_top125,20,Train140.csv,Normal,Normal,True
XGB_top125,20,Train146.csv,Normal,Normal,True
XGB_top125,20,Train148.csv,Normal,Normal,True
XGB_top125,20,Train150.csv,Side I,Side I,True
XGB_top125,20,Train151.csv,Normal,Normal,True
XGB_top125,20,Train153.csv,Normal,Normal,True
XGB_top125,20,Train162.csv,Normal,Normal,True
XGB_top125,20,Train167.csv,Normal,Normal,True
XGB_top125,20,Train179.csv,Side II,Side II,True
XGB_top125,20,Train183.csv,Normal,Normal,True
XGB_top125,20,Train185.csv,Side I,Normal,False
XGB_top125,20,Train199.csv,Side II,Side II,True
XGB_top125,20,Train204.csv,Normal,Normal,True
XGB_top125,20,Train208.csv,Normal,Normal,True
XGB_top125,20,Train220.csv,Normal,Normal,True
XGB_top125,20,Train233.csv,Normal,Normal,True
XGB_top125,20,Train235.csv,Normal,Normal,True
XGB_top125,20,Train237.csv,Normal,Normal,True
XGB_top125,20,Train238.csv,Normal,Normal,True
XGB_top125,20,Train241.csv,Normal,Normal,True
XGB_top125,20,Train245.csv,Normal,Normal,True
XGB_top125,20,Train253.csv,Normal,Normal,True
XGB_top125,20,Train256.csv,Normal,Normal,True
XGB_top125,20,Train257.csv,Normal,Normal,True
XGB_top125,20,Train262.csv,Normal,Normal,True
XGB_top125,21,Train1.csv,Normal,Normal,True
XGB_top125,21,Train3.csv,Normal,Normal,True
XGB_top125,21,Train4.csv,Normal,Normal,True
XGB_top125,21,Train5.csv,Normal,Normal,True
XGB_top125,21,Train6.csv,Normal,Normal,True
XGB_top125,21,Train10.csv,Normal,Normal,True
XGB_top125,21,Train12.csv,Side II,Side II,True
XGB_top125,21,Train19.csv,Normal,Normal,True
XGB_top125,21,Train33.csv,Normal,Normal,True
XGB_top125,21,Train40.csv,Normal,Normal,True
XGB_top125,21,Train43.csv,Side II,Side I,False
XGB_top125,21,Train59.csv,Normal,Normal,True
XGB_top125,21,Train67.csv,Normal,Normal,True
XGB_top125,21,Train74.csv,Normal,Normal,True
XGB_top125,21,Train77.csv,Normal,Normal,True
XGB_top125,21,Train79.csv,Normal,Normal,True
XGB_top125,21,Train87.csv,Normal,Normal,True
XGB_top125,21,Train88.csv,Normal,Normal,True
XGB_top125,21,Train90.csv,Normal,Normal,True
XGB_top125,21,Train92.csv,Normal,Normal,True
XGB_top125,21,Train96.csv,Normal,Normal,True
XGB_top125,21,Train97.csv,Normal,Normal,True
XGB_top125,21,Train100.csv,Side I,Side II,False
XGB_top125,21,Train107.csv,Normal,Normal,True
XGB_top125,21,Train116.csv,Normal,Normal,True
XGB_top125,21,Train124.csv,Normal,Normal,True
XGB_top125,21,Train126.csv,Normal,Side II,False
XGB_top125,21,Train127.csv,Side II,Side II,True
XGB_top125,21,Train137.csv,Side I,Side I,True
XGB_top125,21,Train139.csv,Normal,Normal,True
XGB_top125,21,Train147.csv,Normal,Normal,True
XGB_top125,21,Train154.csv,Normal,Normal,True
XGB_top125,21,Train156.csv,Normal,Normal,True
XGB_top125,21,Train170.csv,Side I,Normal,False
XGB_top125,21,Train173.csv,Normal,Normal,True
XGB_top125,21,Train176.csv,Normal,Normal,True
XGB_top125,21,Train177.csv,Normal,Side I,False
XGB_top125,21,Train178.csv,Normal,Normal,True
XGB_top125,21,Train184.csv,Normal,Normal,True
XGB_top125,21,Train191.csv,Normal,Normal,True
XGB_top125,21,Train208.csv,Normal,Normal,True
XGB_top125,21,Train211.csv,Normal,Normal,True
XGB_top125,21,Train217.csv,Side II,Side I,False
XGB_top125,21,Train219.csv,Normal,Normal,True
XGB_top125,21,Train222.csv,Normal,Normal,True
XGB_top125,21,Train223.csv,Normal,Normal,True
XGB_top125,21,Train224.csv,Normal,Normal,True
XGB_top125,21,Train225.csv,Normal,Normal,True
XGB_top125,21,Train239.csv,Normal,Normal,True
XGB_top125,21,Train244.csv,Normal,Normal,True
XGB_top125,21,Train253.csv,Normal,Normal,True
XGB_top125,21,Train254.csv,Normal,Normal,True
XGB_top125,21,Train263.csv,Normal,Normal,True
XGB_top125,21,Train265.csv,Side II,Side I,False
XGB_top125,21,Train271.csv,Normal,Normal,True
XGB_top125,22,Train7.csv,Normal,Normal,True
XGB_top125,22,Train9.csv,Normal,Normal,True
XGB_top125,22,Train24.csv,Normal,Normal,True
XGB_top125,22,Train28.csv,Normal,Normal,True
XGB_top125,22,Train29.csv,Normal,Normal,True
XGB_top125,22,Train41.csv,Normal,Normal,True
XGB_top125,22,Train51.csv,Normal,Normal,True
XGB_top125,22,Train52.csv,Normal,Normal,True
XGB_top125,22,Train60.csv,Normal,Normal,True
XGB_top125,22,Train61.csv,Normal,Normal,True
XGB_top125,22,Train64.csv,Normal,Normal,True
XGB_top125,22,Train69.csv,Normal,Normal,True
XGB_top125,22,Train70.csv,Normal,Normal,True
XGB_top125,22,Train78.csv,Normal,Normal,True
XGB_top125,22,Train86.csv,Normal,Normal,True
XGB_top125,22,Train93.csv,Side II,Side II,True
XGB_top125,22,Train98.csv,Normal,Normal,True
XGB_top125,22,Train99.csv,Normal,Normal,True
XGB_top125,22,Train101.csv,Normal,Normal,True
XGB_top125,22,Train105.csv,Normal,Normal,True
XGB_top125,22,Train112.csv,Normal,Normal,True
XGB_top125,22,Train118.csv,Normal,Normal,True
XGB_top125,22,Train119.csv,Normal,Normal,True
XGB_top125,22,Train123.csv,Normal,Side I,False
XGB_top125,22,Train131.csv,Normal,Normal,True
XGB_top125,22,Train133.csv,Normal,Normal,True
XGB_top125,22,Train134.csv,Normal,Normal,True
XGB_top125,22,Train135.csv,Normal,Normal,True
XGB_top125,22,Train136.csv,Normal,Normal,True
XGB_top125,22,Train140.csv,Normal,Normal,True
XGB_top125,22,Train144.csv,Normal,Normal,True
XGB_top125,22,Train148.csv,Normal,Normal,True
XGB_top125,22,Train150.csv,Side I,Side I,True
XGB_top125,22,Train152.csv,Normal,Normal,True
XGB_top125,22,Train160.csv,Normal,Normal,True
XGB_top125,22,Train162.csv,Normal,Normal,True
XGB_top125,22,Train164.csv,Side II,Side II,True
XGB_top125,22,Train165.csv,Normal,Normal,True
XGB_top125,22,Train167.csv,Normal,Normal,True
XGB_top125,22,Train181.csv,Normal,Normal,True
XGB_top125,22,Train185.csv,Side I,Normal,False
XGB_top125,22,Train186.csv,Normal,Normal,True
XGB_top125,22,Train188.csv,Side II,Side II,True
XGB_top125,22,Train190.csv,Normal,Normal,True
XGB_top125,22,Train197.csv,Normal,Side II,False
XGB_top125,22,Train199.csv,Side II,Side II,True
XGB_top125,22,Train209.csv,Normal,Normal,True
XGB_top125,22,Train213.csv,Side I,Side I,True
XGB_top125,22,Train221.csv,Normal,Normal,True
XGB_top125,22,Train232.csv,Normal,Normal,True
XGB_top125,22,Train233.csv,Normal,Normal,True
XGB_top125,22,Train251.csv,Normal,Side II,False
XGB_top125,22,Train255.csv,Normal,Normal,True
XGB_top125,22,Train256.csv,Normal,Normal,True
XGB_top125,22,Train267.csv,Side II,Side II,True
XGB_top125,23,Train2.csv,Side II,Side II,True
XGB_top125,23,Train11.csv,Normal,Normal,True
XGB_top125,23,Train22.csv,Normal,Normal,True
XGB_top125,23,Train30.csv,Side II,Normal,False
XGB_top125,23,Train42.csv,Normal,Normal,True
XGB_top125,23,Train48.csv,Normal,Normal,True
XGB_top125,23,Train49.csv,Normal,Normal,True
XGB_top125,23,Train54.csv,Normal,Normal,True
XGB_top125,23,Train56.csv,Normal,Normal,True
XGB_top125,23,Train63.csv,Normal,Normal,True
XGB_top125,23,Train73.csv,Normal,Normal,True
XGB_top125,23,Train80.csv,Normal,Normal,True
XGB_top125,23,Train81.csv,Normal,Normal,True
XGB_top125,23,Train82.csv,Normal,Normal,True
XGB_top125,23,Train83.csv,Side I,Side I,True
XGB_top125,23,Train94.csv,Normal,Normal,True
XGB_top125,23,Train95.csv,Normal,Normal,True
XGB_top125,23,Train102.csv,Normal,Normal,True
XGB_top125,23,Train109.csv,Normal,Normal,True
XGB_top125,23,Train110.csv,Normal,Normal,True
XGB_top125,23,Train113.csv,Normal,Normal,True
XGB_top125,23,Train120.csv,Normal,Normal,True
XGB_top125,23,Train122.csv,Normal,Normal,True
XGB_top125,23,Train138.csv,Normal,Normal,True
XGB_top125,23,Train143.csv,Normal,Normal,True
XGB_top125,23,Train146.csv,Normal,Normal,True
XGB_top125,23,Train157.csv,Normal,Normal,True
XGB_top125,23,Train163.csv,Side I,Side I,True
XGB_top125,23,Train168.csv,Normal,Normal,True
XGB_top125,23,Train171.csv,Normal,Normal,True
XGB_top125,23,Train179.csv,Side II,Side II,True
XGB_top125,23,Train182.csv,Normal,Normal,True
XGB_top125,23,Train183.csv,Normal,Normal,True
XGB_top125,23,Train187.csv,Normal,Normal,True
XGB_top125,23,Train189.csv,Normal,Normal,True
XGB_top125,23,Train192.csv,Normal,Normal,True
XGB_top125,23,Train193.csv,Normal,Normal,True
XGB_top125,23,Train196.csv,Normal,Normal,True
XGB_top125,23,Train198.csv,Side II,Side II,True
XGB_top125,23,Train201.csv,Normal,Normal,True
XGB_top125,23,Train205.csv,Normal,Normal,True
XGB_top125,23,Train206.csv,Normal,Normal,True
XGB_top125,23,Train212.csv,Normal,Normal,True
XGB_top125,23,Train215.csv,Normal,Normal,True
XGB_top125,23,Train227.csv,Normal,Normal,True
XGB_top125,23,Train228.csv,Normal,Normal,True
XGB_top125,23,Train230.csv,Normal,Normal,True
XGB_top125,23,Train237.csv,Normal,Normal,True
XGB_top125,23,Train240.csv,Side II,Normal,False
XGB_top125,23,Train243.csv,Normal,Normal,True
XGB_top125,23,Train246.csv,Normal,Normal,True
XGB_top125,23,Train249.csv,Normal,Normal,True
XGB_top125,23,Train252.csv,Normal,Normal,True
XGB_top125,23,Train261.csv,Normal,Normal,True
XGB_top125,24,Train8.csv,Normal,Normal,True
XGB_top125,24,Train13.csv,Normal,Normal,True
XGB_top125,24,Train14.csv,Normal,Normal,True
XGB_top125,24,Train15.csv,Normal,Normal,True
XGB_top125,24,Train16.csv,Normal,Normal,True
XGB_top125,24,Train20.csv,Normal,Normal,True
XGB_top125,24,Train26.csv,Side II,Side II,True
XGB_top125,24,Train27.csv,Normal,Normal,True
XGB_top125,24,Train34.csv,Normal,Normal,True
XGB_top125,24,Train36.csv,Normal,Normal,True
XGB_top125,24,Train38.csv,Normal,Normal,True
XGB_top125,24,Train44.csv,Normal,Normal,True
XGB_top125,24,Train45.csv,Normal,Normal,True
XGB_top125,24,Train47.csv,Normal,Normal,True
XGB_top125,24,Train50.csv,Normal,Normal,True
XGB_top125,24,Train53.csv,Side II,Side II,True
XGB_top125,24,Train55.csv,Normal,Normal,True
XGB_top125,24,Train57.csv,Normal,Normal,True
XGB_top125,24,Train58.csv,Normal,Normal,True
XGB_top125,24,Train66.csv,Normal,Normal,True
XGB_top125,24,Train68.csv,Normal,Normal,True
XGB_top125,24,Train75.csv,Normal,Normal,True
XGB_top125,24,Train76.csv,Normal,Normal,True
XGB_top125,24,Train85.csv,Normal,Normal,True
XGB_top125,24,Train91.csv,Normal,Normal,True
XGB_top125,24,Train103.csv,Side II,Side II,True
XGB_top125,24,Train108.csv,Normal,Normal,True
XGB_top125,24,Train114.csv,Normal,Normal,True
XGB_top125,24,Train117.csv,Normal,Normal,True
XGB_top125,24,Train121.csv,Side I,Normal,False
XGB_top125,24,Train128.csv,Normal,Normal,True
XGB_top125,24,Train130.csv,Normal,Normal,True
XGB_top125,24,Train151.csv,Normal,Normal,True
XGB_top125,24,Train153.csv,Normal,Normal,True
XGB_top125,24,Train155.csv,Normal,Normal,True
XGB_top125,24,Train158.csv,Normal,Normal,True
XGB_top125,24,Train159.csv,Normal,Normal,True
XGB_top125,24,Train166.csv,Normal,Normal,True
XGB_top125,24,Train169.csv,Normal,Normal,True
XGB_top125,24,Train172.csv,Normal,Normal,True
XGB_top125,24,Train174.csv,Normal,Normal,True
XGB_top125,24,Train180.csv,Side I,Normal,False
XGB_top125,24,Train194.csv,Side I,Side I,True
XGB_top125,24,Train207.csv,Side II,Side II,True
XGB_top125,24,Train220.csv,Normal,Normal,True
XGB_top125,24,Train231.csv,Normal,Normal,True
XGB_top125,24,Train241.csv,Normal,Normal,True
XGB_top125,24,Train242.csv,Normal,Normal,True
XGB_top125,24,Train245.csv,Normal,Normal,True
XGB_top125,24,Train259.csv,Normal,Normal,True
XGB_top125,24,Train262.csv,Normal,Normal,True
XGB_top125,24,Train266.csv,Normal,Normal,True
XGB_top125,24,Train268.csv,Normal,Normal,True
XGB_top125,24,Train272.csv,Normal,Normal,True
XGB_top125,25,Train17.csv,Normal,Normal,True
XGB_top125,25,Train18.csv,Normal,Normal,True
XGB_top125,25,Train21.csv,Normal,Normal,True
XGB_top125,25,Train23.csv,Normal,Normal,True
XGB_top125,25,Train25.csv,Normal,Normal,True
XGB_top125,25,Train31.csv,Normal,Normal,True
XGB_top125,25,Train32.csv,Normal,Normal,True
XGB_top125,25,Train35.csv,Normal,Normal,True
XGB_top125,25,Train37.csv,Normal,Normal,True
XGB_top125,25,Train39.csv,Normal,Normal,True
XGB_top125,25,Train46.csv,Normal,Normal,True
XGB_top125,25,Train62.csv,Side I,Normal,False
XGB_top125,25,Train65.csv,Normal,Normal,True
XGB_top125,25,Train71.csv,Normal,Normal,True
XGB_top125,25,Train72.csv,Side II,Side II,True
XGB_top125,25,Train84.csv,Normal,Normal,True
XGB_top125,25,Train89.csv,Normal,Normal,True
XGB_top125,25,Train104.csv,Side II,Side II,True
XGB_top125,25,Train106.csv,Side I,Side I,True
XGB_top125,25,Train111.csv,Side II,Side II,True
XGB_top125,25,Train115.csv,Normal,Normal,True
XGB_top125,25,Train125.csv,Normal,Normal,True
XGB_top125,25,Train129.csv,Normal,Normal,True
XGB_top125,25,Train132.csv,Normal,Normal,True
XGB_top125,25,Train141.csv,Normal,Normal,True
XGB_top125,25,Train142.csv,Normal,Normal,True
XGB_top125,25,Train145.csv,Normal,Normal,True
XGB_top125,25,Train149.csv,Normal,Normal,True
XGB_top125,25,Train161.csv,Normal,Normal,True
XGB_top125,25,Train175.csv,Normal,Normal,True
XGB_top125,25,Train195.csv,Normal,Normal,True
XGB_top125,25,Train200.csv,Normal,Normal,True
XGB_top125,25,Train202.csv,Side I,Normal,False
XGB_top125,25,Train203.csv,Normal,Normal,True
XGB_top125,25,Train204.csv,Normal,Normal,True
XGB_top125,25,Train210.csv,Normal,Normal,True
XGB_top125,25,Train214.csv,Normal,Normal,True
XGB_top125,25,Train216.csv,Side II,Normal,False
XGB_top125,25,Train218.csv,Normal,Normal,True
XGB_top125,25,Train226.csv,Normal,Normal,True
XGB_top125,25,Train229.csv,Normal,Normal,True
XGB_top125,25,Train234.csv,Normal,Normal,True
XGB_top125,25,Train235.csv,Normal,Normal,True
XGB_top125,25,Train236.csv,Normal,Normal,True
XGB_top125,25,Train238.csv,Normal,Normal,True
XGB_top125,25,Train247.csv,Normal,Normal,True
XGB_top125,25,Train248.csv,Side II,Side II,True
XGB_top125,25,Train250.csv,Normal,Normal,True
XGB_top125,25,Train257.csv,Normal,Normal,True
XGB_top125,25,Train258.csv,Normal,Normal,True
XGB_top125,25,Train260.csv,Normal,Normal,True
XGB_top125,25,Train264.csv,Normal,Normal,True
XGB_top125,25,Train269.csv,Normal,Normal,True
XGB_top125,25,Train270.csv,Normal,Normal,True
XGB_top150,1,Train5.csv,Normal,Normal,True
XGB_top150,1,Train11.csv,Normal,Normal,True
XGB_top150,1,Train12.csv,Side II,Side II,True
XGB_top150,1,Train16.csv,Normal,Normal,True
XGB_top150,1,Train19.csv,Normal,Normal,True
XGB_top150,1,Train22.csv,Normal,Normal,True
XGB_top150,1,Train24.csv,Normal,Normal,True
XGB_top150,1,Train26.csv,Side II,Side II,True
XGB_top150,1,Train29.csv,Normal,Normal,True
XGB_top150,1,Train30.csv,Side II,Normal,False
XGB_top150,1,Train34.csv,Normal,Normal,True
XGB_top150,1,Train37.csv,Normal,Normal,True
XGB_top150,1,Train42.csv,Normal,Normal,True
XGB_top150,1,Train66.csv,Normal,Normal,True
XGB_top150,1,Train78.csv,Normal,Normal,True
XGB_top150,1,Train82.csv,Normal,Normal,True
XGB_top150,1,Train92.csv,Normal,Normal,True
XGB_top150,1,Train94.csv,Normal,Normal,True
XGB_top150,1,Train95.csv,Normal,Normal,True
XGB_top150,1,Train96.csv,Normal,Normal,True
XGB_top150,1,Train97.csv,Normal,Normal,True
XGB_top150,1,Train100.csv,Side I,Side II,False
XGB_top150,1,Train109.csv,Normal,Normal,True
XGB_top150,1,Train115.csv,Normal,Normal,True
XGB_top150,1,Train119.csv,Normal,Normal,True
XGB_top150,1,Train120.csv,Normal,Normal,True
XGB_top150,1,Train123.csv,Normal,Side I,False
XGB_top150,1,Train134.csv,Normal,Normal,True
XGB_top150,1,Train138.csv,Normal,Normal,True
XGB_top150,1,Train142.csv,Normal,Normal,True
XGB_top150,1,Train143.csv,Normal,Normal,True
XGB_top150,1,Train146.csv,Normal,Normal,True
XGB_top150,1,Train147.csv,Normal,Normal,True
XGB_top150,1,Train149.csv,Normal,Normal,True
XGB_top150,1,Train152.csv,Normal,Normal,True
XGB_top150,1,Train161.csv,Normal,Normal,True
XGB_top150,1,Train165.csv,Normal,Normal,True
XGB_top150,1,Train167.csv,Normal,Normal,True
XGB_top150,1,Train172.csv,Normal,Normal,True
XGB_top150,1,Train177.csv,Normal,Side I,False
XGB_top150,1,Train180.csv,Side I,Normal,False
XGB_top150,1,Train182.csv,Normal,Normal,True
XGB_top150,1,Train185.csv,Side I,Normal,False
XGB_top150,1,Train195.csv,Normal,Normal,True
XGB_top150,1,Train196.csv,Normal,Normal,True
XGB_top150,1,Train198.csv,Side II,Side II,True
XGB_top150,1,Train206.csv,Normal,Normal,True
XGB_top150,1,Train208.csv,Normal,Normal,True
XGB_top150,1,Train212.csv,Normal,Normal,True
XGB_top150,1,Train216.csv,Side II,Normal,False
XGB_top150,1,Train236.csv,Normal,Normal,True
XGB_top150,1,Train244.csv,Normal,Normal,True
XGB_top150,1,Train247.csv,Normal,Normal,True
XGB_top150,1,Train263.csv,Normal,Normal,True
XGB_top150,1,Train269.csv,Normal,Normal,True
XGB_top150,2,Train1.csv,Normal,Normal,True
XGB_top150,2,Train9.csv,Normal,Normal,True
XGB_top150,2,Train14.csv,Normal,Normal,True
XGB_top150,2,Train31.csv,Normal,Normal,True
XGB_top150,2,Train33.csv,Normal,Normal,True
XGB_top150,2,Train36.csv,Normal,Normal,True
XGB_top150,2,Train43.csv,Side II,Side I,False
XGB_top150,2,Train49.csv,Normal,Normal,True
XGB_top150,2,Train52.csv,Normal,Normal,True
XGB_top150,2,Train53.csv,Side II,Side II,True
XGB_top150,2,Train65.csv,Normal,Normal,True
XGB_top150,2,Train73.csv,Normal,Normal,True
XGB_top150,2,Train76.csv,Normal,Normal,True
XGB_top150,2,Train77.csv,Normal,Normal,True
XGB_top150,2,Train81.csv,Normal,Normal,True
XGB_top150,2,Train84.csv,Normal,Normal,True
XGB_top150,2,Train88.csv,Normal,Normal,True
XGB_top150,2,Train102.csv,Normal,Normal,True
XGB_top150,2,Train108.csv,Normal,Normal,True
XGB_top150,2,Train113.csv,Normal,Normal,True
XGB_top150,2,Train121.csv,Side I,Side I,True
XGB_top150,2,Train122.csv,Normal,Normal,True
XGB_top150,2,Train129.csv,Normal,Normal,True
XGB_top150,2,Train130.csv,Normal,Normal,True
XGB_top150,2,Train136.csv,Normal,Normal,True
XGB_top150,2,Train150.csv,Side I,Side I,True
XGB_top150,2,Train154.csv,Normal,Normal,True
XGB_top150,2,Train158.csv,Normal,Normal,True
XGB_top150,2,Train160.csv,Normal,Normal,True
XGB_top150,2,Train171.csv,Normal,Normal,True
XGB_top150,2,Train174.csv,Normal,Normal,True
XGB_top150,2,Train184.csv,Normal,Normal,True
XGB_top150,2,Train191.csv,Normal,Normal,True
XGB_top150,2,Train193.csv,Normal,Normal,True
XGB_top150,2,Train194.csv,Side I,Side II,False
XGB_top150,2,Train200.csv,Normal,Normal,True
XGB_top150,2,Train201.csv,Normal,Normal,True
XGB_top150,2,Train205.csv,Normal,Normal,True
XGB_top150,2,Train207.csv,Side II,Side II,True
XGB_top150,2,Train209.csv,Normal,Normal,True
XGB_top150,2,Train215.csv,Normal,Normal,True
XGB_top150,2,Train217.csv,Side II,Side I,False
XGB_top150,2,Train222.csv,Normal,Normal,True
XGB_top150,2,Train223.csv,Normal,Normal,True
XGB_top150,2,Train225.csv,Normal,Normal,True
XGB_top150,2,Train233.csv,Normal,Normal,True
XGB_top150,2,Train234.csv,Normal,Normal,True
XGB_top150,2,Train235.csv,Normal,Normal,True
XGB_top150,2,Train237.csv,Normal,Normal,True
XGB_top150,2,Train248.csv,Side II,Side II,True
XGB_top150,2,Train249.csv,Normal,Normal,True
XGB_top150,2,Train256.csv,Normal,Normal,True
XGB_top150,2,Train258.csv,Normal,Normal,True
XGB_top150,2,Train266.csv,Normal,Normal,True
XGB_top150,2,Train270.csv,Normal,Normal,True
XGB_top150,3,Train2.csv,Side II,Side II,True
XGB_top150,3,Train6.csv,Normal,Normal,True
XGB_top150,3,Train7.csv,Normal,Normal,True
XGB_top150,3,Train20.csv,Normal,Normal,True
XGB_top150,3,Train25.csv,Normal,Normal,True
XGB_top150,3,Train38.csv,Normal,Normal,True
XGB_top150,3,Train39.csv,Normal,Normal,True
XGB_top150,3,Train48.csv,Normal,Normal,True
XGB_top150,3,Train54.csv,Normal,Normal,True
XGB_top150,3,Train61.csv,Normal,Normal,True
XGB_top150,3,Train63.csv,Normal,Normal,True
XGB_top150,3,Train67.csv,Normal,Normal,True
XGB_top150,3,Train70.csv,Normal,Normal,True
XGB_top150,3,Train72.csv,Side II,Side II,True
XGB_top150,3,Train75.csv,Normal,Normal,True
XGB_top150,3,Train79.csv,Normal,Normal,True
XGB_top150,3,Train80.csv,Normal,Normal,True
XGB_top150,3,Train83.csv,Side I,Side I,True
XGB_top150,3,Train85.csv,Normal,Normal,True
XGB_top150,3,Train89.csv,Normal,Normal,True
XGB_top150,3,Train91.csv,Normal,Normal,True
XGB_top150,3,Train98.csv,Normal,Normal,True
XGB_top150,3,Train99.csv,Normal,Normal,True
XGB_top150,3,Train104.csv,Side II,Side II,True
XGB_top150,3,Train110.csv,Normal,Normal,True
XGB_top150,3,Train114.csv,Normal,Normal,True
XGB_top150,3,Train124.csv,Normal,Normal,True
XGB_top150,3,Train125.csv,Normal,Normal,True
XGB_top150,3,Train126.csv,Normal,Normal,True
XGB_top150,3,Train127.csv,Side II,Side II,True
XGB_top150,3,Train133.csv,Normal,Normal,True
XGB_top150,3,Train135.csv,Normal,Normal,True
XGB_top150,3,Train139.csv,Normal,Normal,True
XGB_top150,3,Train141.csv,Normal,Normal,True
XGB_top150,3,Train151.csv,Normal,Normal,True
XGB_top150,3,Train155.csv,Normal,Normal,True
XGB_top150,3,Train163.csv,Side I,Side I,True
XGB_top150,3,Train164.csv,Side II,Side II,True
XGB_top150,3,Train166.csv,Normal,Normal,True
XGB_top150,3,Train175.csv,Normal,Normal,True
XGB_top150,3,Train183.csv,Normal,Normal,True
XGB_top150,3,Train186.csv,Normal,Normal,True
XGB_top150,3,Train197.csv,Normal,Normal,True
XGB_top150,3,Train211.csv,Normal,Normal,True
XGB_top150,3,Train219.csv,Normal,Normal,True
XGB_top150,3,Train224.csv,Normal,Normal,True
XGB_top150,3,Train243.csv,Normal,Normal,True
XGB_top150,3,Train251.csv,Normal,Side II,False
XGB_top150,3,Train253.csv,Normal,Normal,True
XGB_top150,3,Train254.csv,Normal,Normal,True
XGB_top150,3,Train255.csv,Normal,Normal,True
XGB_top150,3,Train261.csv,Normal,Normal,True
XGB_top150,3,Train268.csv,Normal,Normal,True
XGB_top150,3,Train272.csv,Normal,Normal,True
XGB_top150,4,Train4.csv,Normal,Normal,True
XGB_top150,4,Train18.csv,Normal,Normal,True
XGB_top150,4,Train27.csv,Normal,Normal,True
XGB_top150,4,Train32.csv,Normal,Normal,True
XGB_top150,4,Train35.csv,Normal,Normal,True
XGB_top150,4,Train40.csv,Normal,Normal,True
XGB_top150,4,Train41.csv,Normal,Normal,True
XGB_top150,4,Train44.csv,Normal,Normal,True
XGB_top150,4,Train45.csv,Normal,Normal,True
XGB_top150,4,Train46.csv,Normal,Normal,True
XGB_top150,4,Train55.csv,Normal,Normal,True
XGB_top150,4,Train56.csv,Normal,Normal,True
XGB_top150,4,Train57.csv,Normal,Normal,True
XGB_top150,4,Train59.csv,Normal,Normal,True
XGB_top150,4,Train64.csv,Normal,Normal,True
XGB_top150,4,Train68.csv,Normal,Normal,True
XGB_top150,4,Train69.csv,Normal,Normal,True
XGB_top150,4,Train86.csv,Normal,Normal,True
XGB_top150,4,Train87.csv,Normal,Normal,True
XGB_top150,4,Train93.csv,Side II,Side II,True
XGB_top150,4,Train103.csv,Side II,Side II,True
XGB_top150,4,Train105.csv,Normal,Normal,True
XGB_top150,4,Train107.csv,Normal,Normal,True
XGB_top150,4,Train112.csv,Normal,Normal,True
XGB_top150,4,Train116.csv,Normal,Normal,True
XGB_top150,4,Train118.csv,Normal,Normal,True
XGB_top150,4,Train128.csv,Normal,Normal,True
XGB_top150,4,Train131.csv,Normal,Normal,True
XGB_top150,4,Train132.csv,Normal,Normal,True
XGB_top150,4,Train145.csv,Normal,Normal,True
XGB_top150,4,Train148.csv,Normal,Normal,True
XGB_top150,4,Train153.csv,Normal,Normal,True
XGB_top150,4,Train157.csv,Normal,Normal,True
XGB_top150,4,Train159.csv,Normal,Normal,True
XGB_top150,4,Train162.csv,Normal,Normal,True
XGB_top150,4,Train168.csv,Normal,Normal,True
XGB_top150,4,Train170.csv,Side I,Normal,False
XGB_top150,4,Train176.csv,Normal,Normal,True
XGB_top150,4,Train178.csv,Normal,Normal,True
XGB_top150,4,Train181.csv,Normal,Normal,True
XGB_top150,4,Train188.csv,Side II,Side II,True
XGB_top150,4,Train192.csv,Normal,Normal,True
XGB_top150,4,Train202.csv,Side I,Normal,False
XGB_top150,4,Train213.csv,Side I,Side I,True
XGB_top150,4,Train214.csv,Normal,Normal,True
XGB_top150,4,Train227.csv,Normal,Normal,True
XGB_top150,4,Train232.csv,Normal,Normal,True
XGB_top150,4,Train238.csv,Normal,Normal,True
XGB_top150,4,Train241.csv,Normal,Normal,True
XGB_top150,4,Train245.csv,Normal,Normal,True
XGB_top150,4,Train250.csv,Normal,Normal,True
XGB_top150,4,Train252.csv,Normal,Normal,True
XGB_top150,4,Train267.csv,Side II,Side II,True
XGB_top150,4,Train271.csv,Normal,Normal,True
XGB_top150,5,Train3.csv,Normal,Normal,True
XGB_top150,5,Train8.csv,Normal,Normal,True
XGB_top150,5,Train10.csv,Normal,Normal,True
XGB_top150,5,Train13.csv,Normal,Normal,True
XGB_top150,5,Train15.csv,Normal,Normal,True
XGB_top150,5,Train17.csv,Normal,Normal,True
XGB_top150,5,Train21.csv,Normal,Normal,True
XGB_top150,5,Train23.csv,Normal,Normal,True
XGB_top150,5,Train28.csv,Normal,Normal,True
XGB_top150,5,Train47.csv,Normal,Normal,True
XGB_top150,5,Train50.csv,Normal,Normal,True
XGB_top150,5,Train51.csv,Normal,Normal,True
XGB_top150,5,Train58.csv,Normal,Normal,True
XGB_top150,5,Train60.csv,Normal,Normal,True
XGB_top150,5,Train62.csv,Side I,Normal,False
XGB_top150,5,Train71.csv,Normal,Normal,True
XGB_top150,5,Train74.csv,Normal,Normal,True
XGB_top150,5,Train90.csv,Normal,Normal,True
XGB_top150,5,Train101.csv,Normal,Normal,True
XGB_top150,5,Train106.csv,Side I,Normal,False
XGB_top150,5,Train111.csv,Side II,Side II,True
XGB_top150,5,Train117.csv,Normal,Normal,True
XGB_top150,5,Train137.csv,Side I,Side I,True
XGB_top150,5,Train140.csv,Normal,Normal,True
XGB_top150,5,Train144.csv,Normal,Normal,True
XGB_top150,5,Train156.csv,Normal,Normal,True
XGB_top150,5,Train169.csv,Normal,Normal,True
XGB_top150,5,Train173.csv,Normal,Normal,True
XGB_top150,5,Train179.csv,Side II,Side II,True
XGB_top150,5,Train187.csv,Normal,Normal,True
XGB_top150,5,Train189.csv,Normal,Normal,True
XGB_top150,5,Train190.csv,Normal,Normal,True
XGB_top150,5,Train199.csv,Side II,Side II,True
XGB_top150,5,Train203.csv,Normal,Normal,True
XGB_top150,5,Train204.csv,Normal,Normal,True
XGB_top150,5,Train210.csv,Normal,Normal,True
XGB_top150,5,Train218.csv,Normal,Normal,True
XGB_top150,5,Train220.csv,Normal,Normal,True
XGB_top150,5,Train221.csv,Normal,Normal,True
XGB_top150,5,Train226.csv,Normal,Normal,True
XGB_top150,5,Train228.csv,Normal,Normal,True
XGB_top150,5,Train229.csv,Normal,Normal,True
XGB_top150,5,Train230.csv,Normal,Normal,True
XGB_top150,5,Train231.csv,Normal,Normal,True
XGB_top150,5,Train239.csv,Normal,Normal,True
XGB_top150,5,Train240.csv,Side II,Side II,True
XGB_top150,5,Train242.csv,Normal,Normal,True
XGB_top150,5,Train246.csv,Normal,Normal,True
XGB_top150,5,Train257.csv,Normal,Normal,True
XGB_top150,5,Train259.csv,Normal,Normal,True
XGB_top150,5,Train260.csv,Normal,Normal,True
XGB_top150,5,Train262.csv,Normal,Normal,True
XGB_top150,5,Train264.csv,Normal,Normal,True
XGB_top150,5,Train265.csv,Side II,Side I,False
XGB_top150,6,Train5.csv,Normal,Normal,True
XGB_top150,6,Train17.csv,Normal,Normal,True
XGB_top150,6,Train24.csv,Normal,Normal,True
XGB_top150,6,Train25.csv,Normal,Normal,True
XGB_top150,6,Train28.csv,Normal,Normal,True
XGB_top150,6,Train29.csv,Normal,Normal,True
XGB_top150,6,Train30.csv,Side II,Normal,False
XGB_top150,6,Train55.csv,Normal,Normal,True
XGB_top150,6,Train56.csv,Normal,Normal,True
XGB_top150,6,Train70.csv,Normal,Normal,True
XGB_top150,6,Train75.csv,Normal,Normal,True
XGB_top150,6,Train76.csv,Normal,Normal,True
XGB_top150,6,Train78.csv,Normal,Normal,True
XGB_top150,6,Train86.csv,Normal,Normal,True
XGB_top150,6,Train91.csv,Normal,Normal,True
XGB_top150,6,Train94.csv,Normal,Normal,True
XGB_top150,6,Train97.csv,Normal,Normal,True
XGB_top150,6,Train106.csv,Side I,Side I,True
XGB_top150,6,Train109.csv,Normal,Normal,True
XGB_top150,6,Train111.csv,Side II,Side II,True
XGB_top150,6,Train131.csv,Normal,Normal,True
XGB_top150,6,Train135.csv,Normal,Normal,True
XGB_top150,6,Train136.csv,Normal,Normal,True
XGB_top150,6,Train141.csv,Normal,Normal,True
XGB_top150,6,Train142.csv,Normal,Normal,True
XGB_top150,6,Train143.csv,Normal,Normal,True
XGB_top150,6,Train145.csv,Normal,Normal,True
XGB_top150,6,Train148.csv,Normal,Normal,True
XGB_top150,6,Train152.csv,Normal,Normal,True
XGB_top150,6,Train153.csv,Normal,Normal,True
XGB_top150,6,Train154.csv,Normal,Normal,True
XGB_top150,6,Train160.csv,Normal,Normal,True
XGB_top150,6,Train169.csv,Normal,Normal,True
XGB_top150,6,Train171.csv,Normal,Normal,True
XGB_top150,6,Train181.csv,Normal,Normal,True
XGB_top150,6,Train182.csv,Normal,Normal,True
XGB_top150,6,Train185.csv,Side I,Normal,False
XGB_top150,6,Train186.csv,Normal,Normal,True
XGB_top150,6,Train189.csv,Normal,Normal,True
XGB_top150,6,Train191.csv,Normal,Normal,True
XGB_top150,6,Train193.csv,Normal,Normal,True
XGB_top150,6,Train194.csv,Side I,Side I,True
XGB_top150,6,Train195.csv,Normal,Normal,True
XGB_top150,6,Train203.csv,Normal,Normal,True
XGB_top150,6,Train205.csv,Normal,Normal,True
XGB_top150,6,Train209.csv,Normal,Normal,True
XGB_top150,6,Train210.csv,Normal,Normal,True
XGB_top150,6,Train214.csv,Normal,Normal,True
XGB_top150,6,Train216.csv,Side II,Normal,False
XGB_top150,6,Train217.csv,Side II,Side I,False
XGB_top150,6,Train218.csv,Normal,Normal,True
XGB_top150,6,Train230.csv,Normal,Normal,True
XGB_top150,6,Train232.csv,Normal,Normal,True
XGB_top150,6,Train248.csv,Side II,Side II,True
XGB_top150,6,Train272.csv,Normal,Normal,True
XGB_top150,7,Train3.csv,Normal,Normal,True
XGB_top150,7,Train6.csv,Normal,Normal,True
XGB_top150,7,Train14.csv,Normal,Normal,True
XGB_top150,7,Train15.csv,Normal,Normal,True
XGB_top150,7,Train16.csv,Normal,Normal,True
XGB_top150,7,Train18.csv,Normal,Normal,True
XGB_top150,7,Train20.csv,Normal,Normal,True
XGB_top150,7,Train21.csv,Normal,Normal,True
XGB_top150,7,Train26.csv,Side II,Side II,True
XGB_top150,7,Train32.csv,Normal,Normal,True
XGB_top150,7,Train34.csv,Normal,Normal,True
XGB_top150,7,Train39.csv,Normal,Normal,True
XGB_top150,7,Train41.csv,Normal,Normal,True
XGB_top150,7,Train43.csv,Side II,Side II,True
XGB_top150,7,Train44.csv,Normal,Normal,True
XGB_top150,7,Train45.csv,Normal,Normal,True
XGB_top150,7,Train60.csv,Normal,Side II,False
XGB_top150,7,Train62.csv,Side I,Normal,False
XGB_top150,7,Train63.csv,Normal,Normal,True
XGB_top150,7,Train72.csv,Side II,Side II,True
XGB_top150,7,Train74.csv,Normal,Normal,True
XGB_top150,7,Train80.csv,Normal,Normal,True
XGB_top150,7,Train82.csv,Normal,Normal,True
XGB_top150,7,Train92.csv,Normal,Normal,True
XGB_top150,7,Train98.csv,Normal,Normal,True
XGB_top150,7,Train99.csv,Normal,Normal,True
XGB_top150,7,Train108.csv,Normal,Normal,True
XGB_top150,7,Train110.csv,Normal,Normal,True
XGB_top150,7,Train117.csv,Normal,Normal,True
XGB_top150,7,Train124.csv,Normal,Normal,True
XGB_top150,7,Train128.csv,Normal,Normal,True
XGB_top150,7,Train130.csv,Normal,Normal,True
XGB_top150,7,Train132.csv,Normal,Normal,True
XGB_top150,7,Train134.csv,Normal,Normal,True
XGB_top150,7,Train137.csv,Side I,Normal,False
XGB_top150,7,Train140.csv,Normal,Normal,True
XGB_top150,7,Train144.csv,Normal,Normal,True
XGB_top150,7,Train147.csv,Normal,Normal,True
XGB_top150,7,Train149.csv,Normal,Normal,True
XGB_top150,7,Train159.csv,Normal,Normal,True
XGB_top150,7,Train163.csv,Side I,Side I,True
XGB_top150,7,Train167.csv,Normal,Normal,True
XGB_top150,7,Train173.csv,Normal,Normal,True
XGB_top150,7,Train192.csv,Normal,Normal,True
XGB_top150,7,Train198.csv,Side II,Side II,True
XGB_top150,7,Train199.csv,Side II,Side II,True
XGB_top150,7,Train200.csv,Normal,Normal,True
XGB_top150,7,Train211.csv,Normal,Normal,True
XGB_top150,7,Train233.csv,Normal,Normal,True
XGB_top150,7,Train241.csv,Normal,Normal,True
XGB_top150,7,Train245.csv,Normal,Normal,True
XGB_top150,7,Train250.csv,Normal,Normal,True
XGB_top150,7,Train256.csv,Normal,Normal,True
XGB_top150,7,Train261.csv,Normal,Normal,True
XGB_top150,7,Train268.csv,Normal,Normal,True
XGB_top150,8,Train1.csv,Normal,Normal,True
XGB_top150,8,Train8.csv,Normal,Normal,True
XGB_top150,8,Train23.csv,Normal,Normal,True
XGB_top150,8,Train36.csv,Normal,Normal,True
XGB_top150,8,Train47.csv,Normal,Normal,True
XGB_top150,8,Train49.csv,Normal,Normal,True
XGB_top150,8,Train52.csv,Normal,Normal,True
XGB_top150,8,Train57.csv,Normal,Normal,True
XGB_top150,8,Train59.csv,Normal,Normal,True
XGB_top150,8,Train66.csv,Normal,Normal,True
XGB_top150,8,Train79.csv,Normal,Normal,True
XGB_top150,8,Train81.csv,Normal,Normal,True
XGB_top150,8,Train83.csv,Side I,Side I,True
XGB_top150,8,Train84.csv,Normal,Normal,True
XGB_top150,8,Train85.csv,Normal,Normal,True
XGB_top150,8,Train88.csv,Normal,Normal,True
XGB_top150,8,Train90.csv,Normal,Normal,True
XGB_top150,8,Train101.csv,Normal,Normal,True
XGB_top150,8,Train102.csv,Normal,Normal,True
XGB_top150,8,Train103.csv,Side II,Normal,False
XGB_top150,8,Train113.csv,Normal,Normal,True
XGB_top150,8,Train114.csv,Normal,Normal,True
XGB_top150,8,Train118.csv,Normal,Normal,True
XGB_top150,8,Train123.csv,Normal,Side I,False
XGB_top150,8,Train126.csv,Normal,Normal,True
XGB_top150,8,Train127.csv,Side II,Side II,True
XGB_top150,8,Train129.csv,Normal,Normal,True
XGB_top150,8,Train146.csv,Normal,Normal,True
XGB_top150,8,Train157.csv,Normal,Normal,True
XGB_top150,8,Train158.csv,Normal,Normal,True
XGB_top150,8,Train161.csv,Normal,Normal,True
XGB_top150,8,Train164.csv,Side II,Side I,False
XGB_top150,8,Train170.csv,Side I,Normal,False
XGB_top150,8,Train176.csv,Normal,Normal,True
XGB_top150,8,Train183.csv,Normal,Normal,True
XGB_top150,8,Train187.csv,Normal,Normal,True
XGB_top150,8,Train201.csv,Normal,Normal,True
XGB_top150,8,Train204.csv,Normal,Normal,True
XGB_top150,8,Train212.csv,Normal,Normal,True
XGB_top150,8,Train219.csv,Normal,Normal,True
XGB_top150,8,Train220.csv,Normal,Normal,True
XGB_top150,8,Train225.csv,Normal,Normal,True
XGB_top150,8,Train226.csv,Normal,Normal,True
XGB_top150,8,Train240.csv,Side II,Side II,True
XGB_top150,8,Train242.csv,Normal,Normal,True
XGB_top150,8,Train243.csv,Normal,Normal,True
XGB_top150,8,Train249.csv,Normal,Normal,True
XGB_top150,8,Train251.csv,Normal,Side II,False
XGB_top150,8,Train255.csv,Normal,Side I,False
XGB_top150,8,Train257.csv,Normal,Normal,True
XGB_top150,8,Train260.csv,Normal,Normal,True
XGB_top150,8,Train264.csv,Normal,Normal,True
XGB_top150,8,Train265.csv,Side II,Side I,False
XGB_top150,8,Train270.csv,Normal,Normal,True
XGB_top150,9,Train2.csv,Side II,Normal,False
XGB_top150,9,Train4.csv,Normal,Normal,True
XGB_top150,9,Train7.csv,Normal,Normal,True
XGB_top150,9,Train9.csv,Normal,Normal,True
XGB_top150,9,Train10.csv,Normal,Normal,True
XGB_top150,9,Train11.csv,Normal,Normal,True
XGB_top150,9,Train13.csv,Normal,Normal,True
XGB_top150,9,Train19.csv,Normal,Normal,True
XGB_top150,9,Train22.csv,Normal,Normal,True
XGB_top150,9,Train33.csv,Normal,Normal,True
XGB_top150,9,Train35.csv,Normal,Normal,True
XGB_top150,9,Train37.csv,Normal,Normal,True
XGB_top150,9,Train38.csv,Normal,Normal,True
XGB_top150,9,Train40.csv,Normal,Normal,True
XGB_top150,9,Train42.csv,Normal,Normal,True
XGB_top150,9,Train46.csv,Normal,Normal,True
XGB_top150,9,Train51.csv,Normal,Normal,True
XGB_top150,9,Train53.csv,Side II,Side II,True
XGB_top150,9,Train58.csv,Normal,Normal,True
XGB_top150,9,Train61.csv,Normal,Normal,True
XGB_top150,9,Train64.csv,Normal,Normal,True
XGB_top150,9,Train67.csv,Normal,Normal,True
XGB_top150,9,Train87.csv,Normal,Normal,True
XGB_top150,9,Train89.csv,Normal,Normal,True
XGB_top150,9,Train93.csv,Side II,Side II,True
XGB_top150,9,Train100.csv,Side I,Side II,False
XGB_top150,9,Train116.csv,Normal,Normal,True
XGB_top150,9,Train122.csv,Normal,Normal,True
XGB_top150,9,Train133.csv,Normal,Normal,True
XGB_top150,9,Train139.csv,Normal,Normal,True
XGB_top150,9,Train155.csv,Normal,Normal,True
XGB_top150,9,Train156.csv,Normal,Normal,True
XGB_top150,9,Train162.csv,Normal,Normal,True
XGB_top150,9,Train166.csv,Normal,Normal,True
XGB_top150,9,Train175.csv,Normal,Normal,True
XGB_top150,9,Train180.csv,Side I,Normal,False
XGB_top150,9,Train190.csv,Normal,Normal,True
XGB_top150,9,Train208.csv,Normal,Normal,True
XGB_top150,9,Train213.csv,Side I,Side I,True
XGB_top150,9,Train215.csv,Normal,Normal,True
XGB_top150,9,Train221.csv,Normal,Normal,True
XGB_top150,9,Train224.csv,Normal,Normal,True
XGB_top150,9,Train231.csv,Normal,Normal,True
XGB_top150,9,Train235.csv,Normal,Normal,True
XGB_top150,9,Train237.csv,Normal,Normal,True
XGB_top150,9,Train244.csv,Normal,Normal,True
XGB_top150,9,Train246.csv,Normal,Normal,True
XGB_top150,9,Train252.csv,Normal,Normal,True
XGB_top150,9,Train253.csv,Normal,Normal,True
XGB_top150,9,Train259.csv,Normal,Normal,True
XGB_top150,9,Train262.csv,Normal,Normal,True
XGB_top150,9,Train263.csv,Normal,Normal,True
XGB_top150,9,Train267.csv,Side II,Side II,True
XGB_top150,9,Train269.csv,Normal,Normal,True
XGB_top150,10,Train12.csv,Side II,Side II,True
XGB_top150,10,Train27.csv,Normal,Normal,True
XGB_top150,10,Train31.csv,Normal,Normal,True
XGB_top150,10,Train48.csv,Normal,Normal,True
XGB_top150,10,Train50.csv,Normal,Normal,True
XGB_top150,10,Train54.csv,Normal,Normal,True
XGB_top150,10,Train65.csv,Normal,Normal,True
XGB_top150,10,Train68.csv,Normal,Normal,True
XGB_top150,10,Train69.csv,Normal,Normal,True
XGB_top150,10,Train71.csv,Normal,Normal,True
XGB_top150,10,Train73.csv,Normal,Normal,True
XGB_top150,10,Train77.csv,Normal,Normal,True
XGB_top150,10,Train95.csv,Normal,Normal,True
XGB_top150,10,Train96.csv,Normal,Normal,True
XGB_top150,10,Train104.csv,Side II,Side II,True
XGB_top150,10,Train105.csv,Normal,Normal,True
XGB_top150,10,Train107.csv,Normal,Normal,True
XGB_top150,10,Train112.csv,Normal,Normal,True
XGB_top150,10,Train115.csv,Normal,Normal,True
XGB_top150,10,Train119.csv,Normal,Normal,True
XGB_top150,10,Train120.csv,Normal,Normal,True
XGB_top150,10,Train121.csv,Side I,Side I,True
XGB_top150,10,Train125.csv,Normal,Normal,True
XGB_top150,10,Train138.csv,Normal,Normal,True
XGB_top150,10,Train150.csv,Side I,Side I,True
XGB_top150,10,Train151.csv,Normal,Normal,True
XGB_top150,10,Train165.csv,Normal,Normal,True
XGB_top150,10,Train168.csv,Normal,Normal,True
XGB_top150,10,Train172.csv,Normal,Normal,True
XGB_top150,10,Train174.csv,Normal,Normal,True
XGB_top150,10,Train177.csv,Normal,Side I,False
XGB_top150,10,Train178.csv,Normal,Normal,True
XGB_top150,10,Train179.csv,Side II,Side II,True
XGB_top150,10,Train184.csv,Normal,Normal,True
XGB_top150,10,Train188.csv,Side II,Side II,True
XGB_top150,10,Train196.csv,Normal,Normal,True
XGB_top150,10,Train197.csv,Normal,Normal,True
XGB_top150,10,Train202.csv,Side I,Normal,False
XGB_top150,10,Train206.csv,Normal,Normal,True
XGB_top150,10,Train207.csv,Side II,Side II,True
XGB_top150,10,Train222.csv,Normal,Normal,True
XGB_top150,10,Train223.csv,Normal,Normal,True
XGB_top150,10,Train227.csv,Normal,Normal,True
XGB_top150,10,Train228.csv,Normal,Normal,True
XGB_top150,10,Train229.csv,Normal,Normal,True
XGB_top150,10,Train234.csv,Normal,Normal,True
XGB_top150,10,Train236.csv,Normal,Normal,True
XGB_top150,10,Train238.csv,Normal,Normal,True
XGB_top150,10,Train239.csv,Normal,Normal,True
XGB_top150,10,Train247.csv,Normal,Normal,True
XGB_top150,10,Train254.csv,Normal,Normal,True
XGB_top150,10,Train258.csv,Normal,Normal,True
XGB_top150,10,Train266.csv,Normal,Normal,True
XGB_top150,10,Train271.csv,Normal,Normal,True
XGB_top150,11,Train14.csv,Normal,Normal,True
XGB_top150,11,Train15.csv,Normal,Normal,True
XGB_top150,11,Train25.csv,Normal,Normal,True
XGB_top150,11,Train42.csv,Normal,Normal,True
XGB_top150,11,Train47.csv,Normal,Normal,True
XGB_top150,11,Train49.csv,Normal,Normal,True
XGB_top150,11,Train51.csv,Normal,Normal,True
XGB_top150,11,Train61.csv,Normal,Normal,True
XGB_top150,11,Train63.csv,Normal,Normal,True
XGB_top150,11,Train71.csv,Normal,Normal,True
XGB_top150,11,Train72.csv,Side II,Side II,True
XGB_top150,11,Train73.csv,Normal,Normal,True
XGB_top150,11,Train81.csv,Normal,Normal,True
XGB_top150,11,Train89.csv,Normal,Normal,True
XGB_top150,11,Train91.csv,Normal,Normal,True
XGB_top150,11,Train102.csv,Normal,Normal,True
XGB_top150,11,Train105.csv,Normal,Normal,True
XGB_top150,11,Train109.csv,Normal,Normal,True
XGB_top150,11,Train110.csv,Normal,Normal,True
XGB_top150,11,Train111.csv,Side II,Side II,True
XGB_top150,11,Train112.csv,Normal,Normal,True
XGB_top150,11,Train115.csv,Normal,Normal,True
XGB_top150,11,Train117.csv,Normal,Normal,True
XGB_top150,11,Train128.csv,Normal,Normal,True
XGB_top150,11,Train131.csv,Normal,Normal,True
XGB_top150,11,Train133.csv,Normal,Normal,True
XGB_top150,11,Train135.csv,Normal,Normal,True
XGB_top150,11,Train138.csv,Normal,Normal,True
XGB_top150,11,Train139.csv,Normal,Normal,True
XGB_top150,11,Train148.csv,Normal,Normal,True
XGB_top150,11,Train163.csv,Side I,Side I,True
XGB_top150,11,Train167.csv,Normal,Normal,True
XGB_top150,11,Train176.csv,Normal,Normal,True
XGB_top150,11,Train177.csv,Normal,Side I,False
XGB_top150,11,Train181.csv,Normal,Normal,True
XGB_top150,11,Train184.csv,Normal,Normal,True
XGB_top150,11,Train194.csv,Side I,Side I,True
XGB_top150,11,Train201.csv,Normal,Normal,True
XGB_top150,11,Train202.csv,Side I,Normal,False
XGB_top150,11,Train204.csv,Normal,Normal,True
XGB_top150,11,Train207.csv,Side II,Side II,True
XGB_top150,11,Train212.csv,Normal,Normal,True
XGB_top150,11,Train217.csv,Side II,Side I,False
XGB_top150,11,Train225.csv,Normal,Normal,True
XGB_top150,11,Train226.csv,Normal,Normal,True
XGB_top150,11,Train233.csv,Normal,Normal,True
XGB_top150,11,Train242.csv,Normal,Normal,True
XGB_top150,11,Train243.csv,Normal,Normal,True
XGB_top150,11,Train246.csv,Normal,Normal,True
XGB_top150,11,Train247.csv,Normal,Normal,True
XGB_top150,11,Train251.csv,Normal,Side II,False
XGB_top150,11,Train252.csv,Normal,Normal,True
XGB_top150,11,Train258.csv,Normal,Normal,True
XGB_top150,11,Train265.csv,Side II,Side I,False
XGB_top150,11,Train269.csv,Normal,Normal,True
XGB_top150,12,Train1.csv,Normal,Normal,True
XGB_top150,12,Train4.csv,Normal,Normal,True
XGB_top150,12,Train10.csv,Normal,Normal,True
XGB_top150,12,Train12.csv,Side II,Side II,True
XGB_top150,12,Train17.csv,Normal,Normal,True
XGB_top150,12,Train18.csv,Normal,Normal,True
XGB_top150,12,Train21.csv,Normal,Normal,True
XGB_top150,12,Train24.csv,Normal,Normal,True
XGB_top150,12,Train26.csv,Side II,Side II,True
XGB_top150,12,Train27.csv,Normal,Normal,True
XGB_top150,12,Train28.csv,Normal,Normal,True
XGB_top150,12,Train43.csv,Side II,Side II,True
XGB_top150,12,Train45.csv,Normal,Normal,True
XGB_top150,12,Train48.csv,Normal,Normal,True
XGB_top150,12,Train55.csv,Normal,Normal,True
XGB_top150,12,Train56.csv,Normal,Normal,True
XGB_top150,12,Train57.csv,Normal,Normal,True
XGB_top150,12,Train59.csv,Normal,Normal,True
XGB_top150,12,Train62.csv,Side I,Normal,False
XGB_top150,12,Train67.csv,Normal,Normal,True
XGB_top150,12,Train80.csv,Normal,Normal,True
XGB_top150,12,Train82.csv,Normal,Normal,True
XGB_top150,12,Train84.csv,Normal,Normal,True
XGB_top150,12,Train85.csv,Normal,Normal,True
XGB_top150,12,Train93.csv,Side II,Side II,True
XGB_top150,12,Train94.csv,Normal,Normal,True
XGB_top150,12,Train101.csv,Normal,Normal,True
XGB_top150,12,Train107.csv,Normal,Normal,True
XGB_top150,12,Train113.csv,Normal,Normal,True
XGB_top150,12,Train124.csv,Normal,Normal,True
XGB_top150,12,Train125.csv,Normal,Normal,True
XGB_top150,12,Train140.csv,Normal,Normal,True
XGB_top150,12,Train144.csv,Normal,Normal,True
XGB_top150,12,Train147.csv,Normal,Normal,True
XGB_top150,12,Train152.csv,Normal,Normal,True
XGB_top150,12,Train153.csv,Normal,Normal,True
XGB_top150,12,Train158.csv,Normal,Normal,True
XGB_top150,12,Train159.csv,Normal,Normal,True
XGB_top150,12,Train162.csv,Normal,Normal,True
XGB_top150,12,Train168.csv,Normal,Normal,True
XGB_top150,12,Train170.csv,Side I,Normal,False
XGB_top150,12,Train172.csv,Normal,Normal,True
XGB_top150,12,Train179.csv,Side II,Side II,True
XGB_top150,12,Train185.csv,Side I,Normal,False
XGB_top150,12,Train187.csv,Normal,Normal,True
XGB_top150,12,Train192.csv,Normal,Normal,True
XGB_top150,12,Train205.csv,Normal,Side I,False
XGB_top150,12,Train209.csv,Normal,Normal,True
XGB_top150,12,Train218.csv,Normal,Normal,True
XGB_top150,12,Train222.csv,Normal,Normal,True
XGB_top150,12,Train223.csv,Normal,Normal,True
XGB_top150,12,Train227.csv,Normal,Normal,True
XGB_top150,12,Train236.csv,Normal,Normal,True
XGB_top150,12,Train238.csv,Normal,Normal,True
XGB_top150,12,Train239.csv,Normal,Normal,True
XGB_top150,13,Train5.csv,Normal,Normal,True
XGB_top150,13,Train7.csv,Normal,Normal,True
XGB_top150,13,Train9.csv,Normal,Normal,True
XGB_top150,13,Train20.csv,Normal,Normal,True
XGB_top150,13,Train22.csv,Normal,Normal,True
XGB_top150,13,Train32.csv,Normal,Normal,True
XGB_top150,13,Train34.csv,Normal,Normal,True
XGB_top150,13,Train40.csv,Normal,Normal,True
XGB_top150,13,Train50.csv,Normal,Normal,True
XGB_top150,13,Train52.csv,Normal,Normal,True
XGB_top150,13,Train53.csv,Side II,Side II,True
XGB_top150,13,Train58.csv,Normal,Normal,True
XGB_top150,13,Train65.csv,Normal,Normal,True
XGB_top150,13,Train69.csv,Normal,Normal,True
XGB_top150,13,Train78.csv,Normal,Normal,True
XGB_top150,13,Train86.csv,Normal,Normal,True
XGB_top150,13,Train88.csv,Normal,Normal,True
XGB_top150,13,Train98.csv,Normal,Normal,True
XGB_top150,13,Train99.csv,Normal,Normal,True
XGB_top150,13,Train100.csv,Side I,Side II,False
XGB_top150,13,Train103.csv,Side II,Side II,True
XGB_top150,13,Train108.csv,Normal,Normal,True
XGB_top150,13,Train127.csv,Side II,Side II,True
XGB_top150,13,Train130.csv,Normal,Normal,True
XGB_top150,13,Train134.csv,Normal,Normal,True
XGB_top150,13,Train143.csv,Normal,Normal,True
XGB_top150,13,Train145.csv,Normal,Normal,True
XGB_top150,13,Train150.csv,Side I,Side I,True
XGB_top150,13,Train151.csv,Normal,Normal,True
XGB_top150,13,Train155.csv,Normal,Normal,True
XGB_top150,13,Train160.csv,Normal,Normal,True
XGB_top150,13,Train166.csv,Normal,Normal,True
XGB_top150,13,Train174.csv,Normal,Normal,True
XGB_top150,13,Train182.csv,Normal,Normal,True
XGB_top150,13,Train188.csv,Side II,Side II,True
XGB_top150,13,Train195.csv,Normal,Normal,True
XGB_top150,13,Train196.csv,Normal,Normal,True
XGB_top150,13,Train203.csv,Normal,Normal,True
XGB_top150,13,Train210.csv,Normal,Normal,True
XGB_top150,13,Train219.csv,Normal,Normal,True
XGB_top150,13,Train221.csv,Normal,Normal,True
XGB_top150,13,Train224.csv,Normal,Normal,True
XGB_top150,13,Train230.csv,Normal,Normal,True
XGB_top150,13,Train231.csv,Normal,Normal,True
XGB_top150,13,Train235.csv,Normal,Normal,True
XGB_top150,13,Train237.csv,Normal,Normal,True
XGB_top150,13,Train240.csv,Side II,Side II,True
XGB_top150,13,Train244.csv,Normal,Normal,True
XGB_top150,13,Train250.csv,Normal,Normal,True
XGB_top150,13,Train256.csv,Normal,Normal,True
XGB_top150,13,Train259.csv,Normal,Normal,True
XGB_top150,13,Train264.csv,Normal,Normal,True
XGB_top150,13,Train266.csv,Normal,Normal,True
XGB_top150,13,Train272.csv,Normal,Normal,True
XGB_top150,14,Train3.csv,Normal,Normal,True
XGB_top150,14,Train6.csv,Normal,Normal,True
XGB_top150,14,Train8.csv,Normal,Normal,True
XGB_top150,14,Train11.csv,Normal,Normal,True
XGB_top150,14,Train16.csv,Normal,Normal,True
XGB_top150,14,Train19.csv,Normal,Normal,True
XGB_top150,14,Train23.csv,Normal,Normal,True
XGB_top150,14,Train30.csv,Side II,Normal,False
XGB_top150,14,Train35.csv,Normal,Normal,True
XGB_top150,14,Train36.csv,Normal,Normal,True
XGB_top150,14,Train37.csv,Normal,Normal,True
XGB_top150,14,Train44.csv,Normal,Normal,True
XGB_top150,14,Train54.csv,Normal,Normal,True
XGB_top150,14,Train64.csv,Normal,Normal,True
XGB_top150,14,Train66.csv,Normal,Normal,True
XGB_top150,14,Train75.csv,Normal,Normal,True
XGB_top150,14,Train76.csv,Normal,Normal,True
XGB_top150,14,Train79.csv,Normal,Normal,True
XGB_top150,14,Train83.csv,Side I,Side I,True
XGB_top150,14,Train95.csv,Normal,Normal,True
XGB_top150,14,Train96.csv,Normal,Normal,True
XGB_top150,14,Train116.csv,Normal,Normal,True
XGB_top150,14,Train120.csv,Normal,Normal,True
XGB_top150,14,Train123.csv,Normal,Normal,True
XGB_top150,14,Train129.csv,Normal,Normal,True
XGB_top150,14,Train132.csv,Normal,Normal,True
XGB_top150,14,Train136.csv,Normal,Normal,True
XGB_top150,14,Train141.csv,Normal,Normal,True
XGB_top150,14,Train156.csv,Normal,Normal,True
XGB_top150,14,Train157.csv,Normal,Normal,True
XGB_top150,14,Train169.csv,Normal,Normal,True
XGB_top150,14,Train173.csv,Normal,Normal,True
XGB_top150,14,Train175.csv,Normal,Normal,True
XGB_top150,14,Train178.csv,Normal,Normal,True
XGB_top150,14,Train180.csv,Side I,Normal,False
XGB_top150,14,Train186.csv,Normal,Normal,True
XGB_top150,14,Train191.csv,Normal,Normal,True
XGB_top150,14,Train193.csv,Normal,Normal,True
XGB_top150,14,Train197.csv,Normal,Normal,True
XGB_top150,14,Train198.csv,Side II,Side II,True
XGB_top150,14,Train199.csv,Side II,Side II,True
XGB_top150,14,Train200.csv,Normal,Normal,True
XGB_top150,14,Train206.csv,Normal,Normal,True
XGB_top150,14,Train211.csv,Normal,Normal,True
XGB_top150,14,Train213.csv,Side I,Side I,True
XGB_top150,14,Train220.csv,Normal,Normal,True
XGB_top150,14,Train228.csv,Normal,Normal,True
XGB_top150,14,Train234.csv,Normal,Normal,True
XGB_top150,14,Train248.csv,Side II,Side II,True
XGB_top150,14,Train249.csv,Normal,Normal,True
XGB_top150,14,Train254.csv,Normal,Normal,True
XGB_top150,14,Train260.csv,Normal,Normal,True
XGB_top150,14,Train262.csv,Normal,Normal,True
XGB_top150,14,Train271.csv,Normal,Normal,True
XGB_top150,15,Train2.csv,Side II,Normal,False
XGB_top150,15,Train13.csv,Normal,Normal,True
XGB_top150,15,Train29.csv,Normal,Normal,True
XGB_top150,15,Train31.csv,Normal,Normal,True
XGB_top150,15,Train33.csv,Normal,Normal,True
XGB_top150,15,Train38.csv,Normal,Normal,True
XGB_top150,15,Train39.csv,Normal,Normal,True
XGB_top150,15,Train41.csv,Normal,Normal,True
XGB_top150,15,Train46.csv,Normal,Normal,True
XGB_top150,15,Train60.csv,Normal,Normal,True
XGB_top150,15,Train68.csv,Normal,Normal,True
XGB_top150,15,Train70.csv,Normal,Normal,True
XGB_top150,15,Train74.csv,Normal,Normal,True
XGB_top150,15,Train77.csv,Normal,Normal,True
XGB_top150,15,Train87.csv,Normal,Normal,True
XGB_top150,15,Train90.csv,Normal,Normal,True
XGB_top150,15,Train92.csv,Normal,Normal,True
XGB_top150,15,Train97.csv,Normal,Normal,True
XGB_top150,15,Train104.csv,Side II,Side II,True
XGB_top150,15,Train106.csv,Side I,Side I,True
XGB_top150,15,Train114.csv,Normal,Normal,True
XGB_top150,15,Train118.csv,Normal,Normal,True
XGB_top150,15,Train119.csv,Normal,Normal,True
XGB_top150,15,Train121.csv,Side I,Normal,False
XGB_top150,15,Train122.csv,Normal,Normal,True
XGB_top150,15,Train126.csv,Normal,Normal,True
XGB_top150,15,Train137.csv,Side I,Side I,True
XGB_top150,15,Train142.csv,Normal,Normal,True
XGB_top150,15,Train146.csv,Normal,Normal,True
XGB_top150,15,Train149.csv,Normal,Normal,True
XGB_top150,15,Train154.csv,Normal,Normal,True
XGB_top150,15,Train161.csv,Normal,Normal,True
XGB_top150,15,Train164.csv,Side II,Side II,True
XGB_top150,15,Train165.csv,Normal,Normal,True
XGB_top150,15,Train171.csv,Normal,Normal,True
XGB_top150,15,Train183.csv,Normal,Normal,True
XGB_top150,15,Train189.csv,Normal,Normal,True
XGB_top150,15,Train190.csv,Normal,Normal,True
XGB_top150,15,Train208.csv,Normal,Normal,True
XGB_top150,15,Train214.csv,Normal,Normal,True
XGB_top150,15,Train215.csv,Normal,Normal,True
XGB_top150,15,Train216.csv,Side II,Normal,False
XGB_top150,15,Train229.csv,Normal,Normal,True
XGB_top150,15,Train232.csv,Normal,Normal,True
XGB_top150,15,Train241.csv,Normal,Normal,True
XGB_top150,15,Train245.csv,Normal,Normal,True
XGB_top150,15,Train253.csv,Normal,Normal,True
XGB_top150,15,Train255.csv,Normal,Normal,True
XGB_top150,15,Train257.csv,Normal,Normal,True
XGB_top150,15,Train261.csv,Normal,Normal,True
XGB_top150,15,Train263.csv,Normal,Normal,True
XGB_top150,15,Train267.csv,Side II,Side II,True
XGB_top150,15,Train268.csv,Normal,Normal,True
XGB_top150,15,Train270.csv,Normal,Normal,True
XGB_top150,16,Train6.csv,Normal,Normal,True
XGB_top150,16,Train16.csv,Normal,Normal,True
XGB_top150,16,Train17.csv,Normal,Normal,True
XGB_top150,16,Train19.csv,Normal,Normal,True
XGB_top150,16,Train21.csv,Normal,Normal,True
XGB_top150,16,Train30.csv,Side II,Side II,True
XGB_top150,16,Train43.csv,Side II,Side I,False
XGB_top150,16,Train44.csv,Normal,Normal,True
XGB_top150,16,Train46.csv,Normal,Normal,True
XGB_top150,16,Train56.csv,Normal,Normal,True
XGB_top150,16,Train57.csv,Normal,Normal,True
XGB_top150,16,Train68.csv,Normal,Normal,True
XGB_top150,16,Train69.csv,Normal,Normal,True
XGB_top150,16,Train83.csv,Side I,Side I,True
XGB_top150,16,Train94.csv,Normal,Normal,True
XGB_top150,16,Train96.csv,Normal,Normal,True
XGB_top150,16,Train98.csv,Normal,Normal,True
XGB_top150,16,Train105.csv,Normal,Normal,True
XGB_top150,16,Train111.csv,Side II,Side II,True
XGB_top150,16,Train113.csv,Normal,Normal,True
XGB_top150,16,Train121.csv,Side I,Normal,False
XGB_top150,16,Train125.csv,Normal,Normal,True
XGB_top150,16,Train126.csv,Normal,Normal,True
XGB_top150,16,Train130.csv,Normal,Normal,True
XGB_top150,16,Train143.csv,Normal,Normal,True
XGB_top150,16,Train147.csv,Normal,Normal,True
XGB_top150,16,Train149.csv,Normal,Normal,True
XGB_top150,16,Train154.csv,Normal,Normal,True
XGB_top150,16,Train157.csv,Normal,Normal,True
XGB_top150,16,Train159.csv,Normal,Normal,True
XGB_top150,16,Train160.csv,Normal,Normal,True
XGB_top150,16,Train164.csv,Side II,Side II,True
XGB_top150,16,Train165.csv,Normal,Normal,True
XGB_top150,16,Train166.csv,Normal,Normal,True
XGB_top150,16,Train174.csv,Normal,Normal,True
XGB_top150,16,Train175.csv,Normal,Normal,True
XGB_top150,16,Train186.csv,Normal,Normal,True
XGB_top150,16,Train200.csv,Normal,Normal,True
XGB_top150,16,Train201.csv,Normal,Normal,True
XGB_top150,16,Train202.csv,Side I,Normal,False
XGB_top150,16,Train205.csv,Normal,Normal,True
XGB_top150,16,Train209.csv,Normal,Normal,True
XGB_top150,16,Train211.csv,Normal,Normal,True
XGB_top150,16,Train214.csv,Normal,Normal,True
XGB_top150,16,Train219.csv,Normal,Normal,True
XGB_top150,16,Train223.csv,Normal,Normal,True
XGB_top150,16,Train224.csv,Normal,Normal,True
XGB_top150,16,Train236.csv,Normal,Normal,True
XGB_top150,16,Train242.csv,Normal,Normal,True
XGB_top150,16,Train248.csv,Side II,Side II,True
XGB_top150,16,Train254.csv,Normal,Normal,True
XGB_top150,16,Train259.csv,Normal,Normal,True
XGB_top150,16,Train260.csv,Normal,Normal,True
XGB_top150,16,Train264.csv,Normal,Normal,True
XGB_top150,16,Train272.csv,Normal,Normal,True
XGB_top150,17,Train7.csv,Normal,Normal,True
XGB_top150,17,Train15.csv,Normal,Normal,True
XGB_top150,17,Train35.csv,Normal,Normal,True
XGB_top150,17,Train39.csv,Normal,Normal,True
XGB_top150,17,Train47.csv,Normal,Normal,True
XGB_top150,17,Train49.csv,Normal,Normal,True
XGB_top150,17,Train50.csv,Normal,Normal,True
XGB_top150,17,Train51.csv,Normal,Normal,True
XGB_top150,17,Train55.csv,Normal,Normal,True
XGB_top150,17,Train60.csv,Normal,Normal,True
XGB_top150,17,Train62.csv,Side I,Normal,False
XGB_top150,17,Train65.csv,Normal,Normal,True
XGB_top150,17,Train70.csv,Normal,Normal,True
XGB_top150,17,Train71.csv,Normal,Normal,True
XGB_top150,17,Train80.csv,Normal,Normal,True
XGB_top150,17,Train81.csv,Normal,Normal,True
XGB_top150,17,Train82.csv,Normal,Normal,True
XGB_top150,17,Train87.csv,Normal,Normal,True
XGB_top150,17,Train88.csv,Normal,Normal,True
XGB_top150,17,Train90.csv,Normal,Normal,True
XGB_top150,17,Train93.csv,Side II,Side II,True
XGB_top150,17,Train97.csv,Normal,Normal,True
XGB_top150,17,Train101.csv,Normal,Normal,True
XGB_top150,17,Train102.csv,Normal,Normal,True
XGB_top150,17,Train106.csv,Side I,Normal,False
XGB_top150,17,Train117.csv,Normal,Normal,True
XGB_top150,17,Train119.csv,Normal,Normal,True
XGB_top150,17,Train122.csv,Normal,Normal,True
XGB_top150,17,Train127.csv,Side II,Side II,True
XGB_top150,17,Train128.csv,Normal,Normal,True
XGB_top150,17,Train142.csv,Normal,Normal,True
XGB_top150,17,Train144.csv,Normal,Normal,True
XGB_top150,17,Train152.csv,Normal,Normal,True
XGB_top150,17,Train180.csv,Side I,Side I,True
XGB_top150,17,Train189.csv,Normal,Normal,True
XGB_top150,17,Train191.csv,Normal,Normal,True
XGB_top150,17,Train192.csv,Normal,Normal,True
XGB_top150,17,Train195.csv,Normal,Normal,True
XGB_top150,17,Train196.csv,Normal,Normal,True
XGB_top150,17,Train198.csv,Side II,Side II,True
XGB_top150,17,Train203.csv,Normal,Normal,True
XGB_top150,17,Train206.csv,Normal,Normal,True
XGB_top150,17,Train207.csv,Side II,Side II,True
XGB_top150,17,Train210.csv,Normal,Normal,True
XGB_top150,17,Train215.csv,Normal,Normal,True
XGB_top150,17,Train217.csv,Side II,Normal,False
XGB_top150,17,Train222.csv,Normal,Normal,True
XGB_top150,17,Train226.csv,Normal,Normal,True
XGB_top150,17,Train228.csv,Normal,Normal,True
XGB_top150,17,Train231.csv,Normal,Normal,True
XGB_top150,17,Train247.csv,Normal,Normal,True
XGB_top150,17,Train258.csv,Normal,Normal,True
XGB_top150,17,Train261.csv,Normal,Normal,True
XGB_top150,17,Train263.csv,Normal,Normal,True
XGB_top150,17,Train266.csv,Normal,Normal,True
XGB_top150,18,Train3.csv,Normal,Normal,True
XGB_top150,18,Train13.csv,Normal,Normal,True
XGB_top150,18,Train14.csv,Normal,Normal,True
XGB_top150,18,Train22.csv,Normal,Normal,True
XGB_top150,18,Train23.csv,Normal,Normal,True
XGB_top150,18,Train26.csv,Side II,Side II,True
XGB_top150,18,Train27.csv,Normal,Normal,True
XGB_top150,18,Train32.csv,Normal,Normal,True
XGB_top150,18,Train36.csv,Normal,Normal,True
XGB_top150,18,Train37.csv,Normal,Normal,True
XGB_top150,18,Train38.csv,Normal,Normal,True
XGB_top150,18,Train40.csv,Normal,Normal,True
XGB_top150,18,Train41.csv,Normal,Normal,True
XGB_top150,18,Train45.csv,Normal,Normal,True
XGB_top150,18,Train48.csv,Normal,Normal,True
XGB_top150,18,Train54.csv,Normal,Normal,True
XGB_top150,18,Train58.csv,Normal,Normal,True
XGB_top150,18,Train67.csv,Normal,Normal,True
XGB_top150,18,Train72.csv,Side II,Side II,True
XGB_top150,18,Train75.csv,Normal,Normal,True
XGB_top150,18,Train78.csv,Normal,Normal,True
XGB_top150,18,Train79.csv,Normal,Normal,True
XGB_top150,18,Train103.csv,Side II,Side II,True
XGB_top150,18,Train115.csv,Normal,Normal,True
XGB_top150,18,Train118.csv,Normal,Normal,True
XGB_top150,18,Train124.csv,Normal,Normal,True
XGB_top150,18,Train129.csv,Normal,Normal,True
XGB_top150,18,Train135.csv,Normal,Normal,True
XGB_top150,18,Train136.csv,Normal,Normal,True
XGB_top150,18,Train139.csv,Normal,Normal,True
XGB_top150,18,Train141.csv,Normal,Normal,True
XGB_top150,18,Train156.csv,Normal,Normal,True
XGB_top150,18,Train171.csv,Normal,Normal,True
XGB_top150,18,Train172.csv,Normal,Normal,True
XGB_top150,18,Train177.csv,Normal,Side I,False
XGB_top150,18,Train181.csv,Normal,Normal,True
XGB_top150,18,Train182.csv,Normal,Normal,True
XGB_top150,18,Train193.csv,Normal,Normal,True
XGB_top150,18,Train194.csv,Side I,Side I,True
XGB_top150,18,Train197.csv,Normal,Normal,True
XGB_top150,18,Train212.csv,Normal,Normal,True
XGB_top150,18,Train213.csv,Side I,Side I,True
XGB_top150,18,Train227.csv,Normal,Normal,True
XGB_top150,18,Train234.csv,Normal,Normal,True
XGB_top150,18,Train239.csv,Normal,Normal,True
XGB_top150,18,Train240.csv,Side II,Side II,True
XGB_top150,18,Train244.csv,Normal,Normal,True
XGB_top150,18,Train246.csv,Normal,Normal,True
XGB_top150,18,Train251.csv,Normal,Side II,False
XGB_top150,18,Train252.csv,Normal,Normal,True
XGB_top150,18,Train255.csv,Normal,Normal,True
XGB_top150,18,Train265.csv,Side II,Side I,False
XGB_top150,18,Train270.csv,Normal,Normal,True
XGB_top150,18,Train271.csv,Normal,Normal,True
XGB_top150,19,Train8.csv,Normal,Normal,True
XGB_top150,19,Train9.csv,Normal,Normal,True
XGB_top150,19,Train24.csv,Normal,Normal,True
XGB_top150,19,Train25.csv,Normal,Normal,True
XGB_top150,19,Train33.csv,Normal,Normal,True
XGB_top150,19,Train42.csv,Normal,Normal,True
XGB_top150,19,Train59.csv,Normal,Normal,True
XGB_top150,19,Train63.csv,Normal,Normal,True
XGB_top150,19,Train64.csv,Normal,Normal,True
XGB_top150,19,Train66.csv,Normal,Normal,True
XGB_top150,19,Train76.csv,Normal,Normal,True
XGB_top150,19,Train86.csv,Normal,Normal,True
XGB_top150,19,Train89.csv,Normal,Normal,True
XGB_top150,19,Train91.csv,Normal,Normal,True
XGB_top150,19,Train92.csv,Normal,Normal,True
XGB_top150,19,Train99.csv,Normal,Normal,True
XGB_top150,19,Train100.csv,Side I,Side II,False
XGB_top150,19,Train104.csv,Side II,Side II,True
XGB_top150,19,Train107.csv,Normal,Normal,True
XGB_top150,19,Train108.csv,Normal,Normal,True
XGB_top150,19,Train110.csv,Normal,Normal,True
XGB_top150,19,Train120.csv,Normal,Normal,True
XGB_top150,19,Train131.csv,Normal,Normal,True
XGB_top150,19,Train133.csv,Normal,Normal,True
XGB_top150,19,Train134.csv,Normal,Normal,True
XGB_top150,19,Train138.csv,Normal,Normal,True
XGB_top150,19,Train145.csv,Normal,Normal,True
XGB_top150,19,Train155.csv,Normal,Normal,True
XGB_top150,19,Train158.csv,Normal,Normal,True
XGB_top150,19,Train161.csv,Normal,Normal,True
XGB_top150,19,Train163.csv,Side I,Side I,True
XGB_top150,19,Train168.csv,Normal,Normal,True
XGB_top150,19,Train169.csv,Normal,Normal,True
XGB_top150,19,Train170.csv,Side I,Normal,False
XGB_top150,19,Train173.csv,Normal,Normal,True
XGB_top150,19,Train176.csv,Normal,Normal,True
XGB_top150,19,Train178.csv,Normal,Normal,True
XGB_top150,19,Train184.csv,Normal,Normal,True
XGB_top150,19,Train187.csv,Normal,Normal,True
XGB_top150,19,Train188.csv,Side II,Side II,True
XGB_top150,19,Train190.csv,Normal,Normal,True
XGB_top150,19,Train216.csv,Side II,Normal,False
XGB_top150,19,Train218.csv,Normal,Normal,True
XGB_top150,19,Train221.csv,Normal,Normal,True
XGB_top150,19,Train225.csv,Normal,Normal,True
XGB_top150,19,Train229.csv,Normal,Normal,True
XGB_top150,19,Train230.csv,Normal,Normal,True
XGB_top150,19,Train232.csv,Normal,Normal,True
XGB_top150,19,Train243.csv,Normal,Normal,True
XGB_top150,19,Train249.csv,Normal,Normal,True
XGB_top150,19,Train250.csv,Normal,Normal,True
XGB_top150,19,Train267.csv,Side II,Side II,True
XGB_top150,19,Train268.csv,Normal,Normal,True
XGB_top150,19,Train269.csv,Normal,Normal,True
XGB_top150,20,Train1.csv,Normal,Normal,True
XGB_top150,20,Train2.csv,Side II,Side II,True
XGB_top150,20,Train4.csv,Normal,Normal,True
XGB_top150,20,Train5.csv,Normal,Normal,True
XGB_top150,20,Train10.csv,Normal,Normal,True
XGB_top150,20,Train11.csv,Normal,Normal,True
XGB_top150,20,Train12.csv,Side II,Side II,True
XGB_top150,20,Train18.csv,Normal,Normal,True
XGB_top150,20,Train20.csv,Normal,Normal,True
XGB_top150,20,Train28.csv,Normal,Normal,True
XGB_top150,20,Train29.csv,Normal,Normal,True
XGB_top150,20,Train31.csv,Normal,Normal,True
XGB_top150,20,Train34.csv,Normal,Normal,True
XGB_top150,20,Train52.csv,Normal,Normal,True
XGB_top150,20,Train53.csv,Side II,Side II,True
XGB_top150,20,Train61.csv,Normal,Normal,True
XGB_top150,20,Train73.csv,Normal,Normal,True
XGB_top150,20,Train74.csv,Normal,Normal,True
XGB_top150,20,Train77.csv,Normal,Normal,True
XGB_top150,20,Train84.csv,Normal,Normal,True
XGB_top150,20,Train85.csv,Normal,Normal,True
XGB_top150,20,Train95.csv,Normal,Normal,True
XGB_top150,20,Train109.csv,Normal,Normal,True
XGB_top150,20,Train112.csv,Normal,Normal,True
XGB_top150,20,Train114.csv,Normal,Normal,True
XGB_top150,20,Train116.csv,Normal,Normal,True
XGB_top150,20,Train123.csv,Normal,Normal,True
XGB_top150,20,Train132.csv,Normal,Normal,True
XGB_top150,20,Train137.csv,Side I,Side I,True
XGB_top150,20,Train140.csv,Normal,Normal,True
XGB_top150,20,Train146.csv,Normal,Normal,True
XGB_top150,20,Train148.csv,Normal,Normal,True
XGB_top150,20,Train150.csv,Side I,Side I,True
XGB_top150,20,Train151.csv,Normal,Normal,True
XGB_top150,20,Train153.csv,Normal,Normal,True
XGB_top150,20,Train162.csv,Normal,Normal,True
XGB_top150,20,Train167.csv,Normal,Normal,True
XGB_top150,20,Train179.csv,Side II,Side II,True
XGB_top150,20,Train183.csv,Normal,Normal,True
XGB_top150,20,Train185.csv,Side I,Normal,False
XGB_top150,20,Train199.csv,Side II,Side II,True
XGB_top150,20,Train204.csv,Normal,Normal,True
XGB_top150,20,Train208.csv,Normal,Normal,True
XGB_top150,20,Train220.csv,Normal,Normal,True
XGB_top150,20,Train233.csv,Normal,Normal,True
XGB_top150,20,Train235.csv,Normal,Normal,True
XGB_top150,20,Train237.csv,Normal,Normal,True
XGB_top150,20,Train238.csv,Normal,Normal,True
XGB_top150,20,Train241.csv,Normal,Normal,True
XGB_top150,20,Train245.csv,Normal,Normal,True
XGB_top150,20,Train253.csv,Normal,Normal,True
XGB_top150,20,Train256.csv,Normal,Normal,True
XGB_top150,20,Train257.csv,Normal,Normal,True
XGB_top150,20,Train262.csv,Normal,Normal,True
XGB_top150,21,Train1.csv,Normal,Normal,True
XGB_top150,21,Train3.csv,Normal,Normal,True
XGB_top150,21,Train4.csv,Normal,Normal,True
XGB_top150,21,Train5.csv,Normal,Normal,True
XGB_top150,21,Train6.csv,Normal,Normal,True
XGB_top150,21,Train10.csv,Normal,Normal,True
XGB_top150,21,Train12.csv,Side II,Side II,True
XGB_top150,21,Train19.csv,Normal,Normal,True
XGB_top150,21,Train33.csv,Normal,Normal,True
XGB_top150,21,Train40.csv,Normal,Normal,True
XGB_top150,21,Train43.csv,Side II,Side I,False
XGB_top150,21,Train59.csv,Normal,Normal,True
XGB_top150,21,Train67.csv,Normal,Normal,True
XGB_top150,21,Train74.csv,Normal,Normal,True
XGB_top150,21,Train77.csv,Normal,Normal,True
XGB_top150,21,Train79.csv,Normal,Normal,True
XGB_top150,21,Train87.csv,Normal,Normal,True
XGB_top150,21,Train88.csv,Normal,Normal,True
XGB_top150,21,Train90.csv,Normal,Normal,True
XGB_top150,21,Train92.csv,Normal,Normal,True
XGB_top150,21,Train96.csv,Normal,Normal,True
XGB_top150,21,Train97.csv,Normal,Normal,True
XGB_top150,21,Train100.csv,Side I,Side II,False
XGB_top150,21,Train107.csv,Normal,Normal,True
XGB_top150,21,Train116.csv,Normal,Normal,True
XGB_top150,21,Train124.csv,Normal,Normal,True
XGB_top150,21,Train126.csv,Normal,Side II,False
XGB_top150,21,Train127.csv,Side II,Side II,True
XGB_top150,21,Train137.csv,Side I,Side I,True
XGB_top150,21,Train139.csv,Normal,Normal,True
XGB_top150,21,Train147.csv,Normal,Normal,True
XGB_top150,21,Train154.csv,Normal,Normal,True
XGB_top150,21,Train156.csv,Normal,Normal,True
XGB_top150,21,Train170.csv,Side I,Normal,False
XGB_top150,21,Train173.csv,Normal,Normal,True
XGB_top150,21,Train176.csv,Normal,Normal,True
XGB_top150,21,Train177.csv,Normal,Side I,False
XGB_top150,21,Train178.csv,Normal,Normal,True
XGB_top150,21,Train184.csv,Normal,Normal,True
XGB_top150,21,Train191.csv,Normal,Normal,True
XGB_top150,21,Train208.csv,Normal,Normal,True
XGB_top150,21,Train211.csv,Normal,Normal,True
XGB_top150,21,Train217.csv,Side II,Side I,False
XGB_top150,21,Train219.csv,Normal,Normal,True
XGB_top150,21,Train222.csv,Normal,Normal,True
XGB_top150,21,Train223.csv,Normal,Normal,True
XGB_top150,21,Train224.csv,Normal,Normal,True
XGB_top150,21,Train225.csv,Normal,Normal,True
XGB_top150,21,Train239.csv,Normal,Normal,True
XGB_top150,21,Train244.csv,Normal,Normal,True
XGB_top150,21,Train253.csv,Normal,Normal,True
XGB_top150,21,Train254.csv,Normal,Normal,True
XGB_top150,21,Train263.csv,Normal,Normal,True
XGB_top150,21,Train265.csv,Side II,Side I,False
XGB_top150,21,Train271.csv,Normal,Normal,True
XGB_top150,22,Train7.csv,Normal,Normal,True
XGB_top150,22,Train9.csv,Normal,Normal,True
XGB_top150,22,Train24.csv,Normal,Normal,True
XGB_top150,22,Train28.csv,Normal,Normal,True
XGB_top150,22,Train29.csv,Normal,Normal,True
XGB_top150,22,Train41.csv,Normal,Normal,True
XGB_top150,22,Train51.csv,Normal,Normal,True
XGB_top150,22,Train52.csv,Normal,Normal,True
XGB_top150,22,Train60.csv,Normal,Normal,True
XGB_top150,22,Train61.csv,Normal,Normal,True
XGB_top150,22,Train64.csv,Normal,Normal,True
XGB_top150,22,Train69.csv,Normal,Normal,True
XGB_top150,22,Train70.csv,Normal,Normal,True
XGB_top150,22,Train78.csv,Normal,Normal,True
XGB_top150,22,Train86.csv,Normal,Normal,True
XGB_top150,22,Train93.csv,Side II,Side II,True
XGB_top150,22,Train98.csv,Normal,Normal,True
XGB_top150,22,Train99.csv,Normal,Normal,True
XGB_top150,22,Train101.csv,Normal,Normal,True
XGB_top150,22,Train105.csv,Normal,Normal,True
XGB_top150,22,Train112.csv,Normal,Normal,True
XGB_top150,22,Train118.csv,Normal,Normal,True
XGB_top150,22,Train119.csv,Normal,Normal,True
XGB_top150,22,Train123.csv,Normal,Side I,False
XGB_top150,22,Train131.csv,Normal,Normal,True
XGB_top150,22,Train133.csv,Normal,Normal,True
XGB_top150,22,Train134.csv,Normal,Normal,True
XGB_top150,22,Train135.csv,Normal,Normal,True
XGB_top150,22,Train136.csv,Normal,Normal,True
XGB_top150,22,Train140.csv,Normal,Normal,True
XGB_top150,22,Train144.csv,Normal,Normal,True
XGB_top150,22,Train148.csv,Normal,Normal,True
XGB_top150,22,Train150.csv,Side I,Side I,True
XGB_top150,22,Train152.csv,Normal,Normal,True
XGB_top150,22,Train160.csv,Normal,Normal,True
XGB_top150,22,Train162.csv,Normal,Normal,True
XGB_top150,22,Train164.csv,Side II,Side II,True
XGB_top150,22,Train165.csv,Normal,Normal,True
XGB_top150,22,Train167.csv,Normal,Normal,True
XGB_top150,22,Train181.csv,Normal,Normal,True
XGB_top150,22,Train185.csv,Side I,Normal,False
XGB_top150,22,Train186.csv,Normal,Normal,True
XGB_top150,22,Train188.csv,Side II,Side II,True
XGB_top150,22,Train190.csv,Normal,Normal,True
XGB_top150,22,Train197.csv,Normal,Side II,False
XGB_top150,22,Train199.csv,Side II,Side II,True
XGB_top150,22,Train209.csv,Normal,Normal,True
XGB_top150,22,Train213.csv,Side I,Side I,True
XGB_top150,22,Train221.csv,Normal,Normal,True
XGB_top150,22,Train232.csv,Normal,Normal,True
XGB_top150,22,Train233.csv,Normal,Normal,True
XGB_top150,22,Train251.csv,Normal,Side II,False
XGB_top150,22,Train255.csv,Normal,Normal,True
XGB_top150,22,Train256.csv,Normal,Normal,True
XGB_top150,22,Train267.csv,Side II,Side II,True
XGB_top150,23,Train2.csv,Side II,Normal,False
XGB_top150,23,Train11.csv,Normal,Normal,True
XGB_top150,23,Train22.csv,Normal,Normal,True
XGB_top150,23,Train30.csv,Side II,Normal,False
XGB_top150,23,Train42.csv,Normal,Normal,True
XGB_top150,23,Train48.csv,Normal,Normal,True
XGB_top150,23,Train49.csv,Normal,Normal,True
XGB_top150,23,Train54.csv,Normal,Normal,True
XGB_top150,23,Train56.csv,Normal,Normal,True
XGB_top150,23,Train63.csv,Normal,Normal,True
XGB_top150,23,Train73.csv,Normal,Normal,True
XGB_top150,23,Train80.csv,Normal,Normal,True
XGB_top150,23,Train81.csv,Normal,Normal,True
XGB_top150,23,Train82.csv,Normal,Normal,True
XGB_top150,23,Train83.csv,Side I,Side I,True
XGB_top150,23,Train94.csv,Normal,Normal,True
XGB_top150,23,Train95.csv,Normal,Normal,True
XGB_top150,23,Train102.csv,Normal,Normal,True
XGB_top150,23,Train109.csv,Normal,Normal,True
XGB_top150,23,Train110.csv,Normal,Normal,True
XGB_top150,23,Train113.csv,Normal,Normal,True
XGB_top150,23,Train120.csv,Normal,Normal,True
XGB_top150,23,Train122.csv,Normal,Normal,True
XGB_top150,23,Train138.csv,Normal,Normal,True
XGB_top150,23,Train143.csv,Normal,Normal,True
XGB_top150,23,Train146.csv,Normal,Normal,True
XGB_top150,23,Train157.csv,Normal,Normal,True
XGB_top150,23,Train163.csv,Side I,Side I,True
XGB_top150,23,Train168.csv,Normal,Normal,True
XGB_top150,23,Train171.csv,Normal,Normal,True
XGB_top150,23,Train179.csv,Side II,Side II,True
XGB_top150,23,Train182.csv,Normal,Normal,True
XGB_top150,23,Train183.csv,Normal,Normal,True
XGB_top150,23,Train187.csv,Normal,Normal,True
XGB_top150,23,Train189.csv,Normal,Normal,True
XGB_top150,23,Train192.csv,Normal,Normal,True
XGB_top150,23,Train193.csv,Normal,Normal,True
XGB_top150,23,Train196.csv,Normal,Normal,True
XGB_top150,23,Train198.csv,Side II,Side II,True
XGB_top150,23,Train201.csv,Normal,Normal,True
XGB_top150,23,Train205.csv,Normal,Normal,True
XGB_top150,23,Train206.csv,Normal,Normal,True
XGB_top150,23,Train212.csv,Normal,Normal,True
XGB_top150,23,Train215.csv,Normal,Normal,True
XGB_top150,23,Train227.csv,Normal,Normal,True
XGB_top150,23,Train228.csv,Normal,Normal,True
XGB_top150,23,Train230.csv,Normal,Normal,True
XGB_top150,23,Train237.csv,Normal,Normal,True
XGB_top150,23,Train240.csv,Side II,Side II,True
XGB_top150,23,Train243.csv,Normal,Normal,True
XGB_top150,23,Train246.csv,Normal,Normal,True
XGB_top150,23,Train249.csv,Normal,Normal,True
XGB_top150,23,Train252.csv,Normal,Normal,True
XGB_top150,23,Train261.csv,Normal,Normal,True
XGB_top150,24,Train8.csv,Normal,Normal,True
XGB_top150,24,Train13.csv,Normal,Normal,True
XGB_top150,24,Train14.csv,Normal,Normal,True
XGB_top150,24,Train15.csv,Normal,Normal,True
XGB_top150,24,Train16.csv,Normal,Normal,True
XGB_top150,24,Train20.csv,Normal,Normal,True
XGB_top150,24,Train26.csv,Side II,Side II,True
XGB_top150,24,Train27.csv,Normal,Normal,True
XGB_top150,24,Train34.csv,Normal,Normal,True
XGB_top150,24,Train36.csv,Normal,Normal,True
XGB_top150,24,Train38.csv,Normal,Normal,True
XGB_top150,24,Train44.csv,Normal,Normal,True
XGB_top150,24,Train45.csv,Normal,Normal,True
XGB_top150,24,Train47.csv,Normal,Normal,True
XGB_top150,24,Train50.csv,Normal,Normal,True
XGB_top150,24,Train53.csv,Side II,Side II,True
XGB_top150,24,Train55.csv,Normal,Normal,True
XGB_top150,24,Train57.csv,Normal,Normal,True
XGB_top150,24,Train58.csv,Normal,Normal,True
XGB_top150,24,Train66.csv,Normal,Normal,True
XGB_top150,24,Train68.csv,Normal,Normal,True
XGB_top150,24,Train75.csv,Normal,Normal,True
XGB_top150,24,Train76.csv,Normal,Normal,True
XGB_top150,24,Train85.csv,Normal,Normal,True
XGB_top150,24,Train91.csv,Normal,Normal,True
XGB_top150,24,Train103.csv,Side II,Side II,True
XGB_top150,24,Train108.csv,Normal,Normal,True
XGB_top150,24,Train114.csv,Normal,Normal,True
XGB_top150,24,Train117.csv,Normal,Normal,True
XGB_top150,24,Train121.csv,Side I,Normal,False
XGB_top150,24,Train128.csv,Normal,Normal,True
XGB_top150,24,Train130.csv,Normal,Normal,True
XGB_top150,24,Train151.csv,Normal,Normal,True
XGB_top150,24,Train153.csv,Normal,Normal,True
XGB_top150,24,Train155.csv,Normal,Normal,True
XGB_top150,24,Train158.csv,Normal,Normal,True
XGB_top150,24,Train159.csv,Normal,Normal,True
XGB_top150,24,Train166.csv,Normal,Normal,True
XGB_top150,24,Train169.csv,Normal,Normal,True
XGB_top150,24,Train172.csv,Normal,Normal,True
XGB_top150,24,Train174.csv,Normal,Normal,True
XGB_top150,24,Train180.csv,Side I,Side I,True
XGB_top150,24,Train194.csv,Side I,Side II,False
XGB_top150,24,Train207.csv,Side II,Side II,True
XGB_top150,24,Train220.csv,Normal,Normal,True
XGB_top150,24,Train231.csv,Normal,Normal,True
XGB_top150,24,Train241.csv,Normal,Normal,True
XGB_top150,24,Train242.csv,Normal,Normal,True
XGB_top150,24,Train245.csv,Normal,Normal,True
XGB_top150,24,Train259.csv,Normal,Normal,True
XGB_top150,24,Train262.csv,Normal,Normal,True
XGB_top150,24,Train266.csv,Normal,Normal,True
XGB_top150,24,Train268.csv,Normal,Normal,True
XGB_top150,24,Train272.csv,Normal,Normal,True
XGB_top150,25,Train17.csv,Normal,Normal,True
XGB_top150,25,Train18.csv,Normal,Normal,True
XGB_top150,25,Train21.csv,Normal,Normal,True
XGB_top150,25,Train23.csv,Normal,Normal,True
XGB_top150,25,Train25.csv,Normal,Normal,True
XGB_top150,25,Train31.csv,Normal,Normal,True
XGB_top150,25,Train32.csv,Normal,Normal,True
XGB_top150,25,Train35.csv,Normal,Normal,True
XGB_top150,25,Train37.csv,Normal,Normal,True
XGB_top150,25,Train39.csv,Normal,Normal,True
XGB_top150,25,Train46.csv,Normal,Normal,True
XGB_top150,25,Train62.csv,Side I,Normal,False
XGB_top150,25,Train65.csv,Normal,Normal,True
XGB_top150,25,Train71.csv,Normal,Normal,True
XGB_top150,25,Train72.csv,Side II,Side II,True
XGB_top150,25,Train84.csv,Normal,Normal,True
XGB_top150,25,Train89.csv,Normal,Normal,True
XGB_top150,25,Train104.csv,Side II,Side II,True
XGB_top150,25,Train106.csv,Side I,Side I,True
XGB_top150,25,Train111.csv,Side II,Side II,True
XGB_top150,25,Train115.csv,Normal,Normal,True
XGB_top150,25,Train125.csv,Normal,Normal,True
XGB_top150,25,Train129.csv,Normal,Normal,True
XGB_top150,25,Train132.csv,Normal,Normal,True
XGB_top150,25,Train141.csv,Normal,Normal,True
XGB_top150,25,Train142.csv,Normal,Normal,True
XGB_top150,25,Train145.csv,Normal,Normal,True
XGB_top150,25,Train149.csv,Normal,Normal,True
XGB_top150,25,Train161.csv,Normal,Normal,True
XGB_top150,25,Train175.csv,Normal,Normal,True
XGB_top150,25,Train195.csv,Normal,Normal,True
XGB_top150,25,Train200.csv,Normal,Normal,True
XGB_top150,25,Train202.csv,Side I,Normal,False
XGB_top150,25,Train203.csv,Normal,Normal,True
XGB_top150,25,Train204.csv,Normal,Normal,True
XGB_top150,25,Train210.csv,Normal,Normal,True
XGB_top150,25,Train214.csv,Normal,Normal,True
XGB_top150,25,Train216.csv,Side II,Normal,False
XGB_top150,25,Train218.csv,Normal,Normal,True
XGB_top150,25,Train226.csv,Normal,Normal,True
XGB_top150,25,Train229.csv,Normal,Normal,True
XGB_top150,25,Train234.csv,Normal,Normal,True
XGB_top150,25,Train235.csv,Normal,Normal,True
XGB_top150,25,Train236.csv,Normal,Normal,True
XGB_top150,25,Train238.csv,Normal,Normal,True
XGB_top150,25,Train247.csv,Normal,Normal,True
XGB_top150,25,Train248.csv,Side II,Side II,True
XGB_top150,25,Train250.csv,Normal,Normal,True
XGB_top150,25,Train257.csv,Normal,Normal,True
XGB_top150,25,Train258.csv,Normal,Normal,True
XGB_top150,25,Train260.csv,Normal,Normal,True
XGB_top150,25,Train264.csv,Normal,Normal,True
XGB_top150,25,Train269.csv,Normal,Normal,True
XGB_top150,25,Train270.csv,Normal,Normal,True
XGB_depth3,1,Train5.csv,Normal,Normal,True
XGB_depth3,1,Train11.csv,Normal,Normal,True
XGB_depth3,1,Train12.csv,Side II,Side II,True
XGB_depth3,1,Train16.csv,Normal,Normal,True
XGB_depth3,1,Train19.csv,Normal,Normal,True
XGB_depth3,1,Train22.csv,Normal,Normal,True
XGB_depth3,1,Train24.csv,Normal,Normal,True
XGB_depth3,1,Train26.csv,Side II,Side II,True
XGB_depth3,1,Train29.csv,Normal,Normal,True
XGB_depth3,1,Train30.csv,Side II,Normal,False
XGB_depth3,1,Train34.csv,Normal,Normal,True
XGB_depth3,1,Train37.csv,Normal,Normal,True
XGB_depth3,1,Train42.csv,Normal,Normal,True
XGB_depth3,1,Train66.csv,Normal,Normal,True
XGB_depth3,1,Train78.csv,Normal,Normal,True
XGB_depth3,1,Train82.csv,Normal,Normal,True
XGB_depth3,1,Train92.csv,Normal,Normal,True
XGB_depth3,1,Train94.csv,Normal,Normal,True
XGB_depth3,1,Train95.csv,Normal,Normal,True
XGB_depth3,1,Train96.csv,Normal,Normal,True
XGB_depth3,1,Train97.csv,Normal,Normal,True
XGB_depth3,1,Train100.csv,Side I,Side II,False
XGB_depth3,1,Train109.csv,Normal,Normal,True
XGB_depth3,1,Train115.csv,Normal,Normal,True
XGB_depth3,1,Train119.csv,Normal,Normal,True
XGB_depth3,1,Train120.csv,Normal,Normal,True
XGB_depth3,1,Train123.csv,Normal,Side I,False
XGB_depth3,1,Train134.csv,Normal,Normal,True
XGB_depth3,1,Train138.csv,Normal,Normal,True
XGB_depth3,1,Train142.csv,Normal,Normal,True
XGB_depth3,1,Train143.csv,Normal,Normal,True
XGB_depth3,1,Train146.csv,Normal,Normal,True
XGB_depth3,1,Train147.csv,Normal,Normal,True
XGB_depth3,1,Train149.csv,Normal,Normal,True
XGB_depth3,1,Train152.csv,Normal,Normal,True
XGB_depth3,1,Train161.csv,Normal,Normal,True
XGB_depth3,1,Train165.csv,Normal,Normal,True
XGB_depth3,1,Train167.csv,Normal,Normal,True
XGB_depth3,1,Train172.csv,Normal,Normal,True
XGB_depth3,1,Train177.csv,Normal,Side I,False
XGB_depth3,1,Train180.csv,Side I,Normal,False
XGB_depth3,1,Train182.csv,Normal,Normal,True
XGB_depth3,1,Train185.csv,Side I,Normal,False
XGB_depth3,1,Train195.csv,Normal,Normal,True
XGB_depth3,1,Train196.csv,Normal,Normal,True
XGB_depth3,1,Train198.csv,Side II,Side II,True
XGB_depth3,1,Train206.csv,Normal,Normal,True
XGB_depth3,1,Train208.csv,Normal,Normal,True
XGB_depth3,1,Train212.csv,Normal,Normal,True
XGB_depth3,1,Train216.csv,Side II,Normal,False
XGB_depth3,1,Train236.csv,Normal,Normal,True
XGB_depth3,1,Train244.csv,Normal,Normal,True
XGB_depth3,1,Train247.csv,Normal,Normal,True
XGB_depth3,1,Train263.csv,Normal,Normal,True
XGB_depth3,1,Train269.csv,Normal,Normal,True
XGB_depth3,2,Train1.csv,Normal,Normal,True
XGB_depth3,2,Train9.csv,Normal,Normal,True
XGB_depth3,2,Train14.csv,Normal,Normal,True
XGB_depth3,2,Train31.csv,Normal,Normal,True
XGB_depth3,2,Train33.csv,Normal,Normal,True
XGB_depth3,2,Train36.csv,Normal,Normal,True
XGB_depth3,2,Train43.csv,Side II,Side I,False
XGB_depth3,2,Train49.csv,Normal,Normal,True
XGB_depth3,2,Train52.csv,Normal,Normal,True
XGB_depth3,2,Train53.csv,Side II,Side II,True
XGB_depth3,2,Train65.csv,Normal,Normal,True
XGB_depth3,2,Train73.csv,Normal,Normal,True
XGB_depth3,2,Train76.csv,Normal,Normal,True
XGB_depth3,2,Train77.csv,Normal,Normal,True
XGB_depth3,2,Train81.csv,Normal,Normal,True
XGB_depth3,2,Train84.csv,Normal,Normal,True
XGB_depth3,2,Train88.csv,Normal,Normal,True
XGB_depth3,2,Train102.csv,Normal,Normal,True
XGB_depth3,2,Train108.csv,Normal,Normal,True
XGB_depth3,2,Train113.csv,Normal,Normal,True
XGB_depth3,2,Train121.csv,Side I,Normal,False
XGB_depth3,2,Train122.csv,Normal,Normal,True
XGB_depth3,2,Train129.csv,Normal,Normal,True
XGB_depth3,2,Train130.csv,Normal,Normal,True
XGB_depth3,2,Train136.csv,Normal,Normal,True
XGB_depth3,2,Train150.csv,Side I,Side I,True
XGB_depth3,2,Train154.csv,Normal,Normal,True
XGB_depth3,2,Train158.csv,Normal,Normal,True
XGB_depth3,2,Train160.csv,Normal,Normal,True
XGB_depth3,2,Train171.csv,Normal,Normal,True
XGB_depth3,2,Train174.csv,Normal,Normal,True
XGB_depth3,2,Train184.csv,Normal,Normal,True
XGB_depth3,2,Train191.csv,Normal,Normal,True
XGB_depth3,2,Train193.csv,Normal,Normal,True
XGB_depth3,2,Train194.csv,Side I,Normal,False
XGB_depth3,2,Train200.csv,Normal,Normal,True
XGB_depth3,2,Train201.csv,Normal,Normal,True
XGB_depth3,2,Train205.csv,Normal,Normal,True
XGB_depth3,2,Train207.csv,Side II,Side II,True
XGB_depth3,2,Train209.csv,Normal,Normal,True
XGB_depth3,2,Train215.csv,Normal,Normal,True
XGB_depth3,2,Train217.csv,Side II,Side I,False
XGB_depth3,2,Train222.csv,Normal,Normal,True
XGB_depth3,2,Train223.csv,Normal,Normal,True
XGB_depth3,2,Train225.csv,Normal,Normal,True
XGB_depth3,2,Train233.csv,Normal,Normal,True
XGB_depth3,2,Train234.csv,Normal,Normal,True
XGB_depth3,2,Train235.csv,Normal,Normal,True
XGB_depth3,2,Train237.csv,Normal,Normal,True
XGB_depth3,2,Train248.csv,Side II,Side II,True
XGB_depth3,2,Train249.csv,Normal,Normal,True
XGB_depth3,2,Train256.csv,Normal,Normal,True
XGB_depth3,2,Train258.csv,Normal,Normal,True
XGB_depth3,2,Train266.csv,Normal,Normal,True
XGB_depth3,2,Train270.csv,Normal,Normal,True
XGB_depth3,3,Train2.csv,Side II,Side II,True
XGB_depth3,3,Train6.csv,Normal,Normal,True
XGB_depth3,3,Train7.csv,Normal,Normal,True
XGB_depth3,3,Train20.csv,Normal,Normal,True
XGB_depth3,3,Train25.csv,Normal,Normal,True
XGB_depth3,3,Train38.csv,Normal,Normal,True
XGB_depth3,3,Train39.csv,Normal,Normal,True
XGB_depth3,3,Train48.csv,Normal,Normal,True
XGB_depth3,3,Train54.csv,Normal,Normal,True
XGB_depth3,3,Train61.csv,Normal,Normal,True
XGB_depth3,3,Train63.csv,Normal,Normal,True
XGB_depth3,3,Train67.csv,Normal,Normal,True
XGB_depth3,3,Train70.csv,Normal,Normal,True
XGB_depth3,3,Train72.csv,Side II,Side II,True
XGB_depth3,3,Train75.csv,Normal,Normal,True
XGB_depth3,3,Train79.csv,Normal,Normal,True
XGB_depth3,3,Train80.csv,Normal,Normal,True
XGB_depth3,3,Train83.csv,Side I,Side I,True
XGB_depth3,3,Train85.csv,Normal,Normal,True
XGB_depth3,3,Train89.csv,Normal,Normal,True
XGB_depth3,3,Train91.csv,Normal,Normal,True
XGB_depth3,3,Train98.csv,Normal,Normal,True
XGB_depth3,3,Train99.csv,Normal,Normal,True
XGB_depth3,3,Train104.csv,Side II,Side II,True
XGB_depth3,3,Train110.csv,Normal,Normal,True
XGB_depth3,3,Train114.csv,Normal,Normal,True
XGB_depth3,3,Train124.csv,Normal,Normal,True
XGB_depth3,3,Train125.csv,Normal,Normal,True
XGB_depth3,3,Train126.csv,Normal,Normal,True
XGB_depth3,3,Train127.csv,Side II,Side II,True
XGB_depth3,3,Train133.csv,Normal,Normal,True
XGB_depth3,3,Train135.csv,Normal,Normal,True
XGB_depth3,3,Train139.csv,Normal,Normal,True
XGB_depth3,3,Train141.csv,Normal,Normal,True
XGB_depth3,3,Train151.csv,Normal,Normal,True
XGB_depth3,3,Train155.csv,Normal,Normal,True
XGB_depth3,3,Train163.csv,Side I,Side I,True
XGB_depth3,3,Train164.csv,Side II,Side II,True
XGB_depth3,3,Train166.csv,Normal,Normal,True
XGB_depth3,3,Train175.csv,Normal,Normal,True
XGB_depth3,3,Train183.csv,Normal,Normal,True
XGB_depth3,3,Train186.csv,Normal,Normal,True
XGB_depth3,3,Train197.csv,Normal,Normal,True
XGB_depth3,3,Train211.csv,Normal,Normal,True
XGB_depth3,3,Train219.csv,Normal,Normal,True
XGB_depth3,3,Train224.csv,Normal,Normal,True
XGB_depth3,3,Train243.csv,Normal,Normal,True
XGB_depth3,3,Train251.csv,Normal,Side II,False
XGB_depth3,3,Train253.csv,Normal,Normal,True
XGB_depth3,3,Train254.csv,Normal,Normal,True
XGB_depth3,3,Train255.csv,Normal,Normal,True
XGB_depth3,3,Train261.csv,Normal,Normal,True
XGB_depth3,3,Train268.csv,Normal,Normal,True
XGB_depth3,3,Train272.csv,Normal,Normal,True
XGB_depth3,4,Train4.csv,Normal,Normal,True
XGB_depth3,4,Train18.csv,Normal,Normal,True
XGB_depth3,4,Train27.csv,Normal,Normal,True
XGB_depth3,4,Train32.csv,Normal,Normal,True
XGB_depth3,4,Train35.csv,Normal,Normal,True
XGB_depth3,4,Train40.csv,Normal,Normal,True
XGB_depth3,4,Train41.csv,Normal,Normal,True
XGB_depth3,4,Train44.csv,Normal,Normal,True
XGB_depth3,4,Train45.csv,Normal,Normal,True
XGB_depth3,4,Train46.csv,Normal,Normal,True
XGB_depth3,4,Train55.csv,Normal,Normal,True
XGB_depth3,4,Train56.csv,Normal,Normal,True
XGB_depth3,4,Train57.csv,Normal,Normal,True
XGB_depth3,4,Train59.csv,Normal,Normal,True
XGB_depth3,4,Train64.csv,Normal,Normal,True
XGB_depth3,4,Train68.csv,Normal,Normal,True
XGB_depth3,4,Train69.csv,Normal,Normal,True
XGB_depth3,4,Train86.csv,Normal,Normal,True
XGB_depth3,4,Train87.csv,Normal,Normal,True
XGB_depth3,4,Train93.csv,Side II,Side II,True
XGB_depth3,4,Train103.csv,Side II,Side II,True
XGB_depth3,4,Train105.csv,Normal,Normal,True
XGB_depth3,4,Train107.csv,Normal,Normal,True
XGB_depth3,4,Train112.csv,Normal,Normal,True
XGB_depth3,4,Train116.csv,Normal,Normal,True
XGB_depth3,4,Train118.csv,Normal,Normal,True
XGB_depth3,4,Train128.csv,Normal,Normal,True
XGB_depth3,4,Train131.csv,Normal,Normal,True
XGB_depth3,4,Train132.csv,Normal,Normal,True
XGB_depth3,4,Train145.csv,Normal,Normal,True
XGB_depth3,4,Train148.csv,Normal,Normal,True
XGB_depth3,4,Train153.csv,Normal,Normal,True
XGB_depth3,4,Train157.csv,Normal,Normal,True
XGB_depth3,4,Train159.csv,Normal,Normal,True
XGB_depth3,4,Train162.csv,Normal,Normal,True
XGB_depth3,4,Train168.csv,Normal,Normal,True
XGB_depth3,4,Train170.csv,Side I,Normal,False
XGB_depth3,4,Train176.csv,Normal,Normal,True
XGB_depth3,4,Train178.csv,Normal,Normal,True
XGB_depth3,4,Train181.csv,Normal,Normal,True
XGB_depth3,4,Train188.csv,Side II,Side II,True
XGB_depth3,4,Train192.csv,Normal,Normal,True
XGB_depth3,4,Train202.csv,Side I,Normal,False
XGB_depth3,4,Train213.csv,Side I,Normal,False
XGB_depth3,4,Train214.csv,Normal,Normal,True
XGB_depth3,4,Train227.csv,Normal,Normal,True
XGB_depth3,4,Train232.csv,Normal,Normal,True
XGB_depth3,4,Train238.csv,Normal,Normal,True
XGB_depth3,4,Train241.csv,Normal,Normal,True
XGB_depth3,4,Train245.csv,Normal,Normal,True
XGB_depth3,4,Train250.csv,Normal,Normal,True
XGB_depth3,4,Train252.csv,Normal,Normal,True
XGB_depth3,4,Train267.csv,Side II,Side II,True
XGB_depth3,4,Train271.csv,Normal,Normal,True
XGB_depth3,5,Train3.csv,Normal,Normal,True
XGB_depth3,5,Train8.csv,Normal,Normal,True
XGB_depth3,5,Train10.csv,Normal,Normal,True
XGB_depth3,5,Train13.csv,Normal,Normal,True
XGB_depth3,5,Train15.csv,Normal,Normal,True
XGB_depth3,5,Train17.csv,Normal,Normal,True
XGB_depth3,5,Train21.csv,Normal,Normal,True
XGB_depth3,5,Train23.csv,Normal,Normal,True
XGB_depth3,5,Train28.csv,Normal,Normal,True
XGB_depth3,5,Train47.csv,Normal,Normal,True
XGB_depth3,5,Train50.csv,Normal,Normal,True
XGB_depth3,5,Train51.csv,Normal,Normal,True
XGB_depth3,5,Train58.csv,Normal,Normal,True
XGB_depth3,5,Train60.csv,Normal,Normal,True
XGB_depth3,5,Train62.csv,Side I,Normal,False
XGB_depth3,5,Train71.csv,Normal,Normal,True
XGB_depth3,5,Train74.csv,Normal,Normal,True
XGB_depth3,5,Train90.csv,Normal,Normal,True
XGB_depth3,5,Train101.csv,Normal,Normal,True
XGB_depth3,5,Train106.csv,Side I,Normal,False
XGB_depth3,5,Train111.csv,Side II,Side II,True
XGB_depth3,5,Train117.csv,Normal,Normal,True
XGB_depth3,5,Train137.csv,Side I,Side I,True
XGB_depth3,5,Train140.csv,Normal,Normal,True
XGB_depth3,5,Train144.csv,Normal,Normal,True
XGB_depth3,5,Train156.csv,Normal,Normal,True
XGB_depth3,5,Train169.csv,Normal,Normal,True
XGB_depth3,5,Train173.csv,Normal,Normal,True
XGB_depth3,5,Train179.csv,Side II,Side II,True
XGB_depth3,5,Train187.csv,Normal,Normal,True
XGB_depth3,5,Train189.csv,Normal,Normal,True
XGB_depth3,5,Train190.csv,Normal,Normal,True
XGB_depth3,5,Train199.csv,Side II,Side II,True
XGB_depth3,5,Train203.csv,Normal,Normal,True
XGB_depth3,5,Train204.csv,Normal,Normal,True
XGB_depth3,5,Train210.csv,Normal,Normal,True
XGB_depth3,5,Train218.csv,Normal,Normal,True
XGB_depth3,5,Train220.csv,Normal,Normal,True
XGB_depth3,5,Train221.csv,Normal,Normal,True
XGB_depth3,5,Train226.csv,Normal,Normal,True
XGB_depth3,5,Train228.csv,Normal,Normal,True
XGB_depth3,5,Train229.csv,Normal,Normal,True
XGB_depth3,5,Train230.csv,Normal,Normal,True
XGB_depth3,5,Train231.csv,Normal,Normal,True
XGB_depth3,5,Train239.csv,Normal,Normal,True
XGB_depth3,5,Train240.csv,Side II,Side II,True
XGB_depth3,5,Train242.csv,Normal,Normal,True
XGB_depth3,5,Train246.csv,Normal,Normal,True
XGB_depth3,5,Train257.csv,Normal,Normal,True
XGB_depth3,5,Train259.csv,Normal,Normal,True
XGB_depth3,5,Train260.csv,Normal,Normal,True
XGB_depth3,5,Train262.csv,Normal,Normal,True
XGB_depth3,5,Train264.csv,Normal,Normal,True
XGB_depth3,5,Train265.csv,Side II,Side I,False
XGB_depth3,6,Train5.csv,Normal,Normal,True
XGB_depth3,6,Train17.csv,Normal,Normal,True
XGB_depth3,6,Train24.csv,Normal,Normal,True
XGB_depth3,6,Train25.csv,Normal,Normal,True
XGB_depth3,6,Train28.csv,Normal,Normal,True
XGB_depth3,6,Train29.csv,Normal,Normal,True
XGB_depth3,6,Train30.csv,Side II,Normal,False
XGB_depth3,6,Train55.csv,Normal,Normal,True
XGB_depth3,6,Train56.csv,Normal,Normal,True
XGB_depth3,6,Train70.csv,Normal,Normal,True
XGB_depth3,6,Train75.csv,Normal,Normal,True
XGB_depth3,6,Train76.csv,Normal,Normal,True
XGB_depth3,6,Train78.csv,Normal,Normal,True
XGB_depth3,6,Train86.csv,Normal,Normal,True
XGB_depth3,6,Train91.csv,Normal,Normal,True
XGB_depth3,6,Train94.csv,Normal,Normal,True
XGB_depth3,6,Train97.csv,Normal,Normal,True
XGB_depth3,6,Train106.csv,Side I,Side I,True
XGB_depth3,6,Train109.csv,Normal,Normal,True
XGB_depth3,6,Train111.csv,Side II,Side II,True
XGB_depth3,6,Train131.csv,Normal,Normal,True
XGB_depth3,6,Train135.csv,Normal,Normal,True
XGB_depth3,6,Train136.csv,Normal,Normal,True
XGB_depth3,6,Train141.csv,Normal,Normal,True
XGB_depth3,6,Train142.csv,Normal,Normal,True
XGB_depth3,6,Train143.csv,Normal,Normal,True
XGB_depth3,6,Train145.csv,Normal,Normal,True
XGB_depth3,6,Train148.csv,Normal,Normal,True
XGB_depth3,6,Train152.csv,Normal,Normal,True
XGB_depth3,6,Train153.csv,Normal,Normal,True
XGB_depth3,6,Train154.csv,Normal,Normal,True
XGB_depth3,6,Train160.csv,Normal,Normal,True
XGB_depth3,6,Train169.csv,Normal,Normal,True
XGB_depth3,6,Train171.csv,Normal,Normal,True
XGB_depth3,6,Train181.csv,Normal,Normal,True
XGB_depth3,6,Train182.csv,Normal,Normal,True
XGB_depth3,6,Train185.csv,Side I,Normal,False
XGB_depth3,6,Train186.csv,Normal,Normal,True
XGB_depth3,6,Train189.csv,Normal,Normal,True
XGB_depth3,6,Train191.csv,Normal,Normal,True
XGB_depth3,6,Train193.csv,Normal,Normal,True
XGB_depth3,6,Train194.csv,Side I,Normal,False
XGB_depth3,6,Train195.csv,Normal,Normal,True
XGB_depth3,6,Train203.csv,Normal,Normal,True
XGB_depth3,6,Train205.csv,Normal,Normal,True
XGB_depth3,6,Train209.csv,Normal,Normal,True
XGB_depth3,6,Train210.csv,Normal,Normal,True
XGB_depth3,6,Train214.csv,Normal,Normal,True
XGB_depth3,6,Train216.csv,Side II,Normal,False
XGB_depth3,6,Train217.csv,Side II,Side I,False
XGB_depth3,6,Train218.csv,Normal,Normal,True
XGB_depth3,6,Train230.csv,Normal,Normal,True
XGB_depth3,6,Train232.csv,Normal,Normal,True
XGB_depth3,6,Train248.csv,Side II,Side II,True
XGB_depth3,6,Train272.csv,Normal,Normal,True
XGB_depth3,7,Train3.csv,Normal,Normal,True
XGB_depth3,7,Train6.csv,Normal,Normal,True
XGB_depth3,7,Train14.csv,Normal,Normal,True
XGB_depth3,7,Train15.csv,Normal,Normal,True
XGB_depth3,7,Train16.csv,Normal,Normal,True
XGB_depth3,7,Train18.csv,Normal,Normal,True
XGB_depth3,7,Train20.csv,Normal,Normal,True
XGB_depth3,7,Train21.csv,Normal,Normal,True
XGB_depth3,7,Train26.csv,Side II,Side II,True
XGB_depth3,7,Train32.csv,Normal,Normal,True
XGB_depth3,7,Train34.csv,Normal,Normal,True
XGB_depth3,7,Train39.csv,Normal,Normal,True
XGB_depth3,7,Train41.csv,Normal,Normal,True
XGB_depth3,7,Train43.csv,Side II,Side II,True
XGB_depth3,7,Train44.csv,Normal,Normal,True
XGB_depth3,7,Train45.csv,Normal,Normal,True
XGB_depth3,7,Train60.csv,Normal,Normal,True
XGB_depth3,7,Train62.csv,Side I,Normal,False
XGB_depth3,7,Train63.csv,Normal,Normal,True
XGB_depth3,7,Train72.csv,Side II,Side II,True
XGB_depth3,7,Train74.csv,Normal,Normal,True
XGB_depth3,7,Train80.csv,Normal,Normal,True
XGB_depth3,7,Train82.csv,Normal,Normal,True
XGB_depth3,7,Train92.csv,Normal,Normal,True
XGB_depth3,7,Train98.csv,Normal,Normal,True
XGB_depth3,7,Train99.csv,Normal,Normal,True
XGB_depth3,7,Train108.csv,Normal,Normal,True
XGB_depth3,7,Train110.csv,Normal,Normal,True
XGB_depth3,7,Train117.csv,Normal,Normal,True
XGB_depth3,7,Train124.csv,Normal,Normal,True
XGB_depth3,7,Train128.csv,Normal,Normal,True
XGB_depth3,7,Train130.csv,Normal,Side I,False
XGB_depth3,7,Train132.csv,Normal,Normal,True
XGB_depth3,7,Train134.csv,Normal,Normal,True
XGB_depth3,7,Train137.csv,Side I,Side I,True
XGB_depth3,7,Train140.csv,Normal,Normal,True
XGB_depth3,7,Train144.csv,Normal,Normal,True
XGB_depth3,7,Train147.csv,Normal,Normal,True
XGB_depth3,7,Train149.csv,Normal,Normal,True
XGB_depth3,7,Train159.csv,Normal,Normal,True
XGB_depth3,7,Train163.csv,Side I,Side I,True
XGB_depth3,7,Train167.csv,Normal,Normal,True
XGB_depth3,7,Train173.csv,Normal,Normal,True
XGB_depth3,7,Train192.csv,Normal,Normal,True
XGB_depth3,7,Train198.csv,Side II,Side II,True
XGB_depth3,7,Train199.csv,Side II,Side II,True
XGB_depth3,7,Train200.csv,Normal,Normal,True
XGB_depth3,7,Train211.csv,Normal,Normal,True
XGB_depth3,7,Train233.csv,Normal,Normal,True
XGB_depth3,7,Train241.csv,Normal,Normal,True
XGB_depth3,7,Train245.csv,Normal,Normal,True
XGB_depth3,7,Train250.csv,Normal,Normal,True
XGB_depth3,7,Train256.csv,Normal,Normal,True
XGB_depth3,7,Train261.csv,Normal,Normal,True
XGB_depth3,7,Train268.csv,Normal,Normal,True
XGB_depth3,8,Train1.csv,Normal,Normal,True
XGB_depth3,8,Train8.csv,Normal,Normal,True
XGB_depth3,8,Train23.csv,Normal,Normal,True
XGB_depth3,8,Train36.csv,Normal,Normal,True
XGB_depth3,8,Train47.csv,Normal,Normal,True
XGB_depth3,8,Train49.csv,Normal,Normal,True
XGB_depth3,8,Train52.csv,Normal,Normal,True
XGB_depth3,8,Train57.csv,Normal,Normal,True
XGB_depth3,8,Train59.csv,Normal,Normal,True
XGB_depth3,8,Train66.csv,Normal,Normal,True
XGB_depth3,8,Train79.csv,Normal,Normal,True
XGB_depth3,8,Train81.csv,Normal,Normal,True
XGB_depth3,8,Train83.csv,Side I,Side I,True
XGB_depth3,8,Train84.csv,Normal,Normal,True
XGB_depth3,8,Train85.csv,Normal,Normal,True
XGB_depth3,8,Train88.csv,Normal,Normal,True
XGB_depth3,8,Train90.csv,Normal,Normal,True
XGB_depth3,8,Train101.csv,Normal,Normal,True
XGB_depth3,8,Train102.csv,Normal,Normal,True
XGB_depth3,8,Train103.csv,Side II,Normal,False
XGB_depth3,8,Train113.csv,Normal,Normal,True
XGB_depth3,8,Train114.csv,Normal,Normal,True
XGB_depth3,8,Train118.csv,Normal,Normal,True
XGB_depth3,8,Train123.csv,Normal,Side I,False
XGB_depth3,8,Train126.csv,Normal,Normal,True
XGB_depth3,8,Train127.csv,Side II,Side II,True
XGB_depth3,8,Train129.csv,Normal,Normal,True
XGB_depth3,8,Train146.csv,Normal,Normal,True
XGB_depth3,8,Train157.csv,Normal,Normal,True
XGB_depth3,8,Train158.csv,Normal,Normal,True
XGB_depth3,8,Train161.csv,Normal,Normal,True
XGB_depth3,8,Train164.csv,Side II,Side II,True
XGB_depth3,8,Train170.csv,Side I,Normal,False
XGB_depth3,8,Train176.csv,Normal,Normal,True
XGB_depth3,8,Train183.csv,Normal,Normal,True
XGB_depth3,8,Train187.csv,Normal,Normal,True
XGB_depth3,8,Train201.csv,Normal,Normal,True
XGB_depth3,8,Train204.csv,Normal,Normal,True
XGB_depth3,8,Train212.csv,Normal,Normal,True
XGB_depth3,8,Train219.csv,Normal,Normal,True
XGB_depth3,8,Train220.csv,Normal,Normal,True
XGB_depth3,8,Train225.csv,Normal,Normal,True
XGB_depth3,8,Train226.csv,Normal,Normal,True
XGB_depth3,8,Train240.csv,Side II,Side II,True
XGB_depth3,8,Train242.csv,Normal,Normal,True
XGB_depth3,8,Train243.csv,Normal,Normal,True
XGB_depth3,8,Train249.csv,Normal,Normal,True
XGB_depth3,8,Train251.csv,Normal,Side II,False
XGB_depth3,8,Train255.csv,Normal,Normal,True
XGB_depth3,8,Train257.csv,Normal,Normal,True
XGB_depth3,8,Train260.csv,Normal,Normal,True
XGB_depth3,8,Train264.csv,Normal,Normal,True
XGB_depth3,8,Train265.csv,Side II,Side I,False
XGB_depth3,8,Train270.csv,Normal,Normal,True
XGB_depth3,9,Train2.csv,Side II,Side II,True
XGB_depth3,9,Train4.csv,Normal,Normal,True
XGB_depth3,9,Train7.csv,Normal,Normal,True
XGB_depth3,9,Train9.csv,Normal,Normal,True
XGB_depth3,9,Train10.csv,Normal,Normal,True
XGB_depth3,9,Train11.csv,Normal,Normal,True
XGB_depth3,9,Train13.csv,Normal,Normal,True
XGB_depth3,9,Train19.csv,Normal,Normal,True
XGB_depth3,9,Train22.csv,Normal,Normal,True
XGB_depth3,9,Train33.csv,Normal,Normal,True
XGB_depth3,9,Train35.csv,Normal,Normal,True
XGB_depth3,9,Train37.csv,Normal,Normal,True
XGB_depth3,9,Train38.csv,Normal,Normal,True
XGB_depth3,9,Train40.csv,Normal,Normal,True
XGB_depth3,9,Train42.csv,Normal,Normal,True
XGB_depth3,9,Train46.csv,Normal,Normal,True
XGB_depth3,9,Train51.csv,Normal,Normal,True
XGB_depth3,9,Train53.csv,Side II,Side II,True
XGB_depth3,9,Train58.csv,Normal,Normal,True
XGB_depth3,9,Train61.csv,Normal,Normal,True
XGB_depth3,9,Train64.csv,Normal,Normal,True
XGB_depth3,9,Train67.csv,Normal,Normal,True
XGB_depth3,9,Train87.csv,Normal,Normal,True
XGB_depth3,9,Train89.csv,Normal,Normal,True
XGB_depth3,9,Train93.csv,Side II,Side II,True
XGB_depth3,9,Train100.csv,Side I,Side II,False
XGB_depth3,9,Train116.csv,Normal,Normal,True
XGB_depth3,9,Train122.csv,Normal,Normal,True
XGB_depth3,9,Train133.csv,Normal,Normal,True
XGB_depth3,9,Train139.csv,Normal,Normal,True
XGB_depth3,9,Train155.csv,Normal,Normal,True
XGB_depth3,9,Train156.csv,Normal,Normal,True
XGB_depth3,9,Train162.csv,Normal,Normal,True
XGB_depth3,9,Train166.csv,Normal,Normal,True
XGB_depth3,9,Train175.csv,Normal,Normal,True
XGB_depth3,9,Train180.csv,Side I,Normal,False
XGB_depth3,9,Train190.csv,Normal,Normal,True
XGB_depth3,9,Train208.csv,Normal,Normal,True
XGB_depth3,9,Train213.csv,Side I,Side I,True
XGB_depth3,9,Train215.csv,Normal,Normal,True
XGB_depth3,9,Train221.csv,Normal,Normal,True
XGB_depth3,9,Train224.csv,Normal,Normal,True
XGB_depth3,9,Train231.csv,Normal,Normal,True
XGB_depth3,9,Train235.csv,Normal,Normal,True
XGB_depth3,9,Train237.csv,Normal,Normal,True
XGB_depth3,9,Train244.csv,Normal,Normal,True
XGB_depth3,9,Train246.csv,Normal,Normal,True
XGB_depth3,9,Train252.csv,Normal,Normal,True
XGB_depth3,9,Train253.csv,Normal,Normal,True
XGB_depth3,9,Train259.csv,Normal,Normal,True
XGB_depth3,9,Train262.csv,Normal,Normal,True
XGB_depth3,9,Train263.csv,Normal,Normal,True
XGB_depth3,9,Train267.csv,Side II,Side II,True
XGB_depth3,9,Train269.csv,Normal,Normal,True
XGB_depth3,10,Train12.csv,Side II,Side II,True
XGB_depth3,10,Train27.csv,Normal,Normal,True
XGB_depth3,10,Train31.csv,Normal,Normal,True
XGB_depth3,10,Train48.csv,Normal,Normal,True
XGB_depth3,10,Train50.csv,Normal,Normal,True
XGB_depth3,10,Train54.csv,Normal,Normal,True
XGB_depth3,10,Train65.csv,Normal,Normal,True
XGB_depth3,10,Train68.csv,Normal,Normal,True
XGB_depth3,10,Train69.csv,Normal,Normal,True
XGB_depth3,10,Train71.csv,Normal,Normal,True
XGB_depth3,10,Train73.csv,Normal,Normal,True
XGB_depth3,10,Train77.csv,Normal,Normal,True
XGB_depth3,10,Train95.csv,Normal,Normal,True
XGB_depth3,10,Train96.csv,Normal,Normal,True
XGB_depth3,10,Train104.csv,Side II,Side II,True
XGB_depth3,10,Train105.csv,Normal,Normal,True
XGB_depth3,10,Train107.csv,Normal,Normal,True
XGB_depth3,10,Train112.csv,Normal,Normal,True
XGB_depth3,10,Train115.csv,Normal,Normal,True
XGB_depth3,10,Train119.csv,Normal,Normal,True
XGB_depth3,10,Train120.csv,Normal,Normal,True
XGB_depth3,10,Train121.csv,Side I,Normal,False
XGB_depth3,10,Train125.csv,Normal,Normal,True
XGB_depth3,10,Train138.csv,Normal,Normal,True
XGB_depth3,10,Train150.csv,Side I,Side I,True
XGB_depth3,10,Train151.csv,Normal,Normal,True
XGB_depth3,10,Train165.csv,Normal,Normal,True
XGB_depth3,10,Train168.csv,Normal,Normal,True
XGB_depth3,10,Train172.csv,Normal,Normal,True
XGB_depth3,10,Train174.csv,Normal,Normal,True
XGB_depth3,10,Train177.csv,Normal,Side I,False
XGB_depth3,10,Train178.csv,Normal,Normal,True
XGB_depth3,10,Train179.csv,Side II,Side II,True
XGB_depth3,10,Train184.csv,Normal,Normal,True
XGB_depth3,10,Train188.csv,Side II,Side II,True
XGB_depth3,10,Train196.csv,Normal,Normal,True
XGB_depth3,10,Train197.csv,Normal,Side II,False
XGB_depth3,10,Train202.csv,Side I,Normal,False
XGB_depth3,10,Train206.csv,Normal,Normal,True
XGB_depth3,10,Train207.csv,Side II,Side II,True
XGB_depth3,10,Train222.csv,Normal,Normal,True
XGB_depth3,10,Train223.csv,Normal,Normal,True
XGB_depth3,10,Train227.csv,Normal,Normal,True
XGB_depth3,10,Train228.csv,Normal,Normal,True
XGB_depth3,10,Train229.csv,Normal,Normal,True
XGB_depth3,10,Train234.csv,Normal,Normal,True
XGB_depth3,10,Train236.csv,Normal,Normal,True
XGB_depth3,10,Train238.csv,Normal,Normal,True
XGB_depth3,10,Train239.csv,Normal,Normal,True
XGB_depth3,10,Train247.csv,Normal,Normal,True
XGB_depth3,10,Train254.csv,Normal,Normal,True
XGB_depth3,10,Train258.csv,Normal,Normal,True
XGB_depth3,10,Train266.csv,Normal,Normal,True
XGB_depth3,10,Train271.csv,Normal,Normal,True
XGB_depth3,11,Train14.csv,Normal,Normal,True
XGB_depth3,11,Train15.csv,Normal,Normal,True
XGB_depth3,11,Train25.csv,Normal,Normal,True
XGB_depth3,11,Train42.csv,Normal,Normal,True
XGB_depth3,11,Train47.csv,Normal,Normal,True
XGB_depth3,11,Train49.csv,Normal,Normal,True
XGB_depth3,11,Train51.csv,Normal,Normal,True
XGB_depth3,11,Train61.csv,Normal,Normal,True
XGB_depth3,11,Train63.csv,Normal,Normal,True
XGB_depth3,11,Train71.csv,Normal,Normal,True
XGB_depth3,11,Train72.csv,Side II,Side II,True
XGB_depth3,11,Train73.csv,Normal,Normal,True
XGB_depth3,11,Train81.csv,Normal,Normal,True
XGB_depth3,11,Train89.csv,Normal,Normal,True
XGB_depth3,11,Train91.csv,Normal,Normal,True
XGB_depth3,11,Train102.csv,Normal,Normal,True
XGB_depth3,11,Train105.csv,Normal,Normal,True
XGB_depth3,11,Train109.csv,Normal,Normal,True
XGB_depth3,11,Train110.csv,Normal,Normal,True
XGB_depth3,11,Train111.csv,Side II,Side II,True
XGB_depth3,11,Train112.csv,Normal,Normal,True
XGB_depth3,11,Train115.csv,Normal,Normal,True
XGB_depth3,11,Train117.csv,Normal,Normal,True
XGB_depth3,11,Train128.csv,Normal,Normal,True
XGB_depth3,11,Train131.csv,Normal,Normal,True
XGB_depth3,11,Train133.csv,Normal,Normal,True
XGB_depth3,11,Train135.csv,Normal,Normal,True
XGB_depth3,11,Train138.csv,Normal,Normal,True
XGB_depth3,11,Train139.csv,Normal,Normal,True
XGB_depth3,11,Train148.csv,Normal,Normal,True
XGB_depth3,11,Train163.csv,Side I,Side I,True
XGB_depth3,11,Train167.csv,Normal,Normal,True
XGB_depth3,11,Train176.csv,Normal,Normal,True
XGB_depth3,11,Train177.csv,Normal,Side I,False
XGB_depth3,11,Train181.csv,Normal,Normal,True
XGB_depth3,11,Train184.csv,Normal,Normal,True
XGB_depth3,11,Train194.csv,Side I,Side II,False
XGB_depth3,11,Train201.csv,Normal,Normal,True
XGB_depth3,11,Train202.csv,Side I,Normal,False
XGB_depth3,11,Train204.csv,Normal,Normal,True
XGB_depth3,11,Train207.csv,Side II,Side II,True
XGB_depth3,11,Train212.csv,Normal,Normal,True
XGB_depth3,11,Train217.csv,Side II,Side I,False
XGB_depth3,11,Train225.csv,Normal,Normal,True
XGB_depth3,11,Train226.csv,Normal,Normal,True
XGB_depth3,11,Train233.csv,Normal,Normal,True
XGB_depth3,11,Train242.csv,Normal,Normal,True
XGB_depth3,11,Train243.csv,Normal,Normal,True
XGB_depth3,11,Train246.csv,Normal,Normal,True
XGB_depth3,11,Train247.csv,Normal,Normal,True
XGB_depth3,11,Train251.csv,Normal,Side II,False
XGB_depth3,11,Train252.csv,Normal,Normal,True
XGB_depth3,11,Train258.csv,Normal,Normal,True
XGB_depth3,11,Train265.csv,Side II,Side I,False
XGB_depth3,11,Train269.csv,Normal,Normal,True
XGB_depth3,12,Train1.csv,Normal,Normal,True
XGB_depth3,12,Train4.csv,Normal,Normal,True
XGB_depth3,12,Train10.csv,Normal,Normal,True
XGB_depth3,12,Train12.csv,Side II,Side II,True
XGB_depth3,12,Train17.csv,Normal,Normal,True
XGB_depth3,12,Train18.csv,Normal,Normal,True
XGB_depth3,12,Train21.csv,Normal,Normal,True
XGB_depth3,12,Train24.csv,Normal,Normal,True
XGB_depth3,12,Train26.csv,Side II,Side II,True
XGB_depth3,12,Train27.csv,Normal,Normal,True
XGB_depth3,12,Train28.csv,Normal,Normal,True
XGB_depth3,12,Train43.csv,Side II,Side II,True
XGB_depth3,12,Train45.csv,Normal,Normal,True
XGB_depth3,12,Train48.csv,Normal,Normal,True
XGB_depth3,12,Train55.csv,Normal,Normal,True
XGB_depth3,12,Train56.csv,Normal,Normal,True
XGB_depth3,12,Train57.csv,Normal,Normal,True
XGB_depth3,12,Train59.csv,Normal,Normal,True
XGB_depth3,12,Train62.csv,Side I,Side I,True
XGB_depth3,12,Train67.csv,Normal,Normal,True
XGB_depth3,12,Train80.csv,Normal,Normal,True
XGB_depth3,12,Train82.csv,Normal,Normal,True
XGB_depth3,12,Train84.csv,Normal,Normal,True
XGB_depth3,12,Train85.csv,Normal,Normal,True
XGB_depth3,12,Train93.csv,Side II,Side II,True
XGB_depth3,12,Train94.csv,Normal,Normal,True
XGB_depth3,12,Train101.csv,Normal,Normal,True
XGB_depth3,12,Train107.csv,Normal,Normal,True
XGB_depth3,12,Train113.csv,Normal,Normal,True
XGB_depth3,12,Train124.csv,Normal,Normal,True
XGB_depth3,12,Train125.csv,Normal,Normal,True
XGB_depth3,12,Train140.csv,Normal,Normal,True
XGB_depth3,12,Train144.csv,Normal,Normal,True
XGB_depth3,12,Train147.csv,Normal,Normal,True
XGB_depth3,12,Train152.csv,Normal,Normal,True
XGB_depth3,12,Train153.csv,Normal,Normal,True
XGB_depth3,12,Train158.csv,Normal,Normal,True
XGB_depth3,12,Train159.csv,Normal,Normal,True
XGB_depth3,12,Train162.csv,Normal,Normal,True
XGB_depth3,12,Train168.csv,Normal,Normal,True
XGB_depth3,12,Train170.csv,Side I,Normal,False
XGB_depth3,12,Train172.csv,Normal,Normal,True
XGB_depth3,12,Train179.csv,Side II,Side II,True
XGB_depth3,12,Train185.csv,Side I,Normal,False
XGB_depth3,12,Train187.csv,Normal,Normal,True
XGB_depth3,12,Train192.csv,Normal,Normal,True
XGB_depth3,12,Train205.csv,Normal,Normal,True
XGB_depth3,12,Train209.csv,Normal,Normal,True
XGB_depth3,12,Train218.csv,Normal,Normal,True
XGB_depth3,12,Train222.csv,Normal,Normal,True
XGB_depth3,12,Train223.csv,Normal,Normal,True
XGB_depth3,12,Train227.csv,Normal,Normal,True
XGB_depth3,12,Train236.csv,Normal,Normal,True
XGB_depth3,12,Train238.csv,Normal,Normal,True
XGB_depth3,12,Train239.csv,Normal,Normal,True
XGB_depth3,13,Train5.csv,Normal,Normal,True
XGB_depth3,13,Train7.csv,Normal,Normal,True
XGB_depth3,13,Train9.csv,Normal,Normal,True
XGB_depth3,13,Train20.csv,Normal,Normal,True
XGB_depth3,13,Train22.csv,Normal,Normal,True
XGB_depth3,13,Train32.csv,Normal,Normal,True
XGB_depth3,13,Train34.csv,Normal,Normal,True
XGB_depth3,13,Train40.csv,Normal,Normal,True
XGB_depth3,13,Train50.csv,Normal,Normal,True
XGB_depth3,13,Train52.csv,Normal,Normal,True
XGB_depth3,13,Train53.csv,Side II,Side II,True
XGB_depth3,13,Train58.csv,Normal,Normal,True
XGB_depth3,13,Train65.csv,Normal,Normal,True
XGB_depth3,13,Train69.csv,Normal,Normal,True
XGB_depth3,13,Train78.csv,Normal,Normal,True
XGB_depth3,13,Train86.csv,Normal,Normal,True
XGB_depth3,13,Train88.csv,Normal,Normal,True
XGB_depth3,13,Train98.csv,Normal,Normal,True
XGB_depth3,13,Train99.csv,Normal,Normal,True
XGB_depth3,13,Train100.csv,Side I,Side II,False
XGB_depth3,13,Train103.csv,Side II,Side II,True
XGB_depth3,13,Train108.csv,Normal,Normal,True
XGB_depth3,13,Train127.csv,Side II,Side II,True
XGB_depth3,13,Train130.csv,Normal,Normal,True
XGB_depth3,13,Train134.csv,Normal,Normal,True
XGB_depth3,13,Train143.csv,Normal,Normal,True
XGB_depth3,13,Train145.csv,Normal,Normal,True
XGB_depth3,13,Train150.csv,Side I,Normal,False
XGB_depth3,13,Train151.csv,Normal,Normal,True
XGB_depth3,13,Train155.csv,Normal,Normal,True
XGB_depth3,13,Train160.csv,Normal,Normal,True
XGB_depth3,13,Train166.csv,Normal,Normal,True
XGB_depth3,13,Train174.csv,Normal,Normal,True
XGB_depth3,13,Train182.csv,Normal,Normal,True
XGB_depth3,13,Train188.csv,Side II,Side II,True
XGB_depth3,13,Train195.csv,Normal,Normal,True
XGB_depth3,13,Train196.csv,Normal,Normal,True
XGB_depth3,13,Train203.csv,Normal,Normal,True
XGB_depth3,13,Train210.csv,Normal,Normal,True
XGB_depth3,13,Train219.csv,Normal,Normal,True
XGB_depth3,13,Train221.csv,Normal,Normal,True
XGB_depth3,13,Train224.csv,Normal,Normal,True
XGB_depth3,13,Train230.csv,Normal,Normal,True
XGB_depth3,13,Train231.csv,Normal,Normal,True
XGB_depth3,13,Train235.csv,Normal,Normal,True
XGB_depth3,13,Train237.csv,Normal,Normal,True
XGB_depth3,13,Train240.csv,Side II,Side II,True
XGB_depth3,13,Train244.csv,Normal,Normal,True
XGB_depth3,13,Train250.csv,Normal,Normal,True
XGB_depth3,13,Train256.csv,Normal,Normal,True
XGB_depth3,13,Train259.csv,Normal,Normal,True
XGB_depth3,13,Train264.csv,Normal,Normal,True
XGB_depth3,13,Train266.csv,Normal,Normal,True
XGB_depth3,13,Train272.csv,Normal,Normal,True
XGB_depth3,14,Train3.csv,Normal,Normal,True
XGB_depth3,14,Train6.csv,Normal,Normal,True
XGB_depth3,14,Train8.csv,Normal,Normal,True
XGB_depth3,14,Train11.csv,Normal,Normal,True
XGB_depth3,14,Train16.csv,Normal,Normal,True
XGB_depth3,14,Train19.csv,Normal,Normal,True
XGB_depth3,14,Train23.csv,Normal,Normal,True
XGB_depth3,14,Train30.csv,Side II,Side II,True
XGB_depth3,14,Train35.csv,Normal,Normal,True
XGB_depth3,14,Train36.csv,Normal,Normal,True
XGB_depth3,14,Train37.csv,Normal,Normal,True
XGB_depth3,14,Train44.csv,Normal,Normal,True
XGB_depth3,14,Train54.csv,Normal,Normal,True
XGB_depth3,14,Train64.csv,Normal,Normal,True
XGB_depth3,14,Train66.csv,Normal,Normal,True
XGB_depth3,14,Train75.csv,Normal,Normal,True
XGB_depth3,14,Train76.csv,Normal,Normal,True
XGB_depth3,14,Train79.csv,Normal,Normal,True
XGB_depth3,14,Train83.csv,Side I,Side I,True
XGB_depth3,14,Train95.csv,Normal,Normal,True
XGB_depth3,14,Train96.csv,Normal,Normal,True
XGB_depth3,14,Train116.csv,Normal,Normal,True
XGB_depth3,14,Train120.csv,Normal,Normal,True
XGB_depth3,14,Train123.csv,Normal,Normal,True
XGB_depth3,14,Train129.csv,Normal,Normal,True
XGB_depth3,14,Train132.csv,Normal,Normal,True
XGB_depth3,14,Train136.csv,Normal,Normal,True
XGB_depth3,14,Train141.csv,Normal,Normal,True
XGB_depth3,14,Train156.csv,Normal,Normal,True
XGB_depth3,14,Train157.csv,Normal,Normal,True
XGB_depth3,14,Train169.csv,Normal,Normal,True
XGB_depth3,14,Train173.csv,Normal,Normal,True
XGB_depth3,14,Train175.csv,Normal,Normal,True
XGB_depth3,14,Train178.csv,Normal,Normal,True
XGB_depth3,14,Train180.csv,Side I,Normal,False
XGB_depth3,14,Train186.csv,Normal,Normal,True
XGB_depth3,14,Train191.csv,Normal,Normal,True
XGB_depth3,14,Train193.csv,Normal,Normal,True
XGB_depth3,14,Train197.csv,Normal,Normal,True
XGB_depth3,14,Train198.csv,Side II,Side II,True
XGB_depth3,14,Train199.csv,Side II,Side II,True
XGB_depth3,14,Train200.csv,Normal,Normal,True
XGB_depth3,14,Train206.csv,Normal,Normal,True
XGB_depth3,14,Train211.csv,Normal,Normal,True
XGB_depth3,14,Train213.csv,Side I,Side I,True
XGB_depth3,14,Train220.csv,Normal,Normal,True
XGB_depth3,14,Train228.csv,Normal,Normal,True
XGB_depth3,14,Train234.csv,Normal,Normal,True
XGB_depth3,14,Train248.csv,Side II,Side II,True
XGB_depth3,14,Train249.csv,Normal,Normal,True
XGB_depth3,14,Train254.csv,Normal,Normal,True
XGB_depth3,14,Train260.csv,Normal,Normal,True
XGB_depth3,14,Train262.csv,Normal,Normal,True
XGB_depth3,14,Train271.csv,Normal,Normal,True
XGB_depth3,15,Train2.csv,Side II,Normal,False
XGB_depth3,15,Train13.csv,Normal,Normal,True
XGB_depth3,15,Train29.csv,Normal,Normal,True
XGB_depth3,15,Train31.csv,Normal,Normal,True
XGB_depth3,15,Train33.csv,Normal,Normal,True
XGB_depth3,15,Train38.csv,Normal,Normal,True
XGB_depth3,15,Train39.csv,Normal,Normal,True
XGB_depth3,15,Train41.csv,Normal,Normal,True
XGB_depth3,15,Train46.csv,Normal,Normal,True
XGB_depth3,15,Train60.csv,Normal,Normal,True
XGB_depth3,15,Train68.csv,Normal,Normal,True
XGB_depth3,15,Train70.csv,Normal,Normal,True
XGB_depth3,15,Train74.csv,Normal,Normal,True
XGB_depth3,15,Train77.csv,Normal,Normal,True
XGB_depth3,15,Train87.csv,Normal,Normal,True
XGB_depth3,15,Train90.csv,Normal,Normal,True
XGB_depth3,15,Train92.csv,Normal,Normal,True
XGB_depth3,15,Train97.csv,Normal,Normal,True
XGB_depth3,15,Train104.csv,Side II,Side II,True
XGB_depth3,15,Train106.csv,Side I,Normal,False
XGB_depth3,15,Train114.csv,Normal,Normal,True
XGB_depth3,15,Train118.csv,Normal,Normal,True
XGB_depth3,15,Train119.csv,Normal,Normal,True
XGB_depth3,15,Train121.csv,Side I,Normal,False
XGB_depth3,15,Train122.csv,Normal,Normal,True
XGB_depth3,15,Train126.csv,Normal,Normal,True
XGB_depth3,15,Train137.csv,Side I,Side I,True
XGB_depth3,15,Train142.csv,Normal,Normal,True
XGB_depth3,15,Train146.csv,Normal,Normal,True
XGB_depth3,15,Train149.csv,Normal,Normal,True
XGB_depth3,15,Train154.csv,Normal,Normal,True
XGB_depth3,15,Train161.csv,Normal,Normal,True
XGB_depth3,15,Train164.csv,Side II,Side II,True
XGB_depth3,15,Train165.csv,Normal,Normal,True
XGB_depth3,15,Train171.csv,Normal,Normal,True
XGB_depth3,15,Train183.csv,Normal,Normal,True
XGB_depth3,15,Train189.csv,Normal,Normal,True
XGB_depth3,15,Train190.csv,Normal,Normal,True
XGB_depth3,15,Train208.csv,Normal,Normal,True
XGB_depth3,15,Train214.csv,Normal,Normal,True
XGB_depth3,15,Train215.csv,Normal,Normal,True
XGB_depth3,15,Train216.csv,Side II,Normal,False
XGB_depth3,15,Train229.csv,Normal,Normal,True
XGB_depth3,15,Train232.csv,Normal,Normal,True
XGB_depth3,15,Train241.csv,Normal,Normal,True
XGB_depth3,15,Train245.csv,Normal,Normal,True
XGB_depth3,15,Train253.csv,Normal,Normal,True
XGB_depth3,15,Train255.csv,Normal,Normal,True
XGB_depth3,15,Train257.csv,Normal,Normal,True
XGB_depth3,15,Train261.csv,Normal,Normal,True
XGB_depth3,15,Train263.csv,Normal,Normal,True
XGB_depth3,15,Train267.csv,Side II,Side II,True
XGB_depth3,15,Train268.csv,Normal,Normal,True
XGB_depth3,15,Train270.csv,Normal,Normal,True
XGB_depth3,16,Train6.csv,Normal,Normal,True
XGB_depth3,16,Train16.csv,Normal,Normal,True
XGB_depth3,16,Train17.csv,Normal,Normal,True
XGB_depth3,16,Train19.csv,Normal,Normal,True
XGB_depth3,16,Train21.csv,Normal,Normal,True
XGB_depth3,16,Train30.csv,Side II,Side II,True
XGB_depth3,16,Train43.csv,Side II,Side I,False
XGB_depth3,16,Train44.csv,Normal,Normal,True
XGB_depth3,16,Train46.csv,Normal,Normal,True
XGB_depth3,16,Train56.csv,Normal,Normal,True
XGB_depth3,16,Train57.csv,Normal,Normal,True
XGB_depth3,16,Train68.csv,Normal,Normal,True
XGB_depth3,16,Train69.csv,Normal,Normal,True
XGB_depth3,16,Train83.csv,Side I,Side I,True
XGB_depth3,16,Train94.csv,Normal,Normal,True
XGB_depth3,16,Train96.csv,Normal,Normal,True
XGB_depth3,16,Train98.csv,Normal,Normal,True
XGB_depth3,16,Train105.csv,Normal,Normal,True
XGB_depth3,16,Train111.csv,Side II,Side II,True
XGB_depth3,16,Train113.csv,Normal,Normal,True
XGB_depth3,16,Train121.csv,Side I,Normal,False
XGB_depth3,16,Train125.csv,Normal,Normal,True
XGB_depth3,16,Train126.csv,Normal,Normal,True
XGB_depth3,16,Train130.csv,Normal,Normal,True
XGB_depth3,16,Train143.csv,Normal,Normal,True
XGB_depth3,16,Train147.csv,Normal,Normal,True
XGB_depth3,16,Train149.csv,Normal,Normal,True
XGB_depth3,16,Train154.csv,Normal,Normal,True
XGB_depth3,16,Train157.csv,Normal,Normal,True
XGB_depth3,16,Train159.csv,Normal,Normal,True
XGB_depth3,16,Train160.csv,Normal,Normal,True
XGB_depth3,16,Train164.csv,Side II,Side II,True
XGB_depth3,16,Train165.csv,Normal,Normal,True
XGB_depth3,16,Train166.csv,Normal,Normal,True
XGB_depth3,16,Train174.csv,Normal,Normal,True
XGB_depth3,16,Train175.csv,Normal,Normal,True
XGB_depth3,16,Train186.csv,Normal,Normal,True
XGB_depth3,16,Train200.csv,Normal,Normal,True
XGB_depth3,16,Train201.csv,Normal,Normal,True
XGB_depth3,16,Train202.csv,Side I,Normal,False
XGB_depth3,16,Train205.csv,Normal,Normal,True
XGB_depth3,16,Train209.csv,Normal,Normal,True
XGB_depth3,16,Train211.csv,Normal,Normal,True
XGB_depth3,16,Train214.csv,Normal,Normal,True
XGB_depth3,16,Train219.csv,Normal,Normal,True
XGB_depth3,16,Train223.csv,Normal,Normal,True
XGB_depth3,16,Train224.csv,Normal,Normal,True
XGB_depth3,16,Train236.csv,Normal,Normal,True
XGB_depth3,16,Train242.csv,Normal,Normal,True
XGB_depth3,16,Train248.csv,Side II,Side II,True
XGB_depth3,16,Train254.csv,Normal,Normal,True
XGB_depth3,16,Train259.csv,Normal,Normal,True
XGB_depth3,16,Train260.csv,Normal,Normal,True
XGB_depth3,16,Train264.csv,Normal,Normal,True
XGB_depth3,16,Train272.csv,Normal,Normal,True
XGB_depth3,17,Train7.csv,Normal,Normal,True
XGB_depth3,17,Train15.csv,Normal,Normal,True
XGB_depth3,17,Train35.csv,Normal,Normal,True
XGB_depth3,17,Train39.csv,Normal,Normal,True
XGB_depth3,17,Train47.csv,Normal,Normal,True
XGB_depth3,17,Train49.csv,Normal,Normal,True
XGB_depth3,17,Train50.csv,Normal,Normal,True
XGB_depth3,17,Train51.csv,Normal,Normal,True
XGB_depth3,17,Train55.csv,Normal,Normal,True
XGB_depth3,17,Train60.csv,Normal,Normal,True
XGB_depth3,17,Train62.csv,Side I,Side I,True
XGB_depth3,17,Train65.csv,Normal,Normal,True
XGB_depth3,17,Train70.csv,Normal,Normal,True
XGB_depth3,17,Train71.csv,Normal,Normal,True
XGB_depth3,17,Train80.csv,Normal,Normal,True
XGB_depth3,17,Train81.csv,Normal,Normal,True
XGB_depth3,17,Train82.csv,Normal,Normal,True
XGB_depth3,17,Train87.csv,Normal,Normal,True
XGB_depth3,17,Train88.csv,Normal,Normal,True
XGB_depth3,17,Train90.csv,Normal,Normal,True
XGB_depth3,17,Train93.csv,Side II,Side II,True
XGB_depth3,17,Train97.csv,Normal,Normal,True
XGB_depth3,17,Train101.csv,Normal,Normal,True
XGB_depth3,17,Train102.csv,Normal,Normal,True
XGB_depth3,17,Train106.csv,Side I,Normal,False
XGB_depth3,17,Train117.csv,Normal,Normal,True
XGB_depth3,17,Train119.csv,Normal,Normal,True
XGB_depth3,17,Train122.csv,Normal,Normal,True
XGB_depth3,17,Train127.csv,Side II,Side II,True
XGB_depth3,17,Train128.csv,Normal,Normal,True
XGB_depth3,17,Train142.csv,Normal,Normal,True
XGB_depth3,17,Train144.csv,Normal,Normal,True
XGB_depth3,17,Train152.csv,Normal,Normal,True
XGB_depth3,17,Train180.csv,Side I,Side I,True
XGB_depth3,17,Train189.csv,Normal,Normal,True
XGB_depth3,17,Train191.csv,Normal,Normal,True
XGB_depth3,17,Train192.csv,Normal,Normal,True
XGB_depth3,17,Train195.csv,Normal,Normal,True
XGB_depth3,17,Train196.csv,Normal,Normal,True
XGB_depth3,17,Train198.csv,Side II,Side II,True
XGB_depth3,17,Train203.csv,Normal,Normal,True
XGB_depth3,17,Train206.csv,Normal,Normal,True
XGB_depth3,17,Train207.csv,Side II,Side II,True
XGB_depth3,17,Train210.csv,Normal,Normal,True
XGB_depth3,17,Train215.csv,Normal,Normal,True
XGB_depth3,17,Train217.csv,Side II,Side I,False
XGB_depth3,17,Train222.csv,Normal,Normal,True
XGB_depth3,17,Train226.csv,Normal,Normal,True
XGB_depth3,17,Train228.csv,Normal,Normal,True
XGB_depth3,17,Train231.csv,Normal,Normal,True
XGB_depth3,17,Train247.csv,Normal,Normal,True
XGB_depth3,17,Train258.csv,Normal,Normal,True
XGB_depth3,17,Train261.csv,Normal,Normal,True
XGB_depth3,17,Train263.csv,Normal,Normal,True
XGB_depth3,17,Train266.csv,Normal,Normal,True
XGB_depth3,18,Train3.csv,Normal,Normal,True
XGB_depth3,18,Train13.csv,Normal,Normal,True
XGB_depth3,18,Train14.csv,Normal,Normal,True
XGB_depth3,18,Train22.csv,Normal,Normal,True
XGB_depth3,18,Train23.csv,Normal,Normal,True
XGB_depth3,18,Train26.csv,Side II,Side II,True
XGB_depth3,18,Train27.csv,Normal,Normal,True
XGB_depth3,18,Train32.csv,Normal,Normal,True
XGB_depth3,18,Train36.csv,Normal,Normal,True
XGB_depth3,18,Train37.csv,Normal,Normal,True
XGB_depth3,18,Train38.csv,Normal,Normal,True
XGB_depth3,18,Train40.csv,Normal,Normal,True
XGB_depth3,18,Train41.csv,Normal,Normal,True
XGB_depth3,18,Train45.csv,Normal,Normal,True
XGB_depth3,18,Train48.csv,Normal,Normal,True
XGB_depth3,18,Train54.csv,Normal,Normal,True
XGB_depth3,18,Train58.csv,Normal,Normal,True
XGB_depth3,18,Train67.csv,Normal,Normal,True
XGB_depth3,18,Train72.csv,Side II,Side II,True
XGB_depth3,18,Train75.csv,Normal,Normal,True
XGB_depth3,18,Train78.csv,Normal,Normal,True
XGB_depth3,18,Train79.csv,Normal,Normal,True
XGB_depth3,18,Train103.csv,Side II,Side II,True
XGB_depth3,18,Train115.csv,Normal,Normal,True
XGB_depth3,18,Train118.csv,Normal,Normal,True
XGB_depth3,18,Train124.csv,Normal,Normal,True
XGB_depth3,18,Train129.csv,Normal,Normal,True
XGB_depth3,18,Train135.csv,Normal,Normal,True
XGB_depth3,18,Train136.csv,Normal,Normal,True
XGB_depth3,18,Train139.csv,Normal,Normal,True
XGB_depth3,18,Train141.csv,Normal,Normal,True
XGB_depth3,18,Train156.csv,Normal,Normal,True
XGB_depth3,18,Train171.csv,Normal,Normal,True
XGB_depth3,18,Train172.csv,Normal,Normal,True
XGB_depth3,18,Train177.csv,Normal,Side I,False
XGB_depth3,18,Train181.csv,Normal,Normal,True
XGB_depth3,18,Train182.csv,Normal,Normal,True
XGB_depth3,18,Train193.csv,Normal,Normal,True
XGB_depth3,18,Train194.csv,Side I,Side II,False
XGB_depth3,18,Train197.csv,Normal,Normal,True
XGB_depth3,18,Train212.csv,Normal,Normal,True
XGB_depth3,18,Train213.csv,Side I,Side I,True
XGB_depth3,18,Train227.csv,Normal,Normal,True
XGB_depth3,18,Train234.csv,Normal,Normal,True
XGB_depth3,18,Train239.csv,Normal,Normal,True
XGB_depth3,18,Train240.csv,Side II,Side II,True
XGB_depth3,18,Train244.csv,Normal,Normal,True
XGB_depth3,18,Train246.csv,Normal,Normal,True
XGB_depth3,18,Train251.csv,Normal,Side II,False
XGB_depth3,18,Train252.csv,Normal,Normal,True
XGB_depth3,18,Train255.csv,Normal,Normal,True
XGB_depth3,18,Train265.csv,Side II,Side I,False
XGB_depth3,18,Train270.csv,Normal,Normal,True
XGB_depth3,18,Train271.csv,Normal,Normal,True
XGB_depth3,19,Train8.csv,Normal,Normal,True
XGB_depth3,19,Train9.csv,Normal,Normal,True
XGB_depth3,19,Train24.csv,Normal,Normal,True
XGB_depth3,19,Train25.csv,Normal,Normal,True
XGB_depth3,19,Train33.csv,Normal,Normal,True
XGB_depth3,19,Train42.csv,Normal,Normal,True
XGB_depth3,19,Train59.csv,Normal,Normal,True
XGB_depth3,19,Train63.csv,Normal,Normal,True
XGB_depth3,19,Train64.csv,Normal,Normal,True
XGB_depth3,19,Train66.csv,Normal,Normal,True
XGB_depth3,19,Train76.csv,Normal,Normal,True
XGB_depth3,19,Train86.csv,Normal,Normal,True
XGB_depth3,19,Train89.csv,Normal,Normal,True
XGB_depth3,19,Train91.csv,Normal,Normal,True
XGB_depth3,19,Train92.csv,Normal,Normal,True
XGB_depth3,19,Train99.csv,Normal,Normal,True
XGB_depth3,19,Train100.csv,Side I,Side II,False
XGB_depth3,19,Train104.csv,Side II,Side II,True
XGB_depth3,19,Train107.csv,Normal,Normal,True
XGB_depth3,19,Train108.csv,Normal,Normal,True
XGB_depth3,19,Train110.csv,Normal,Normal,True
XGB_depth3,19,Train120.csv,Normal,Normal,True
XGB_depth3,19,Train131.csv,Normal,Normal,True
XGB_depth3,19,Train133.csv,Normal,Normal,True
XGB_depth3,19,Train134.csv,Normal,Normal,True
XGB_depth3,19,Train138.csv,Normal,Normal,True
XGB_depth3,19,Train145.csv,Normal,Normal,True
XGB_depth3,19,Train155.csv,Normal,Normal,True
XGB_depth3,19,Train158.csv,Normal,Normal,True
XGB_depth3,19,Train161.csv,Normal,Normal,True
XGB_depth3,19,Train163.csv,Side I,Side I,True
XGB_depth3,19,Train168.csv,Normal,Normal,True
XGB_depth3,19,Train169.csv,Normal,Normal,True
XGB_depth3,19,Train170.csv,Side I,Normal,False
XGB_depth3,19,Train173.csv,Normal,Normal,True
XGB_depth3,19,Train176.csv,Normal,Side II,False
XGB_depth3,19,Train178.csv,Normal,Normal,True
XGB_depth3,19,Train184.csv,Normal,Normal,True
XGB_depth3,19,Train187.csv,Normal,Normal,True
XGB_depth3,19,Train188.csv,Side II,Side II,True
XGB_depth3,19,Train190.csv,Normal,Normal,True
XGB_depth3,19,Train216.csv,Side II,Normal,False
XGB_depth3,19,Train218.csv,Normal,Normal,True
XGB_depth3,19,Train221.csv,Normal,Normal,True
XGB_depth3,19,Train225.csv,Normal,Normal,True
XGB_depth3,19,Train229.csv,Normal,Normal,True
XGB_depth3,19,Train230.csv,Normal,Normal,True
XGB_depth3,19,Train232.csv,Normal,Normal,True
XGB_depth3,19,Train243.csv,Normal,Normal,True
XGB_depth3,19,Train249.csv,Normal,Normal,True
XGB_depth3,19,Train250.csv,Normal,Normal,True
XGB_depth3,19,Train267.csv,Side II,Side II,True
XGB_depth3,19,Train268.csv,Normal,Normal,True
XGB_depth3,19,Train269.csv,Normal,Normal,True
XGB_depth3,20,Train1.csv,Normal,Normal,True
XGB_depth3,20,Train2.csv,Side II,Side II,True
XGB_depth3,20,Train4.csv,Normal,Normal,True
XGB_depth3,20,Train5.csv,Normal,Normal,True
XGB_depth3,20,Train10.csv,Normal,Normal,True
XGB_depth3,20,Train11.csv,Normal,Normal,True
XGB_depth3,20,Train12.csv,Side II,Side II,True
XGB_depth3,20,Train18.csv,Normal,Normal,True
XGB_depth3,20,Train20.csv,Normal,Normal,True
XGB_depth3,20,Train28.csv,Normal,Normal,True
XGB_depth3,20,Train29.csv,Normal,Normal,True
XGB_depth3,20,Train31.csv,Normal,Normal,True
XGB_depth3,20,Train34.csv,Normal,Normal,True
XGB_depth3,20,Train52.csv,Normal,Normal,True
XGB_depth3,20,Train53.csv,Side II,Side II,True
XGB_depth3,20,Train61.csv,Normal,Normal,True
XGB_depth3,20,Train73.csv,Normal,Normal,True
XGB_depth3,20,Train74.csv,Normal,Normal,True
XGB_depth3,20,Train77.csv,Normal,Normal,True
XGB_depth3,20,Train84.csv,Normal,Normal,True
XGB_depth3,20,Train85.csv,Normal,Normal,True
XGB_depth3,20,Train95.csv,Normal,Normal,True
XGB_depth3,20,Train109.csv,Normal,Normal,True
XGB_depth3,20,Train112.csv,Normal,Normal,True
XGB_depth3,20,Train114.csv,Normal,Normal,True
XGB_depth3,20,Train116.csv,Normal,Normal,True
XGB_depth3,20,Train123.csv,Normal,Side I,False
XGB_depth3,20,Train132.csv,Normal,Normal,True
XGB_depth3,20,Train137.csv,Side I,Side I,True
XGB_depth3,20,Train140.csv,Normal,Normal,True
XGB_depth3,20,Train146.csv,Normal,Normal,True
XGB_depth3,20,Train148.csv,Normal,Normal,True
XGB_depth3,20,Train150.csv,Side I,Normal,False
XGB_depth3,20,Train151.csv,Normal,Normal,True
XGB_depth3,20,Train153.csv,Normal,Normal,True
XGB_depth3,20,Train162.csv,Normal,Normal,True
XGB_depth3,20,Train167.csv,Normal,Normal,True
XGB_depth3,20,Train179.csv,Side II,Side II,True
XGB_depth3,20,Train183.csv,Normal,Normal,True
XGB_depth3,20,Train185.csv,Side I,Normal,False
XGB_depth3,20,Train199.csv,Side II,Side II,True
XGB_depth3,20,Train204.csv,Normal,Normal,True
XGB_depth3,20,Train208.csv,Normal,Normal,True
XGB_depth3,20,Train220.csv,Normal,Normal,True
XGB_depth3,20,Train233.csv,Normal,Normal,True
XGB_depth3,20,Train235.csv,Normal,Normal,True
XGB_depth3,20,Train237.csv,Normal,Normal,True
XGB_depth3,20,Train238.csv,Normal,Normal,True
XGB_depth3,20,Train241.csv,Normal,Normal,True
XGB_depth3,20,Train245.csv,Normal,Normal,True
XGB_depth3,20,Train253.csv,Normal,Normal,True
XGB_depth3,20,Train256.csv,Normal,Normal,True
XGB_depth3,20,Train257.csv,Normal,Normal,True
XGB_depth3,20,Train262.csv,Normal,Normal,True
XGB_depth3,21,Train1.csv,Normal,Normal,True
XGB_depth3,21,Train3.csv,Normal,Normal,True
XGB_depth3,21,Train4.csv,Normal,Normal,True
XGB_depth3,21,Train5.csv,Normal,Normal,True
XGB_depth3,21,Train6.csv,Normal,Normal,True
XGB_depth3,21,Train10.csv,Normal,Normal,True
XGB_depth3,21,Train12.csv,Side II,Side II,True
XGB_depth3,21,Train19.csv,Normal,Normal,True
XGB_depth3,21,Train33.csv,Normal,Normal,True
XGB_depth3,21,Train40.csv,Normal,Normal,True
XGB_depth3,21,Train43.csv,Side II,Side I,False
XGB_depth3,21,Train59.csv,Normal,Normal,True
XGB_depth3,21,Train67.csv,Normal,Normal,True
XGB_depth3,21,Train74.csv,Normal,Normal,True
XGB_depth3,21,Train77.csv,Normal,Normal,True
XGB_depth3,21,Train79.csv,Normal,Normal,True
XGB_depth3,21,Train87.csv,Normal,Normal,True
XGB_depth3,21,Train88.csv,Normal,Normal,True
XGB_depth3,21,Train90.csv,Normal,Normal,True
XGB_depth3,21,Train92.csv,Normal,Normal,True
XGB_depth3,21,Train96.csv,Normal,Normal,True
XGB_depth3,21,Train97.csv,Normal,Normal,True
XGB_depth3,21,Train100.csv,Side I,Side II,False
XGB_depth3,21,Train107.csv,Normal,Normal,True
XGB_depth3,21,Train116.csv,Normal,Normal,True
XGB_depth3,21,Train124.csv,Normal,Normal,True
XGB_depth3,21,Train126.csv,Normal,Side II,False
XGB_depth3,21,Train127.csv,Side II,Side II,True
XGB_depth3,21,Train137.csv,Side I,Side I,True
XGB_depth3,21,Train139.csv,Normal,Normal,True
XGB_depth3,21,Train147.csv,Normal,Normal,True
XGB_depth3,21,Train154.csv,Normal,Normal,True
XGB_depth3,21,Train156.csv,Normal,Normal,True
XGB_depth3,21,Train170.csv,Side I,Normal,False
XGB_depth3,21,Train173.csv,Normal,Normal,True
XGB_depth3,21,Train176.csv,Normal,Normal,True
XGB_depth3,21,Train177.csv,Normal,Side I,False
XGB_depth3,21,Train178.csv,Normal,Normal,True
XGB_depth3,21,Train184.csv,Normal,Normal,True
XGB_depth3,21,Train191.csv,Normal,Normal,True
XGB_depth3,21,Train208.csv,Normal,Normal,True
XGB_depth3,21,Train211.csv,Normal,Normal,True
XGB_depth3,21,Train217.csv,Side II,Side I,False
XGB_depth3,21,Train219.csv,Normal,Normal,True
XGB_depth3,21,Train222.csv,Normal,Normal,True
XGB_depth3,21,Train223.csv,Normal,Normal,True
XGB_depth3,21,Train224.csv,Normal,Normal,True
XGB_depth3,21,Train225.csv,Normal,Normal,True
XGB_depth3,21,Train239.csv,Normal,Normal,True
XGB_depth3,21,Train244.csv,Normal,Normal,True
XGB_depth3,21,Train253.csv,Normal,Normal,True
XGB_depth3,21,Train254.csv,Normal,Normal,True
XGB_depth3,21,Train263.csv,Normal,Normal,True
XGB_depth3,21,Train265.csv,Side II,Side I,False
XGB_depth3,21,Train271.csv,Normal,Normal,True
XGB_depth3,22,Train7.csv,Normal,Normal,True
XGB_depth3,22,Train9.csv,Normal,Normal,True
XGB_depth3,22,Train24.csv,Normal,Normal,True
XGB_depth3,22,Train28.csv,Normal,Normal,True
XGB_depth3,22,Train29.csv,Normal,Normal,True
XGB_depth3,22,Train41.csv,Normal,Normal,True
XGB_depth3,22,Train51.csv,Normal,Normal,True
XGB_depth3,22,Train52.csv,Normal,Normal,True
XGB_depth3,22,Train60.csv,Normal,Normal,True
XGB_depth3,22,Train61.csv,Normal,Normal,True
XGB_depth3,22,Train64.csv,Normal,Normal,True
XGB_depth3,22,Train69.csv,Normal,Normal,True
XGB_depth3,22,Train70.csv,Normal,Normal,True
XGB_depth3,22,Train78.csv,Normal,Normal,True
XGB_depth3,22,Train86.csv,Normal,Normal,True
XGB_depth3,22,Train93.csv,Side II,Side II,True
XGB_depth3,22,Train98.csv,Normal,Normal,True
XGB_depth3,22,Train99.csv,Normal,Normal,True
XGB_depth3,22,Train101.csv,Normal,Normal,True
XGB_depth3,22,Train105.csv,Normal,Normal,True
XGB_depth3,22,Train112.csv,Normal,Normal,True
XGB_depth3,22,Train118.csv,Normal,Normal,True
XGB_depth3,22,Train119.csv,Normal,Normal,True
XGB_depth3,22,Train123.csv,Normal,Side I,False
XGB_depth3,22,Train131.csv,Normal,Normal,True
XGB_depth3,22,Train133.csv,Normal,Normal,True
XGB_depth3,22,Train134.csv,Normal,Normal,True
XGB_depth3,22,Train135.csv,Normal,Normal,True
XGB_depth3,22,Train136.csv,Normal,Normal,True
XGB_depth3,22,Train140.csv,Normal,Normal,True
XGB_depth3,22,Train144.csv,Normal,Normal,True
XGB_depth3,22,Train148.csv,Normal,Normal,True
XGB_depth3,22,Train150.csv,Side I,Normal,False
XGB_depth3,22,Train152.csv,Normal,Normal,True
XGB_depth3,22,Train160.csv,Normal,Normal,True
XGB_depth3,22,Train162.csv,Normal,Normal,True
XGB_depth3,22,Train164.csv,Side II,Side II,True
XGB_depth3,22,Train165.csv,Normal,Normal,True
XGB_depth3,22,Train167.csv,Normal,Normal,True
XGB_depth3,22,Train181.csv,Normal,Normal,True
XGB_depth3,22,Train185.csv,Side I,Normal,False
XGB_depth3,22,Train186.csv,Normal,Normal,True
XGB_depth3,22,Train188.csv,Side II,Side II,True
XGB_depth3,22,Train190.csv,Normal,Normal,True
XGB_depth3,22,Train197.csv,Normal,Normal,True
XGB_depth3,22,Train199.csv,Side II,Side II,True
XGB_depth3,22,Train209.csv,Normal,Normal,True
XGB_depth3,22,Train213.csv,Side I,Side I,True
XGB_depth3,22,Train221.csv,Normal,Normal,True
XGB_depth3,22,Train232.csv,Normal,Normal,True
XGB_depth3,22,Train233.csv,Normal,Normal,True
XGB_depth3,22,Train251.csv,Normal,Side II,False
XGB_depth3,22,Train255.csv,Normal,Normal,True
XGB_depth3,22,Train256.csv,Normal,Normal,True
XGB_depth3,22,Train267.csv,Side II,Side II,True
XGB_depth3,23,Train2.csv,Side II,Normal,False
XGB_depth3,23,Train11.csv,Normal,Normal,True
XGB_depth3,23,Train22.csv,Normal,Normal,True
XGB_depth3,23,Train30.csv,Side II,Side II,True
XGB_depth3,23,Train42.csv,Normal,Normal,True
XGB_depth3,23,Train48.csv,Normal,Normal,True
XGB_depth3,23,Train49.csv,Normal,Normal,True
XGB_depth3,23,Train54.csv,Normal,Normal,True
XGB_depth3,23,Train56.csv,Normal,Normal,True
XGB_depth3,23,Train63.csv,Normal,Normal,True
XGB_depth3,23,Train73.csv,Normal,Normal,True
XGB_depth3,23,Train80.csv,Normal,Normal,True
XGB_depth3,23,Train81.csv,Normal,Normal,True
XGB_depth3,23,Train82.csv,Normal,Normal,True
XGB_depth3,23,Train83.csv,Side I,Side I,True
XGB_depth3,23,Train94.csv,Normal,Normal,True
XGB_depth3,23,Train95.csv,Normal,Normal,True
XGB_depth3,23,Train102.csv,Normal,Normal,True
XGB_depth3,23,Train109.csv,Normal,Normal,True
XGB_depth3,23,Train110.csv,Normal,Normal,True
XGB_depth3,23,Train113.csv,Normal,Normal,True
XGB_depth3,23,Train120.csv,Normal,Normal,True
XGB_depth3,23,Train122.csv,Normal,Normal,True
XGB_depth3,23,Train138.csv,Normal,Normal,True
XGB_depth3,23,Train143.csv,Normal,Normal,True
XGB_depth3,23,Train146.csv,Normal,Normal,True
XGB_depth3,23,Train157.csv,Normal,Normal,True
XGB_depth3,23,Train163.csv,Side I,Side I,True
XGB_depth3,23,Train168.csv,Normal,Normal,True
XGB_depth3,23,Train171.csv,Normal,Normal,True
XGB_depth3,23,Train179.csv,Side II,Side II,True
XGB_depth3,23,Train182.csv,Normal,Normal,True
XGB_depth3,23,Train183.csv,Normal,Normal,True
XGB_depth3,23,Train187.csv,Normal,Normal,True
XGB_depth3,23,Train189.csv,Normal,Normal,True
XGB_depth3,23,Train192.csv,Normal,Normal,True
XGB_depth3,23,Train193.csv,Normal,Normal,True
XGB_depth3,23,Train196.csv,Normal,Normal,True
XGB_depth3,23,Train198.csv,Side II,Side II,True
XGB_depth3,23,Train201.csv,Normal,Normal,True
XGB_depth3,23,Train205.csv,Normal,Normal,True
XGB_depth3,23,Train206.csv,Normal,Normal,True
XGB_depth3,23,Train212.csv,Normal,Normal,True
XGB_depth3,23,Train215.csv,Normal,Normal,True
XGB_depth3,23,Train227.csv,Normal,Normal,True
XGB_depth3,23,Train228.csv,Normal,Normal,True
XGB_depth3,23,Train230.csv,Normal,Normal,True
XGB_depth3,23,Train237.csv,Normal,Normal,True
XGB_depth3,23,Train240.csv,Side II,Normal,False
XGB_depth3,23,Train243.csv,Normal,Normal,True
XGB_depth3,23,Train246.csv,Normal,Normal,True
XGB_depth3,23,Train249.csv,Normal,Normal,True
XGB_depth3,23,Train252.csv,Normal,Normal,True
XGB_depth3,23,Train261.csv,Normal,Normal,True
XGB_depth3,24,Train8.csv,Normal,Normal,True
XGB_depth3,24,Train13.csv,Normal,Normal,True
XGB_depth3,24,Train14.csv,Normal,Normal,True
XGB_depth3,24,Train15.csv,Normal,Normal,True
XGB_depth3,24,Train16.csv,Normal,Normal,True
XGB_depth3,24,Train20.csv,Normal,Normal,True
XGB_depth3,24,Train26.csv,Side II,Side II,True
XGB_depth3,24,Train27.csv,Normal,Normal,True
XGB_depth3,24,Train34.csv,Normal,Normal,True
XGB_depth3,24,Train36.csv,Normal,Normal,True
XGB_depth3,24,Train38.csv,Normal,Normal,True
XGB_depth3,24,Train44.csv,Normal,Normal,True
XGB_depth3,24,Train45.csv,Normal,Normal,True
XGB_depth3,24,Train47.csv,Normal,Normal,True
XGB_depth3,24,Train50.csv,Normal,Normal,True
XGB_depth3,24,Train53.csv,Side II,Side II,True
XGB_depth3,24,Train55.csv,Normal,Normal,True
XGB_depth3,24,Train57.csv,Normal,Normal,True
XGB_depth3,24,Train58.csv,Normal,Normal,True
XGB_depth3,24,Train66.csv,Normal,Normal,True
XGB_depth3,24,Train68.csv,Normal,Normal,True
XGB_depth3,24,Train75.csv,Normal,Normal,True
XGB_depth3,24,Train76.csv,Normal,Normal,True
XGB_depth3,24,Train85.csv,Normal,Normal,True
XGB_depth3,24,Train91.csv,Normal,Normal,True
XGB_depth3,24,Train103.csv,Side II,Side II,True
XGB_depth3,24,Train108.csv,Normal,Normal,True
XGB_depth3,24,Train114.csv,Normal,Normal,True
XGB_depth3,24,Train117.csv,Normal,Normal,True
XGB_depth3,24,Train121.csv,Side I,Normal,False
XGB_depth3,24,Train128.csv,Normal,Normal,True
XGB_depth3,24,Train130.csv,Normal,Normal,True
XGB_depth3,24,Train151.csv,Normal,Normal,True
XGB_depth3,24,Train153.csv,Normal,Normal,True
XGB_depth3,24,Train155.csv,Normal,Normal,True
XGB_depth3,24,Train158.csv,Normal,Normal,True
XGB_depth3,24,Train159.csv,Normal,Normal,True
XGB_depth3,24,Train166.csv,Normal,Normal,True
XGB_depth3,24,Train169.csv,Normal,Normal,True
XGB_depth3,24,Train172.csv,Normal,Normal,True
XGB_depth3,24,Train174.csv,Normal,Normal,True
XGB_depth3,24,Train180.csv,Side I,Side I,True
XGB_depth3,24,Train194.csv,Side I,Side II,False
XGB_depth3,24,Train207.csv,Side II,Side II,True
XGB_depth3,24,Train220.csv,Normal,Normal,True
XGB_depth3,24,Train231.csv,Normal,Normal,True
XGB_depth3,24,Train241.csv,Normal,Normal,True
XGB_depth3,24,Train242.csv,Normal,Normal,True
XGB_depth3,24,Train245.csv,Normal,Normal,True
XGB_depth3,24,Train259.csv,Normal,Normal,True
XGB_depth3,24,Train262.csv,Normal,Normal,True
XGB_depth3,24,Train266.csv,Normal,Normal,True
XGB_depth3,24,Train268.csv,Normal,Normal,True
XGB_depth3,24,Train272.csv,Normal,Normal,True
XGB_depth3,25,Train17.csv,Normal,Normal,True
XGB_depth3,25,Train18.csv,Normal,Normal,True
XGB_depth3,25,Train21.csv,Normal,Normal,True
XGB_depth3,25,Train23.csv,Normal,Normal,True
XGB_depth3,25,Train25.csv,Normal,Normal,True
XGB_depth3,25,Train31.csv,Normal,Normal,True
XGB_depth3,25,Train32.csv,Normal,Normal,True
XGB_depth3,25,Train35.csv,Normal,Normal,True
XGB_depth3,25,Train37.csv,Normal,Normal,True
XGB_depth3,25,Train39.csv,Normal,Normal,True
XGB_depth3,25,Train46.csv,Normal,Normal,True
XGB_depth3,25,Train62.csv,Side I,Side I,True
XGB_depth3,25,Train65.csv,Normal,Normal,True
XGB_depth3,25,Train71.csv,Normal,Normal,True
XGB_depth3,25,Train72.csv,Side II,Side II,True
XGB_depth3,25,Train84.csv,Normal,Normal,True
XGB_depth3,25,Train89.csv,Normal,Normal,True
XGB_depth3,25,Train104.csv,Side II,Side II,True
XGB_depth3,25,Train106.csv,Side I,Normal,False
XGB_depth3,25,Train111.csv,Side II,Side II,True
XGB_depth3,25,Train115.csv,Normal,Normal,True
XGB_depth3,25,Train125.csv,Normal,Normal,True
XGB_depth3,25,Train129.csv,Normal,Normal,True
XGB_depth3,25,Train132.csv,Normal,Normal,True
XGB_depth3,25,Train141.csv,Normal,Normal,True
XGB_depth3,25,Train142.csv,Normal,Normal,True
XGB_depth3,25,Train145.csv,Normal,Normal,True
XGB_depth3,25,Train149.csv,Normal,Normal,True
XGB_depth3,25,Train161.csv,Normal,Normal,True
XGB_depth3,25,Train175.csv,Normal,Normal,True
XGB_depth3,25,Train195.csv,Normal,Normal,True
XGB_depth3,25,Train200.csv,Normal,Normal,True
XGB_depth3,25,Train202.csv,Side I,Normal,False
XGB_depth3,25,Train203.csv,Normal,Normal,True
XGB_depth3,25,Train204.csv,Normal,Normal,True
XGB_depth3,25,Train210.csv,Normal,Normal,True
XGB_depth3,25,Train214.csv,Normal,Normal,True
XGB_depth3,25,Train216.csv,Side II,Normal,False
XGB_depth3,25,Train218.csv,Normal,Normal,True
XGB_depth3,25,Train226.csv,Normal,Normal,True
XGB_depth3,25,Train229.csv,Normal,Normal,True
XGB_depth3,25,Train234.csv,Normal,Normal,True
XGB_depth3,25,Train235.csv,Normal,Normal,True
XGB_depth3,25,Train236.csv,Normal,Normal,True
XGB_depth3,25,Train238.csv,Normal,Normal,True
XGB_depth3,25,Train247.csv,Normal,Normal,True
XGB_depth3,25,Train248.csv,Side II,Side II,True
XGB_depth3,25,Train250.csv,Normal,Normal,True
XGB_depth3,25,Train257.csv,Normal,Normal,True
XGB_depth3,25,Train258.csv,Normal,Normal,True
XGB_depth3,25,Train260.csv,Normal,Normal,True
XGB_depth3,25,Train264.csv,Normal,Normal,True
XGB_depth3,25,Train269.csv,Normal,Normal,True
XGB_depth3,25,Train270.csv,Normal,Normal,True
XGB_lr005,1,Train5.csv,Normal,Normal,True
XGB_lr005,1,Train11.csv,Normal,Normal,True
XGB_lr005,1,Train12.csv,Side II,Side II,True
XGB_lr005,1,Train16.csv,Normal,Normal,True
XGB_lr005,1,Train19.csv,Normal,Normal,True
XGB_lr005,1,Train22.csv,Normal,Normal,True
XGB_lr005,1,Train24.csv,Normal,Normal,True
XGB_lr005,1,Train26.csv,Side II,Side II,True
XGB_lr005,1,Train29.csv,Normal,Normal,True
XGB_lr005,1,Train30.csv,Side II,Normal,False
XGB_lr005,1,Train34.csv,Normal,Normal,True
XGB_lr005,1,Train37.csv,Normal,Normal,True
XGB_lr005,1,Train42.csv,Normal,Normal,True
XGB_lr005,1,Train66.csv,Normal,Normal,True
XGB_lr005,1,Train78.csv,Normal,Normal,True
XGB_lr005,1,Train82.csv,Normal,Normal,True
XGB_lr005,1,Train92.csv,Normal,Normal,True
XGB_lr005,1,Train94.csv,Normal,Normal,True
XGB_lr005,1,Train95.csv,Normal,Normal,True
XGB_lr005,1,Train96.csv,Normal,Normal,True
XGB_lr005,1,Train97.csv,Normal,Normal,True
XGB_lr005,1,Train100.csv,Side I,Side II,False
XGB_lr005,1,Train109.csv,Normal,Normal,True
XGB_lr005,1,Train115.csv,Normal,Normal,True
XGB_lr005,1,Train119.csv,Normal,Normal,True
XGB_lr005,1,Train120.csv,Normal,Normal,True
XGB_lr005,1,Train123.csv,Normal,Side I,False
XGB_lr005,1,Train134.csv,Normal,Normal,True
XGB_lr005,1,Train138.csv,Normal,Normal,True
XGB_lr005,1,Train142.csv,Normal,Normal,True
XGB_lr005,1,Train143.csv,Normal,Normal,True
XGB_lr005,1,Train146.csv,Normal,Normal,True
XGB_lr005,1,Train147.csv,Normal,Normal,True
XGB_lr005,1,Train149.csv,Normal,Normal,True
XGB_lr005,1,Train152.csv,Normal,Normal,True
XGB_lr005,1,Train161.csv,Normal,Normal,True
XGB_lr005,1,Train165.csv,Normal,Normal,True
XGB_lr005,1,Train167.csv,Normal,Normal,True
XGB_lr005,1,Train172.csv,Normal,Normal,True
XGB_lr005,1,Train177.csv,Normal,Side I,False
XGB_lr005,1,Train180.csv,Side I,Normal,False
XGB_lr005,1,Train182.csv,Normal,Normal,True
XGB_lr005,1,Train185.csv,Side I,Normal,False
XGB_lr005,1,Train195.csv,Normal,Normal,True
XGB_lr005,1,Train196.csv,Normal,Normal,True
XGB_lr005,1,Train198.csv,Side II,Side II,True
XGB_lr005,1,Train206.csv,Normal,Normal,True
XGB_lr005,1,Train208.csv,Normal,Normal,True
XGB_lr005,1,Train212.csv,Normal,Normal,True
XGB_lr005,1,Train216.csv,Side II,Normal,False
XGB_lr005,1,Train236.csv,Normal,Normal,True
XGB_lr005,1,Train244.csv,Normal,Normal,True
XGB_lr005,1,Train247.csv,Normal,Normal,True
XGB_lr005,1,Train263.csv,Normal,Normal,True
XGB_lr005,1,Train269.csv,Normal,Normal,True
XGB_lr005,2,Train1.csv,Normal,Normal,True
XGB_lr005,2,Train9.csv,Normal,Normal,True
XGB_lr005,2,Train14.csv,Normal,Normal,True
XGB_lr005,2,Train31.csv,Normal,Normal,True
XGB_lr005,2,Train33.csv,Normal,Normal,True
XGB_lr005,2,Train36.csv,Normal,Normal,True
XGB_lr005,2,Train43.csv,Side II,Side I,False
XGB_lr005,2,Train49.csv,Normal,Normal,True
XGB_lr005,2,Train52.csv,Normal,Normal,True
XGB_lr005,2,Train53.csv,Side II,Side II,True
XGB_lr005,2,Train65.csv,Normal,Normal,True
XGB_lr005,2,Train73.csv,Normal,Normal,True
XGB_lr005,2,Train76.csv,Normal,Normal,True
XGB_lr005,2,Train77.csv,Normal,Normal,True
XGB_lr005,2,Train81.csv,Normal,Normal,True
XGB_lr005,2,Train84.csv,Normal,Normal,True
XGB_lr005,2,Train88.csv,Normal,Normal,True
XGB_lr005,2,Train102.csv,Normal,Normal,True
XGB_lr005,2,Train108.csv,Normal,Normal,True
XGB_lr005,2,Train113.csv,Normal,Normal,True
XGB_lr005,2,Train121.csv,Side I,Side I,True
XGB_lr005,2,Train122.csv,Normal,Normal,True
XGB_lr005,2,Train129.csv,Normal,Normal,True
XGB_lr005,2,Train130.csv,Normal,Normal,True
XGB_lr005,2,Train136.csv,Normal,Normal,True
XGB_lr005,2,Train150.csv,Side I,Side I,True
XGB_lr005,2,Train154.csv,Normal,Normal,True
XGB_lr005,2,Train158.csv,Normal,Normal,True
XGB_lr005,2,Train160.csv,Normal,Normal,True
XGB_lr005,2,Train171.csv,Normal,Normal,True
XGB_lr005,2,Train174.csv,Normal,Normal,True
XGB_lr005,2,Train184.csv,Normal,Normal,True
XGB_lr005,2,Train191.csv,Normal,Normal,True
XGB_lr005,2,Train193.csv,Normal,Normal,True
XGB_lr005,2,Train194.csv,Side I,Normal,False
XGB_lr005,2,Train200.csv,Normal,Normal,True
XGB_lr005,2,Train201.csv,Normal,Normal,True
XGB_lr005,2,Train205.csv,Normal,Normal,True
XGB_lr005,2,Train207.csv,Side II,Side II,True
XGB_lr005,2,Train209.csv,Normal,Normal,True
XGB_lr005,2,Train215.csv,Normal,Normal,True
XGB_lr005,2,Train217.csv,Side II,Side I,False
XGB_lr005,2,Train222.csv,Normal,Normal,True
XGB_lr005,2,Train223.csv,Normal,Normal,True
XGB_lr005,2,Train225.csv,Normal,Normal,True
XGB_lr005,2,Train233.csv,Normal,Normal,True
XGB_lr005,2,Train234.csv,Normal,Normal,True
XGB_lr005,2,Train235.csv,Normal,Normal,True
XGB_lr005,2,Train237.csv,Normal,Normal,True
XGB_lr005,2,Train248.csv,Side II,Side II,True
XGB_lr005,2,Train249.csv,Normal,Normal,True
XGB_lr005,2,Train256.csv,Normal,Normal,True
XGB_lr005,2,Train258.csv,Normal,Normal,True
XGB_lr005,2,Train266.csv,Normal,Normal,True
XGB_lr005,2,Train270.csv,Normal,Normal,True
XGB_lr005,3,Train2.csv,Side II,Side II,True
XGB_lr005,3,Train6.csv,Normal,Normal,True
XGB_lr005,3,Train7.csv,Normal,Normal,True
XGB_lr005,3,Train20.csv,Normal,Normal,True
XGB_lr005,3,Train25.csv,Normal,Normal,True
XGB_lr005,3,Train38.csv,Normal,Normal,True
XGB_lr005,3,Train39.csv,Normal,Normal,True
XGB_lr005,3,Train48.csv,Normal,Normal,True
XGB_lr005,3,Train54.csv,Normal,Normal,True
XGB_lr005,3,Train61.csv,Normal,Normal,True
XGB_lr005,3,Train63.csv,Normal,Normal,True
XGB_lr005,3,Train67.csv,Normal,Normal,True
XGB_lr005,3,Train70.csv,Normal,Normal,True
XGB_lr005,3,Train72.csv,Side II,Side II,True
XGB_lr005,3,Train75.csv,Normal,Normal,True
XGB_lr005,3,Train79.csv,Normal,Normal,True
XGB_lr005,3,Train80.csv,Normal,Normal,True
XGB_lr005,3,Train83.csv,Side I,Side I,True
XGB_lr005,3,Train85.csv,Normal,Normal,True
XGB_lr005,3,Train89.csv,Normal,Normal,True
XGB_lr005,3,Train91.csv,Normal,Normal,True
XGB_lr005,3,Train98.csv,Normal,Normal,True
XGB_lr005,3,Train99.csv,Normal,Normal,True
XGB_lr005,3,Train104.csv,Side II,Side II,True
XGB_lr005,3,Train110.csv,Normal,Normal,True
XGB_lr005,3,Train114.csv,Normal,Normal,True
XGB_lr005,3,Train124.csv,Normal,Normal,True
XGB_lr005,3,Train125.csv,Normal,Normal,True
XGB_lr005,3,Train126.csv,Normal,Normal,True
XGB_lr005,3,Train127.csv,Side II,Side II,True
XGB_lr005,3,Train133.csv,Normal,Normal,True
XGB_lr005,3,Train135.csv,Normal,Normal,True
XGB_lr005,3,Train139.csv,Normal,Normal,True
XGB_lr005,3,Train141.csv,Normal,Normal,True
XGB_lr005,3,Train151.csv,Normal,Normal,True
XGB_lr005,3,Train155.csv,Normal,Normal,True
XGB_lr005,3,Train163.csv,Side I,Side I,True
XGB_lr005,3,Train164.csv,Side II,Side II,True
XGB_lr005,3,Train166.csv,Normal,Normal,True
XGB_lr005,3,Train175.csv,Normal,Normal,True
XGB_lr005,3,Train183.csv,Normal,Normal,True
XGB_lr005,3,Train186.csv,Normal,Normal,True
XGB_lr005,3,Train197.csv,Normal,Normal,True
XGB_lr005,3,Train211.csv,Normal,Normal,True
XGB_lr005,3,Train219.csv,Normal,Normal,True
XGB_lr005,3,Train224.csv,Normal,Normal,True
XGB_lr005,3,Train243.csv,Normal,Normal,True
XGB_lr005,3,Train251.csv,Normal,Side II,False
XGB_lr005,3,Train253.csv,Normal,Normal,True
XGB_lr005,3,Train254.csv,Normal,Normal,True
XGB_lr005,3,Train255.csv,Normal,Normal,True
XGB_lr005,3,Train261.csv,Normal,Normal,True
XGB_lr005,3,Train268.csv,Normal,Normal,True
XGB_lr005,3,Train272.csv,Normal,Normal,True
XGB_lr005,4,Train4.csv,Normal,Normal,True
XGB_lr005,4,Train18.csv,Normal,Normal,True
XGB_lr005,4,Train27.csv,Normal,Normal,True
XGB_lr005,4,Train32.csv,Normal,Normal,True
XGB_lr005,4,Train35.csv,Normal,Normal,True
XGB_lr005,4,Train40.csv,Normal,Normal,True
XGB_lr005,4,Train41.csv,Normal,Normal,True
XGB_lr005,4,Train44.csv,Normal,Normal,True
XGB_lr005,4,Train45.csv,Normal,Normal,True
XGB_lr005,4,Train46.csv,Normal,Normal,True
XGB_lr005,4,Train55.csv,Normal,Normal,True
XGB_lr005,4,Train56.csv,Normal,Normal,True
XGB_lr005,4,Train57.csv,Normal,Normal,True
XGB_lr005,4,Train59.csv,Normal,Normal,True
XGB_lr005,4,Train64.csv,Normal,Normal,True
XGB_lr005,4,Train68.csv,Normal,Normal,True
XGB_lr005,4,Train69.csv,Normal,Normal,True
XGB_lr005,4,Train86.csv,Normal,Normal,True
XGB_lr005,4,Train87.csv,Normal,Normal,True
XGB_lr005,4,Train93.csv,Side II,Side II,True
XGB_lr005,4,Train103.csv,Side II,Side II,True
XGB_lr005,4,Train105.csv,Normal,Normal,True
XGB_lr005,4,Train107.csv,Normal,Normal,True
XGB_lr005,4,Train112.csv,Normal,Normal,True
XGB_lr005,4,Train116.csv,Normal,Normal,True
XGB_lr005,4,Train118.csv,Normal,Normal,True
XGB_lr005,4,Train128.csv,Normal,Normal,True
XGB_lr005,4,Train131.csv,Normal,Normal,True
XGB_lr005,4,Train132.csv,Normal,Normal,True
XGB_lr005,4,Train145.csv,Normal,Normal,True
XGB_lr005,4,Train148.csv,Normal,Normal,True
XGB_lr005,4,Train153.csv,Normal,Normal,True
XGB_lr005,4,Train157.csv,Normal,Normal,True
XGB_lr005,4,Train159.csv,Normal,Normal,True
XGB_lr005,4,Train162.csv,Normal,Normal,True
XGB_lr005,4,Train168.csv,Normal,Normal,True
XGB_lr005,4,Train170.csv,Side I,Normal,False
XGB_lr005,4,Train176.csv,Normal,Normal,True
XGB_lr005,4,Train178.csv,Normal,Normal,True
XGB_lr005,4,Train181.csv,Normal,Normal,True
XGB_lr005,4,Train188.csv,Side II,Side II,True
XGB_lr005,4,Train192.csv,Normal,Normal,True
XGB_lr005,4,Train202.csv,Side I,Normal,False
XGB_lr005,4,Train213.csv,Side I,Normal,False
XGB_lr005,4,Train214.csv,Normal,Normal,True
XGB_lr005,4,Train227.csv,Normal,Normal,True
XGB_lr005,4,Train232.csv,Normal,Normal,True
XGB_lr005,4,Train238.csv,Normal,Normal,True
XGB_lr005,4,Train241.csv,Normal,Normal,True
XGB_lr005,4,Train245.csv,Normal,Normal,True
XGB_lr005,4,Train250.csv,Normal,Normal,True
XGB_lr005,4,Train252.csv,Normal,Normal,True
XGB_lr005,4,Train267.csv,Side II,Side II,True
XGB_lr005,4,Train271.csv,Normal,Normal,True
XGB_lr005,5,Train3.csv,Normal,Normal,True
XGB_lr005,5,Train8.csv,Normal,Normal,True
XGB_lr005,5,Train10.csv,Normal,Normal,True
XGB_lr005,5,Train13.csv,Normal,Normal,True
XGB_lr005,5,Train15.csv,Normal,Normal,True
XGB_lr005,5,Train17.csv,Normal,Normal,True
XGB_lr005,5,Train21.csv,Normal,Normal,True
XGB_lr005,5,Train23.csv,Normal,Normal,True
XGB_lr005,5,Train28.csv,Normal,Normal,True
XGB_lr005,5,Train47.csv,Normal,Normal,True
XGB_lr005,5,Train50.csv,Normal,Normal,True
XGB_lr005,5,Train51.csv,Normal,Normal,True
XGB_lr005,5,Train58.csv,Normal,Normal,True
XGB_lr005,5,Train60.csv,Normal,Normal,True
XGB_lr005,5,Train62.csv,Side I,Normal,False
XGB_lr005,5,Train71.csv,Normal,Normal,True
XGB_lr005,5,Train74.csv,Normal,Normal,True
XGB_lr005,5,Train90.csv,Normal,Normal,True
XGB_lr005,5,Train101.csv,Normal,Normal,True
XGB_lr005,5,Train106.csv,Side I,Normal,False
XGB_lr005,5,Train111.csv,Side II,Side II,True
XGB_lr005,5,Train117.csv,Normal,Normal,True
XGB_lr005,5,Train137.csv,Side I,Side I,True
XGB_lr005,5,Train140.csv,Normal,Normal,True
XGB_lr005,5,Train144.csv,Normal,Normal,True
XGB_lr005,5,Train156.csv,Normal,Normal,True
XGB_lr005,5,Train169.csv,Normal,Normal,True
XGB_lr005,5,Train173.csv,Normal,Normal,True
XGB_lr005,5,Train179.csv,Side II,Side II,True
XGB_lr005,5,Train187.csv,Normal,Normal,True
XGB_lr005,5,Train189.csv,Normal,Normal,True
XGB_lr005,5,Train190.csv,Normal,Normal,True
XGB_lr005,5,Train199.csv,Side II,Side II,True
XGB_lr005,5,Train203.csv,Normal,Normal,True
XGB_lr005,5,Train204.csv,Normal,Normal,True
XGB_lr005,5,Train210.csv,Normal,Normal,True
XGB_lr005,5,Train218.csv,Normal,Normal,True
XGB_lr005,5,Train220.csv,Normal,Normal,True
XGB_lr005,5,Train221.csv,Normal,Normal,True
XGB_lr005,5,Train226.csv,Normal,Normal,True
XGB_lr005,5,Train228.csv,Normal,Normal,True
XGB_lr005,5,Train229.csv,Normal,Normal,True
XGB_lr005,5,Train230.csv,Normal,Normal,True
XGB_lr005,5,Train231.csv,Normal,Normal,True
XGB_lr005,5,Train239.csv,Normal,Normal,True
XGB_lr005,5,Train240.csv,Side II,Side II,True
XGB_lr005,5,Train242.csv,Normal,Normal,True
XGB_lr005,5,Train246.csv,Normal,Normal,True
XGB_lr005,5,Train257.csv,Normal,Normal,True
XGB_lr005,5,Train259.csv,Normal,Normal,True
XGB_lr005,5,Train260.csv,Normal,Normal,True
XGB_lr005,5,Train262.csv,Normal,Normal,True
XGB_lr005,5,Train264.csv,Normal,Normal,True
XGB_lr005,5,Train265.csv,Side II,Side I,False
XGB_lr005,6,Train5.csv,Normal,Normal,True
XGB_lr005,6,Train17.csv,Normal,Normal,True
XGB_lr005,6,Train24.csv,Normal,Normal,True
XGB_lr005,6,Train25.csv,Normal,Normal,True
XGB_lr005,6,Train28.csv,Normal,Normal,True
XGB_lr005,6,Train29.csv,Normal,Normal,True
XGB_lr005,6,Train30.csv,Side II,Normal,False
XGB_lr005,6,Train55.csv,Normal,Normal,True
XGB_lr005,6,Train56.csv,Normal,Normal,True
XGB_lr005,6,Train70.csv,Normal,Normal,True
XGB_lr005,6,Train75.csv,Normal,Normal,True
XGB_lr005,6,Train76.csv,Normal,Normal,True
XGB_lr005,6,Train78.csv,Normal,Normal,True
XGB_lr005,6,Train86.csv,Normal,Normal,True
XGB_lr005,6,Train91.csv,Normal,Normal,True
XGB_lr005,6,Train94.csv,Normal,Normal,True
XGB_lr005,6,Train97.csv,Normal,Normal,True
XGB_lr005,6,Train106.csv,Side I,Normal,False
XGB_lr005,6,Train109.csv,Normal,Normal,True
XGB_lr005,6,Train111.csv,Side II,Side II,True
XGB_lr005,6,Train131.csv,Normal,Normal,True
XGB_lr005,6,Train135.csv,Normal,Normal,True
XGB_lr005,6,Train136.csv,Normal,Normal,True
XGB_lr005,6,Train141.csv,Normal,Normal,True
XGB_lr005,6,Train142.csv,Normal,Normal,True
XGB_lr005,6,Train143.csv,Normal,Normal,True
XGB_lr005,6,Train145.csv,Normal,Normal,True
XGB_lr005,6,Train148.csv,Normal,Normal,True
XGB_lr005,6,Train152.csv,Normal,Normal,True
XGB_lr005,6,Train153.csv,Normal,Normal,True
XGB_lr005,6,Train154.csv,Normal,Normal,True
XGB_lr005,6,Train160.csv,Normal,Normal,True
XGB_lr005,6,Train169.csv,Normal,Normal,True
XGB_lr005,6,Train171.csv,Normal,Normal,True
XGB_lr005,6,Train181.csv,Normal,Normal,True
XGB_lr005,6,Train182.csv,Normal,Normal,True
XGB_lr005,6,Train185.csv,Side I,Normal,False
XGB_lr005,6,Train186.csv,Normal,Normal,True
XGB_lr005,6,Train189.csv,Normal,Normal,True
XGB_lr005,6,Train191.csv,Normal,Normal,True
XGB_lr005,6,Train193.csv,Normal,Normal,True
XGB_lr005,6,Train194.csv,Side I,Normal,False
XGB_lr005,6,Train195.csv,Normal,Normal,True
XGB_lr005,6,Train203.csv,Normal,Normal,True
XGB_lr005,6,Train205.csv,Normal,Normal,True
XGB_lr005,6,Train209.csv,Normal,Normal,True
XGB_lr005,6,Train210.csv,Normal,Normal,True
XGB_lr005,6,Train214.csv,Normal,Normal,True
XGB_lr005,6,Train216.csv,Side II,Normal,False
XGB_lr005,6,Train217.csv,Side II,Side I,False
XGB_lr005,6,Train218.csv,Normal,Normal,True
XGB_lr005,6,Train230.csv,Normal,Normal,True
XGB_lr005,6,Train232.csv,Normal,Normal,True
XGB_lr005,6,Train248.csv,Side II,Side II,True
XGB_lr005,6,Train272.csv,Normal,Normal,True
XGB_lr005,7,Train3.csv,Normal,Normal,True
XGB_lr005,7,Train6.csv,Normal,Normal,True
XGB_lr005,7,Train14.csv,Normal,Normal,True
XGB_lr005,7,Train15.csv,Normal,Normal,True
XGB_lr005,7,Train16.csv,Normal,Normal,True
XGB_lr005,7,Train18.csv,Normal,Normal,True
XGB_lr005,7,Train20.csv,Normal,Normal,True
XGB_lr005,7,Train21.csv,Normal,Normal,True
XGB_lr005,7,Train26.csv,Side II,Side II,True
XGB_lr005,7,Train32.csv,Normal,Normal,True
XGB_lr005,7,Train34.csv,Normal,Normal,True
XGB_lr005,7,Train39.csv,Normal,Normal,True
XGB_lr005,7,Train41.csv,Normal,Normal,True
XGB_lr005,7,Train43.csv,Side II,Side II,True
XGB_lr005,7,Train44.csv,Normal,Normal,True
XGB_lr005,7,Train45.csv,Normal,Normal,True
XGB_lr005,7,Train60.csv,Normal,Normal,True
XGB_lr005,7,Train62.csv,Side I,Normal,False
XGB_lr005,7,Train63.csv,Normal,Normal,True
XGB_lr005,7,Train72.csv,Side II,Side II,True
XGB_lr005,7,Train74.csv,Normal,Normal,True
XGB_lr005,7,Train80.csv,Normal,Normal,True
XGB_lr005,7,Train82.csv,Normal,Normal,True
XGB_lr005,7,Train92.csv,Normal,Normal,True
XGB_lr005,7,Train98.csv,Normal,Normal,True
XGB_lr005,7,Train99.csv,Normal,Normal,True
XGB_lr005,7,Train108.csv,Normal,Normal,True
XGB_lr005,7,Train110.csv,Normal,Normal,True
XGB_lr005,7,Train117.csv,Normal,Normal,True
XGB_lr005,7,Train124.csv,Normal,Normal,True
XGB_lr005,7,Train128.csv,Normal,Normal,True
XGB_lr005,7,Train130.csv,Normal,Side I,False
XGB_lr005,7,Train132.csv,Normal,Normal,True
XGB_lr005,7,Train134.csv,Normal,Normal,True
XGB_lr005,7,Train137.csv,Side I,Side I,True
XGB_lr005,7,Train140.csv,Normal,Normal,True
XGB_lr005,7,Train144.csv,Normal,Normal,True
XGB_lr005,7,Train147.csv,Normal,Normal,True
XGB_lr005,7,Train149.csv,Normal,Normal,True
XGB_lr005,7,Train159.csv,Normal,Normal,True
XGB_lr005,7,Train163.csv,Side I,Side I,True
XGB_lr005,7,Train167.csv,Normal,Normal,True
XGB_lr005,7,Train173.csv,Normal,Normal,True
XGB_lr005,7,Train192.csv,Normal,Normal,True
XGB_lr005,7,Train198.csv,Side II,Side II,True
XGB_lr005,7,Train199.csv,Side II,Side II,True
XGB_lr005,7,Train200.csv,Normal,Normal,True
XGB_lr005,7,Train211.csv,Normal,Normal,True
XGB_lr005,7,Train233.csv,Normal,Normal,True
XGB_lr005,7,Train241.csv,Normal,Normal,True
XGB_lr005,7,Train245.csv,Normal,Normal,True
XGB_lr005,7,Train250.csv,Normal,Normal,True
XGB_lr005,7,Train256.csv,Normal,Normal,True
XGB_lr005,7,Train261.csv,Normal,Normal,True
XGB_lr005,7,Train268.csv,Normal,Normal,True
XGB_lr005,8,Train1.csv,Normal,Normal,True
XGB_lr005,8,Train8.csv,Normal,Normal,True
XGB_lr005,8,Train23.csv,Normal,Normal,True
XGB_lr005,8,Train36.csv,Normal,Normal,True
XGB_lr005,8,Train47.csv,Normal,Normal,True
XGB_lr005,8,Train49.csv,Normal,Normal,True
XGB_lr005,8,Train52.csv,Normal,Normal,True
XGB_lr005,8,Train57.csv,Normal,Normal,True
XGB_lr005,8,Train59.csv,Normal,Normal,True
XGB_lr005,8,Train66.csv,Normal,Normal,True
XGB_lr005,8,Train79.csv,Normal,Normal,True
XGB_lr005,8,Train81.csv,Normal,Normal,True
XGB_lr005,8,Train83.csv,Side I,Side I,True
XGB_lr005,8,Train84.csv,Normal,Normal,True
XGB_lr005,8,Train85.csv,Normal,Normal,True
XGB_lr005,8,Train88.csv,Normal,Normal,True
XGB_lr005,8,Train90.csv,Normal,Normal,True
XGB_lr005,8,Train101.csv,Normal,Normal,True
XGB_lr005,8,Train102.csv,Normal,Normal,True
XGB_lr005,8,Train103.csv,Side II,Normal,False
XGB_lr005,8,Train113.csv,Normal,Normal,True
XGB_lr005,8,Train114.csv,Normal,Normal,True
XGB_lr005,8,Train118.csv,Normal,Normal,True
XGB_lr005,8,Train123.csv,Normal,Side I,False
XGB_lr005,8,Train126.csv,Normal,Normal,True
XGB_lr005,8,Train127.csv,Side II,Side II,True
XGB_lr005,8,Train129.csv,Normal,Normal,True
XGB_lr005,8,Train146.csv,Normal,Normal,True
XGB_lr005,8,Train157.csv,Normal,Normal,True
XGB_lr005,8,Train158.csv,Normal,Normal,True
XGB_lr005,8,Train161.csv,Normal,Normal,True
XGB_lr005,8,Train164.csv,Side II,Side II,True
XGB_lr005,8,Train170.csv,Side I,Normal,False
XGB_lr005,8,Train176.csv,Normal,Normal,True
XGB_lr005,8,Train183.csv,Normal,Normal,True
XGB_lr005,8,Train187.csv,Normal,Normal,True
XGB_lr005,8,Train201.csv,Normal,Normal,True
XGB_lr005,8,Train204.csv,Normal,Normal,True
XGB_lr005,8,Train212.csv,Normal,Normal,True
XGB_lr005,8,Train219.csv,Normal,Normal,True
XGB_lr005,8,Train220.csv,Normal,Normal,True
XGB_lr005,8,Train225.csv,Normal,Normal,True
XGB_lr005,8,Train226.csv,Normal,Normal,True
XGB_lr005,8,Train240.csv,Side II,Side II,True
XGB_lr005,8,Train242.csv,Normal,Normal,True
XGB_lr005,8,Train243.csv,Normal,Normal,True
XGB_lr005,8,Train249.csv,Normal,Normal,True
XGB_lr005,8,Train251.csv,Normal,Side II,False
XGB_lr005,8,Train255.csv,Normal,Normal,True
XGB_lr005,8,Train257.csv,Normal,Normal,True
XGB_lr005,8,Train260.csv,Normal,Normal,True
XGB_lr005,8,Train264.csv,Normal,Normal,True
XGB_lr005,8,Train265.csv,Side II,Side I,False
XGB_lr005,8,Train270.csv,Normal,Normal,True
XGB_lr005,9,Train2.csv,Side II,Side II,True
XGB_lr005,9,Train4.csv,Normal,Normal,True
XGB_lr005,9,Train7.csv,Normal,Normal,True
XGB_lr005,9,Train9.csv,Normal,Normal,True
XGB_lr005,9,Train10.csv,Normal,Normal,True
XGB_lr005,9,Train11.csv,Normal,Normal,True
XGB_lr005,9,Train13.csv,Normal,Normal,True
XGB_lr005,9,Train19.csv,Normal,Normal,True
XGB_lr005,9,Train22.csv,Normal,Normal,True
XGB_lr005,9,Train33.csv,Normal,Normal,True
XGB_lr005,9,Train35.csv,Normal,Normal,True
XGB_lr005,9,Train37.csv,Normal,Normal,True
XGB_lr005,9,Train38.csv,Normal,Normal,True
XGB_lr005,9,Train40.csv,Normal,Normal,True
XGB_lr005,9,Train42.csv,Normal,Normal,True
XGB_lr005,9,Train46.csv,Normal,Normal,True
XGB_lr005,9,Train51.csv,Normal,Normal,True
XGB_lr005,9,Train53.csv,Side II,Side II,True
XGB_lr005,9,Train58.csv,Normal,Normal,True
XGB_lr005,9,Train61.csv,Normal,Normal,True
XGB_lr005,9,Train64.csv,Normal,Normal,True
XGB_lr005,9,Train67.csv,Normal,Normal,True
XGB_lr005,9,Train87.csv,Normal,Normal,True
XGB_lr005,9,Train89.csv,Normal,Normal,True
XGB_lr005,9,Train93.csv,Side II,Side II,True
XGB_lr005,9,Train100.csv,Side I,Side II,False
XGB_lr005,9,Train116.csv,Normal,Normal,True
XGB_lr005,9,Train122.csv,Normal,Normal,True
XGB_lr005,9,Train133.csv,Normal,Normal,True
XGB_lr005,9,Train139.csv,Normal,Normal,True
XGB_lr005,9,Train155.csv,Normal,Normal,True
XGB_lr005,9,Train156.csv,Normal,Normal,True
XGB_lr005,9,Train162.csv,Normal,Normal,True
XGB_lr005,9,Train166.csv,Normal,Normal,True
XGB_lr005,9,Train175.csv,Normal,Normal,True
XGB_lr005,9,Train180.csv,Side I,Normal,False
XGB_lr005,9,Train190.csv,Normal,Normal,True
XGB_lr005,9,Train208.csv,Normal,Normal,True
XGB_lr005,9,Train213.csv,Side I,Side I,True
XGB_lr005,9,Train215.csv,Normal,Normal,True
XGB_lr005,9,Train221.csv,Normal,Normal,True
XGB_lr005,9,Train224.csv,Normal,Normal,True
XGB_lr005,9,Train231.csv,Normal,Normal,True
XGB_lr005,9,Train235.csv,Normal,Normal,True
XGB_lr005,9,Train237.csv,Normal,Normal,True
XGB_lr005,9,Train244.csv,Normal,Normal,True
XGB_lr005,9,Train246.csv,Normal,Normal,True
XGB_lr005,9,Train252.csv,Normal,Normal,True
XGB_lr005,9,Train253.csv,Normal,Normal,True
XGB_lr005,9,Train259.csv,Normal,Normal,True
XGB_lr005,9,Train262.csv,Normal,Normal,True
XGB_lr005,9,Train263.csv,Normal,Normal,True
XGB_lr005,9,Train267.csv,Side II,Side II,True
XGB_lr005,9,Train269.csv,Normal,Normal,True
XGB_lr005,10,Train12.csv,Side II,Side II,True
XGB_lr005,10,Train27.csv,Normal,Normal,True
XGB_lr005,10,Train31.csv,Normal,Normal,True
XGB_lr005,10,Train48.csv,Normal,Normal,True
XGB_lr005,10,Train50.csv,Normal,Normal,True
XGB_lr005,10,Train54.csv,Normal,Normal,True
XGB_lr005,10,Train65.csv,Normal,Normal,True
XGB_lr005,10,Train68.csv,Normal,Normal,True
XGB_lr005,10,Train69.csv,Normal,Normal,True
XGB_lr005,10,Train71.csv,Normal,Normal,True
XGB_lr005,10,Train73.csv,Normal,Normal,True
XGB_lr005,10,Train77.csv,Normal,Normal,True
XGB_lr005,10,Train95.csv,Normal,Normal,True
XGB_lr005,10,Train96.csv,Normal,Normal,True
XGB_lr005,10,Train104.csv,Side II,Side II,True
XGB_lr005,10,Train105.csv,Normal,Normal,True
XGB_lr005,10,Train107.csv,Normal,Normal,True
XGB_lr005,10,Train112.csv,Normal,Normal,True
XGB_lr005,10,Train115.csv,Normal,Normal,True
XGB_lr005,10,Train119.csv,Normal,Normal,True
XGB_lr005,10,Train120.csv,Normal,Normal,True
XGB_lr005,10,Train121.csv,Side I,Normal,False
XGB_lr005,10,Train125.csv,Normal,Normal,True
XGB_lr005,10,Train138.csv,Normal,Normal,True
XGB_lr005,10,Train150.csv,Side I,Side I,True
XGB_lr005,10,Train151.csv,Normal,Normal,True
XGB_lr005,10,Train165.csv,Normal,Normal,True
XGB_lr005,10,Train168.csv,Normal,Normal,True
XGB_lr005,10,Train172.csv,Normal,Normal,True
XGB_lr005,10,Train174.csv,Normal,Normal,True
XGB_lr005,10,Train177.csv,Normal,Side I,False
XGB_lr005,10,Train178.csv,Normal,Normal,True
XGB_lr005,10,Train179.csv,Side II,Side II,True
XGB_lr005,10,Train184.csv,Normal,Normal,True
XGB_lr005,10,Train188.csv,Side II,Side II,True
XGB_lr005,10,Train196.csv,Normal,Normal,True
XGB_lr005,10,Train197.csv,Normal,Side II,False
XGB_lr005,10,Train202.csv,Side I,Normal,False
XGB_lr005,10,Train206.csv,Normal,Normal,True
XGB_lr005,10,Train207.csv,Side II,Side II,True
XGB_lr005,10,Train222.csv,Normal,Normal,True
XGB_lr005,10,Train223.csv,Normal,Normal,True
XGB_lr005,10,Train227.csv,Normal,Normal,True
XGB_lr005,10,Train228.csv,Normal,Normal,True
XGB_lr005,10,Train229.csv,Normal,Normal,True
XGB_lr005,10,Train234.csv,Normal,Normal,True
XGB_lr005,10,Train236.csv,Normal,Normal,True
XGB_lr005,10,Train238.csv,Normal,Normal,True
XGB_lr005,10,Train239.csv,Normal,Normal,True
XGB_lr005,10,Train247.csv,Normal,Normal,True
XGB_lr005,10,Train254.csv,Normal,Normal,True
XGB_lr005,10,Train258.csv,Normal,Normal,True
XGB_lr005,10,Train266.csv,Normal,Normal,True
XGB_lr005,10,Train271.csv,Normal,Normal,True
XGB_lr005,11,Train14.csv,Normal,Normal,True
XGB_lr005,11,Train15.csv,Normal,Normal,True
XGB_lr005,11,Train25.csv,Normal,Normal,True
XGB_lr005,11,Train42.csv,Normal,Normal,True
XGB_lr005,11,Train47.csv,Normal,Normal,True
XGB_lr005,11,Train49.csv,Normal,Normal,True
XGB_lr005,11,Train51.csv,Normal,Normal,True
XGB_lr005,11,Train61.csv,Normal,Normal,True
XGB_lr005,11,Train63.csv,Normal,Normal,True
XGB_lr005,11,Train71.csv,Normal,Normal,True
XGB_lr005,11,Train72.csv,Side II,Side II,True
XGB_lr005,11,Train73.csv,Normal,Normal,True
XGB_lr005,11,Train81.csv,Normal,Normal,True
XGB_lr005,11,Train89.csv,Normal,Normal,True
XGB_lr005,11,Train91.csv,Normal,Normal,True
XGB_lr005,11,Train102.csv,Normal,Normal,True
XGB_lr005,11,Train105.csv,Normal,Normal,True
XGB_lr005,11,Train109.csv,Normal,Normal,True
XGB_lr005,11,Train110.csv,Normal,Normal,True
XGB_lr005,11,Train111.csv,Side II,Side II,True
XGB_lr005,11,Train112.csv,Normal,Normal,True
XGB_lr005,11,Train115.csv,Normal,Normal,True
XGB_lr005,11,Train117.csv,Normal,Normal,True
XGB_lr005,11,Train128.csv,Normal,Normal,True
XGB_lr005,11,Train131.csv,Normal,Normal,True
XGB_lr005,11,Train133.csv,Normal,Normal,True
XGB_lr005,11,Train135.csv,Normal,Normal,True
XGB_lr005,11,Train138.csv,Normal,Normal,True
XGB_lr005,11,Train139.csv,Normal,Normal,True
XGB_lr005,11,Train148.csv,Normal,Normal,True
XGB_lr005,11,Train163.csv,Side I,Side I,True
XGB_lr005,11,Train167.csv,Normal,Normal,True
XGB_lr005,11,Train176.csv,Normal,Normal,True
XGB_lr005,11,Train177.csv,Normal,Side I,False
XGB_lr005,11,Train181.csv,Normal,Normal,True
XGB_lr005,11,Train184.csv,Normal,Normal,True
XGB_lr005,11,Train194.csv,Side I,Side II,False
XGB_lr005,11,Train201.csv,Normal,Normal,True
XGB_lr005,11,Train202.csv,Side I,Normal,False
XGB_lr005,11,Train204.csv,Normal,Normal,True
XGB_lr005,11,Train207.csv,Side II,Side II,True
XGB_lr005,11,Train212.csv,Normal,Normal,True
XGB_lr005,11,Train217.csv,Side II,Side I,False
XGB_lr005,11,Train225.csv,Normal,Normal,True
XGB_lr005,11,Train226.csv,Normal,Normal,True
XGB_lr005,11,Train233.csv,Normal,Normal,True
XGB_lr005,11,Train242.csv,Normal,Normal,True
XGB_lr005,11,Train243.csv,Normal,Normal,True
XGB_lr005,11,Train246.csv,Normal,Normal,True
XGB_lr005,11,Train247.csv,Normal,Normal,True
XGB_lr005,11,Train251.csv,Normal,Side II,False
XGB_lr005,11,Train252.csv,Normal,Normal,True
XGB_lr005,11,Train258.csv,Normal,Normal,True
XGB_lr005,11,Train265.csv,Side II,Side I,False
XGB_lr005,11,Train269.csv,Normal,Normal,True
XGB_lr005,12,Train1.csv,Normal,Normal,True
XGB_lr005,12,Train4.csv,Normal,Normal,True
XGB_lr005,12,Train10.csv,Normal,Normal,True
XGB_lr005,12,Train12.csv,Side II,Side II,True
XGB_lr005,12,Train17.csv,Normal,Normal,True
XGB_lr005,12,Train18.csv,Normal,Normal,True
XGB_lr005,12,Train21.csv,Normal,Normal,True
XGB_lr005,12,Train24.csv,Normal,Normal,True
XGB_lr005,12,Train26.csv,Side II,Side II,True
XGB_lr005,12,Train27.csv,Normal,Normal,True
XGB_lr005,12,Train28.csv,Normal,Normal,True
XGB_lr005,12,Train43.csv,Side II,Side II,True
XGB_lr005,12,Train45.csv,Normal,Normal,True
XGB_lr005,12,Train48.csv,Normal,Normal,True
XGB_lr005,12,Train55.csv,Normal,Normal,True
XGB_lr005,12,Train56.csv,Normal,Normal,True
XGB_lr005,12,Train57.csv,Normal,Normal,True
XGB_lr005,12,Train59.csv,Normal,Normal,True
XGB_lr005,12,Train62.csv,Side I,Side I,True
XGB_lr005,12,Train67.csv,Normal,Normal,True
XGB_lr005,12,Train80.csv,Normal,Normal,True
XGB_lr005,12,Train82.csv,Normal,Normal,True
XGB_lr005,12,Train84.csv,Normal,Normal,True
XGB_lr005,12,Train85.csv,Normal,Normal,True
XGB_lr005,12,Train93.csv,Side II,Side II,True
XGB_lr005,12,Train94.csv,Normal,Normal,True
XGB_lr005,12,Train101.csv,Normal,Normal,True
XGB_lr005,12,Train107.csv,Normal,Normal,True
XGB_lr005,12,Train113.csv,Normal,Normal,True
XGB_lr005,12,Train124.csv,Normal,Normal,True
XGB_lr005,12,Train125.csv,Normal,Normal,True
XGB_lr005,12,Train140.csv,Normal,Normal,True
XGB_lr005,12,Train144.csv,Normal,Normal,True
XGB_lr005,12,Train147.csv,Normal,Normal,True
XGB_lr005,12,Train152.csv,Normal,Normal,True
XGB_lr005,12,Train153.csv,Normal,Normal,True
XGB_lr005,12,Train158.csv,Normal,Normal,True
XGB_lr005,12,Train159.csv,Normal,Normal,True
XGB_lr005,12,Train162.csv,Normal,Normal,True
XGB_lr005,12,Train168.csv,Normal,Normal,True
XGB_lr005,12,Train170.csv,Side I,Normal,False
XGB_lr005,12,Train172.csv,Normal,Normal,True
XGB_lr005,12,Train179.csv,Side II,Side II,True
XGB_lr005,12,Train185.csv,Side I,Normal,False
XGB_lr005,12,Train187.csv,Normal,Normal,True
XGB_lr005,12,Train192.csv,Normal,Normal,True
XGB_lr005,12,Train205.csv,Normal,Normal,True
XGB_lr005,12,Train209.csv,Normal,Normal,True
XGB_lr005,12,Train218.csv,Normal,Normal,True
XGB_lr005,12,Train222.csv,Normal,Normal,True
XGB_lr005,12,Train223.csv,Normal,Normal,True
XGB_lr005,12,Train227.csv,Normal,Normal,True
XGB_lr005,12,Train236.csv,Normal,Normal,True
XGB_lr005,12,Train238.csv,Normal,Normal,True
XGB_lr005,12,Train239.csv,Normal,Normal,True
XGB_lr005,13,Train5.csv,Normal,Normal,True
XGB_lr005,13,Train7.csv,Normal,Normal,True
XGB_lr005,13,Train9.csv,Normal,Normal,True
XGB_lr005,13,Train20.csv,Normal,Normal,True
XGB_lr005,13,Train22.csv,Normal,Normal,True
XGB_lr005,13,Train32.csv,Normal,Normal,True
XGB_lr005,13,Train34.csv,Normal,Normal,True
XGB_lr005,13,Train40.csv,Normal,Normal,True
XGB_lr005,13,Train50.csv,Normal,Normal,True
XGB_lr005,13,Train52.csv,Normal,Normal,True
XGB_lr005,13,Train53.csv,Side II,Side II,True
XGB_lr005,13,Train58.csv,Normal,Normal,True
XGB_lr005,13,Train65.csv,Normal,Normal,True
XGB_lr005,13,Train69.csv,Normal,Normal,True
XGB_lr005,13,Train78.csv,Normal,Normal,True
XGB_lr005,13,Train86.csv,Normal,Normal,True
XGB_lr005,13,Train88.csv,Normal,Normal,True
XGB_lr005,13,Train98.csv,Normal,Normal,True
XGB_lr005,13,Train99.csv,Normal,Normal,True
XGB_lr005,13,Train100.csv,Side I,Side II,False
XGB_lr005,13,Train103.csv,Side II,Side II,True
XGB_lr005,13,Train108.csv,Normal,Normal,True
XGB_lr005,13,Train127.csv,Side II,Side II,True
XGB_lr005,13,Train130.csv,Normal,Normal,True
XGB_lr005,13,Train134.csv,Normal,Normal,True
XGB_lr005,13,Train143.csv,Normal,Normal,True
XGB_lr005,13,Train145.csv,Normal,Normal,True
XGB_lr005,13,Train150.csv,Side I,Normal,False
XGB_lr005,13,Train151.csv,Normal,Normal,True
XGB_lr005,13,Train155.csv,Normal,Normal,True
XGB_lr005,13,Train160.csv,Normal,Normal,True
XGB_lr005,13,Train166.csv,Normal,Normal,True
XGB_lr005,13,Train174.csv,Normal,Normal,True
XGB_lr005,13,Train182.csv,Normal,Normal,True
XGB_lr005,13,Train188.csv,Side II,Side II,True
XGB_lr005,13,Train195.csv,Normal,Normal,True
XGB_lr005,13,Train196.csv,Normal,Normal,True
XGB_lr005,13,Train203.csv,Normal,Normal,True
XGB_lr005,13,Train210.csv,Normal,Normal,True
XGB_lr005,13,Train219.csv,Normal,Normal,True
XGB_lr005,13,Train221.csv,Normal,Normal,True
XGB_lr005,13,Train224.csv,Normal,Normal,True
XGB_lr005,13,Train230.csv,Normal,Normal,True
XGB_lr005,13,Train231.csv,Normal,Normal,True
XGB_lr005,13,Train235.csv,Normal,Normal,True
XGB_lr005,13,Train237.csv,Normal,Normal,True
XGB_lr005,13,Train240.csv,Side II,Normal,False
XGB_lr005,13,Train244.csv,Normal,Normal,True
XGB_lr005,13,Train250.csv,Normal,Normal,True
XGB_lr005,13,Train256.csv,Normal,Normal,True
XGB_lr005,13,Train259.csv,Normal,Normal,True
XGB_lr005,13,Train264.csv,Normal,Normal,True
XGB_lr005,13,Train266.csv,Normal,Normal,True
XGB_lr005,13,Train272.csv,Normal,Normal,True
XGB_lr005,14,Train3.csv,Normal,Normal,True
XGB_lr005,14,Train6.csv,Normal,Normal,True
XGB_lr005,14,Train8.csv,Normal,Normal,True
XGB_lr005,14,Train11.csv,Normal,Normal,True
XGB_lr005,14,Train16.csv,Normal,Normal,True
XGB_lr005,14,Train19.csv,Normal,Normal,True
XGB_lr005,14,Train23.csv,Normal,Normal,True
XGB_lr005,14,Train30.csv,Side II,Side II,True
XGB_lr005,14,Train35.csv,Normal,Normal,True
XGB_lr005,14,Train36.csv,Normal,Normal,True
XGB_lr005,14,Train37.csv,Normal,Normal,True
XGB_lr005,14,Train44.csv,Normal,Normal,True
XGB_lr005,14,Train54.csv,Normal,Normal,True
XGB_lr005,14,Train64.csv,Normal,Normal,True
XGB_lr005,14,Train66.csv,Normal,Normal,True
XGB_lr005,14,Train75.csv,Normal,Normal,True
XGB_lr005,14,Train76.csv,Normal,Normal,True
XGB_lr005,14,Train79.csv,Normal,Normal,True
XGB_lr005,14,Train83.csv,Side I,Side I,True
XGB_lr005,14,Train95.csv,Normal,Normal,True
XGB_lr005,14,Train96.csv,Normal,Normal,True
XGB_lr005,14,Train116.csv,Normal,Normal,True
XGB_lr005,14,Train120.csv,Normal,Normal,True
XGB_lr005,14,Train123.csv,Normal,Normal,True
XGB_lr005,14,Train129.csv,Normal,Normal,True
XGB_lr005,14,Train132.csv,Normal,Normal,True
XGB_lr005,14,Train136.csv,Normal,Normal,True
XGB_lr005,14,Train141.csv,Normal,Normal,True
XGB_lr005,14,Train156.csv,Normal,Normal,True
XGB_lr005,14,Train157.csv,Normal,Normal,True
XGB_lr005,14,Train169.csv,Normal,Normal,True
XGB_lr005,14,Train173.csv,Normal,Normal,True
XGB_lr005,14,Train175.csv,Normal,Normal,True
XGB_lr005,14,Train178.csv,Normal,Normal,True
XGB_lr005,14,Train180.csv,Side I,Normal,False
XGB_lr005,14,Train186.csv,Normal,Normal,True
XGB_lr005,14,Train191.csv,Normal,Normal,True
XGB_lr005,14,Train193.csv,Normal,Normal,True
XGB_lr005,14,Train197.csv,Normal,Normal,True
XGB_lr005,14,Train198.csv,Side II,Side II,True
XGB_lr005,14,Train199.csv,Side II,Side II,True
XGB_lr005,14,Train200.csv,Normal,Normal,True
XGB_lr005,14,Train206.csv,Normal,Normal,True
XGB_lr005,14,Train211.csv,Normal,Normal,True
XGB_lr005,14,Train213.csv,Side I,Side I,True
XGB_lr005,14,Train220.csv,Normal,Normal,True
XGB_lr005,14,Train228.csv,Normal,Normal,True
XGB_lr005,14,Train234.csv,Normal,Normal,True
XGB_lr005,14,Train248.csv,Side II,Side II,True
XGB_lr005,14,Train249.csv,Normal,Normal,True
XGB_lr005,14,Train254.csv,Normal,Normal,True
XGB_lr005,14,Train260.csv,Normal,Normal,True
XGB_lr005,14,Train262.csv,Normal,Normal,True
XGB_lr005,14,Train271.csv,Normal,Normal,True
XGB_lr005,15,Train2.csv,Side II,Normal,False
XGB_lr005,15,Train13.csv,Normal,Normal,True
XGB_lr005,15,Train29.csv,Normal,Normal,True
XGB_lr005,15,Train31.csv,Normal,Normal,True
XGB_lr005,15,Train33.csv,Normal,Normal,True
XGB_lr005,15,Train38.csv,Normal,Normal,True
XGB_lr005,15,Train39.csv,Normal,Normal,True
XGB_lr005,15,Train41.csv,Normal,Normal,True
XGB_lr005,15,Train46.csv,Normal,Normal,True
XGB_lr005,15,Train60.csv,Normal,Normal,True
XGB_lr005,15,Train68.csv,Normal,Normal,True
XGB_lr005,15,Train70.csv,Normal,Normal,True
XGB_lr005,15,Train74.csv,Normal,Normal,True
XGB_lr005,15,Train77.csv,Normal,Normal,True
XGB_lr005,15,Train87.csv,Normal,Normal,True
XGB_lr005,15,Train90.csv,Normal,Normal,True
XGB_lr005,15,Train92.csv,Normal,Normal,True
XGB_lr005,15,Train97.csv,Normal,Normal,True
XGB_lr005,15,Train104.csv,Side II,Side II,True
XGB_lr005,15,Train106.csv,Side I,Normal,False
XGB_lr005,15,Train114.csv,Normal,Normal,True
XGB_lr005,15,Train118.csv,Normal,Normal,True
XGB_lr005,15,Train119.csv,Normal,Normal,True
XGB_lr005,15,Train121.csv,Side I,Normal,False
XGB_lr005,15,Train122.csv,Normal,Normal,True
XGB_lr005,15,Train126.csv,Normal,Normal,True
XGB_lr005,15,Train137.csv,Side I,Side I,True
XGB_lr005,15,Train142.csv,Normal,Normal,True
XGB_lr005,15,Train146.csv,Normal,Normal,True
XGB_lr005,15,Train149.csv,Normal,Normal,True
XGB_lr005,15,Train154.csv,Normal,Normal,True
XGB_lr005,15,Train161.csv,Normal,Normal,True
XGB_lr005,15,Train164.csv,Side II,Side II,True
XGB_lr005,15,Train165.csv,Normal,Normal,True
XGB_lr005,15,Train171.csv,Normal,Normal,True
XGB_lr005,15,Train183.csv,Normal,Normal,True
XGB_lr005,15,Train189.csv,Normal,Normal,True
XGB_lr005,15,Train190.csv,Normal,Normal,True
XGB_lr005,15,Train208.csv,Normal,Normal,True
XGB_lr005,15,Train214.csv,Normal,Normal,True
XGB_lr005,15,Train215.csv,Normal,Normal,True
XGB_lr005,15,Train216.csv,Side II,Normal,False
XGB_lr005,15,Train229.csv,Normal,Normal,True
XGB_lr005,15,Train232.csv,Normal,Normal,True
XGB_lr005,15,Train241.csv,Normal,Normal,True
XGB_lr005,15,Train245.csv,Normal,Normal,True
XGB_lr005,15,Train253.csv,Normal,Normal,True
XGB_lr005,15,Train255.csv,Normal,Normal,True
XGB_lr005,15,Train257.csv,Normal,Normal,True
XGB_lr005,15,Train261.csv,Normal,Normal,True
XGB_lr005,15,Train263.csv,Normal,Normal,True
XGB_lr005,15,Train267.csv,Side II,Side II,True
XGB_lr005,15,Train268.csv,Normal,Normal,True
XGB_lr005,15,Train270.csv,Normal,Normal,True
XGB_lr005,16,Train6.csv,Normal,Normal,True
XGB_lr005,16,Train16.csv,Normal,Normal,True
XGB_lr005,16,Train17.csv,Normal,Normal,True
XGB_lr005,16,Train19.csv,Normal,Normal,True
XGB_lr005,16,Train21.csv,Normal,Normal,True
XGB_lr005,16,Train30.csv,Side II,Side II,True
XGB_lr005,16,Train43.csv,Side II,Side I,False
XGB_lr005,16,Train44.csv,Normal,Normal,True
XGB_lr005,16,Train46.csv,Normal,Normal,True
XGB_lr005,16,Train56.csv,Normal,Normal,True
XGB_lr005,16,Train57.csv,Normal,Normal,True
XGB_lr005,16,Train68.csv,Normal,Normal,True
XGB_lr005,16,Train69.csv,Normal,Normal,True
XGB_lr005,16,Train83.csv,Side I,Side I,True
XGB_lr005,16,Train94.csv,Normal,Normal,True
XGB_lr005,16,Train96.csv,Normal,Normal,True
XGB_lr005,16,Train98.csv,Normal,Normal,True
XGB_lr005,16,Train105.csv,Normal,Normal,True
XGB_lr005,16,Train111.csv,Side II,Side II,True
XGB_lr005,16,Train113.csv,Normal,Normal,True
XGB_lr005,16,Train121.csv,Side I,Normal,False
XGB_lr005,16,Train125.csv,Normal,Normal,True
XGB_lr005,16,Train126.csv,Normal,Normal,True
XGB_lr005,16,Train130.csv,Normal,Normal,True
XGB_lr005,16,Train143.csv,Normal,Normal,True
XGB_lr005,16,Train147.csv,Normal,Normal,True
XGB_lr005,16,Train149.csv,Normal,Normal,True
XGB_lr005,16,Train154.csv,Normal,Normal,True
XGB_lr005,16,Train157.csv,Normal,Normal,True
XGB_lr005,16,Train159.csv,Normal,Normal,True
XGB_lr005,16,Train160.csv,Normal,Normal,True
XGB_lr005,16,Train164.csv,Side II,Side II,True
XGB_lr005,16,Train165.csv,Normal,Normal,True
XGB_lr005,16,Train166.csv,Normal,Normal,True
XGB_lr005,16,Train174.csv,Normal,Normal,True
XGB_lr005,16,Train175.csv,Normal,Normal,True
XGB_lr005,16,Train186.csv,Normal,Normal,True
XGB_lr005,16,Train200.csv,Normal,Normal,True
XGB_lr005,16,Train201.csv,Normal,Normal,True
XGB_lr005,16,Train202.csv,Side I,Normal,False
XGB_lr005,16,Train205.csv,Normal,Normal,True
XGB_lr005,16,Train209.csv,Normal,Normal,True
XGB_lr005,16,Train211.csv,Normal,Normal,True
XGB_lr005,16,Train214.csv,Normal,Normal,True
XGB_lr005,16,Train219.csv,Normal,Normal,True
XGB_lr005,16,Train223.csv,Normal,Normal,True
XGB_lr005,16,Train224.csv,Normal,Normal,True
XGB_lr005,16,Train236.csv,Normal,Normal,True
XGB_lr005,16,Train242.csv,Normal,Normal,True
XGB_lr005,16,Train248.csv,Side II,Side II,True
XGB_lr005,16,Train254.csv,Normal,Normal,True
XGB_lr005,16,Train259.csv,Normal,Normal,True
XGB_lr005,16,Train260.csv,Normal,Normal,True
XGB_lr005,16,Train264.csv,Normal,Normal,True
XGB_lr005,16,Train272.csv,Normal,Normal,True
XGB_lr005,17,Train7.csv,Normal,Normal,True
XGB_lr005,17,Train15.csv,Normal,Normal,True
XGB_lr005,17,Train35.csv,Normal,Normal,True
XGB_lr005,17,Train39.csv,Normal,Normal,True
XGB_lr005,17,Train47.csv,Normal,Normal,True
XGB_lr005,17,Train49.csv,Normal,Normal,True
XGB_lr005,17,Train50.csv,Normal,Normal,True
XGB_lr005,17,Train51.csv,Normal,Normal,True
XGB_lr005,17,Train55.csv,Normal,Normal,True
XGB_lr005,17,Train60.csv,Normal,Normal,True
XGB_lr005,17,Train62.csv,Side I,Side I,True
XGB_lr005,17,Train65.csv,Normal,Normal,True
XGB_lr005,17,Train70.csv,Normal,Normal,True
XGB_lr005,17,Train71.csv,Normal,Normal,True
XGB_lr005,17,Train80.csv,Normal,Normal,True
XGB_lr005,17,Train81.csv,Normal,Normal,True
XGB_lr005,17,Train82.csv,Normal,Normal,True
XGB_lr005,17,Train87.csv,Normal,Normal,True
XGB_lr005,17,Train88.csv,Normal,Normal,True
XGB_lr005,17,Train90.csv,Normal,Normal,True
XGB_lr005,17,Train93.csv,Side II,Side II,True
XGB_lr005,17,Train97.csv,Normal,Normal,True
XGB_lr005,17,Train101.csv,Normal,Normal,True
XGB_lr005,17,Train102.csv,Normal,Normal,True
XGB_lr005,17,Train106.csv,Side I,Normal,False
XGB_lr005,17,Train117.csv,Normal,Normal,True
XGB_lr005,17,Train119.csv,Normal,Normal,True
XGB_lr005,17,Train122.csv,Normal,Normal,True
XGB_lr005,17,Train127.csv,Side II,Side II,True
XGB_lr005,17,Train128.csv,Normal,Normal,True
XGB_lr005,17,Train142.csv,Normal,Normal,True
XGB_lr005,17,Train144.csv,Normal,Normal,True
XGB_lr005,17,Train152.csv,Normal,Normal,True
XGB_lr005,17,Train180.csv,Side I,Side I,True
XGB_lr005,17,Train189.csv,Normal,Normal,True
XGB_lr005,17,Train191.csv,Normal,Normal,True
XGB_lr005,17,Train192.csv,Normal,Normal,True
XGB_lr005,17,Train195.csv,Normal,Normal,True
XGB_lr005,17,Train196.csv,Normal,Normal,True
XGB_lr005,17,Train198.csv,Side II,Side II,True
XGB_lr005,17,Train203.csv,Normal,Normal,True
XGB_lr005,17,Train206.csv,Normal,Normal,True
XGB_lr005,17,Train207.csv,Side II,Side II,True
XGB_lr005,17,Train210.csv,Normal,Normal,True
XGB_lr005,17,Train215.csv,Normal,Normal,True
XGB_lr005,17,Train217.csv,Side II,Normal,False
XGB_lr005,17,Train222.csv,Normal,Normal,True
XGB_lr005,17,Train226.csv,Normal,Normal,True
XGB_lr005,17,Train228.csv,Normal,Normal,True
XGB_lr005,17,Train231.csv,Normal,Normal,True
XGB_lr005,17,Train247.csv,Normal,Normal,True
XGB_lr005,17,Train258.csv,Normal,Normal,True
XGB_lr005,17,Train261.csv,Normal,Normal,True
XGB_lr005,17,Train263.csv,Normal,Normal,True
XGB_lr005,17,Train266.csv,Normal,Normal,True
XGB_lr005,18,Train3.csv,Normal,Normal,True
XGB_lr005,18,Train13.csv,Normal,Normal,True
XGB_lr005,18,Train14.csv,Normal,Normal,True
XGB_lr005,18,Train22.csv,Normal,Normal,True
XGB_lr005,18,Train23.csv,Normal,Normal,True
XGB_lr005,18,Train26.csv,Side II,Side II,True
XGB_lr005,18,Train27.csv,Normal,Normal,True
XGB_lr005,18,Train32.csv,Normal,Normal,True
XGB_lr005,18,Train36.csv,Normal,Normal,True
XGB_lr005,18,Train37.csv,Normal,Normal,True
XGB_lr005,18,Train38.csv,Normal,Normal,True
XGB_lr005,18,Train40.csv,Normal,Normal,True
XGB_lr005,18,Train41.csv,Normal,Normal,True
XGB_lr005,18,Train45.csv,Normal,Normal,True
XGB_lr005,18,Train48.csv,Normal,Normal,True
XGB_lr005,18,Train54.csv,Normal,Normal,True
XGB_lr005,18,Train58.csv,Normal,Normal,True
XGB_lr005,18,Train67.csv,Normal,Normal,True
XGB_lr005,18,Train72.csv,Side II,Side II,True
XGB_lr005,18,Train75.csv,Normal,Normal,True
XGB_lr005,18,Train78.csv,Normal,Normal,True
XGB_lr005,18,Train79.csv,Normal,Normal,True
XGB_lr005,18,Train103.csv,Side II,Side II,True
XGB_lr005,18,Train115.csv,Normal,Normal,True
XGB_lr005,18,Train118.csv,Normal,Normal,True
XGB_lr005,18,Train124.csv,Normal,Normal,True
XGB_lr005,18,Train129.csv,Normal,Normal,True
XGB_lr005,18,Train135.csv,Normal,Normal,True
XGB_lr005,18,Train136.csv,Normal,Normal,True
XGB_lr005,18,Train139.csv,Normal,Normal,True
XGB_lr005,18,Train141.csv,Normal,Normal,True
XGB_lr005,18,Train156.csv,Normal,Normal,True
XGB_lr005,18,Train171.csv,Normal,Normal,True
XGB_lr005,18,Train172.csv,Normal,Normal,True
XGB_lr005,18,Train177.csv,Normal,Side I,False
XGB_lr005,18,Train181.csv,Normal,Normal,True
XGB_lr005,18,Train182.csv,Normal,Normal,True
XGB_lr005,18,Train193.csv,Normal,Normal,True
XGB_lr005,18,Train194.csv,Side I,Side II,False
XGB_lr005,18,Train197.csv,Normal,Normal,True
XGB_lr005,18,Train212.csv,Normal,Normal,True
XGB_lr005,18,Train213.csv,Side I,Side I,True
XGB_lr005,18,Train227.csv,Normal,Normal,True
XGB_lr005,18,Train234.csv,Normal,Normal,True
XGB_lr005,18,Train239.csv,Normal,Normal,True
XGB_lr005,18,Train240.csv,Side II,Side II,True
XGB_lr005,18,Train244.csv,Normal,Normal,True
XGB_lr005,18,Train246.csv,Normal,Normal,True
XGB_lr005,18,Train251.csv,Normal,Side II,False
XGB_lr005,18,Train252.csv,Normal,Normal,True
XGB_lr005,18,Train255.csv,Normal,Normal,True
XGB_lr005,18,Train265.csv,Side II,Side I,False
XGB_lr005,18,Train270.csv,Normal,Normal,True
XGB_lr005,18,Train271.csv,Normal,Normal,True
XGB_lr005,19,Train8.csv,Normal,Normal,True
XGB_lr005,19,Train9.csv,Normal,Normal,True
XGB_lr005,19,Train24.csv,Normal,Normal,True
XGB_lr005,19,Train25.csv,Normal,Normal,True
XGB_lr005,19,Train33.csv,Normal,Normal,True
XGB_lr005,19,Train42.csv,Normal,Normal,True
XGB_lr005,19,Train59.csv,Normal,Normal,True
XGB_lr005,19,Train63.csv,Normal,Normal,True
XGB_lr005,19,Train64.csv,Normal,Normal,True
XGB_lr005,19,Train66.csv,Normal,Normal,True
XGB_lr005,19,Train76.csv,Normal,Normal,True
XGB_lr005,19,Train86.csv,Normal,Normal,True
XGB_lr005,19,Train89.csv,Normal,Normal,True
XGB_lr005,19,Train91.csv,Normal,Normal,True
XGB_lr005,19,Train92.csv,Normal,Normal,True
XGB_lr005,19,Train99.csv,Normal,Normal,True
XGB_lr005,19,Train100.csv,Side I,Side II,False
XGB_lr005,19,Train104.csv,Side II,Side II,True
XGB_lr005,19,Train107.csv,Normal,Normal,True
XGB_lr005,19,Train108.csv,Normal,Normal,True
XGB_lr005,19,Train110.csv,Normal,Normal,True
XGB_lr005,19,Train120.csv,Normal,Normal,True
XGB_lr005,19,Train131.csv,Normal,Normal,True
XGB_lr005,19,Train133.csv,Normal,Normal,True
XGB_lr005,19,Train134.csv,Normal,Normal,True
XGB_lr005,19,Train138.csv,Normal,Normal,True
XGB_lr005,19,Train145.csv,Normal,Normal,True
XGB_lr005,19,Train155.csv,Normal,Normal,True
XGB_lr005,19,Train158.csv,Normal,Normal,True
XGB_lr005,19,Train161.csv,Normal,Normal,True
XGB_lr005,19,Train163.csv,Side I,Side I,True
XGB_lr005,19,Train168.csv,Normal,Normal,True
XGB_lr005,19,Train169.csv,Normal,Normal,True
XGB_lr005,19,Train170.csv,Side I,Normal,False
XGB_lr005,19,Train173.csv,Normal,Normal,True
XGB_lr005,19,Train176.csv,Normal,Normal,True
XGB_lr005,19,Train178.csv,Normal,Normal,True
XGB_lr005,19,Train184.csv,Normal,Normal,True
XGB_lr005,19,Train187.csv,Normal,Normal,True
XGB_lr005,19,Train188.csv,Side II,Side II,True
XGB_lr005,19,Train190.csv,Normal,Normal,True
XGB_lr005,19,Train216.csv,Side II,Normal,False
XGB_lr005,19,Train218.csv,Normal,Normal,True
XGB_lr005,19,Train221.csv,Normal,Normal,True
XGB_lr005,19,Train225.csv,Normal,Normal,True
XGB_lr005,19,Train229.csv,Normal,Normal,True
XGB_lr005,19,Train230.csv,Normal,Normal,True
XGB_lr005,19,Train232.csv,Normal,Normal,True
XGB_lr005,19,Train243.csv,Normal,Normal,True
XGB_lr005,19,Train249.csv,Normal,Normal,True
XGB_lr005,19,Train250.csv,Normal,Normal,True
XGB_lr005,19,Train267.csv,Side II,Side II,True
XGB_lr005,19,Train268.csv,Normal,Normal,True
XGB_lr005,19,Train269.csv,Normal,Normal,True
XGB_lr005,20,Train1.csv,Normal,Normal,True
XGB_lr005,20,Train2.csv,Side II,Normal,False
XGB_lr005,20,Train4.csv,Normal,Normal,True
XGB_lr005,20,Train5.csv,Normal,Normal,True
XGB_lr005,20,Train10.csv,Normal,Normal,True
XGB_lr005,20,Train11.csv,Normal,Normal,True
XGB_lr005,20,Train12.csv,Side II,Side II,True
XGB_lr005,20,Train18.csv,Normal,Normal,True
XGB_lr005,20,Train20.csv,Normal,Normal,True
XGB_lr005,20,Train28.csv,Normal,Normal,True
XGB_lr005,20,Train29.csv,Normal,Normal,True
XGB_lr005,20,Train31.csv,Normal,Normal,True
XGB_lr005,20,Train34.csv,Normal,Normal,True
XGB_lr005,20,Train52.csv,Normal,Normal,True
XGB_lr005,20,Train53.csv,Side II,Side II,True
XGB_lr005,20,Train61.csv,Normal,Normal,True
XGB_lr005,20,Train73.csv,Normal,Normal,True
XGB_lr005,20,Train74.csv,Normal,Normal,True
XGB_lr005,20,Train77.csv,Normal,Normal,True
XGB_lr005,20,Train84.csv,Normal,Normal,True
XGB_lr005,20,Train85.csv,Normal,Normal,True
XGB_lr005,20,Train95.csv,Normal,Normal,True
XGB_lr005,20,Train109.csv,Normal,Normal,True
XGB_lr005,20,Train112.csv,Normal,Normal,True
XGB_lr005,20,Train114.csv,Normal,Normal,True
XGB_lr005,20,Train116.csv,Normal,Normal,True
XGB_lr005,20,Train123.csv,Normal,Side I,False
XGB_lr005,20,Train132.csv,Normal,Normal,True
XGB_lr005,20,Train137.csv,Side I,Side I,True
XGB_lr005,20,Train140.csv,Normal,Normal,True
XGB_lr005,20,Train146.csv,Normal,Normal,True
XGB_lr005,20,Train148.csv,Normal,Normal,True
XGB_lr005,20,Train150.csv,Side I,Normal,False
XGB_lr005,20,Train151.csv,Normal,Normal,True
XGB_lr005,20,Train153.csv,Normal,Normal,True
XGB_lr005,20,Train162.csv,Normal,Normal,True
XGB_lr005,20,Train167.csv,Normal,Normal,True
XGB_lr005,20,Train179.csv,Side II,Side II,True
XGB_lr005,20,Train183.csv,Normal,Normal,True
XGB_lr005,20,Train185.csv,Side I,Normal,False
XGB_lr005,20,Train199.csv,Side II,Side II,True
XGB_lr005,20,Train204.csv,Normal,Normal,True
XGB_lr005,20,Train208.csv,Normal,Normal,True
XGB_lr005,20,Train220.csv,Normal,Normal,True
XGB_lr005,20,Train233.csv,Normal,Normal,True
XGB_lr005,20,Train235.csv,Normal,Normal,True
XGB_lr005,20,Train237.csv,Normal,Normal,True
XGB_lr005,20,Train238.csv,Normal,Normal,True
XGB_lr005,20,Train241.csv,Normal,Normal,True
XGB_lr005,20,Train245.csv,Normal,Normal,True
XGB_lr005,20,Train253.csv,Normal,Normal,True
XGB_lr005,20,Train256.csv,Normal,Normal,True
XGB_lr005,20,Train257.csv,Normal,Normal,True
XGB_lr005,20,Train262.csv,Normal,Normal,True
XGB_lr005,21,Train1.csv,Normal,Normal,True
XGB_lr005,21,Train3.csv,Normal,Normal,True
XGB_lr005,21,Train4.csv,Normal,Normal,True
XGB_lr005,21,Train5.csv,Normal,Normal,True
XGB_lr005,21,Train6.csv,Normal,Normal,True
XGB_lr005,21,Train10.csv,Normal,Normal,True
XGB_lr005,21,Train12.csv,Side II,Side II,True
XGB_lr005,21,Train19.csv,Normal,Normal,True
XGB_lr005,21,Train33.csv,Normal,Normal,True
XGB_lr005,21,Train40.csv,Normal,Normal,True
XGB_lr005,21,Train43.csv,Side II,Side I,False
XGB_lr005,21,Train59.csv,Normal,Normal,True
XGB_lr005,21,Train67.csv,Normal,Normal,True
XGB_lr005,21,Train74.csv,Normal,Normal,True
XGB_lr005,21,Train77.csv,Normal,Normal,True
XGB_lr005,21,Train79.csv,Normal,Normal,True
XGB_lr005,21,Train87.csv,Normal,Normal,True
XGB_lr005,21,Train88.csv,Normal,Normal,True
XGB_lr005,21,Train90.csv,Normal,Normal,True
XGB_lr005,21,Train92.csv,Normal,Normal,True
XGB_lr005,21,Train96.csv,Normal,Normal,True
XGB_lr005,21,Train97.csv,Normal,Normal,True
XGB_lr005,21,Train100.csv,Side I,Side II,False
XGB_lr005,21,Train107.csv,Normal,Normal,True
XGB_lr005,21,Train116.csv,Normal,Normal,True
XGB_lr005,21,Train124.csv,Normal,Normal,True
XGB_lr005,21,Train126.csv,Normal,Side II,False
XGB_lr005,21,Train127.csv,Side II,Side II,True
XGB_lr005,21,Train137.csv,Side I,Side I,True
XGB_lr005,21,Train139.csv,Normal,Normal,True
XGB_lr005,21,Train147.csv,Normal,Normal,True
XGB_lr005,21,Train154.csv,Normal,Normal,True
XGB_lr005,21,Train156.csv,Normal,Normal,True
XGB_lr005,21,Train170.csv,Side I,Normal,False
XGB_lr005,21,Train173.csv,Normal,Normal,True
XGB_lr005,21,Train176.csv,Normal,Side II,False
XGB_lr005,21,Train177.csv,Normal,Side I,False
XGB_lr005,21,Train178.csv,Normal,Normal,True
XGB_lr005,21,Train184.csv,Normal,Normal,True
XGB_lr005,21,Train191.csv,Normal,Normal,True
XGB_lr005,21,Train208.csv,Normal,Normal,True
XGB_lr005,21,Train211.csv,Normal,Normal,True
XGB_lr005,21,Train217.csv,Side II,Side I,False
XGB_lr005,21,Train219.csv,Normal,Normal,True
XGB_lr005,21,Train222.csv,Normal,Normal,True
XGB_lr005,21,Train223.csv,Normal,Normal,True
XGB_lr005,21,Train224.csv,Normal,Normal,True
XGB_lr005,21,Train225.csv,Normal,Normal,True
XGB_lr005,21,Train239.csv,Normal,Normal,True
XGB_lr005,21,Train244.csv,Normal,Normal,True
XGB_lr005,21,Train253.csv,Normal,Normal,True
XGB_lr005,21,Train254.csv,Normal,Normal,True
XGB_lr005,21,Train263.csv,Normal,Normal,True
XGB_lr005,21,Train265.csv,Side II,Side I,False
XGB_lr005,21,Train271.csv,Normal,Normal,True
XGB_lr005,22,Train7.csv,Normal,Normal,True
XGB_lr005,22,Train9.csv,Normal,Normal,True
XGB_lr005,22,Train24.csv,Normal,Normal,True
XGB_lr005,22,Train28.csv,Normal,Normal,True
XGB_lr005,22,Train29.csv,Normal,Normal,True
XGB_lr005,22,Train41.csv,Normal,Normal,True
XGB_lr005,22,Train51.csv,Normal,Normal,True
XGB_lr005,22,Train52.csv,Normal,Normal,True
XGB_lr005,22,Train60.csv,Normal,Normal,True
XGB_lr005,22,Train61.csv,Normal,Normal,True
XGB_lr005,22,Train64.csv,Normal,Normal,True
XGB_lr005,22,Train69.csv,Normal,Normal,True
XGB_lr005,22,Train70.csv,Normal,Normal,True
XGB_lr005,22,Train78.csv,Normal,Normal,True
XGB_lr005,22,Train86.csv,Normal,Normal,True
XGB_lr005,22,Train93.csv,Side II,Side II,True
XGB_lr005,22,Train98.csv,Normal,Normal,True
XGB_lr005,22,Train99.csv,Normal,Normal,True
XGB_lr005,22,Train101.csv,Normal,Normal,True
XGB_lr005,22,Train105.csv,Normal,Normal,True
XGB_lr005,22,Train112.csv,Normal,Normal,True
XGB_lr005,22,Train118.csv,Normal,Normal,True
XGB_lr005,22,Train119.csv,Normal,Normal,True
XGB_lr005,22,Train123.csv,Normal,Side I,False
XGB_lr005,22,Train131.csv,Normal,Normal,True
XGB_lr005,22,Train133.csv,Normal,Normal,True
XGB_lr005,22,Train134.csv,Normal,Normal,True
XGB_lr005,22,Train135.csv,Normal,Normal,True
XGB_lr005,22,Train136.csv,Normal,Normal,True
XGB_lr005,22,Train140.csv,Normal,Normal,True
XGB_lr005,22,Train144.csv,Normal,Normal,True
XGB_lr005,22,Train148.csv,Normal,Normal,True
XGB_lr005,22,Train150.csv,Side I,Side I,True
XGB_lr005,22,Train152.csv,Normal,Normal,True
XGB_lr005,22,Train160.csv,Normal,Normal,True
XGB_lr005,22,Train162.csv,Normal,Normal,True
XGB_lr005,22,Train164.csv,Side II,Side II,True
XGB_lr005,22,Train165.csv,Normal,Normal,True
XGB_lr005,22,Train167.csv,Normal,Normal,True
XGB_lr005,22,Train181.csv,Normal,Normal,True
XGB_lr005,22,Train185.csv,Side I,Normal,False
XGB_lr005,22,Train186.csv,Normal,Normal,True
XGB_lr005,22,Train188.csv,Side II,Side II,True
XGB_lr005,22,Train190.csv,Normal,Normal,True
XGB_lr005,22,Train197.csv,Normal,Normal,True
XGB_lr005,22,Train199.csv,Side II,Side II,True
XGB_lr005,22,Train209.csv,Normal,Normal,True
XGB_lr005,22,Train213.csv,Side I,Side I,True
XGB_lr005,22,Train221.csv,Normal,Normal,True
XGB_lr005,22,Train232.csv,Normal,Normal,True
XGB_lr005,22,Train233.csv,Normal,Normal,True
XGB_lr005,22,Train251.csv,Normal,Side II,False
XGB_lr005,22,Train255.csv,Normal,Normal,True
XGB_lr005,22,Train256.csv,Normal,Normal,True
XGB_lr005,22,Train267.csv,Side II,Side II,True
XGB_lr005,23,Train2.csv,Side II,Normal,False
XGB_lr005,23,Train11.csv,Normal,Normal,True
XGB_lr005,23,Train22.csv,Normal,Normal,True
XGB_lr005,23,Train30.csv,Side II,Side II,True
XGB_lr005,23,Train42.csv,Normal,Normal,True
XGB_lr005,23,Train48.csv,Normal,Normal,True
XGB_lr005,23,Train49.csv,Normal,Normal,True
XGB_lr005,23,Train54.csv,Normal,Normal,True
XGB_lr005,23,Train56.csv,Normal,Normal,True
XGB_lr005,23,Train63.csv,Normal,Normal,True
XGB_lr005,23,Train73.csv,Normal,Normal,True
XGB_lr005,23,Train80.csv,Normal,Normal,True
XGB_lr005,23,Train81.csv,Normal,Normal,True
XGB_lr005,23,Train82.csv,Normal,Normal,True
XGB_lr005,23,Train83.csv,Side I,Side I,True
XGB_lr005,23,Train94.csv,Normal,Normal,True
XGB_lr005,23,Train95.csv,Normal,Normal,True
XGB_lr005,23,Train102.csv,Normal,Normal,True
XGB_lr005,23,Train109.csv,Normal,Normal,True
XGB_lr005,23,Train110.csv,Normal,Normal,True
XGB_lr005,23,Train113.csv,Normal,Normal,True
XGB_lr005,23,Train120.csv,Normal,Normal,True
XGB_lr005,23,Train122.csv,Normal,Normal,True
XGB_lr005,23,Train138.csv,Normal,Normal,True
XGB_lr005,23,Train143.csv,Normal,Normal,True
XGB_lr005,23,Train146.csv,Normal,Normal,True
XGB_lr005,23,Train157.csv,Normal,Normal,True
XGB_lr005,23,Train163.csv,Side I,Side I,True
XGB_lr005,23,Train168.csv,Normal,Normal,True
XGB_lr005,23,Train171.csv,Normal,Normal,True
XGB_lr005,23,Train179.csv,Side II,Side II,True
XGB_lr005,23,Train182.csv,Normal,Normal,True
XGB_lr005,23,Train183.csv,Normal,Normal,True
XGB_lr005,23,Train187.csv,Normal,Normal,True
XGB_lr005,23,Train189.csv,Normal,Normal,True
XGB_lr005,23,Train192.csv,Normal,Normal,True
XGB_lr005,23,Train193.csv,Normal,Normal,True
XGB_lr005,23,Train196.csv,Normal,Normal,True
XGB_lr005,23,Train198.csv,Side II,Side II,True
XGB_lr005,23,Train201.csv,Normal,Normal,True
XGB_lr005,23,Train205.csv,Normal,Normal,True
XGB_lr005,23,Train206.csv,Normal,Normal,True
XGB_lr005,23,Train212.csv,Normal,Normal,True
XGB_lr005,23,Train215.csv,Normal,Normal,True
XGB_lr005,23,Train227.csv,Normal,Normal,True
XGB_lr005,23,Train228.csv,Normal,Normal,True
XGB_lr005,23,Train230.csv,Normal,Normal,True
XGB_lr005,23,Train237.csv,Normal,Normal,True
XGB_lr005,23,Train240.csv,Side II,Normal,False
XGB_lr005,23,Train243.csv,Normal,Normal,True
XGB_lr005,23,Train246.csv,Normal,Normal,True
XGB_lr005,23,Train249.csv,Normal,Normal,True
XGB_lr005,23,Train252.csv,Normal,Normal,True
XGB_lr005,23,Train261.csv,Normal,Normal,True
XGB_lr005,24,Train8.csv,Normal,Normal,True
XGB_lr005,24,Train13.csv,Normal,Normal,True
XGB_lr005,24,Train14.csv,Normal,Normal,True
XGB_lr005,24,Train15.csv,Normal,Normal,True
XGB_lr005,24,Train16.csv,Normal,Normal,True
XGB_lr005,24,Train20.csv,Normal,Normal,True
XGB_lr005,24,Train26.csv,Side II,Side II,True
XGB_lr005,24,Train27.csv,Normal,Normal,True
XGB_lr005,24,Train34.csv,Normal,Normal,True
XGB_lr005,24,Train36.csv,Normal,Normal,True
XGB_lr005,24,Train38.csv,Normal,Normal,True
XGB_lr005,24,Train44.csv,Normal,Normal,True
XGB_lr005,24,Train45.csv,Normal,Normal,True
XGB_lr005,24,Train47.csv,Normal,Normal,True
XGB_lr005,24,Train50.csv,Normal,Normal,True
XGB_lr005,24,Train53.csv,Side II,Side II,True
XGB_lr005,24,Train55.csv,Normal,Normal,True
XGB_lr005,24,Train57.csv,Normal,Normal,True
XGB_lr005,24,Train58.csv,Normal,Normal,True
XGB_lr005,24,Train66.csv,Normal,Normal,True
XGB_lr005,24,Train68.csv,Normal,Normal,True
XGB_lr005,24,Train75.csv,Normal,Normal,True
XGB_lr005,24,Train76.csv,Normal,Normal,True
XGB_lr005,24,Train85.csv,Normal,Normal,True
XGB_lr005,24,Train91.csv,Normal,Normal,True
XGB_lr005,24,Train103.csv,Side II,Side II,True
XGB_lr005,24,Train108.csv,Normal,Normal,True
XGB_lr005,24,Train114.csv,Normal,Normal,True
XGB_lr005,24,Train117.csv,Normal,Normal,True
XGB_lr005,24,Train121.csv,Side I,Normal,False
XGB_lr005,24,Train128.csv,Normal,Normal,True
XGB_lr005,24,Train130.csv,Normal,Normal,True
XGB_lr005,24,Train151.csv,Normal,Normal,True
XGB_lr005,24,Train153.csv,Normal,Normal,True
XGB_lr005,24,Train155.csv,Normal,Normal,True
XGB_lr005,24,Train158.csv,Normal,Normal,True
XGB_lr005,24,Train159.csv,Normal,Normal,True
XGB_lr005,24,Train166.csv,Normal,Normal,True
XGB_lr005,24,Train169.csv,Normal,Normal,True
XGB_lr005,24,Train172.csv,Normal,Normal,True
XGB_lr005,24,Train174.csv,Normal,Normal,True
XGB_lr005,24,Train180.csv,Side I,Side I,True
XGB_lr005,24,Train194.csv,Side I,Side II,False
XGB_lr005,24,Train207.csv,Side II,Side II,True
XGB_lr005,24,Train220.csv,Normal,Normal,True
XGB_lr005,24,Train231.csv,Normal,Normal,True
XGB_lr005,24,Train241.csv,Normal,Normal,True
XGB_lr005,24,Train242.csv,Normal,Normal,True
XGB_lr005,24,Train245.csv,Normal,Normal,True
XGB_lr005,24,Train259.csv,Normal,Normal,True
XGB_lr005,24,Train262.csv,Normal,Normal,True
XGB_lr005,24,Train266.csv,Normal,Normal,True
XGB_lr005,24,Train268.csv,Normal,Normal,True
XGB_lr005,24,Train272.csv,Normal,Normal,True
XGB_lr005,25,Train17.csv,Normal,Normal,True
XGB_lr005,25,Train18.csv,Normal,Normal,True
XGB_lr005,25,Train21.csv,Normal,Normal,True
XGB_lr005,25,Train23.csv,Normal,Normal,True
XGB_lr005,25,Train25.csv,Normal,Normal,True
XGB_lr005,25,Train31.csv,Normal,Normal,True
XGB_lr005,25,Train32.csv,Normal,Normal,True
XGB_lr005,25,Train35.csv,Normal,Normal,True
XGB_lr005,25,Train37.csv,Normal,Normal,True
XGB_lr005,25,Train39.csv,Normal,Normal,True
XGB_lr005,25,Train46.csv,Normal,Normal,True
XGB_lr005,25,Train62.csv,Side I,Side I,True
XGB_lr005,25,Train65.csv,Normal,Normal,True
XGB_lr005,25,Train71.csv,Normal,Normal,True
XGB_lr005,25,Train72.csv,Side II,Side II,True
XGB_lr005,25,Train84.csv,Normal,Normal,True
XGB_lr005,25,Train89.csv,Normal,Normal,True
XGB_lr005,25,Train104.csv,Side II,Side II,True
XGB_lr005,25,Train106.csv,Side I,Normal,False
XGB_lr005,25,Train111.csv,Side II,Side II,True
XGB_lr005,25,Train115.csv,Normal,Normal,True
XGB_lr005,25,Train125.csv,Normal,Normal,True
XGB_lr005,25,Train129.csv,Normal,Normal,True
XGB_lr005,25,Train132.csv,Normal,Normal,True
XGB_lr005,25,Train141.csv,Normal,Normal,True
XGB_lr005,25,Train142.csv,Normal,Normal,True
XGB_lr005,25,Train145.csv,Normal,Normal,True
XGB_lr005,25,Train149.csv,Normal,Normal,True
XGB_lr005,25,Train161.csv,Normal,Normal,True
XGB_lr005,25,Train175.csv,Normal,Normal,True
XGB_lr005,25,Train195.csv,Normal,Normal,True
XGB_lr005,25,Train200.csv,Normal,Normal,True
XGB_lr005,25,Train202.csv,Side I,Normal,False
XGB_lr005,25,Train203.csv,Normal,Normal,True
XGB_lr005,25,Train204.csv,Normal,Normal,True
XGB_lr005,25,Train210.csv,Normal,Normal,True
XGB_lr005,25,Train214.csv,Normal,Normal,True
XGB_lr005,25,Train216.csv,Side II,Normal,False
XGB_lr005,25,Train218.csv,Normal,Normal,True
XGB_lr005,25,Train226.csv,Normal,Normal,True
XGB_lr005,25,Train229.csv,Normal,Normal,True
XGB_lr005,25,Train234.csv,Normal,Normal,True
XGB_lr005,25,Train235.csv,Normal,Normal,True
XGB_lr005,25,Train236.csv,Normal,Normal,True
XGB_lr005,25,Train238.csv,Normal,Normal,True
XGB_lr005,25,Train247.csv,Normal,Normal,True
XGB_lr005,25,Train248.csv,Side II,Side II,True
XGB_lr005,25,Train250.csv,Normal,Normal,True
XGB_lr005,25,Train257.csv,Normal,Normal,True
XGB_lr005,25,Train258.csv,Normal,Normal,True
XGB_lr005,25,Train260.csv,Normal,Normal,True
XGB_lr005,25,Train264.csv,Normal,Normal,True
XGB_lr005,25,Train269.csv,Normal,Normal,True
XGB_lr005,25,Train270.csv,Normal,Normal,True
XGB_child3,1,Train5.csv,Normal,Normal,True
XGB_child3,1,Train11.csv,Normal,Normal,True
XGB_child3,1,Train12.csv,Side II,Side II,True
XGB_child3,1,Train16.csv,Normal,Normal,True
XGB_child3,1,Train19.csv,Normal,Normal,True
XGB_child3,1,Train22.csv,Normal,Normal,True
XGB_child3,1,Train24.csv,Normal,Normal,True
XGB_child3,1,Train26.csv,Side II,Side II,True
XGB_child3,1,Train29.csv,Normal,Normal,True
XGB_child3,1,Train30.csv,Side II,Normal,False
XGB_child3,1,Train34.csv,Normal,Normal,True
XGB_child3,1,Train37.csv,Normal,Normal,True
XGB_child3,1,Train42.csv,Normal,Normal,True
XGB_child3,1,Train66.csv,Normal,Normal,True
XGB_child3,1,Train78.csv,Normal,Normal,True
XGB_child3,1,Train82.csv,Normal,Normal,True
XGB_child3,1,Train92.csv,Normal,Normal,True
XGB_child3,1,Train94.csv,Normal,Normal,True
XGB_child3,1,Train95.csv,Normal,Normal,True
XGB_child3,1,Train96.csv,Normal,Normal,True
XGB_child3,1,Train97.csv,Normal,Normal,True
XGB_child3,1,Train100.csv,Side I,Side II,False
XGB_child3,1,Train109.csv,Normal,Normal,True
XGB_child3,1,Train115.csv,Normal,Normal,True
XGB_child3,1,Train119.csv,Normal,Normal,True
XGB_child3,1,Train120.csv,Normal,Normal,True
XGB_child3,1,Train123.csv,Normal,Side I,False
XGB_child3,1,Train134.csv,Normal,Normal,True
XGB_child3,1,Train138.csv,Normal,Normal,True
XGB_child3,1,Train142.csv,Normal,Normal,True
XGB_child3,1,Train143.csv,Normal,Normal,True
XGB_child3,1,Train146.csv,Normal,Normal,True
XGB_child3,1,Train147.csv,Normal,Normal,True
XGB_child3,1,Train149.csv,Normal,Normal,True
XGB_child3,1,Train152.csv,Normal,Normal,True
XGB_child3,1,Train161.csv,Normal,Normal,True
XGB_child3,1,Train165.csv,Normal,Normal,True
XGB_child3,1,Train167.csv,Normal,Normal,True
XGB_child3,1,Train172.csv,Normal,Normal,True
XGB_child3,1,Train177.csv,Normal,Side I,False
XGB_child3,1,Train180.csv,Side I,Normal,False
XGB_child3,1,Train182.csv,Normal,Normal,True
XGB_child3,1,Train185.csv,Side I,Normal,False
XGB_child3,1,Train195.csv,Normal,Normal,True
XGB_child3,1,Train196.csv,Normal,Normal,True
XGB_child3,1,Train198.csv,Side II,Side II,True
XGB_child3,1,Train206.csv,Normal,Normal,True
XGB_child3,1,Train208.csv,Normal,Normal,True
XGB_child3,1,Train212.csv,Normal,Normal,True
XGB_child3,1,Train216.csv,Side II,Normal,False
XGB_child3,1,Train236.csv,Normal,Normal,True
XGB_child3,1,Train244.csv,Normal,Normal,True
XGB_child3,1,Train247.csv,Normal,Normal,True
XGB_child3,1,Train263.csv,Normal,Normal,True
XGB_child3,1,Train269.csv,Normal,Normal,True
XGB_child3,2,Train1.csv,Normal,Normal,True
XGB_child3,2,Train9.csv,Normal,Normal,True
XGB_child3,2,Train14.csv,Normal,Normal,True
XGB_child3,2,Train31.csv,Normal,Normal,True
XGB_child3,2,Train33.csv,Normal,Normal,True
XGB_child3,2,Train36.csv,Normal,Normal,True
XGB_child3,2,Train43.csv,Side II,Side I,False
XGB_child3,2,Train49.csv,Normal,Normal,True
XGB_child3,2,Train52.csv,Normal,Normal,True
XGB_child3,2,Train53.csv,Side II,Side II,True
XGB_child3,2,Train65.csv,Normal,Normal,True
XGB_child3,2,Train73.csv,Normal,Normal,True
XGB_child3,2,Train76.csv,Normal,Normal,True
XGB_child3,2,Train77.csv,Normal,Normal,True
XGB_child3,2,Train81.csv,Normal,Normal,True
XGB_child3,2,Train84.csv,Normal,Normal,True
XGB_child3,2,Train88.csv,Normal,Normal,True
XGB_child3,2,Train102.csv,Normal,Normal,True
XGB_child3,2,Train108.csv,Normal,Normal,True
XGB_child3,2,Train113.csv,Normal,Normal,True
XGB_child3,2,Train121.csv,Side I,Normal,False
XGB_child3,2,Train122.csv,Normal,Normal,True
XGB_child3,2,Train129.csv,Normal,Normal,True
XGB_child3,2,Train130.csv,Normal,Normal,True
XGB_child3,2,Train136.csv,Normal,Normal,True
XGB_child3,2,Train150.csv,Side I,Side I,True
XGB_child3,2,Train154.csv,Normal,Normal,True
XGB_child3,2,Train158.csv,Normal,Normal,True
XGB_child3,2,Train160.csv,Normal,Normal,True
XGB_child3,2,Train171.csv,Normal,Normal,True
XGB_child3,2,Train174.csv,Normal,Normal,True
XGB_child3,2,Train184.csv,Normal,Normal,True
XGB_child3,2,Train191.csv,Normal,Normal,True
XGB_child3,2,Train193.csv,Normal,Normal,True
XGB_child3,2,Train194.csv,Side I,Side I,True
XGB_child3,2,Train200.csv,Normal,Normal,True
XGB_child3,2,Train201.csv,Normal,Normal,True
XGB_child3,2,Train205.csv,Normal,Normal,True
XGB_child3,2,Train207.csv,Side II,Side II,True
XGB_child3,2,Train209.csv,Normal,Normal,True
XGB_child3,2,Train215.csv,Normal,Normal,True
XGB_child3,2,Train217.csv,Side II,Side I,False
XGB_child3,2,Train222.csv,Normal,Normal,True
XGB_child3,2,Train223.csv,Normal,Normal,True
XGB_child3,2,Train225.csv,Normal,Normal,True
XGB_child3,2,Train233.csv,Normal,Normal,True
XGB_child3,2,Train234.csv,Normal,Normal,True
XGB_child3,2,Train235.csv,Normal,Normal,True
XGB_child3,2,Train237.csv,Normal,Normal,True
XGB_child3,2,Train248.csv,Side II,Side II,True
XGB_child3,2,Train249.csv,Normal,Normal,True
XGB_child3,2,Train256.csv,Normal,Normal,True
XGB_child3,2,Train258.csv,Normal,Normal,True
XGB_child3,2,Train266.csv,Normal,Normal,True
XGB_child3,2,Train270.csv,Normal,Normal,True
XGB_child3,3,Train2.csv,Side II,Side II,True
XGB_child3,3,Train6.csv,Normal,Normal,True
XGB_child3,3,Train7.csv,Normal,Normal,True
XGB_child3,3,Train20.csv,Normal,Normal,True
XGB_child3,3,Train25.csv,Normal,Normal,True
XGB_child3,3,Train38.csv,Normal,Normal,True
XGB_child3,3,Train39.csv,Normal,Normal,True
XGB_child3,3,Train48.csv,Normal,Normal,True
XGB_child3,3,Train54.csv,Normal,Normal,True
XGB_child3,3,Train61.csv,Normal,Normal,True
XGB_child3,3,Train63.csv,Normal,Normal,True
XGB_child3,3,Train67.csv,Normal,Normal,True
XGB_child3,3,Train70.csv,Normal,Normal,True
XGB_child3,3,Train72.csv,Side II,Side II,True
XGB_child3,3,Train75.csv,Normal,Normal,True
XGB_child3,3,Train79.csv,Normal,Normal,True
XGB_child3,3,Train80.csv,Normal,Normal,True
XGB_child3,3,Train83.csv,Side I,Side I,True
XGB_child3,3,Train85.csv,Normal,Normal,True
XGB_child3,3,Train89.csv,Normal,Normal,True
XGB_child3,3,Train91.csv,Normal,Normal,True
XGB_child3,3,Train98.csv,Normal,Normal,True
XGB_child3,3,Train99.csv,Normal,Normal,True
XGB_child3,3,Train104.csv,Side II,Side II,True
XGB_child3,3,Train110.csv,Normal,Normal,True
XGB_child3,3,Train114.csv,Normal,Normal,True
XGB_child3,3,Train124.csv,Normal,Normal,True
XGB_child3,3,Train125.csv,Normal,Normal,True
XGB_child3,3,Train126.csv,Normal,Normal,True
XGB_child3,3,Train127.csv,Side II,Side II,True
XGB_child3,3,Train133.csv,Normal,Normal,True
XGB_child3,3,Train135.csv,Normal,Normal,True
XGB_child3,3,Train139.csv,Normal,Normal,True
XGB_child3,3,Train141.csv,Normal,Normal,True
XGB_child3,3,Train151.csv,Normal,Normal,True
XGB_child3,3,Train155.csv,Normal,Normal,True
XGB_child3,3,Train163.csv,Side I,Side I,True
XGB_child3,3,Train164.csv,Side II,Side II,True
XGB_child3,3,Train166.csv,Normal,Normal,True
XGB_child3,3,Train175.csv,Normal,Normal,True
XGB_child3,3,Train183.csv,Normal,Normal,True
XGB_child3,3,Train186.csv,Normal,Normal,True
XGB_child3,3,Train197.csv,Normal,Normal,True
XGB_child3,3,Train211.csv,Normal,Normal,True
XGB_child3,3,Train219.csv,Normal,Normal,True
XGB_child3,3,Train224.csv,Normal,Normal,True
XGB_child3,3,Train243.csv,Normal,Normal,True
XGB_child3,3,Train251.csv,Normal,Side II,False
XGB_child3,3,Train253.csv,Normal,Normal,True
XGB_child3,3,Train254.csv,Normal,Normal,True
XGB_child3,3,Train255.csv,Normal,Normal,True
XGB_child3,3,Train261.csv,Normal,Normal,True
XGB_child3,3,Train268.csv,Normal,Normal,True
XGB_child3,3,Train272.csv,Normal,Normal,True
XGB_child3,4,Train4.csv,Normal,Normal,True
XGB_child3,4,Train18.csv,Normal,Normal,True
XGB_child3,4,Train27.csv,Normal,Normal,True
XGB_child3,4,Train32.csv,Normal,Normal,True
XGB_child3,4,Train35.csv,Normal,Normal,True
XGB_child3,4,Train40.csv,Normal,Normal,True
XGB_child3,4,Train41.csv,Normal,Normal,True
XGB_child3,4,Train44.csv,Normal,Normal,True
XGB_child3,4,Train45.csv,Normal,Normal,True
XGB_child3,4,Train46.csv,Normal,Normal,True
XGB_child3,4,Train55.csv,Normal,Normal,True
XGB_child3,4,Train56.csv,Normal,Normal,True
XGB_child3,4,Train57.csv,Normal,Normal,True
XGB_child3,4,Train59.csv,Normal,Normal,True
XGB_child3,4,Train64.csv,Normal,Normal,True
XGB_child3,4,Train68.csv,Normal,Normal,True
XGB_child3,4,Train69.csv,Normal,Normal,True
XGB_child3,4,Train86.csv,Normal,Normal,True
XGB_child3,4,Train87.csv,Normal,Normal,True
XGB_child3,4,Train93.csv,Side II,Side II,True
XGB_child3,4,Train103.csv,Side II,Side II,True
XGB_child3,4,Train105.csv,Normal,Normal,True
XGB_child3,4,Train107.csv,Normal,Normal,True
XGB_child3,4,Train112.csv,Normal,Normal,True
XGB_child3,4,Train116.csv,Normal,Normal,True
XGB_child3,4,Train118.csv,Normal,Normal,True
XGB_child3,4,Train128.csv,Normal,Normal,True
XGB_child3,4,Train131.csv,Normal,Normal,True
XGB_child3,4,Train132.csv,Normal,Normal,True
XGB_child3,4,Train145.csv,Normal,Normal,True
XGB_child3,4,Train148.csv,Normal,Normal,True
XGB_child3,4,Train153.csv,Normal,Normal,True
XGB_child3,4,Train157.csv,Normal,Normal,True
XGB_child3,4,Train159.csv,Normal,Normal,True
XGB_child3,4,Train162.csv,Normal,Normal,True
XGB_child3,4,Train168.csv,Normal,Normal,True
XGB_child3,4,Train170.csv,Side I,Normal,False
XGB_child3,4,Train176.csv,Normal,Normal,True
XGB_child3,4,Train178.csv,Normal,Normal,True
XGB_child3,4,Train181.csv,Normal,Normal,True
XGB_child3,4,Train188.csv,Side II,Side II,True
XGB_child3,4,Train192.csv,Normal,Normal,True
XGB_child3,4,Train202.csv,Side I,Normal,False
XGB_child3,4,Train213.csv,Side I,Normal,False
XGB_child3,4,Train214.csv,Normal,Normal,True
XGB_child3,4,Train227.csv,Normal,Normal,True
XGB_child3,4,Train232.csv,Normal,Normal,True
XGB_child3,4,Train238.csv,Normal,Normal,True
XGB_child3,4,Train241.csv,Normal,Normal,True
XGB_child3,4,Train245.csv,Normal,Normal,True
XGB_child3,4,Train250.csv,Normal,Normal,True
XGB_child3,4,Train252.csv,Normal,Normal,True
XGB_child3,4,Train267.csv,Side II,Side II,True
XGB_child3,4,Train271.csv,Normal,Normal,True
XGB_child3,5,Train3.csv,Normal,Normal,True
XGB_child3,5,Train8.csv,Normal,Normal,True
XGB_child3,5,Train10.csv,Normal,Normal,True
XGB_child3,5,Train13.csv,Normal,Normal,True
XGB_child3,5,Train15.csv,Normal,Normal,True
XGB_child3,5,Train17.csv,Normal,Normal,True
XGB_child3,5,Train21.csv,Normal,Normal,True
XGB_child3,5,Train23.csv,Normal,Normal,True
XGB_child3,5,Train28.csv,Normal,Normal,True
XGB_child3,5,Train47.csv,Normal,Normal,True
XGB_child3,5,Train50.csv,Normal,Normal,True
XGB_child3,5,Train51.csv,Normal,Normal,True
XGB_child3,5,Train58.csv,Normal,Normal,True
XGB_child3,5,Train60.csv,Normal,Normal,True
XGB_child3,5,Train62.csv,Side I,Normal,False
XGB_child3,5,Train71.csv,Normal,Normal,True
XGB_child3,5,Train74.csv,Normal,Normal,True
XGB_child3,5,Train90.csv,Normal,Normal,True
XGB_child3,5,Train101.csv,Normal,Normal,True
XGB_child3,5,Train106.csv,Side I,Normal,False
XGB_child3,5,Train111.csv,Side II,Side II,True
XGB_child3,5,Train117.csv,Normal,Normal,True
XGB_child3,5,Train137.csv,Side I,Side I,True
XGB_child3,5,Train140.csv,Normal,Normal,True
XGB_child3,5,Train144.csv,Normal,Normal,True
XGB_child3,5,Train156.csv,Normal,Normal,True
XGB_child3,5,Train169.csv,Normal,Normal,True
XGB_child3,5,Train173.csv,Normal,Normal,True
XGB_child3,5,Train179.csv,Side II,Side II,True
XGB_child3,5,Train187.csv,Normal,Normal,True
XGB_child3,5,Train189.csv,Normal,Normal,True
XGB_child3,5,Train190.csv,Normal,Normal,True
XGB_child3,5,Train199.csv,Side II,Side II,True
XGB_child3,5,Train203.csv,Normal,Normal,True
XGB_child3,5,Train204.csv,Normal,Normal,True
XGB_child3,5,Train210.csv,Normal,Normal,True
XGB_child3,5,Train218.csv,Normal,Normal,True
XGB_child3,5,Train220.csv,Normal,Normal,True
XGB_child3,5,Train221.csv,Normal,Normal,True
XGB_child3,5,Train226.csv,Normal,Normal,True
XGB_child3,5,Train228.csv,Normal,Normal,True
XGB_child3,5,Train229.csv,Normal,Normal,True
XGB_child3,5,Train230.csv,Normal,Normal,True
XGB_child3,5,Train231.csv,Normal,Normal,True
XGB_child3,5,Train239.csv,Normal,Normal,True
XGB_child3,5,Train240.csv,Side II,Normal,False
XGB_child3,5,Train242.csv,Normal,Normal,True
XGB_child3,5,Train246.csv,Normal,Normal,True
XGB_child3,5,Train257.csv,Normal,Normal,True
XGB_child3,5,Train259.csv,Normal,Normal,True
XGB_child3,5,Train260.csv,Normal,Normal,True
XGB_child3,5,Train262.csv,Normal,Normal,True
XGB_child3,5,Train264.csv,Normal,Normal,True
XGB_child3,5,Train265.csv,Side II,Side I,False
XGB_child3,6,Train5.csv,Normal,Normal,True
XGB_child3,6,Train17.csv,Normal,Normal,True
XGB_child3,6,Train24.csv,Normal,Normal,True
XGB_child3,6,Train25.csv,Normal,Normal,True
XGB_child3,6,Train28.csv,Normal,Normal,True
XGB_child3,6,Train29.csv,Normal,Normal,True
XGB_child3,6,Train30.csv,Side II,Normal,False
XGB_child3,6,Train55.csv,Normal,Normal,True
XGB_child3,6,Train56.csv,Normal,Normal,True
XGB_child3,6,Train70.csv,Normal,Normal,True
XGB_child3,6,Train75.csv,Normal,Normal,True
XGB_child3,6,Train76.csv,Normal,Normal,True
XGB_child3,6,Train78.csv,Normal,Normal,True
XGB_child3,6,Train86.csv,Normal,Normal,True
XGB_child3,6,Train91.csv,Normal,Normal,True
XGB_child3,6,Train94.csv,Normal,Normal,True
XGB_child3,6,Train97.csv,Normal,Normal,True
XGB_child3,6,Train106.csv,Side I,Normal,False
XGB_child3,6,Train109.csv,Normal,Normal,True
XGB_child3,6,Train111.csv,Side II,Side II,True
XGB_child3,6,Train131.csv,Normal,Normal,True
XGB_child3,6,Train135.csv,Normal,Normal,True
XGB_child3,6,Train136.csv,Normal,Normal,True
XGB_child3,6,Train141.csv,Normal,Normal,True
XGB_child3,6,Train142.csv,Normal,Normal,True
XGB_child3,6,Train143.csv,Normal,Normal,True
XGB_child3,6,Train145.csv,Normal,Normal,True
XGB_child3,6,Train148.csv,Normal,Normal,True
XGB_child3,6,Train152.csv,Normal,Normal,True
XGB_child3,6,Train153.csv,Normal,Normal,True
XGB_child3,6,Train154.csv,Normal,Normal,True
XGB_child3,6,Train160.csv,Normal,Normal,True
XGB_child3,6,Train169.csv,Normal,Normal,True
XGB_child3,6,Train171.csv,Normal,Normal,True
XGB_child3,6,Train181.csv,Normal,Normal,True
XGB_child3,6,Train182.csv,Normal,Normal,True
XGB_child3,6,Train185.csv,Side I,Normal,False
XGB_child3,6,Train186.csv,Normal,Normal,True
XGB_child3,6,Train189.csv,Normal,Normal,True
XGB_child3,6,Train191.csv,Normal,Normal,True
XGB_child3,6,Train193.csv,Normal,Normal,True
XGB_child3,6,Train194.csv,Side I,Side I,True
XGB_child3,6,Train195.csv,Normal,Normal,True
XGB_child3,6,Train203.csv,Normal,Normal,True
XGB_child3,6,Train205.csv,Normal,Normal,True
XGB_child3,6,Train209.csv,Normal,Normal,True
XGB_child3,6,Train210.csv,Normal,Normal,True
XGB_child3,6,Train214.csv,Normal,Normal,True
XGB_child3,6,Train216.csv,Side II,Normal,False
XGB_child3,6,Train217.csv,Side II,Side I,False
XGB_child3,6,Train218.csv,Normal,Normal,True
XGB_child3,6,Train230.csv,Normal,Normal,True
XGB_child3,6,Train232.csv,Normal,Normal,True
XGB_child3,6,Train248.csv,Side II,Side II,True
XGB_child3,6,Train272.csv,Normal,Normal,True
XGB_child3,7,Train3.csv,Normal,Normal,True
XGB_child3,7,Train6.csv,Normal,Normal,True
XGB_child3,7,Train14.csv,Normal,Normal,True
XGB_child3,7,Train15.csv,Normal,Normal,True
XGB_child3,7,Train16.csv,Normal,Normal,True
XGB_child3,7,Train18.csv,Normal,Normal,True
XGB_child3,7,Train20.csv,Normal,Normal,True
XGB_child3,7,Train21.csv,Normal,Normal,True
XGB_child3,7,Train26.csv,Side II,Side II,True
XGB_child3,7,Train32.csv,Normal,Normal,True
XGB_child3,7,Train34.csv,Normal,Normal,True
XGB_child3,7,Train39.csv,Normal,Normal,True
XGB_child3,7,Train41.csv,Normal,Normal,True
XGB_child3,7,Train43.csv,Side II,Side II,True
XGB_child3,7,Train44.csv,Normal,Normal,True
XGB_child3,7,Train45.csv,Normal,Normal,True
XGB_child3,7,Train60.csv,Normal,Normal,True
XGB_child3,7,Train62.csv,Side I,Normal,False
XGB_child3,7,Train63.csv,Normal,Normal,True
XGB_child3,7,Train72.csv,Side II,Side II,True
XGB_child3,7,Train74.csv,Normal,Normal,True
XGB_child3,7,Train80.csv,Normal,Normal,True
XGB_child3,7,Train82.csv,Normal,Normal,True
XGB_child3,7,Train92.csv,Normal,Normal,True
XGB_child3,7,Train98.csv,Normal,Normal,True
XGB_child3,7,Train99.csv,Normal,Normal,True
XGB_child3,7,Train108.csv,Normal,Normal,True
XGB_child3,7,Train110.csv,Normal,Normal,True
XGB_child3,7,Train117.csv,Normal,Normal,True
XGB_child3,7,Train124.csv,Normal,Normal,True
XGB_child3,7,Train128.csv,Normal,Normal,True
XGB_child3,7,Train130.csv,Normal,Side I,False
XGB_child3,7,Train132.csv,Normal,Normal,True
XGB_child3,7,Train134.csv,Normal,Normal,True
XGB_child3,7,Train137.csv,Side I,Side I,True
XGB_child3,7,Train140.csv,Normal,Normal,True
XGB_child3,7,Train144.csv,Normal,Normal,True
XGB_child3,7,Train147.csv,Normal,Normal,True
XGB_child3,7,Train149.csv,Normal,Normal,True
XGB_child3,7,Train159.csv,Normal,Normal,True
XGB_child3,7,Train163.csv,Side I,Side I,True
XGB_child3,7,Train167.csv,Normal,Normal,True
XGB_child3,7,Train173.csv,Normal,Normal,True
XGB_child3,7,Train192.csv,Normal,Normal,True
XGB_child3,7,Train198.csv,Side II,Side II,True
XGB_child3,7,Train199.csv,Side II,Side II,True
XGB_child3,7,Train200.csv,Normal,Normal,True
XGB_child3,7,Train211.csv,Normal,Normal,True
XGB_child3,7,Train233.csv,Normal,Normal,True
XGB_child3,7,Train241.csv,Normal,Normal,True
XGB_child3,7,Train245.csv,Normal,Normal,True
XGB_child3,7,Train250.csv,Normal,Normal,True
XGB_child3,7,Train256.csv,Normal,Normal,True
XGB_child3,7,Train261.csv,Normal,Normal,True
XGB_child3,7,Train268.csv,Normal,Normal,True
XGB_child3,8,Train1.csv,Normal,Normal,True
XGB_child3,8,Train8.csv,Normal,Normal,True
XGB_child3,8,Train23.csv,Normal,Normal,True
XGB_child3,8,Train36.csv,Normal,Normal,True
XGB_child3,8,Train47.csv,Normal,Normal,True
XGB_child3,8,Train49.csv,Normal,Normal,True
XGB_child3,8,Train52.csv,Normal,Normal,True
XGB_child3,8,Train57.csv,Normal,Normal,True
XGB_child3,8,Train59.csv,Normal,Normal,True
XGB_child3,8,Train66.csv,Normal,Normal,True
XGB_child3,8,Train79.csv,Normal,Normal,True
XGB_child3,8,Train81.csv,Normal,Normal,True
XGB_child3,8,Train83.csv,Side I,Side I,True
XGB_child3,8,Train84.csv,Normal,Normal,True
XGB_child3,8,Train85.csv,Normal,Normal,True
XGB_child3,8,Train88.csv,Normal,Normal,True
XGB_child3,8,Train90.csv,Normal,Normal,True
XGB_child3,8,Train101.csv,Normal,Normal,True
XGB_child3,8,Train102.csv,Normal,Normal,True
XGB_child3,8,Train103.csv,Side II,Normal,False
XGB_child3,8,Train113.csv,Normal,Normal,True
XGB_child3,8,Train114.csv,Normal,Normal,True
XGB_child3,8,Train118.csv,Normal,Normal,True
XGB_child3,8,Train123.csv,Normal,Side I,False
XGB_child3,8,Train126.csv,Normal,Normal,True
XGB_child3,8,Train127.csv,Side II,Side II,True
XGB_child3,8,Train129.csv,Normal,Normal,True
XGB_child3,8,Train146.csv,Normal,Normal,True
XGB_child3,8,Train157.csv,Normal,Normal,True
XGB_child3,8,Train158.csv,Normal,Normal,True
XGB_child3,8,Train161.csv,Normal,Normal,True
XGB_child3,8,Train164.csv,Side II,Side II,True
XGB_child3,8,Train170.csv,Side I,Normal,False
XGB_child3,8,Train176.csv,Normal,Normal,True
XGB_child3,8,Train183.csv,Normal,Normal,True
XGB_child3,8,Train187.csv,Normal,Normal,True
XGB_child3,8,Train201.csv,Normal,Normal,True
XGB_child3,8,Train204.csv,Normal,Normal,True
XGB_child3,8,Train212.csv,Normal,Normal,True
XGB_child3,8,Train219.csv,Normal,Normal,True
XGB_child3,8,Train220.csv,Normal,Normal,True
XGB_child3,8,Train225.csv,Normal,Normal,True
XGB_child3,8,Train226.csv,Normal,Normal,True
XGB_child3,8,Train240.csv,Side II,Side II,True
XGB_child3,8,Train242.csv,Normal,Normal,True
XGB_child3,8,Train243.csv,Normal,Normal,True
XGB_child3,8,Train249.csv,Normal,Normal,True
XGB_child3,8,Train251.csv,Normal,Side II,False
XGB_child3,8,Train255.csv,Normal,Normal,True
XGB_child3,8,Train257.csv,Normal,Normal,True
XGB_child3,8,Train260.csv,Normal,Normal,True
XGB_child3,8,Train264.csv,Normal,Normal,True
XGB_child3,8,Train265.csv,Side II,Side I,False
XGB_child3,8,Train270.csv,Normal,Normal,True
XGB_child3,9,Train2.csv,Side II,Side II,True
XGB_child3,9,Train4.csv,Normal,Normal,True
XGB_child3,9,Train7.csv,Normal,Normal,True
XGB_child3,9,Train9.csv,Normal,Normal,True
XGB_child3,9,Train10.csv,Normal,Normal,True
XGB_child3,9,Train11.csv,Normal,Normal,True
XGB_child3,9,Train13.csv,Normal,Normal,True
XGB_child3,9,Train19.csv,Normal,Normal,True
XGB_child3,9,Train22.csv,Normal,Normal,True
XGB_child3,9,Train33.csv,Normal,Normal,True
XGB_child3,9,Train35.csv,Normal,Normal,True
XGB_child3,9,Train37.csv,Normal,Normal,True
XGB_child3,9,Train38.csv,Normal,Normal,True
XGB_child3,9,Train40.csv,Normal,Normal,True
XGB_child3,9,Train42.csv,Normal,Normal,True
XGB_child3,9,Train46.csv,Normal,Normal,True
XGB_child3,9,Train51.csv,Normal,Normal,True
XGB_child3,9,Train53.csv,Side II,Side II,True
XGB_child3,9,Train58.csv,Normal,Normal,True
XGB_child3,9,Train61.csv,Normal,Normal,True
XGB_child3,9,Train64.csv,Normal,Normal,True
XGB_child3,9,Train67.csv,Normal,Normal,True
XGB_child3,9,Train87.csv,Normal,Normal,True
XGB_child3,9,Train89.csv,Normal,Side I,False
XGB_child3,9,Train93.csv,Side II,Side II,True
XGB_child3,9,Train100.csv,Side I,Side II,False
XGB_child3,9,Train116.csv,Normal,Normal,True
XGB_child3,9,Train122.csv,Normal,Normal,True
XGB_child3,9,Train133.csv,Normal,Normal,True
XGB_child3,9,Train139.csv,Normal,Normal,True
XGB_child3,9,Train155.csv,Normal,Normal,True
XGB_child3,9,Train156.csv,Normal,Normal,True
XGB_child3,9,Train162.csv,Normal,Normal,True
XGB_child3,9,Train166.csv,Normal,Normal,True
XGB_child3,9,Train175.csv,Normal,Normal,True
XGB_child3,9,Train180.csv,Side I,Normal,False
XGB_child3,9,Train190.csv,Normal,Normal,True
XGB_child3,9,Train208.csv,Normal,Normal,True
XGB_child3,9,Train213.csv,Side I,Side I,True
XGB_child3,9,Train215.csv,Normal,Normal,True
XGB_child3,9,Train221.csv,Normal,Normal,True
XGB_child3,9,Train224.csv,Normal,Normal,True
XGB_child3,9,Train231.csv,Normal,Normal,True
XGB_child3,9,Train235.csv,Normal,Normal,True
XGB_child3,9,Train237.csv,Normal,Normal,True
XGB_child3,9,Train244.csv,Normal,Normal,True
XGB_child3,9,Train246.csv,Normal,Normal,True
XGB_child3,9,Train252.csv,Normal,Normal,True
XGB_child3,9,Train253.csv,Normal,Normal,True
XGB_child3,9,Train259.csv,Normal,Normal,True
XGB_child3,9,Train262.csv,Normal,Normal,True
XGB_child3,9,Train263.csv,Normal,Normal,True
XGB_child3,9,Train267.csv,Side II,Side II,True
XGB_child3,9,Train269.csv,Normal,Normal,True
XGB_child3,10,Train12.csv,Side II,Side II,True
XGB_child3,10,Train27.csv,Normal,Normal,True
XGB_child3,10,Train31.csv,Normal,Normal,True
XGB_child3,10,Train48.csv,Normal,Normal,True
XGB_child3,10,Train50.csv,Normal,Normal,True
XGB_child3,10,Train54.csv,Normal,Normal,True
XGB_child3,10,Train65.csv,Normal,Normal,True
XGB_child3,10,Train68.csv,Normal,Normal,True
XGB_child3,10,Train69.csv,Normal,Normal,True
XGB_child3,10,Train71.csv,Normal,Normal,True
XGB_child3,10,Train73.csv,Normal,Normal,True
XGB_child3,10,Train77.csv,Normal,Normal,True
XGB_child3,10,Train95.csv,Normal,Normal,True
XGB_child3,10,Train96.csv,Normal,Normal,True
XGB_child3,10,Train104.csv,Side II,Side II,True
XGB_child3,10,Train105.csv,Normal,Normal,True
XGB_child3,10,Train107.csv,Normal,Normal,True
XGB_child3,10,Train112.csv,Normal,Normal,True
XGB_child3,10,Train115.csv,Normal,Normal,True
XGB_child3,10,Train119.csv,Normal,Normal,True
XGB_child3,10,Train120.csv,Normal,Normal,True
XGB_child3,10,Train121.csv,Side I,Normal,False
XGB_child3,10,Train125.csv,Normal,Normal,True
XGB_child3,10,Train138.csv,Normal,Normal,True
XGB_child3,10,Train150.csv,Side I,Side I,True
XGB_child3,10,Train151.csv,Normal,Normal,True
XGB_child3,10,Train165.csv,Normal,Normal,True
XGB_child3,10,Train168.csv,Normal,Normal,True
XGB_child3,10,Train172.csv,Normal,Normal,True
XGB_child3,10,Train174.csv,Normal,Normal,True
XGB_child3,10,Train177.csv,Normal,Side I,False
XGB_child3,10,Train178.csv,Normal,Normal,True
XGB_child3,10,Train179.csv,Side II,Side II,True
XGB_child3,10,Train184.csv,Normal,Normal,True
XGB_child3,10,Train188.csv,Side II,Side II,True
XGB_child3,10,Train196.csv,Normal,Normal,True
XGB_child3,10,Train197.csv,Normal,Normal,True
XGB_child3,10,Train202.csv,Side I,Normal,False
XGB_child3,10,Train206.csv,Normal,Normal,True
XGB_child3,10,Train207.csv,Side II,Side II,True
XGB_child3,10,Train222.csv,Normal,Normal,True
XGB_child3,10,Train223.csv,Normal,Normal,True
XGB_child3,10,Train227.csv,Normal,Normal,True
XGB_child3,10,Train228.csv,Normal,Normal,True
XGB_child3,10,Train229.csv,Normal,Normal,True
XGB_child3,10,Train234.csv,Normal,Normal,True
XGB_child3,10,Train236.csv,Normal,Normal,True
XGB_child3,10,Train238.csv,Normal,Normal,True
XGB_child3,10,Train239.csv,Normal,Normal,True
XGB_child3,10,Train247.csv,Normal,Normal,True
XGB_child3,10,Train254.csv,Normal,Normal,True
XGB_child3,10,Train258.csv,Normal,Normal,True
XGB_child3,10,Train266.csv,Normal,Normal,True
XGB_child3,10,Train271.csv,Normal,Normal,True
XGB_child3,11,Train14.csv,Normal,Normal,True
XGB_child3,11,Train15.csv,Normal,Normal,True
XGB_child3,11,Train25.csv,Normal,Normal,True
XGB_child3,11,Train42.csv,Normal,Normal,True
XGB_child3,11,Train47.csv,Normal,Normal,True
XGB_child3,11,Train49.csv,Normal,Normal,True
XGB_child3,11,Train51.csv,Normal,Normal,True
XGB_child3,11,Train61.csv,Normal,Normal,True
XGB_child3,11,Train63.csv,Normal,Normal,True
XGB_child3,11,Train71.csv,Normal,Normal,True
XGB_child3,11,Train72.csv,Side II,Side II,True
XGB_child3,11,Train73.csv,Normal,Normal,True
XGB_child3,11,Train81.csv,Normal,Normal,True
XGB_child3,11,Train89.csv,Normal,Normal,True
XGB_child3,11,Train91.csv,Normal,Normal,True
XGB_child3,11,Train102.csv,Normal,Normal,True
XGB_child3,11,Train105.csv,Normal,Normal,True
XGB_child3,11,Train109.csv,Normal,Normal,True
XGB_child3,11,Train110.csv,Normal,Normal,True
XGB_child3,11,Train111.csv,Side II,Side II,True
XGB_child3,11,Train112.csv,Normal,Normal,True
XGB_child3,11,Train115.csv,Normal,Normal,True
XGB_child3,11,Train117.csv,Normal,Normal,True
XGB_child3,11,Train128.csv,Normal,Normal,True
XGB_child3,11,Train131.csv,Normal,Normal,True
XGB_child3,11,Train133.csv,Normal,Normal,True
XGB_child3,11,Train135.csv,Normal,Normal,True
XGB_child3,11,Train138.csv,Normal,Normal,True
XGB_child3,11,Train139.csv,Normal,Normal,True
XGB_child3,11,Train148.csv,Normal,Normal,True
XGB_child3,11,Train163.csv,Side I,Side I,True
XGB_child3,11,Train167.csv,Normal,Normal,True
XGB_child3,11,Train176.csv,Normal,Normal,True
XGB_child3,11,Train177.csv,Normal,Side I,False
XGB_child3,11,Train181.csv,Normal,Normal,True
XGB_child3,11,Train184.csv,Normal,Normal,True
XGB_child3,11,Train194.csv,Side I,Side I,True
XGB_child3,11,Train201.csv,Normal,Normal,True
XGB_child3,11,Train202.csv,Side I,Normal,False
XGB_child3,11,Train204.csv,Normal,Normal,True
XGB_child3,11,Train207.csv,Side II,Side II,True
XGB_child3,11,Train212.csv,Normal,Normal,True
XGB_child3,11,Train217.csv,Side II,Side I,False
XGB_child3,11,Train225.csv,Normal,Normal,True
XGB_child3,11,Train226.csv,Normal,Normal,True
XGB_child3,11,Train233.csv,Normal,Normal,True
XGB_child3,11,Train242.csv,Normal,Normal,True
XGB_child3,11,Train243.csv,Normal,Normal,True
XGB_child3,11,Train246.csv,Normal,Normal,True
XGB_child3,11,Train247.csv,Normal,Normal,True
XGB_child3,11,Train251.csv,Normal,Side II,False
XGB_child3,11,Train252.csv,Normal,Normal,True
XGB_child3,11,Train258.csv,Normal,Normal,True
XGB_child3,11,Train265.csv,Side II,Side I,False
XGB_child3,11,Train269.csv,Normal,Normal,True
XGB_child3,12,Train1.csv,Normal,Normal,True
XGB_child3,12,Train4.csv,Normal,Normal,True
XGB_child3,12,Train10.csv,Normal,Normal,True
XGB_child3,12,Train12.csv,Side II,Side II,True
XGB_child3,12,Train17.csv,Normal,Normal,True
XGB_child3,12,Train18.csv,Normal,Normal,True
XGB_child3,12,Train21.csv,Normal,Normal,True
XGB_child3,12,Train24.csv,Normal,Normal,True
XGB_child3,12,Train26.csv,Side II,Side II,True
XGB_child3,12,Train27.csv,Normal,Normal,True
XGB_child3,12,Train28.csv,Normal,Normal,True
XGB_child3,12,Train43.csv,Side II,Side II,True
XGB_child3,12,Train45.csv,Normal,Normal,True
XGB_child3,12,Train48.csv,Normal,Normal,True
XGB_child3,12,Train55.csv,Normal,Normal,True
XGB_child3,12,Train56.csv,Normal,Normal,True
XGB_child3,12,Train57.csv,Normal,Normal,True
XGB_child3,12,Train59.csv,Normal,Normal,True
XGB_child3,12,Train62.csv,Side I,Side I,True
XGB_child3,12,Train67.csv,Normal,Normal,True
XGB_child3,12,Train80.csv,Normal,Normal,True
XGB_child3,12,Train82.csv,Normal,Normal,True
XGB_child3,12,Train84.csv,Normal,Normal,True
XGB_child3,12,Train85.csv,Normal,Normal,True
XGB_child3,12,Train93.csv,Side II,Side II,True
XGB_child3,12,Train94.csv,Normal,Normal,True
XGB_child3,12,Train101.csv,Normal,Normal,True
XGB_child3,12,Train107.csv,Normal,Normal,True
XGB_child3,12,Train113.csv,Normal,Normal,True
XGB_child3,12,Train124.csv,Normal,Normal,True
XGB_child3,12,Train125.csv,Normal,Normal,True
XGB_child3,12,Train140.csv,Normal,Normal,True
XGB_child3,12,Train144.csv,Normal,Normal,True
XGB_child3,12,Train147.csv,Normal,Normal,True
XGB_child3,12,Train152.csv,Normal,Normal,True
XGB_child3,12,Train153.csv,Normal,Normal,True
XGB_child3,12,Train158.csv,Normal,Normal,True
XGB_child3,12,Train159.csv,Normal,Normal,True
XGB_child3,12,Train162.csv,Normal,Normal,True
XGB_child3,12,Train168.csv,Normal,Normal,True
XGB_child3,12,Train170.csv,Side I,Normal,False
XGB_child3,12,Train172.csv,Normal,Normal,True
XGB_child3,12,Train179.csv,Side II,Side II,True
XGB_child3,12,Train185.csv,Side I,Normal,False
XGB_child3,12,Train187.csv,Normal,Normal,True
XGB_child3,12,Train192.csv,Normal,Normal,True
XGB_child3,12,Train205.csv,Normal,Normal,True
XGB_child3,12,Train209.csv,Normal,Normal,True
XGB_child3,12,Train218.csv,Normal,Normal,True
XGB_child3,12,Train222.csv,Normal,Normal,True
XGB_child3,12,Train223.csv,Normal,Normal,True
XGB_child3,12,Train227.csv,Normal,Normal,True
XGB_child3,12,Train236.csv,Normal,Normal,True
XGB_child3,12,Train238.csv,Normal,Normal,True
XGB_child3,12,Train239.csv,Normal,Normal,True
XGB_child3,13,Train5.csv,Normal,Normal,True
XGB_child3,13,Train7.csv,Normal,Normal,True
XGB_child3,13,Train9.csv,Normal,Normal,True
XGB_child3,13,Train20.csv,Normal,Normal,True
XGB_child3,13,Train22.csv,Normal,Normal,True
XGB_child3,13,Train32.csv,Normal,Normal,True
XGB_child3,13,Train34.csv,Normal,Normal,True
XGB_child3,13,Train40.csv,Normal,Normal,True
XGB_child3,13,Train50.csv,Normal,Normal,True
XGB_child3,13,Train52.csv,Normal,Normal,True
XGB_child3,13,Train53.csv,Side II,Side II,True
XGB_child3,13,Train58.csv,Normal,Normal,True
XGB_child3,13,Train65.csv,Normal,Normal,True
XGB_child3,13,Train69.csv,Normal,Normal,True
XGB_child3,13,Train78.csv,Normal,Normal,True
XGB_child3,13,Train86.csv,Normal,Normal,True
XGB_child3,13,Train88.csv,Normal,Normal,True
XGB_child3,13,Train98.csv,Normal,Normal,True
XGB_child3,13,Train99.csv,Normal,Normal,True
XGB_child3,13,Train100.csv,Side I,Side II,False
XGB_child3,13,Train103.csv,Side II,Side II,True
XGB_child3,13,Train108.csv,Normal,Normal,True
XGB_child3,13,Train127.csv,Side II,Side II,True
XGB_child3,13,Train130.csv,Normal,Normal,True
XGB_child3,13,Train134.csv,Normal,Normal,True
XGB_child3,13,Train143.csv,Normal,Normal,True
XGB_child3,13,Train145.csv,Normal,Normal,True
XGB_child3,13,Train150.csv,Side I,Normal,False
XGB_child3,13,Train151.csv,Normal,Normal,True
XGB_child3,13,Train155.csv,Normal,Normal,True
XGB_child3,13,Train160.csv,Normal,Normal,True
XGB_child3,13,Train166.csv,Normal,Normal,True
XGB_child3,13,Train174.csv,Normal,Normal,True
XGB_child3,13,Train182.csv,Normal,Normal,True
XGB_child3,13,Train188.csv,Side II,Side II,True
XGB_child3,13,Train195.csv,Normal,Normal,True
XGB_child3,13,Train196.csv,Normal,Normal,True
XGB_child3,13,Train203.csv,Normal,Normal,True
XGB_child3,13,Train210.csv,Normal,Normal,True
XGB_child3,13,Train219.csv,Normal,Normal,True
XGB_child3,13,Train221.csv,Normal,Normal,True
XGB_child3,13,Train224.csv,Normal,Normal,True
XGB_child3,13,Train230.csv,Normal,Normal,True
XGB_child3,13,Train231.csv,Normal,Normal,True
XGB_child3,13,Train235.csv,Normal,Normal,True
XGB_child3,13,Train237.csv,Normal,Normal,True
XGB_child3,13,Train240.csv,Side II,Normal,False
XGB_child3,13,Train244.csv,Normal,Normal,True
XGB_child3,13,Train250.csv,Normal,Normal,True
XGB_child3,13,Train256.csv,Normal,Normal,True
XGB_child3,13,Train259.csv,Normal,Normal,True
XGB_child3,13,Train264.csv,Normal,Normal,True
XGB_child3,13,Train266.csv,Normal,Normal,True
XGB_child3,13,Train272.csv,Normal,Normal,True
XGB_child3,14,Train3.csv,Normal,Normal,True
XGB_child3,14,Train6.csv,Normal,Normal,True
XGB_child3,14,Train8.csv,Normal,Normal,True
XGB_child3,14,Train11.csv,Normal,Normal,True
XGB_child3,14,Train16.csv,Normal,Normal,True
XGB_child3,14,Train19.csv,Normal,Normal,True
XGB_child3,14,Train23.csv,Normal,Normal,True
XGB_child3,14,Train30.csv,Side II,Side II,True
XGB_child3,14,Train35.csv,Normal,Normal,True
XGB_child3,14,Train36.csv,Normal,Normal,True
XGB_child3,14,Train37.csv,Normal,Normal,True
XGB_child3,14,Train44.csv,Normal,Normal,True
XGB_child3,14,Train54.csv,Normal,Normal,True
XGB_child3,14,Train64.csv,Normal,Normal,True
XGB_child3,14,Train66.csv,Normal,Normal,True
XGB_child3,14,Train75.csv,Normal,Normal,True
XGB_child3,14,Train76.csv,Normal,Normal,True
XGB_child3,14,Train79.csv,Normal,Normal,True
XGB_child3,14,Train83.csv,Side I,Side I,True
XGB_child3,14,Train95.csv,Normal,Normal,True
XGB_child3,14,Train96.csv,Normal,Normal,True
XGB_child3,14,Train116.csv,Normal,Normal,True
XGB_child3,14,Train120.csv,Normal,Normal,True
XGB_child3,14,Train123.csv,Normal,Normal,True
XGB_child3,14,Train129.csv,Normal,Normal,True
XGB_child3,14,Train132.csv,Normal,Normal,True
XGB_child3,14,Train136.csv,Normal,Normal,True
XGB_child3,14,Train141.csv,Normal,Normal,True
XGB_child3,14,Train156.csv,Normal,Normal,True
XGB_child3,14,Train157.csv,Normal,Normal,True
XGB_child3,14,Train169.csv,Normal,Normal,True
XGB_child3,14,Train173.csv,Normal,Normal,True
XGB_child3,14,Train175.csv,Normal,Normal,True
XGB_child3,14,Train178.csv,Normal,Normal,True
XGB_child3,14,Train180.csv,Side I,Normal,False
XGB_child3,14,Train186.csv,Normal,Normal,True
XGB_child3,14,Train191.csv,Normal,Normal,True
XGB_child3,14,Train193.csv,Normal,Normal,True
XGB_child3,14,Train197.csv,Normal,Normal,True
XGB_child3,14,Train198.csv,Side II,Side II,True
XGB_child3,14,Train199.csv,Side II,Side II,True
XGB_child3,14,Train200.csv,Normal,Normal,True
XGB_child3,14,Train206.csv,Normal,Normal,True
XGB_child3,14,Train211.csv,Normal,Normal,True
XGB_child3,14,Train213.csv,Side I,Side I,True
XGB_child3,14,Train220.csv,Normal,Normal,True
XGB_child3,14,Train228.csv,Normal,Normal,True
XGB_child3,14,Train234.csv,Normal,Normal,True
XGB_child3,14,Train248.csv,Side II,Side II,True
XGB_child3,14,Train249.csv,Normal,Normal,True
XGB_child3,14,Train254.csv,Normal,Normal,True
XGB_child3,14,Train260.csv,Normal,Normal,True
XGB_child3,14,Train262.csv,Normal,Normal,True
XGB_child3,14,Train271.csv,Normal,Normal,True
XGB_child3,15,Train2.csv,Side II,Side II,True
XGB_child3,15,Train13.csv,Normal,Normal,True
XGB_child3,15,Train29.csv,Normal,Normal,True
XGB_child3,15,Train31.csv,Normal,Normal,True
XGB_child3,15,Train33.csv,Normal,Normal,True
XGB_child3,15,Train38.csv,Normal,Normal,True
XGB_child3,15,Train39.csv,Normal,Normal,True
XGB_child3,15,Train41.csv,Normal,Normal,True
XGB_child3,15,Train46.csv,Normal,Normal,True
XGB_child3,15,Train60.csv,Normal,Normal,True
XGB_child3,15,Train68.csv,Normal,Normal,True
XGB_child3,15,Train70.csv,Normal,Normal,True
XGB_child3,15,Train74.csv,Normal,Normal,True
XGB_child3,15,Train77.csv,Normal,Normal,True
XGB_child3,15,Train87.csv,Normal,Normal,True
XGB_child3,15,Train90.csv,Normal,Normal,True
XGB_child3,15,Train92.csv,Normal,Normal,True
XGB_child3,15,Train97.csv,Normal,Normal,True
XGB_child3,15,Train104.csv,Side II,Side II,True
XGB_child3,15,Train106.csv,Side I,Normal,False
XGB_child3,15,Train114.csv,Normal,Normal,True
XGB_child3,15,Train118.csv,Normal,Normal,True
XGB_child3,15,Train119.csv,Normal,Normal,True
XGB_child3,15,Train121.csv,Side I,Normal,False
XGB_child3,15,Train122.csv,Normal,Normal,True
XGB_child3,15,Train126.csv,Normal,Normal,True
XGB_child3,15,Train137.csv,Side I,Side I,True
XGB_child3,15,Train142.csv,Normal,Normal,True
XGB_child3,15,Train146.csv,Normal,Normal,True
XGB_child3,15,Train149.csv,Normal,Normal,True
XGB_child3,15,Train154.csv,Normal,Normal,True
XGB_child3,15,Train161.csv,Normal,Normal,True
XGB_child3,15,Train164.csv,Side II,Side II,True
XGB_child3,15,Train165.csv,Normal,Normal,True
XGB_child3,15,Train171.csv,Normal,Normal,True
XGB_child3,15,Train183.csv,Normal,Normal,True
XGB_child3,15,Train189.csv,Normal,Normal,True
XGB_child3,15,Train190.csv,Normal,Normal,True
XGB_child3,15,Train208.csv,Normal,Normal,True
XGB_child3,15,Train214.csv,Normal,Normal,True
XGB_child3,15,Train215.csv,Normal,Normal,True
XGB_child3,15,Train216.csv,Side II,Normal,False
XGB_child3,15,Train229.csv,Normal,Normal,True
XGB_child3,15,Train232.csv,Normal,Normal,True
XGB_child3,15,Train241.csv,Normal,Normal,True
XGB_child3,15,Train245.csv,Normal,Normal,True
XGB_child3,15,Train253.csv,Normal,Normal,True
XGB_child3,15,Train255.csv,Normal,Normal,True
XGB_child3,15,Train257.csv,Normal,Normal,True
XGB_child3,15,Train261.csv,Normal,Normal,True
XGB_child3,15,Train263.csv,Normal,Normal,True
XGB_child3,15,Train267.csv,Side II,Side II,True
XGB_child3,15,Train268.csv,Normal,Normal,True
XGB_child3,15,Train270.csv,Normal,Normal,True
XGB_child3,16,Train6.csv,Normal,Normal,True
XGB_child3,16,Train16.csv,Normal,Normal,True
XGB_child3,16,Train17.csv,Normal,Normal,True
XGB_child3,16,Train19.csv,Normal,Normal,True
XGB_child3,16,Train21.csv,Normal,Normal,True
XGB_child3,16,Train30.csv,Side II,Side II,True
XGB_child3,16,Train43.csv,Side II,Side I,False
XGB_child3,16,Train44.csv,Normal,Normal,True
XGB_child3,16,Train46.csv,Normal,Normal,True
XGB_child3,16,Train56.csv,Normal,Normal,True
XGB_child3,16,Train57.csv,Normal,Normal,True
XGB_child3,16,Train68.csv,Normal,Normal,True
XGB_child3,16,Train69.csv,Normal,Normal,True
XGB_child3,16,Train83.csv,Side I,Side I,True
XGB_child3,16,Train94.csv,Normal,Normal,True
XGB_child3,16,Train96.csv,Normal,Normal,True
XGB_child3,16,Train98.csv,Normal,Normal,True
XGB_child3,16,Train105.csv,Normal,Normal,True
XGB_child3,16,Train111.csv,Side II,Side II,True
XGB_child3,16,Train113.csv,Normal,Normal,True
XGB_child3,16,Train121.csv,Side I,Normal,False
XGB_child3,16,Train125.csv,Normal,Normal,True
XGB_child3,16,Train126.csv,Normal,Normal,True
XGB_child3,16,Train130.csv,Normal,Normal,True
XGB_child3,16,Train143.csv,Normal,Normal,True
XGB_child3,16,Train147.csv,Normal,Normal,True
XGB_child3,16,Train149.csv,Normal,Normal,True
XGB_child3,16,Train154.csv,Normal,Normal,True
XGB_child3,16,Train157.csv,Normal,Normal,True
XGB_child3,16,Train159.csv,Normal,Normal,True
XGB_child3,16,Train160.csv,Normal,Normal,True
XGB_child3,16,Train164.csv,Side II,Side II,True
XGB_child3,16,Train165.csv,Normal,Normal,True
XGB_child3,16,Train166.csv,Normal,Normal,True
XGB_child3,16,Train174.csv,Normal,Normal,True
XGB_child3,16,Train175.csv,Normal,Normal,True
XGB_child3,16,Train186.csv,Normal,Normal,True
XGB_child3,16,Train200.csv,Normal,Normal,True
XGB_child3,16,Train201.csv,Normal,Normal,True
XGB_child3,16,Train202.csv,Side I,Normal,False
XGB_child3,16,Train205.csv,Normal,Normal,True
XGB_child3,16,Train209.csv,Normal,Normal,True
XGB_child3,16,Train211.csv,Normal,Normal,True
XGB_child3,16,Train214.csv,Normal,Normal,True
XGB_child3,16,Train219.csv,Normal,Normal,True
XGB_child3,16,Train223.csv,Normal,Normal,True
XGB_child3,16,Train224.csv,Normal,Normal,True
XGB_child3,16,Train236.csv,Normal,Normal,True
XGB_child3,16,Train242.csv,Normal,Normal,True
XGB_child3,16,Train248.csv,Side II,Side II,True
XGB_child3,16,Train254.csv,Normal,Normal,True
XGB_child3,16,Train259.csv,Normal,Normal,True
XGB_child3,16,Train260.csv,Normal,Normal,True
XGB_child3,16,Train264.csv,Normal,Normal,True
XGB_child3,16,Train272.csv,Normal,Normal,True
XGB_child3,17,Train7.csv,Normal,Normal,True
XGB_child3,17,Train15.csv,Normal,Normal,True
XGB_child3,17,Train35.csv,Normal,Normal,True
XGB_child3,17,Train39.csv,Normal,Normal,True
XGB_child3,17,Train47.csv,Normal,Normal,True
XGB_child3,17,Train49.csv,Normal,Normal,True
XGB_child3,17,Train50.csv,Normal,Normal,True
XGB_child3,17,Train51.csv,Normal,Normal,True
XGB_child3,17,Train55.csv,Normal,Normal,True
XGB_child3,17,Train60.csv,Normal,Normal,True
XGB_child3,17,Train62.csv,Side I,Side I,True
XGB_child3,17,Train65.csv,Normal,Normal,True
XGB_child3,17,Train70.csv,Normal,Normal,True
XGB_child3,17,Train71.csv,Normal,Normal,True
XGB_child3,17,Train80.csv,Normal,Normal,True
XGB_child3,17,Train81.csv,Normal,Normal,True
XGB_child3,17,Train82.csv,Normal,Normal,True
XGB_child3,17,Train87.csv,Normal,Normal,True
XGB_child3,17,Train88.csv,Normal,Normal,True
XGB_child3,17,Train90.csv,Normal,Normal,True
XGB_child3,17,Train93.csv,Side II,Side II,True
XGB_child3,17,Train97.csv,Normal,Normal,True
XGB_child3,17,Train101.csv,Normal,Normal,True
XGB_child3,17,Train102.csv,Normal,Normal,True
XGB_child3,17,Train106.csv,Side I,Normal,False
XGB_child3,17,Train117.csv,Normal,Normal,True
XGB_child3,17,Train119.csv,Normal,Normal,True
XGB_child3,17,Train122.csv,Normal,Normal,True
XGB_child3,17,Train127.csv,Side II,Side II,True
XGB_child3,17,Train128.csv,Normal,Normal,True
XGB_child3,17,Train142.csv,Normal,Normal,True
XGB_child3,17,Train144.csv,Normal,Normal,True
XGB_child3,17,Train152.csv,Normal,Normal,True
XGB_child3,17,Train180.csv,Side I,Side I,True
XGB_child3,17,Train189.csv,Normal,Normal,True
XGB_child3,17,Train191.csv,Normal,Normal,True
XGB_child3,17,Train192.csv,Normal,Normal,True
XGB_child3,17,Train195.csv,Normal,Normal,True
XGB_child3,17,Train196.csv,Normal,Normal,True
XGB_child3,17,Train198.csv,Side II,Side II,True
XGB_child3,17,Train203.csv,Normal,Normal,True
XGB_child3,17,Train206.csv,Normal,Normal,True
XGB_child3,17,Train207.csv,Side II,Side II,True
XGB_child3,17,Train210.csv,Normal,Normal,True
XGB_child3,17,Train215.csv,Normal,Normal,True
XGB_child3,17,Train217.csv,Side II,Side I,False
XGB_child3,17,Train222.csv,Normal,Normal,True
XGB_child3,17,Train226.csv,Normal,Normal,True
XGB_child3,17,Train228.csv,Normal,Normal,True
XGB_child3,17,Train231.csv,Normal,Normal,True
XGB_child3,17,Train247.csv,Normal,Normal,True
XGB_child3,17,Train258.csv,Normal,Normal,True
XGB_child3,17,Train261.csv,Normal,Normal,True
XGB_child3,17,Train263.csv,Normal,Normal,True
XGB_child3,17,Train266.csv,Normal,Normal,True
XGB_child3,18,Train3.csv,Normal,Normal,True
XGB_child3,18,Train13.csv,Normal,Normal,True
XGB_child3,18,Train14.csv,Normal,Normal,True
XGB_child3,18,Train22.csv,Normal,Normal,True
XGB_child3,18,Train23.csv,Normal,Normal,True
XGB_child3,18,Train26.csv,Side II,Side II,True
XGB_child3,18,Train27.csv,Normal,Normal,True
XGB_child3,18,Train32.csv,Normal,Normal,True
XGB_child3,18,Train36.csv,Normal,Normal,True
XGB_child3,18,Train37.csv,Normal,Normal,True
XGB_child3,18,Train38.csv,Normal,Normal,True
XGB_child3,18,Train40.csv,Normal,Normal,True
XGB_child3,18,Train41.csv,Normal,Normal,True
XGB_child3,18,Train45.csv,Normal,Normal,True
XGB_child3,18,Train48.csv,Normal,Normal,True
XGB_child3,18,Train54.csv,Normal,Normal,True
XGB_child3,18,Train58.csv,Normal,Normal,True
XGB_child3,18,Train67.csv,Normal,Normal,True
XGB_child3,18,Train72.csv,Side II,Side II,True
XGB_child3,18,Train75.csv,Normal,Normal,True
XGB_child3,18,Train78.csv,Normal,Normal,True
XGB_child3,18,Train79.csv,Normal,Normal,True
XGB_child3,18,Train103.csv,Side II,Side II,True
XGB_child3,18,Train115.csv,Normal,Normal,True
XGB_child3,18,Train118.csv,Normal,Normal,True
XGB_child3,18,Train124.csv,Normal,Normal,True
XGB_child3,18,Train129.csv,Normal,Normal,True
XGB_child3,18,Train135.csv,Normal,Normal,True
XGB_child3,18,Train136.csv,Normal,Normal,True
XGB_child3,18,Train139.csv,Normal,Normal,True
XGB_child3,18,Train141.csv,Normal,Normal,True
XGB_child3,18,Train156.csv,Normal,Normal,True
XGB_child3,18,Train171.csv,Normal,Normal,True
XGB_child3,18,Train172.csv,Normal,Normal,True
XGB_child3,18,Train177.csv,Normal,Side I,False
XGB_child3,18,Train181.csv,Normal,Normal,True
XGB_child3,18,Train182.csv,Normal,Normal,True
XGB_child3,18,Train193.csv,Normal,Normal,True
XGB_child3,18,Train194.csv,Side I,Side I,True
XGB_child3,18,Train197.csv,Normal,Normal,True
XGB_child3,18,Train212.csv,Normal,Normal,True
XGB_child3,18,Train213.csv,Side I,Side I,True
XGB_child3,18,Train227.csv,Normal,Normal,True
XGB_child3,18,Train234.csv,Normal,Normal,True
XGB_child3,18,Train239.csv,Normal,Normal,True
XGB_child3,18,Train240.csv,Side II,Side II,True
XGB_child3,18,Train244.csv,Normal,Normal,True
XGB_child3,18,Train246.csv,Normal,Normal,True
XGB_child3,18,Train251.csv,Normal,Side II,False
XGB_child3,18,Train252.csv,Normal,Normal,True
XGB_child3,18,Train255.csv,Normal,Normal,True
XGB_child3,18,Train265.csv,Side II,Side I,False
XGB_child3,18,Train270.csv,Normal,Normal,True
XGB_child3,18,Train271.csv,Normal,Normal,True
XGB_child3,19,Train8.csv,Normal,Normal,True
XGB_child3,19,Train9.csv,Normal,Normal,True
XGB_child3,19,Train24.csv,Normal,Normal,True
XGB_child3,19,Train25.csv,Normal,Normal,True
XGB_child3,19,Train33.csv,Normal,Normal,True
XGB_child3,19,Train42.csv,Normal,Normal,True
XGB_child3,19,Train59.csv,Normal,Normal,True
XGB_child3,19,Train63.csv,Normal,Normal,True
XGB_child3,19,Train64.csv,Normal,Normal,True
XGB_child3,19,Train66.csv,Normal,Normal,True
XGB_child3,19,Train76.csv,Normal,Normal,True
XGB_child3,19,Train86.csv,Normal,Normal,True
XGB_child3,19,Train89.csv,Normal,Normal,True
XGB_child3,19,Train91.csv,Normal,Normal,True
XGB_child3,19,Train92.csv,Normal,Normal,True
XGB_child3,19,Train99.csv,Normal,Normal,True
XGB_child3,19,Train100.csv,Side I,Side II,False
XGB_child3,19,Train104.csv,Side II,Side II,True
XGB_child3,19,Train107.csv,Normal,Normal,True
XGB_child3,19,Train108.csv,Normal,Normal,True
XGB_child3,19,Train110.csv,Normal,Normal,True
XGB_child3,19,Train120.csv,Normal,Normal,True
XGB_child3,19,Train131.csv,Normal,Normal,True
XGB_child3,19,Train133.csv,Normal,Normal,True
XGB_child3,19,Train134.csv,Normal,Normal,True
XGB_child3,19,Train138.csv,Normal,Normal,True
XGB_child3,19,Train145.csv,Normal,Normal,True
XGB_child3,19,Train155.csv,Normal,Normal,True
XGB_child3,19,Train158.csv,Normal,Normal,True
XGB_child3,19,Train161.csv,Normal,Normal,True
XGB_child3,19,Train163.csv,Side I,Side I,True
XGB_child3,19,Train168.csv,Normal,Normal,True
XGB_child3,19,Train169.csv,Normal,Normal,True
XGB_child3,19,Train170.csv,Side I,Normal,False
XGB_child3,19,Train173.csv,Normal,Normal,True
XGB_child3,19,Train176.csv,Normal,Normal,True
XGB_child3,19,Train178.csv,Normal,Normal,True
XGB_child3,19,Train184.csv,Normal,Normal,True
XGB_child3,19,Train187.csv,Normal,Normal,True
XGB_child3,19,Train188.csv,Side II,Side II,True
XGB_child3,19,Train190.csv,Normal,Normal,True
XGB_child3,19,Train216.csv,Side II,Normal,False
XGB_child3,19,Train218.csv,Normal,Normal,True
XGB_child3,19,Train221.csv,Normal,Normal,True
XGB_child3,19,Train225.csv,Normal,Normal,True
XGB_child3,19,Train229.csv,Normal,Normal,True
XGB_child3,19,Train230.csv,Normal,Normal,True
XGB_child3,19,Train232.csv,Normal,Normal,True
XGB_child3,19,Train243.csv,Normal,Normal,True
XGB_child3,19,Train249.csv,Normal,Normal,True
XGB_child3,19,Train250.csv,Normal,Normal,True
XGB_child3,19,Train267.csv,Side II,Side II,True
XGB_child3,19,Train268.csv,Normal,Normal,True
XGB_child3,19,Train269.csv,Normal,Normal,True
XGB_child3,20,Train1.csv,Normal,Normal,True
XGB_child3,20,Train2.csv,Side II,Side II,True
XGB_child3,20,Train4.csv,Normal,Normal,True
XGB_child3,20,Train5.csv,Normal,Normal,True
XGB_child3,20,Train10.csv,Normal,Normal,True
XGB_child3,20,Train11.csv,Normal,Normal,True
XGB_child3,20,Train12.csv,Side II,Side II,True
XGB_child3,20,Train18.csv,Normal,Normal,True
XGB_child3,20,Train20.csv,Normal,Normal,True
XGB_child3,20,Train28.csv,Normal,Normal,True
XGB_child3,20,Train29.csv,Normal,Normal,True
XGB_child3,20,Train31.csv,Normal,Normal,True
XGB_child3,20,Train34.csv,Normal,Normal,True
XGB_child3,20,Train52.csv,Normal,Normal,True
XGB_child3,20,Train53.csv,Side II,Side II,True
XGB_child3,20,Train61.csv,Normal,Normal,True
XGB_child3,20,Train73.csv,Normal,Normal,True
XGB_child3,20,Train74.csv,Normal,Normal,True
XGB_child3,20,Train77.csv,Normal,Normal,True
XGB_child3,20,Train84.csv,Normal,Normal,True
XGB_child3,20,Train85.csv,Normal,Normal,True
XGB_child3,20,Train95.csv,Normal,Normal,True
XGB_child3,20,Train109.csv,Normal,Normal,True
XGB_child3,20,Train112.csv,Normal,Normal,True
XGB_child3,20,Train114.csv,Normal,Normal,True
XGB_child3,20,Train116.csv,Normal,Normal,True
XGB_child3,20,Train123.csv,Normal,Side I,False
XGB_child3,20,Train132.csv,Normal,Normal,True
XGB_child3,20,Train137.csv,Side I,Side I,True
XGB_child3,20,Train140.csv,Normal,Normal,True
XGB_child3,20,Train146.csv,Normal,Normal,True
XGB_child3,20,Train148.csv,Normal,Normal,True
XGB_child3,20,Train150.csv,Side I,Side I,True
XGB_child3,20,Train151.csv,Normal,Normal,True
XGB_child3,20,Train153.csv,Normal,Normal,True
XGB_child3,20,Train162.csv,Normal,Normal,True
XGB_child3,20,Train167.csv,Normal,Normal,True
XGB_child3,20,Train179.csv,Side II,Side II,True
XGB_child3,20,Train183.csv,Normal,Normal,True
XGB_child3,20,Train185.csv,Side I,Normal,False
XGB_child3,20,Train199.csv,Side II,Side II,True
XGB_child3,20,Train204.csv,Normal,Normal,True
XGB_child3,20,Train208.csv,Normal,Normal,True
XGB_child3,20,Train220.csv,Normal,Normal,True
XGB_child3,20,Train233.csv,Normal,Normal,True
XGB_child3,20,Train235.csv,Normal,Normal,True
XGB_child3,20,Train237.csv,Normal,Normal,True
XGB_child3,20,Train238.csv,Normal,Normal,True
XGB_child3,20,Train241.csv,Normal,Normal,True
XGB_child3,20,Train245.csv,Normal,Normal,True
XGB_child3,20,Train253.csv,Normal,Normal,True
XGB_child3,20,Train256.csv,Normal,Normal,True
XGB_child3,20,Train257.csv,Normal,Normal,True
XGB_child3,20,Train262.csv,Normal,Normal,True
XGB_child3,21,Train1.csv,Normal,Normal,True
XGB_child3,21,Train3.csv,Normal,Normal,True
XGB_child3,21,Train4.csv,Normal,Normal,True
XGB_child3,21,Train5.csv,Normal,Normal,True
XGB_child3,21,Train6.csv,Normal,Normal,True
XGB_child3,21,Train10.csv,Normal,Normal,True
XGB_child3,21,Train12.csv,Side II,Side II,True
XGB_child3,21,Train19.csv,Normal,Normal,True
XGB_child3,21,Train33.csv,Normal,Normal,True
XGB_child3,21,Train40.csv,Normal,Normal,True
XGB_child3,21,Train43.csv,Side II,Side I,False
XGB_child3,21,Train59.csv,Normal,Normal,True
XGB_child3,21,Train67.csv,Normal,Normal,True
XGB_child3,21,Train74.csv,Normal,Normal,True
XGB_child3,21,Train77.csv,Normal,Normal,True
XGB_child3,21,Train79.csv,Normal,Normal,True
XGB_child3,21,Train87.csv,Normal,Normal,True
XGB_child3,21,Train88.csv,Normal,Normal,True
XGB_child3,21,Train90.csv,Normal,Normal,True
XGB_child3,21,Train92.csv,Normal,Normal,True
XGB_child3,21,Train96.csv,Normal,Normal,True
XGB_child3,21,Train97.csv,Normal,Normal,True
XGB_child3,21,Train100.csv,Side I,Side II,False
XGB_child3,21,Train107.csv,Normal,Normal,True
XGB_child3,21,Train116.csv,Normal,Normal,True
XGB_child3,21,Train124.csv,Normal,Normal,True
XGB_child3,21,Train126.csv,Normal,Side II,False
XGB_child3,21,Train127.csv,Side II,Side II,True
XGB_child3,21,Train137.csv,Side I,Side I,True
XGB_child3,21,Train139.csv,Normal,Normal,True
XGB_child3,21,Train147.csv,Normal,Normal,True
XGB_child3,21,Train154.csv,Normal,Normal,True
XGB_child3,21,Train156.csv,Normal,Normal,True
XGB_child3,21,Train170.csv,Side I,Normal,False
XGB_child3,21,Train173.csv,Normal,Normal,True
XGB_child3,21,Train176.csv,Normal,Normal,True
XGB_child3,21,Train177.csv,Normal,Side I,False
XGB_child3,21,Train178.csv,Normal,Normal,True
XGB_child3,21,Train184.csv,Normal,Normal,True
XGB_child3,21,Train191.csv,Normal,Normal,True
XGB_child3,21,Train208.csv,Normal,Normal,True
XGB_child3,21,Train211.csv,Normal,Normal,True
XGB_child3,21,Train217.csv,Side II,Side I,False
XGB_child3,21,Train219.csv,Normal,Normal,True
XGB_child3,21,Train222.csv,Normal,Normal,True
XGB_child3,21,Train223.csv,Normal,Normal,True
XGB_child3,21,Train224.csv,Normal,Normal,True
XGB_child3,21,Train225.csv,Normal,Normal,True
XGB_child3,21,Train239.csv,Normal,Normal,True
XGB_child3,21,Train244.csv,Normal,Normal,True
XGB_child3,21,Train253.csv,Normal,Normal,True
XGB_child3,21,Train254.csv,Normal,Normal,True
XGB_child3,21,Train263.csv,Normal,Normal,True
XGB_child3,21,Train265.csv,Side II,Side I,False
XGB_child3,21,Train271.csv,Normal,Normal,True
XGB_child3,22,Train7.csv,Normal,Normal,True
XGB_child3,22,Train9.csv,Normal,Normal,True
XGB_child3,22,Train24.csv,Normal,Normal,True
XGB_child3,22,Train28.csv,Normal,Normal,True
XGB_child3,22,Train29.csv,Normal,Normal,True
XGB_child3,22,Train41.csv,Normal,Normal,True
XGB_child3,22,Train51.csv,Normal,Normal,True
XGB_child3,22,Train52.csv,Normal,Normal,True
XGB_child3,22,Train60.csv,Normal,Normal,True
XGB_child3,22,Train61.csv,Normal,Normal,True
XGB_child3,22,Train64.csv,Normal,Normal,True
XGB_child3,22,Train69.csv,Normal,Normal,True
XGB_child3,22,Train70.csv,Normal,Normal,True
XGB_child3,22,Train78.csv,Normal,Normal,True
XGB_child3,22,Train86.csv,Normal,Normal,True
XGB_child3,22,Train93.csv,Side II,Side II,True
XGB_child3,22,Train98.csv,Normal,Normal,True
XGB_child3,22,Train99.csv,Normal,Normal,True
XGB_child3,22,Train101.csv,Normal,Normal,True
XGB_child3,22,Train105.csv,Normal,Normal,True
XGB_child3,22,Train112.csv,Normal,Normal,True
XGB_child3,22,Train118.csv,Normal,Normal,True
XGB_child3,22,Train119.csv,Normal,Normal,True
XGB_child3,22,Train123.csv,Normal,Side I,False
XGB_child3,22,Train131.csv,Normal,Normal,True
XGB_child3,22,Train133.csv,Normal,Normal,True
XGB_child3,22,Train134.csv,Normal,Normal,True
XGB_child3,22,Train135.csv,Normal,Normal,True
XGB_child3,22,Train136.csv,Normal,Normal,True
XGB_child3,22,Train140.csv,Normal,Normal,True
XGB_child3,22,Train144.csv,Normal,Normal,True
XGB_child3,22,Train148.csv,Normal,Normal,True
XGB_child3,22,Train150.csv,Side I,Side I,True
XGB_child3,22,Train152.csv,Normal,Normal,True
XGB_child3,22,Train160.csv,Normal,Normal,True
XGB_child3,22,Train162.csv,Normal,Normal,True
XGB_child3,22,Train164.csv,Side II,Side II,True
XGB_child3,22,Train165.csv,Normal,Normal,True
XGB_child3,22,Train167.csv,Normal,Normal,True
XGB_child3,22,Train181.csv,Normal,Normal,True
XGB_child3,22,Train185.csv,Side I,Normal,False
XGB_child3,22,Train186.csv,Normal,Normal,True
XGB_child3,22,Train188.csv,Side II,Side II,True
XGB_child3,22,Train190.csv,Normal,Normal,True
XGB_child3,22,Train197.csv,Normal,Normal,True
XGB_child3,22,Train199.csv,Side II,Side II,True
XGB_child3,22,Train209.csv,Normal,Normal,True
XGB_child3,22,Train213.csv,Side I,Side I,True
XGB_child3,22,Train221.csv,Normal,Normal,True
XGB_child3,22,Train232.csv,Normal,Normal,True
XGB_child3,22,Train233.csv,Normal,Normal,True
XGB_child3,22,Train251.csv,Normal,Side II,False
XGB_child3,22,Train255.csv,Normal,Normal,True
XGB_child3,22,Train256.csv,Normal,Normal,True
XGB_child3,22,Train267.csv,Side II,Side II,True
XGB_child3,23,Train2.csv,Side II,Side II,True
XGB_child3,23,Train11.csv,Normal,Normal,True
XGB_child3,23,Train22.csv,Normal,Normal,True
XGB_child3,23,Train30.csv,Side II,Side II,True
XGB_child3,23,Train42.csv,Normal,Normal,True
XGB_child3,23,Train48.csv,Normal,Normal,True
XGB_child3,23,Train49.csv,Normal,Normal,True
XGB_child3,23,Train54.csv,Normal,Normal,True
XGB_child3,23,Train56.csv,Normal,Normal,True
XGB_child3,23,Train63.csv,Normal,Normal,True
XGB_child3,23,Train73.csv,Normal,Normal,True
XGB_child3,23,Train80.csv,Normal,Normal,True
XGB_child3,23,Train81.csv,Normal,Normal,True
XGB_child3,23,Train82.csv,Normal,Normal,True
XGB_child3,23,Train83.csv,Side I,Side I,True
XGB_child3,23,Train94.csv,Normal,Normal,True
XGB_child3,23,Train95.csv,Normal,Normal,True
XGB_child3,23,Train102.csv,Normal,Normal,True
XGB_child3,23,Train109.csv,Normal,Normal,True
XGB_child3,23,Train110.csv,Normal,Normal,True
XGB_child3,23,Train113.csv,Normal,Normal,True
XGB_child3,23,Train120.csv,Normal,Normal,True
XGB_child3,23,Train122.csv,Normal,Normal,True
XGB_child3,23,Train138.csv,Normal,Normal,True
XGB_child3,23,Train143.csv,Normal,Normal,True
XGB_child3,23,Train146.csv,Normal,Normal,True
XGB_child3,23,Train157.csv,Normal,Normal,True
XGB_child3,23,Train163.csv,Side I,Side I,True
XGB_child3,23,Train168.csv,Normal,Normal,True
XGB_child3,23,Train171.csv,Normal,Normal,True
XGB_child3,23,Train179.csv,Side II,Side II,True
XGB_child3,23,Train182.csv,Normal,Normal,True
XGB_child3,23,Train183.csv,Normal,Normal,True
XGB_child3,23,Train187.csv,Normal,Normal,True
XGB_child3,23,Train189.csv,Normal,Normal,True
XGB_child3,23,Train192.csv,Normal,Normal,True
XGB_child3,23,Train193.csv,Normal,Normal,True
XGB_child3,23,Train196.csv,Normal,Normal,True
XGB_child3,23,Train198.csv,Side II,Side II,True
XGB_child3,23,Train201.csv,Normal,Normal,True
XGB_child3,23,Train205.csv,Normal,Normal,True
XGB_child3,23,Train206.csv,Normal,Normal,True
XGB_child3,23,Train212.csv,Normal,Normal,True
XGB_child3,23,Train215.csv,Normal,Normal,True
XGB_child3,23,Train227.csv,Normal,Normal,True
XGB_child3,23,Train228.csv,Normal,Normal,True
XGB_child3,23,Train230.csv,Normal,Normal,True
XGB_child3,23,Train237.csv,Normal,Normal,True
XGB_child3,23,Train240.csv,Side II,Normal,False
XGB_child3,23,Train243.csv,Normal,Normal,True
XGB_child3,23,Train246.csv,Normal,Normal,True
XGB_child3,23,Train249.csv,Normal,Normal,True
XGB_child3,23,Train252.csv,Normal,Normal,True
XGB_child3,23,Train261.csv,Normal,Normal,True
XGB_child3,24,Train8.csv,Normal,Normal,True
XGB_child3,24,Train13.csv,Normal,Normal,True
XGB_child3,24,Train14.csv,Normal,Normal,True
XGB_child3,24,Train15.csv,Normal,Normal,True
XGB_child3,24,Train16.csv,Normal,Normal,True
XGB_child3,24,Train20.csv,Normal,Normal,True
XGB_child3,24,Train26.csv,Side II,Side II,True
XGB_child3,24,Train27.csv,Normal,Normal,True
XGB_child3,24,Train34.csv,Normal,Normal,True
XGB_child3,24,Train36.csv,Normal,Normal,True
XGB_child3,24,Train38.csv,Normal,Normal,True
XGB_child3,24,Train44.csv,Normal,Normal,True
XGB_child3,24,Train45.csv,Normal,Normal,True
XGB_child3,24,Train47.csv,Normal,Normal,True
XGB_child3,24,Train50.csv,Normal,Normal,True
XGB_child3,24,Train53.csv,Side II,Side II,True
XGB_child3,24,Train55.csv,Normal,Normal,True
XGB_child3,24,Train57.csv,Normal,Normal,True
XGB_child3,24,Train58.csv,Normal,Normal,True
XGB_child3,24,Train66.csv,Normal,Normal,True
XGB_child3,24,Train68.csv,Normal,Normal,True
XGB_child3,24,Train75.csv,Normal,Normal,True
XGB_child3,24,Train76.csv,Normal,Normal,True
XGB_child3,24,Train85.csv,Normal,Normal,True
XGB_child3,24,Train91.csv,Normal,Normal,True
XGB_child3,24,Train103.csv,Side II,Side II,True
XGB_child3,24,Train108.csv,Normal,Normal,True
XGB_child3,24,Train114.csv,Normal,Normal,True
XGB_child3,24,Train117.csv,Normal,Normal,True
XGB_child3,24,Train121.csv,Side I,Normal,False
XGB_child3,24,Train128.csv,Normal,Normal,True
XGB_child3,24,Train130.csv,Normal,Normal,True
XGB_child3,24,Train151.csv,Normal,Normal,True
XGB_child3,24,Train153.csv,Normal,Normal,True
XGB_child3,24,Train155.csv,Normal,Normal,True
XGB_child3,24,Train158.csv,Normal,Normal,True
XGB_child3,24,Train159.csv,Normal,Normal,True
XGB_child3,24,Train166.csv,Normal,Normal,True
XGB_child3,24,Train169.csv,Normal,Normal,True
XGB_child3,24,Train172.csv,Normal,Normal,True
XGB_child3,24,Train174.csv,Normal,Normal,True
XGB_child3,24,Train180.csv,Side I,Side I,True
XGB_child3,24,Train194.csv,Side I,Side II,False
XGB_child3,24,Train207.csv,Side II,Side II,True
XGB_child3,24,Train220.csv,Normal,Normal,True
XGB_child3,24,Train231.csv,Normal,Normal,True
XGB_child3,24,Train241.csv,Normal,Normal,True
XGB_child3,24,Train242.csv,Normal,Normal,True
XGB_child3,24,Train245.csv,Normal,Normal,True
XGB_child3,24,Train259.csv,Normal,Normal,True
XGB_child3,24,Train262.csv,Normal,Normal,True
XGB_child3,24,Train266.csv,Normal,Normal,True
XGB_child3,24,Train268.csv,Normal,Normal,True
XGB_child3,24,Train272.csv,Normal,Normal,True
XGB_child3,25,Train17.csv,Normal,Normal,True
XGB_child3,25,Train18.csv,Normal,Normal,True
XGB_child3,25,Train21.csv,Normal,Normal,True
XGB_child3,25,Train23.csv,Normal,Normal,True
XGB_child3,25,Train25.csv,Normal,Normal,True
XGB_child3,25,Train31.csv,Normal,Normal,True
XGB_child3,25,Train32.csv,Normal,Normal,True
XGB_child3,25,Train35.csv,Normal,Normal,True
XGB_child3,25,Train37.csv,Normal,Normal,True
XGB_child3,25,Train39.csv,Normal,Normal,True
XGB_child3,25,Train46.csv,Normal,Normal,True
XGB_child3,25,Train62.csv,Side I,Side I,True
XGB_child3,25,Train65.csv,Normal,Normal,True
XGB_child3,25,Train71.csv,Normal,Normal,True
XGB_child3,25,Train72.csv,Side II,Side II,True
XGB_child3,25,Train84.csv,Normal,Normal,True
XGB_child3,25,Train89.csv,Normal,Normal,True
XGB_child3,25,Train104.csv,Side II,Side II,True
XGB_child3,25,Train106.csv,Side I,Normal,False
XGB_child3,25,Train111.csv,Side II,Side II,True
XGB_child3,25,Train115.csv,Normal,Normal,True
XGB_child3,25,Train125.csv,Normal,Normal,True
XGB_child3,25,Train129.csv,Normal,Normal,True
XGB_child3,25,Train132.csv,Normal,Normal,True
XGB_child3,25,Train141.csv,Normal,Normal,True
XGB_child3,25,Train142.csv,Normal,Normal,True
XGB_child3,25,Train145.csv,Normal,Normal,True
XGB_child3,25,Train149.csv,Normal,Normal,True
XGB_child3,25,Train161.csv,Normal,Normal,True
XGB_child3,25,Train175.csv,Normal,Normal,True
XGB_child3,25,Train195.csv,Normal,Normal,True
XGB_child3,25,Train200.csv,Normal,Normal,True
XGB_child3,25,Train202.csv,Side I,Normal,False
XGB_child3,25,Train203.csv,Normal,Normal,True
XGB_child3,25,Train204.csv,Normal,Normal,True
XGB_child3,25,Train210.csv,Normal,Normal,True
XGB_child3,25,Train214.csv,Normal,Normal,True
XGB_child3,25,Train216.csv,Side II,Normal,False
XGB_child3,25,Train218.csv,Normal,Normal,True
XGB_child3,25,Train226.csv,Normal,Normal,True
XGB_child3,25,Train229.csv,Normal,Normal,True
XGB_child3,25,Train234.csv,Normal,Normal,True
XGB_child3,25,Train235.csv,Normal,Normal,True
XGB_child3,25,Train236.csv,Normal,Normal,True
XGB_child3,25,Train238.csv,Normal,Normal,True
XGB_child3,25,Train247.csv,Normal,Normal,True
XGB_child3,25,Train248.csv,Side II,Side II,True
XGB_child3,25,Train250.csv,Normal,Normal,True
XGB_child3,25,Train257.csv,Normal,Normal,True
XGB_child3,25,Train258.csv,Normal,Normal,True
XGB_child3,25,Train260.csv,Normal,Normal,True
XGB_child3,25,Train264.csv,Normal,Normal,True
XGB_child3,25,Train269.csv,Normal,Normal,True
XGB_child3,25,Train270.csv,Normal,Normal,True
