filename,wl_sideI_wlpow_20_40_mean,wl_sideI_wlpow_20_40_max,wl_sideI_wlpow_40_63_mean,wl_sideI_wlpow_40_63_max,wl_sideI_wlpow_63_100_mean,wl_sideI_wlpow_63_100_max,wl_sideI_wlpow_100_160_mean,wl_sideI_wlpow_100_160_max,wl_sideI_wlpow_160_250_mean,wl_sideI_wlpow_160_250_max,wl_sideI_wlpow_250_400_mean,wl_sideI_wlpow_250_400_max,wl_sideI_tonality_mean,wl_sideI_tonality_max,wl_sideI_peakwl_mean,wl_sideI_peakwl_max,wl_sideII_wlpow_20_40_mean,wl_sideII_wlpow_20_40_max,wl_sideII_wlpow_40_63_mean,wl_sideII_wlpow_40_63_max,wl_sideII_wlpow_63_100_mean,wl_sideII_wlpow_63_100_max,wl_sideII_wlpow_100_160_mean,wl_sideII_wlpow_100_160_max,wl_sideII_wlpow_160_250_mean,wl_sideII_wlpow_160_250_max,wl_sideII_wlpow_250_400_mean,wl_sideII_wlpow_250_400_max,wl_sideII_tonality_mean,wl_sideII_tonality_max,wl_sideII_peakwl_mean,wl_sideII_peakwl_max,wl_wlpow_20_40_mean_I_minus_II,wl_inv_wlpow_20_40_car_diff_max,wl_inv_wlpow_20_40_car_diff_min,wl_wlpow_40_63_mean_I_minus_II,wl_inv_wlpow_40_63_car_diff_max,wl_inv_wlpow_40_63_car_diff_min,wl_wlpow_63_100_mean_I_minus_II,wl_inv_wlpow_63_100_car_diff_max,wl_inv_wlpow_63_100_car_diff_min,wl_wlpow_100_160_mean_I_minus_II,wl_inv_wlpow_100_160_car_diff_max,wl_inv_wlpow_100_160_car_diff_min,wl_wlpow_160_250_mean_I_minus_II,wl_inv_wlpow_160_250_car_diff_max,wl_inv_wlpow_160_250_car_diff_min,wl_wlpow_250_400_mean_I_minus_II,wl_inv_wlpow_250_400_car_diff_max,wl_inv_wlpow_250_400_car_diff_min,wl_tonality_mean_I_minus_II,wl_inv_tonality_car_diff_max,wl_inv_tonality_car_diff_min,wl_valid
Train1.csv,-2.3459795550953766,-1.2145060684048863,-3.1765560231011234,-1.9597102819690102,-3.983581955195003,-2.9886345973980566,-4.604975406270196,-3.51118566370242,-12.0,-12.0,-12.0,-12.0,0.8978294493604879,1.6917544592901235,36.51353490219577,71.7031522201728,-2.345073369505187,-1.289373966446157,-3.1934482694791093,-2.1645827973598815,-3.971644383626896,-3.099523946787099,-4.578793711056052,-3.5445038172897387,-12.0,-12.0,-12.0,-12.0,0.8615266110354594,1.7133783156292253,34.947277539601615,51.21653730012343,-0.0009061855901895122,0.35173440147798996,-0.3986147086512899,0.01689224637798592,0.1875137461989107,-0.08287934910704697,-0.011937571568107153,0.24257128978529208,-0.32857935136491356,-0.026181695214143375,0.27583839857562786,-0.3342224580954314,0.0,0.0,0.0,0.0,0.0,0.0,0.036302838325028564,0.4330077321258279,-0.2590196989613408,1.0
Train2.csv,-1.3261849904838576,0.051972444575806645,-2.213087423283901,-0.7660634956064112,-2.3168713264572505,-0.5450817237654207,-1.5614094838278714,0.07314945351371523,-1.141049942890817,-0.14554625077958872,-1.76844759850633,0.18548185553988095,1.8475931395560998,2.5887704444139255,228.90123908830608,341.80528071056955,-1.2586553014369521,-0.07063965845043814,-2.091731867504077,-0.5844589387685125,-2.2012225650335693,-0.48612773508193796,-1.4347649211963334,0.1653917502440153,-1.1722301339420151,0.17156108366045572,-1.8498394830977882,0.28899417143588685,1.7444133193105984,2.641781177447586,216.81378080073523,303.8269161871729,-0.06752968904690548,0.3221610456487052,-0.6756368593994893,-0.12135555577982426,0.377411045332966,-0.462348497558986,-0.11564876142368119,0.3460804745440784,-0.7443082594973887,-0.126644562631538,0.29196979107935883,-0.7491212725417875,0.03118019105119818,0.8630699934108917,-1.0516950255248019,0.0813918845914583,0.6722143043875102,-0.9859629754689241,0.10317982024550143,0.7791517437510143,-0.3503908469690358,1.0
Train3.csv,-1.3547008659717747,-0.6496594090224806,-1.6629055281472196,-1.0454635830488426,-2.1450192465715774,-1.2030302154963068,-2.5050742443843665,-0.5600321363457372,-1.919515325774086,-0.5086032446902568,-1.9568752261676519,-0.30485468324039555,1.738587189322933,2.7762597570545995,163.18122667337337,364.59229942460746,-1.2845212437885303,-0.7152287284744301,-1.5884904810451996,-1.1519431576667913,-2.152843295919138,-1.2726641381197772,-2.2579630144005987,-0.4381859881240447,-1.7842177037170308,-0.27997506475992284,-1.7062896100367757,-0.18323050043025763,1.7699775233216863,2.6376841843272913,177.26074847435612,364.59229942460746,-0.07017962218324447,0.2088842590971356,-0.5655588223646588,-0.07441504710201996,0.21199848176176483,-0.5655160761364184,0.007824049347560535,0.1645255950236557,-0.06545234598314353,-0.2471112299837679,0.4878298360908775,-0.9430613521116844,-0.1352976220570552,0.4903964209002183,-0.6256813163855943,-0.25058561613087615,0.3278309305212088,-1.0112765888120285,-0.03139033399875335,0.3528185401524233,-0.42157349153460255,1.0
Train4.csv,-1.8824044689353627,-0.9014511817114932,-2.69642021514914,-1.851001353958888,-2.8264319024101896,-2.002662729955415,-1.7526113006409334,-0.5586208634169212,-1.5576519227214747,-0.39178993798104206,-2.1648810595704857,-0.8028264307858316,2.102603242890468,2.907376065128648,200.91551909229293,261.59497483715586,-1.7825947105996205,-0.7442469344570498,-2.5724942774829316,-1.4936906275985904,-2.621435862886259,-1.2094819888578923,-1.5910999839373576,-0.1543229023406456,-1.3471070707229718,-0.31246088615970724,-2.026752872986462,-0.6096571436543627,2.1075795355579237,3.1142986668220267,202.26293734879013,290.6610831523954,-0.09980975833574224,0.3622656120504286,-0.8270786909361179,-0.12392593766620852,0.29506402957342415,-1.0376830054253219,-0.20499603952393075,0.3702982353851052,-1.5594150268731948,-0.16151131670357577,0.21159130506066592,-1.195291217832883,-0.21054485199850292,0.14969132237589688,-1.3715210525609858,-0.13812818658402382,0.32058574281495944,-1.5310892168988461,-0.004976292667455695,0.30824808074567067,-0.27239611693943067,1.0
Train5.csv,0.0,0.0,0.0,0.0,0.0,0.0,0.0,0.0,0.0,0.0,0.0,0.0,0.0,0.0,0.0,0.0,0.0,0.0,0.0,0.0,0.0,0.0,0.0,0.0,0.0,0.0,0.0,0.0,0.0,0.0,0.0,0.0,0.0,0.0,0.0,0.0,0.0,0.0,0.0,0.0,0.0,0.0,0.0,0.0,0.0,0.0,0.0,0.0,0.0,0.0,0.0,0.0,0.0,0.0
Train6.csv,-2.299520342364067,-1.2163520229551963,-2.005430613004497,-1.103328824130906,-1.9030479210135751,-0.9661231590556316,-2.0576037668664866,-1.1789813634311581,-3.0647692834123403,-2.1348746449845044,-3.8287830582121143,-2.9876773355264046,1.6251776152746398,2.5574752708569024,85.96784323299866,124.56903563674088,-2.0601639123417375,-1.006738188836982,-1.8832282593935772,-1.1525851554441733,-1.7836914706880267,-0.42908466871002976,-1.9705495088167908,-0.9152908131988128,-2.8792626667150136,-1.5650868835326857,-3.749850937838648,-2.538052364056579,1.4906500681474384,2.5570525979866305,90.9742946717563,160.1601886758097,-0.23935643002232965,0.4492645621858655,-0.8986698105865176,-0.1222023536109198,0.17646142387209407,-0.6877984519294407,-0.11935645032554842,0.5482929242662853,-0.666067902121672,-0.0870542580496958,0.4374597107580782,-0.6654624449455082,-0.1855066166973267,0.14142898802526283,-0.8452552262792472,-0.07893212037346631,0.5403019507479891,-0.7565486419386716,0.13452754712720139,0.43943010551764794,-0.15978188241267088,1.0
Train7.csv,-1.363225912132584,-0.5005921669715544,-1.8345915856411112,-0.7490976051813816,-2.5991065286104122,-1.7073653811460017,-2.8130424366408926,-1.130583856714603,-2.3098099320043763,-0.4230723667263557,-1.871211437361593,-0.15769829894440318,1.9091266554996102,2.7302789327666717,209.98145615654406,371.5803184969124,-1.2602928753201417,-0.5653263622521526,-1.8497790814122506,-1.1181509351118564,-2.5748874536504234,-1.7222241349759875,-2.844055997202166,-1.0689367729743116,-2.246308683810978,-0.4585523454835439,-1.8192781078981146,-0.08655553048563853,1.9599653746716825,2.9062416257178207,213.74825175722344,371.5803184969124,-0.10293303681244237,0.14978826305994164,-0.6293366021136384,0.015187495771139314,0.2628683037233239,-0.5646336316865508,-0.024219074959988873,0.3211499065635932,-0.4131738601714652,0.03101356056127358,0.4317535020370844,-0.5430421801045622,-0.06350124819339831,0.2731376684190414,-0.44985209281099703,-0.051933329463478284,0.5964263861954059,-0.7427381419249139,-0.05083871917207228,0.3072540164991462,-0.38485541919436717,1.0
Train8.csv,-1.9112756131521724,-1.1351725621212758,-2.7508630249480404,-1.7335338615885039,-2.85532160243337,-1.8944313386405278,-1.8150728151495263,-0.44472310970072165,-1.6906443782639404,-0.9807614432588432,-2.4666355402920446,-1.435766755784396,2.0793348343980824,3.0044151719761505,183.81210892535438,264.9370709152147,-1.8905607125514736,-1.3038413580538395,-2.7344361420748995,-1.9468948401994477,-2.7869200232521463,-1.5885119008090443,-1.7144506284675776,-0.6848281592170351,-1.475008247000246,-0.5112720233576483,-2.3409807174456594,-1.158049819179422,2.1072353183572328,2.969800473516132,199.85743880110454,264.9370709152147,-0.020714900600698805,0.34873021741471577,-0.5523347208636975,-0.01642688287314087,0.3548540832715785,-0.5898954939067313,-0.06840157918122358,0.27154955949760406,-0.5722444147620882,-0.10062218668194878,0.4949330792328609,-0.4545963735359393,-0.21563613126369452,0.22528362698901105,-0.4993711861188155,-0.12565482284638518,0.10862690792232366,-0.5864440287357313,-0.027900483959150346,0.5575783437044537,-0.5462346928496267,1.0
Train9.csv,-2.5474165965406095,-1.4504923583157452,-2.209550727479391,-1.0168205362632179,-2.0129899486567604,-1.0525043535787342,-2.1047514717179157,-1.2688299054868757,-3.5763298458751045,-2.5583982473683204,-3.8937430225422722,-2.9976731846498987,1.7540725834838815,2.6164458024420627,90.62953619414891,123.8938647118805,-2.2624902574756045,-1.1195660978252058,-2.0296660113888088,-0.7844968037186373,-1.8446843289930153,-0.9387077424744041,-1.9817804732526665,-0.9229242713230803,-3.327198758004919,-2.062329349691508,-3.6848713482396613,-2.306610309221903,1.6497662794154135,2.5540395448729156,84.27070104327478,111.50447824069245,-0.284926339065005,0.4675191344953924,-1.453410461485359,-0.17988471609058232,0.06329070352208399,-0.9396328627258002,-0.16830561966374513,0.6714115224702171,-0.8583209865777373,-0.12297099846524917,0.20334082896699757,-0.8041835325710764,-0.24913108787018556,0.10246783145447669,-0.8422436567681548,-0.2088716743026109,0.20089178847185707,-0.7294546103960418,0.10430630406846797,0.489808707260853,-0.20405941498027635,1.0
Train10.csv,-2.41974598631928,-1.553841032515737,-3.4481818034465928,-2.3396671220920977,-2.7208867476593412,-1.6313616313732207,-2.044119290540095,-0.9658953301877665,-3.029469682169619,-2.174440884201576,-3.7288495326284545,-2.622755108300681,1.9600393279211583,2.802092881051737,118.37816234810552,175.9157844723731,-2.420634062372251,-1.5499193937907974,-3.4362788896505805,-2.5453186572922273,-2.7283861288227307,-1.8423490333091754,-1.9689927288219042,-1.2200572742296925,-3.03263882433169,-2.0613638299418207,-3.654073476867199,-2.6463974611584957,2.0786781698693373,3.074851040533294,120.85719091932438,219.89473059046637,0.0008880760529712539,0.3556542931661375,-0.4032679106997259,-0.011902913796012271,0.37280450011850963,-0.5044521312811865,0.00749938116338944,0.39712914214889317,-0.4363004579273104,-0.07512656171819065,0.3329325361071387,-0.31732107271035903,0.0031691421620707594,0.763350284164193,-0.5321689937642091,-0.07477605576125557,0.5539346711292068,-0.7997746676322297,-0.11863884194817897,0.4465056170090076,-0.46562122486522384,1.0
Train11.csv,0.0,0.0,0.0,0.0,0.0,0.0,0.0,0.0,0.0,0.0,0.0,0.0,0.0,0.0,0.0,0.0,0.0,0.0,0.0,0.0,0.0,0.0,0.0,0.0,0.0,0.0,0.0,0.0,0.0,0.0,0.0,0.0,0.0,0.0,0.0,0.0,0.0,0.0,0.0,0.0,0.0,0.0,0.0,0.0,0.0,0.0,0.0,0.0,0.0,0.0,0.0,0.0,0.0,0.0
Train12.csv,-1.7169068168928594,-0.5730498119834794,-2.7613579628166427,-1.1777691700458965,-2.7547714533092877,-1.3639683989635016,-2.1959848241696913,-1.144576682505198,-1.6796910044850009,-0.4398255080548035,-2.2652834433282525,-1.2127878136534567,1.8969990899584999,2.4918822397287386,219.68488142176855,295.9274163663064,-1.7976699534656677,-0.8692920123442978,-2.6331742053014713,-1.7577630145303909,-2.8507129929183597,-1.6701446495466332,-2.2898673423515334,-0.9222498771369297,-1.686705794783483,0.32510224231383666,-2.234651871490642,-0.4477936726602839,1.9907589959642058,3.4725746893198113,193.8740928728252,328.8082404070071,0.08076313657280831,0.5697498291105985,-0.7131851542021721,-0.12818375751517141,0.37084776405653663,-0.744747035758158,0.09594153960907192,0.5752736264868696,-0.3471736303056936,0.09388251818184212,0.7642337094268354,-0.6459927324601273,0.007014790298482065,0.9808994111594367,-1.5103436358873372,-0.03063157183761067,0.48245697980404234,-1.1104727333221207,-0.09375990600570594,0.34290684437994745,-1.2999908096940809,1.0
Train13.csv,0.0,0.0,0.0,0.0,0.0,0.0,0.0,0.0,0.0,0.0,0.0,0.0,0.0,0.0,0.0,0.0,0.0,0.0,0.0,0.0,0.0,0.0,0.0,0.0,0.0,0.0,0.0,0.0,0.0,0.0,0.0,0.0,0.0,0.0,0.0,0.0,0.0,0.0,0.0,0.0,0.0,0.0,0.0,0.0,0.0,0.0,0.0,0.0,0.0,0.0,0.0,0.0,0.0,0.0
Train14.csv,-1.6894291408848265,-0.7250505588991509,-2.4579616753417115,-1.603955565293256,-2.7162254149155567,-1.814895520106071,-2.533215691817853,-1.1307532023551117,-2.0771344893892523,-1.0479601962699627,-1.509513603350424,-0.39773266340151925,2.2468800449536035,2.897266431463593,223.7122015252989,371.34400867321125,-1.6442115433864297,-0.7518254700375587,-2.4037356205463563,-1.726529881564106,-2.6092837449567288,-1.7316975715086438,-2.4365434415434564,-0.9711914556717465,-2.050424829737946,-0.782016336907515,-1.6158390830449656,-0.48715408801489546,2.117381968789961,3.027968969371383,186.2290930730279,371.34400867321125,-0.04521759749839682,0.2334461384138402,-0.33225849020604015,-0.05422605479535525,0.21246256846091138,-0.4060604116684594,-0.10694166995882792,0.08125514752932261,-0.45781455504016133,-0.09667225027439663,0.18917888065015243,-0.40829069299492016,-0.02670965965130634,0.2514725778344089,-0.4931171946207402,0.10632547969454165,0.536157255039307,-0.3626569688975123,0.1294980761636424,0.6242746391812741,-0.20112950445861033,1.0
Train15.csv,-1.6123778238682207,-0.7291859858382439,-2.027310539461549,-0.8875670895516471,-2.441086773097004,-1.2117033140955844,-2.1874566158483573,-0.5296671748765636,-1.9799095440533243,-0.41117967069281497,-1.9603677045547423,-0.35262588609641404,1.8633872608518827,2.59451647903505,180.78484634599582,362.5667866500263,-1.5717868592844675,-0.9589866100664136,-2.0193207267503235,-1.1856463458026814,-2.420308343206865,-1.2951639734165945,-2.2130528234677618,-0.5192387802547089,-1.7785151664718164,-0.5808584196910654,-1.678053064028371,-0.693827125815682,1.9929461740490242,2.6924161663534565,194.15888832404738,362.5667866500263,-0.04059096458375322,0.19462558552751053,-0.4894087670653309,-0.007989812711225674,0.3087875924857979,-0.3475608843170539,-0.020778429890139005,0.540671216438299,-0.6216758634947448,0.02559620761940451,0.6196772796148844,-0.5733455088390889,-0.2013943775815079,0.4807819222202794,-1.069023298770964,-0.28231464052637123,0.35784409732107414,-0.8745197376193894,-0.12955891319714152,0.307959699631277,-0.8799629721123294,1.0
Train16.csv,-2.0328976292879823,-1.1412342353560967,-2.361113991186588,-1.2058032801060712,-3.262127469427862,-1.9795621956447027,-4.058112462327953,-2.913188207810056,-12.0,-12.0,-12.0,-12.0,1.0242285536012812,1.805153932610505,41.41896010665096,67.70999846456995,-1.9645125667876642,-1.0673980726121828,-2.2875448942732426,-1.113752364557521,-3.0834837845728558,-2.033267214656562,-3.944892681170474,-2.732102192707149,-12.0,-12.0,-12.0,-12.0,0.9493742846310923,1.52224416763696,41.924140507216194,78.99499820866495,-0.06838506250031817,0.4035304271778559,-0.6985629275977332,-0.07356909691334534,0.09857442816499029,-0.8641407636435412,-0.17864368485500615,0.34529160922853164,-1.0342499264549634,-0.1132197811574791,0.3391002966406931,-0.6715032532706884,0.0,0.0,0.0,0.0,0.0,0.0,0.07485426897018888,0.2596739065957996,-0.13825934098993242,1.0
Train17.csv,-1.5915606297653135,-0.883883969203713,-2.2418728714880527,-1.3045358631654833,-2.2198088295826075,-1.600029609062293,-1.6611123177626599,-0.8207697093798766,-1.4506677984830463,-0.5013280771114839,-1.692574443053024,-0.5704566611209123,1.7046947027013357,2.1776965863601285,229.78973314125474,361.17424661750175,-1.519333029855334,-0.9686590780611789,-2.1157291504015667,-1.1476535571066662,-2.1340223392169575,-1.396916127775416,-1.5405352513581678,-0.7993916453127905,-1.148552425150056,-0.4823363921939354,-1.528987388414826,-0.689452318386103,1.88385474447273,2.590696001062439,234.26638082718313,288.93939729400137,-0.07222759990997951,0.24096466898273916,-0.6025189835340843,-0.12614372108648597,0.36476834502721744,-0.6964675888605836,-0.08578649036565,0.2594291940926161,-0.45594007176717,-0.12057706640449206,0.2936627527608193,-0.612457834412609,-0.3021153733329902,0.05129981219561741,-0.9216041447891772,-0.16358705463819811,0.4675623554167787,-0.7548553890030889,-0.17916004177139433,0.11878323472100849,-0.4877315706584002,1.0
Train18.csv,-1.773665481081624,-0.6193055343101034,-2.5078265733542042,-1.5032192469047172,-2.6522546416565875,-1.4684643134295692,-2.0098613003334918,-0.47302517241578135,-1.8281573032472462,-0.8432100095907236,-2.1437975148208186,-0.9436261666305863,1.9553545310590756,2.818518539566134,167.822586915707,347.03785537823745,-1.6598354735758738,-0.9555307739486654,-2.548447355057146,-1.4892651675250554,-2.656919308728189,-1.5255479281256104,-2.0488931546667386,-0.47734314200529604,-1.8122324825098215,-0.7299146751573681,-2.082246257150762,-0.9688906504815452,2.002685724014604,2.7587496467261765,173.0732014671273,347.03785537823745,-0.11383000750575012,0.4130033462546203,-0.754732178933122,0.04062078170294159,0.5741443922167795,-0.30620031141762905,0.004664667071601514,0.20196628709783848,-0.2632959062965634,0.03903185433324685,0.5883228173347732,-0.6051227339925107,-0.01592482073742474,0.5411427173019621,-0.420147643347073,-0.061551257670056536,0.5573693745698356,-0.2878342056451244,-0.047331192955528234,0.3909068963100726,-0.4384625192108216,1.0
Train19.csv,0.0,0.0,0.0,0.0,0.0,0.0,0.0,0.0,0.0,0.0,0.0,0.0,0.0,0.0,0.0,0.0,0.0,0.0,0.0,0.0,0.0,0.0,0.0,0.0,0.0,0.0,0.0,0.0,0.0,0.0,0.0,0.0,0.0,0.0,0.0,0.0,0.0,0.0,0.0,0.0,0.0,0.0,0.0,0.0,0.0,0.0,0.0,0.0,0.0,0.0,0.0,0.0,0.0,0.0
Train20.csv,-1.9585665612282015,-1.2281183993535605,-2.9545601459405155,-1.8600811440179916,-3.0185112523500157,-1.3512569970692148,-2.7272578809343435,-1.5686627867980858,-1.8761911718539288,0.010454706672329778,-2.956721036281104,-0.418158740219992,1.9548595986879889,3.17205995436511,149.247379419629,278.65268598880715,-1.8915507686074688,-1.0849568595765522,-2.865482856757009,-1.5249188852869209,-2.939266014050594,-1.7028320631084348,-2.6695111834885017,-1.1464856915991954,-1.8981562282765259,0.044307403343176406,-3.000288036230769,-0.864173963572705,1.7868215036342927,2.9482133715806267,172.93192185171364,278.65268598880715,-0.06701579262073265,0.1728465267070476,-0.6726651297819277,-0.08907728918350655,0.22717671379745674,-0.5431237924542103,-0.07924523829942176,0.19506601864734385,-0.6120309411100724,-0.05774669744584182,0.2979436028541831,-0.486387291434621,0.02196505642259705,0.9626735291981436,-0.7853423946981928,0.043566999949665064,0.8425031092955042,-0.6217771571403201,0.16803809505369616,0.7883526539583088,-0.482184589608349,1.0
Train21.csv,-1.6694053842313634,-0.7553181142485527,-2.477452731364522,-1.569951756234732,-2.883783850633847,-2.3250849787639045,-2.363117817427465,-1.15975575161459,-2.194885949486868,-1.4095614461382917,-1.9492534648643338,-0.8976690239849836,2.186153864595787,2.871858566212313,169.3750348933734,330.2598578954569,-1.6322230255128014,-0.6144764744684682,-2.40664829172264,-1.6678210540668286,-2.795926447874028,-2.2999598212757557,-2.391549391630814,-1.5846079435461158,-2.043387187384726,-1.385260818551222,-1.7511789290597417,-0.8336879851328667,2.191750343013045,2.9380318412406314,164.58507636149574,366.95539766161875,-0.037182358718562014,0.29755928797911047,-0.6205190997380208,-0.07080443964188188,0.32726120494497435,-0.8295025432019498,-0.0878574027598189,0.11881995784894661,-0.7424584795196796,0.028431574203348742,0.26996761683725445,-0.15719269822976178,-0.15149876210214197,0.08375145118782923,-0.4619513645252762,-0.1980745358045921,0.3305664305559195,-0.9452367171193243,-0.005596478417257966,0.3259232499966611,-0.17047080128285197,1.0
Train22.csv,-2.5490646945228574,-1.4260494475685745,-2.2683155543353193,-1.0058966950559132,-2.415163472221205,-0.6007010770602563,-2.432284588749316,-1.28154915388523,-3.249551347763386,-2.1537189698985992,-3.744239167980399,-2.7387565472561963,1.4246335782928052,2.323511423119509,89.5740878654731,205.38699534252885,-2.5891476738907206,-1.596055618414682,-2.3523759157553723,-1.194090797755934,-2.5273963293538544,-1.399972877805981,-2.470718311023859,-1.7542008081792695,-3.245956198719558,-1.9757547926607328,-3.847435083598695,-2.7163608872968936,1.3434724003244747,2.4250782419329266,95.78686765900679,171.15582945210738,0.0400829793678632,0.45966345505541284,-0.59902888677557,0.08406036142005302,0.3311802241128188,-0.2536894829078862,0.11223285713264941,0.7565059022562104,-0.5547026629160983,0.03843372227454278,0.4450759120769643,-0.7316110939266904,-0.003595149043827739,0.5159327576936663,-0.6367256458453321,0.10319591561829622,0.4528847359278023,-0.4939548354462593,0.08116117796833056,0.23683948304098879,-0.20033502160667793,1.0
Train23.csv,0.0,0.0,0.0,0.0,0.0,0.0,0.0,0.0,0.0,0.0,0.0,0.0,0.0,0.0,0.0,0.0,0.0,0.0,0.0,0.0,0.0,0.0,0.0,0.0,0.0,0.0,0.0,0.0,0.0,0.0,0.0,0.0,0.0,0.0,0.0,0.0,0.0,0.0,0.0,0.0,0.0,0.0,0.0,0.0,0.0,0.0,0.0,0.0,0.0,0.0,0.0,0.0,0.0,0.0
Train24.csv,-3.0754373018494805,-1.9818640903917866,-3.3435995557868123,-2.5788061891420715,-2.6037738290405725,-1.6688720992407853,-2.7442565294304737,-2.187461177466388,-4.5545746241798355,-3.5828652486920194,-4.9969964568176986,-4.164939025994194,1.9764938057888721,2.7294423290184673,87.7291322086264,123.8938647118805,-2.9993089374509765,-1.9484435112223326,-3.2940435253895397,-2.6419488069817327,-2.6370271702845454,-1.7356715786386239,-2.655761574634014,-1.2767154038267268,-4.513525981582199,-2.705520047063564,-4.9148003371453335,-3.381367254277916,1.9326706170007086,2.6984500969901024,93.38603647992235,111.50447824069245,-0.07612836439850401,0.29105530412668923,-0.5698237328681603,-0.04955603039727263,0.5780381042255915,-0.8223210443271052,0.033253341243972834,0.6169934907121166,-0.8780614312067949,-0.08849495479645952,0.5126290516225298,-1.1453071015333083,-0.04104864259763641,0.6144574477935318,-0.42230477537891264,-0.08219611967236506,0.33613020238972524,-0.4208740038600549,0.04382318878816349,0.2955600348639147,-0.5946404861349601,1.0
Train25.csv,0.0,0.0,0.0,0.0,0.0,0.0,0.0,0.0,0.0,0.0,0.0,0.0,0.0,0.0,0.0,0.0,0.0,0.0,0.0,0.0,0.0,0.0,0.0,0.0,0.0,0.0,0.0,0.0,0.0,0.0,0.0,0.0,0.0,0.0,0.0,0.0,0.0,0.0,0.0,0.0,0.0,0.0,0.0,0.0,0.0,0.0,0.0,0.0,0.0,0.0,0.0,0.0,0.0,0.0
Train26.csv,-1.1511100319484715,-0.21395731192931108,-1.7485061118269218,-0.881153835747471,-1.7214187278722788,-0.46852291936471135,-0.8481564784202806,0.26536391144452465,-1.0535042173398987,-0.302284776846838,-2.0597787922690767,-0.9388865346457137,1.810623244263227,3.140580066797758,166.0134006526774,241.1280889376381,-1.068322157323291,-0.32079057946548833,-1.5970093125307216,-0.6866398434163028,-1.4879276423695371,-0.4806184281275975,-0.6547357157430932,0.2252828931741982,-0.8677166454635757,-0.01227988791123528,-1.999209173202779,-0.6636023370246555,1.8539736822206434,2.5918603362891455,173.38959330159625,331.55112228925236,-0.08278787462518045,0.3081343864999646,-0.8454386170911,-0.1514967992962002,0.43253958625191546,-0.8200004086988442,-0.23349108550274167,0.694946819664841,-1.2329675582069952,-0.19342076267718744,0.7321271604959607,-1.4951369969569153,-0.185787571876323,0.7830848594422339,-1.5683829693393478,-0.06056961906629765,0.2612447864394096,-0.7681650817154462,-0.04335043795741633,0.44796295616431014,-0.584403776541256,1.0
Train27.csv,0.0,0.0,0.0,0.0,0.0,0.0,0.0,0.0,0.0,0.0,0.0,0.0,0.0,0.0,0.0,0.0,0.0,0.0,0.0,0.0,0.0,0.0,0.0,0.0,0.0,0.0,0.0,0.0,0.0,0.0,0.0,0.0,0.0,0.0,0.0,0.0,0.0,0.0,0.0,0.0,0.0,0.0,0.0,0.0,0.0,0.0,0.0,0.0,0.0,0.0,0.0,0.0,0.0,0.0
Train28.csv,-1.4967042902809198,-0.565680755674668,-2.096690080348419,-1.1698843430835073,-2.1058191762415097,-1.2250606648483224,-1.5636967062959835,-0.5776593493861112,-1.388041078905779,-0.5500469789557785,-1.755555661054952,-0.5415117435508372,1.6720854377596845,2.2871291820380644,228.32528276652545,362.31359755320364,-1.4017781107317784,-0.7037744867337941,-2.019787654347685,-1.0986038252415737,-1.91635691258638,-0.9100131812750868,-1.3515089283326172,-0.16754842715551116,-1.0349955932528916,-0.4239624207713688,-1.5166090755842854,0.04723841908003128,1.9010314976391487,2.642285116022379,226.59240360035022,289.8508780425629,-0.0949261795491414,0.1371590874736388,-0.54690793742072,-0.07690242600073427,0.29822836153194254,-0.4874051028528057,-0.18946226365512975,0.2133459450459938,-0.7696436104923798,-0.2121877779633663,0.2022771901244016,-0.8355207056188436,-0.3530454856528875,0.13020859581127686,-0.9880998889563319,-0.23894658547066672,0.5003012070430768,-0.6675641522805256,-0.22894605987946415,0.1939461445766435,-0.5788162704054973,1.0
Train29.csv,-2.4201978964908144,-1.0894332859095044,-2.4170820095704073,-1.429744395423061,-1.9104595859387294,-0.8131353343054482,-2.262319677698334,-1.1333422715286978,-3.0891495278721814,-1.4820961105565693,-4.006362668267011,-2.3658216136049983,1.7842281031661613,2.560740385087404,88.54680467694482,164.5005731927693,-2.3247175363905237,-1.2613004312553961,-2.283044726881868,-1.1700439332359929,-1.7522411540986962,-0.8566266330361684,-2.1444242674183913,-1.5326153122801178,-3.022533666571013,-1.780395362470507,-3.9273822349377276,-3.0868329358765223,1.7469255790787042,2.673843223871387,92.78663895859528,164.5005731927693,-0.0954803601002907,0.5186128175938207,-1.2709823392205648,-0.13403728268853943,0.14279866061171154,-0.9506253131543949,-0.15821843184003326,0.4092847418765202,-0.9631829430668348,-0.11789541027994277,0.3344041655099206,-0.6146093603982181,-0.06661586130116826,0.41910974656095545,-0.8539579000005815,-0.07898043332928317,0.6663406772770148,-0.7700667255829492,0.037302524087457156,0.36559468304368936,-0.24308796923477116,1.0
Train30.csv,-1.7481153434672638,-0.7503186766594909,-2.7110640947479983,-1.35983902001075,-2.9387508419852213,-1.6477755164475627,-2.1865930399565254,-1.0039205846844717,-1.6906844337191016,-0.5392179141330592,-2.205734688030055,-0.9904176185561885,2.0537221194197053,3.081717146694522,183.38663356313378,281.9513782216965,-1.9061251634880172,-1.170354423367937,-2.844888291104773,-1.4298235472427838,-3.031519888954648,-1.3823313732613043,-2.2378912566621034,-1.0092036872812566,-1.742169626415977,0.06761282425896514,-2.2612305443058296,-0.02516140107901636,2.078690981444511,3.3483972375387183,192.53627242463082,256.31943474699676,0.15800982002075337,0.7627128886241561,-0.27286338512864194,0.13382419635677456,0.5773285348570596,-0.199131329097765,0.09276904696942667,0.5724647568407115,-0.28834305470402155,0.05129821670557799,0.6462354337419791,-0.26349119386153763,0.05148519269687535,1.2249826270098034,-1.4043478636395934,0.0554958562757748,0.9648476212445671,-0.8981877828523621,-0.024968862024805638,0.5165709365986766,-1.0130059697562186,1.0
Train31.csv,-2.1410670942318033,-1.0446434778488707,-2.512840443459969,-1.3066845998787164,-2.308710836312632,-1.0325893301953228,-1.5617389413551148,-0.22358770214256032,-1.657369954180127,-0.4496410831057531,-2.9138962450530794,-0.9318426893664329,2.12634551033929,2.9552436018638315,168.51186959267042,226.51984529065888,-2.110799275803373,-1.0745039652959836,-2.4098273187866184,-1.4392594383386692,-2.1390734116311863,-1.1277724855584008,-1.4239917467672774,-0.6598192923506849,-1.4034802037382135,-0.38337400488951034,-2.770866173667432,-0.7550511479818329,2.28961730966013,2.93668034220663,167.39516395239002,226.51984529065888,-0.030267818428430182,0.2852489289630218,-0.612314729999329,-0.10301312467335055,0.213713280911914,-0.4117774710663036,-0.16963742468144583,0.2370048139617147,-0.6031581601963547,-0.13774719458783746,0.4990602724293982,-0.5208092393218773,-0.25388975044191353,0.487616149212186,-1.1153780569147609,-0.1430300713856476,0.5156082590577982,-0.9352822612530538,-0.16327179932084013,0.1532229014863995,-0.47253148548092905,1.0
Train32.csv,-1.9529824265579512,-0.7644725042535812,-2.418903223656519,-1.2214299972268727,-3.4906964483502736,-2.4795816327278755,-3.9885588444159703,-2.890456622067031,-12.0,-12.0,-12.0,-12.0,0.9798056702725327,1.8450249488197723,35.83335236478722,62.06749859252246,-2.022994773990276,-1.0219214692662304,-2.385954651169593,-1.3191609377503482,-3.5206438883686757,-2.545749020871399,-4.0039827479691015,-3.029296708875938,-12.0,-12.0,-12.0,-12.0,0.9606742907357262,1.7625956954528916,37.646454399273956,62.06749859252246,0.07001234743232487,0.5933313050137701,-0.4112332512361989,-0.032948572486926064,0.11581137064773106,-0.4415988308711216,0.029947440018402105,0.4371156930603499,-0.2843887478653606,0.015423903553131169,0.5052077618168989,-0.30479656474524575,0.0,0.0,0.0,0.0,0.0,0.0,0.019131379536806548,0.19499968365004938,-0.14982360853139165,1.0
Train33.csv,-1.6796238803566153,-0.949983440837801,-2.4359929241648617,-1.458162094933735,-2.944313017506132,-2.1220140001415184,-2.7270137960836855,-1.786441192809032,-2.115386522764728,-1.074885021336341,-1.8717689420907717,-0.5913577009720565,2.2297545135958043,3.021854871073211,196.85128268877196,345.1473767886284,-1.590320337126653,-0.8285059876209455,-2.3297159092449595,-1.7679565141012652,-2.8125715728610223,-2.32290814076816,-2.595194095987758,-1.9072119701433952,-1.9731977114792507,-1.2131091250950403,-1.6541996638772196,-0.4565996925988452,2.304856638218623,3.2211550154578497,190.20485519773106,345.1473767886284,-0.08930354322996226,0.12431882439060993,-0.459538699235132,-0.10627701491990216,0.3001391993983582,-0.43649728827692513,-0.1317414446451095,0.13179222326514228,-0.7163013906265632,-0.13181970009592758,0.06515522042375155,-0.43323277723767584,-0.14218881128547722,0.08125570961940465,-0.5853885238637893,-0.2175692782135521,0.304569779132406,-0.6634047786360637,-0.07510212462281851,0.3776934753079435,-0.5265985601006555,1.0
Train34.csv,-2.558287273962919,-1.256379712589882,-2.3462430454505325,-1.0744947512001486,-2.0874005913556903,-0.724751369305563,-2.330073523282414,-0.8284807126374558,-3.280453465729222,-2.307313136249473,-4.033996885494171,-3.246094756460809,1.6497431651604588,2.7401954559025907,89.60119631477083,188.3726880360472,-2.343369551720661,-1.1419860768294923,-2.261416058685998,-0.8696740745673767,-1.9391535823630708,-1.1348067408720037,-2.1638953873422277,-1.288745469415632,-3.089355351879915,-1.9031417052155521,-3.862380368251223,-2.545935475331614,1.642640964030241,2.5572574869450775,92.9930695889491,161.4623040308976,-0.2149177222422578,0.29401325260340716,-1.1930923388339738,-0.0848269867645346,0.12384247123340208,-0.7937892016602679,-0.14824700899261956,0.4505650442337841,-0.7087817806345784,-0.16617813594018616,0.4067460762829591,-0.6525926072160297,-0.19109811384930708,0.38533009478635805,-0.8264975823267706,-0.17161651724294735,0.06265659907973165,-0.5842954991430402,0.007102201130217756,0.4352359148975453,-0.2784822924330661,1.0
Train35.csv,-2.546955255771455,-1.2000186909301769,-2.252614304679475,-1.1784597861166723,-1.986091223912482,-1.020589785357448,-2.2294155770746844,-1.5038615371270576,-3.142326571486647,-2.3815469917356005,-3.9719531932349765,-3.149106941333157,1.716892542271648,2.5798654816553315,86.39011041483906,112.71978590544114,-2.249637487413511,-1.0542470900429184,-2.055641739513634,-0.7561589059742183,-1.8510837332906709,-0.6773102765469291,-2.089385783642882,-0.6777322076163507,-2.9256649249162354,-1.9398867942070834,-3.7751811152893326,-2.726462503735798,1.6089302627455582,2.7322059649899924,89.95124919253269,161.02826557920162,-0.297317768357944,0.6394653256776603,-1.296409763859438,-0.19697256516584094,0.13203261828780333,-0.9097914075504963,-0.13500749062181105,0.6707888591794711,-0.7064441821977974,-0.14002979343180222,0.3960270538585502,-0.7599605627553698,-0.21666164657041165,0.2674231595886156,-0.9015677629850494,-0.1967720779456439,0.30425888175950044,-0.8051019619629853,0.10796227952608972,0.4787996975636506,-0.4798196426836072,1.0
Train36.csv,-2.2759439906450227,-1.042242756169599,-2.140836298834769,-0.9265725174424779,-2.655518857199918,-1.584625323107369,-3.7962971448995755,-2.8666763560947888,-4.148499848835616,-3.4880519802290375,-12.0,-12.0,1.2069033418859285,2.1667382171275196,51.44764584667867,92.01615175954379,-2.265160497622587,-1.2627362960048303,-2.1552241079431895,-1.4018596401939045,-2.5608949870630946,-1.4363211058069647,-3.639087337443379,-2.9593574716985054,-4.070021024295956,-3.3035922517508065,-12.0,-12.0,1.1222397002812774,1.780047368111037,55.48651703676278,92.01615175954379,-0.010783493022435753,0.173170041623532,-0.16816839708151843,0.014387809108420413,0.7410845151833487,-0.7459799724217344,-0.09462387013682338,0.1636221373848472,-0.6026010079542594,-0.1572098074561965,0.021567215461446132,-0.5316705134321271,-0.07847882453966015,0.30346445206184836,-0.4125750037318543,0.0,0.0,0.0,0.08466364160465112,0.29029555649222494,-0.10879372547688049,1.0
Train37.csv,-2.009816687113821,-1.0493967220469287,-2.744221467169034,-1.3096067354160863,-2.7486201927291356,-1.265096785145709,-2.0467528422921695,-0.595927047460103,-1.8723099633737683,-0.49433077742027565,-3.1904998847483075,-1.9501401164111127,2.097919027445659,3.236448214705767,133.55898190679906,207.4309218696062,-2.1621503234005472,-1.22902604604814,-2.7533334384077683,-1.1317355665870323,-2.9006098791878565,-1.7237016935305656,-2.1728693282012492,-1.041031323322997,-2.0225270067795913,-0.8466892423957011,-3.2001101451834666,-1.8309278594542577,1.869891127204895,2.535447723813536,144.90215065698257,207.4309218696062,0.15233363628672603,0.9063662965729054,-0.9551648572290516,0.009111971238734196,1.01260155120332,-0.8284689520500468,0.1519896864587209,1.3314514643495015,-0.5734837311177334,0.12611648590907976,1.1679708927334165,-0.6934272847498164,0.15021704340582298,1.4651734889716552,-0.6371837231022379,0.009610260435159113,0.9066541273514281,-1.0094792839836622,0.22802790024076414,0.9698753155030764,-0.44004470634392345,1.0
Train38.csv,0.0,0.0,0.0,0.0,0.0,0.0,0.0,0.0,0.0,0.0,0.0,0.0,0.0,0.0,0.0,0.0,0.0,0.0,0.0,0.0,0.0,0.0,0.0,0.0,0.0,0.0,0.0,0.0,0.0,0.0,0.0,0.0,0.0,0.0,0.0,0.0,0.0,0.0,0.0,0.0,0.0,0.0,0.0,0.0,0.0,0.0,0.0,0.0,0.0,0.0,0.0,0.0,0.0,0.0
Train39.csv,-3.3780089751409452,-2.1163190359673165,-3.5837769767002055,-2.705463174059332,-3.048837530624033,-1.7845044515242725,-3.3346430858489713,-2.0992795356453575,-4.2284554909778445,-3.4374768511021023,-4.897113986178291,-4.13379783868217,1.5967651792664803,2.528369853468738,90.42148661586072,129.73409321192284,-3.368850542319751,-1.6762301063456757,-3.6197572339338775,-2.730522381738383,-2.9669280691012063,-2.0897756734575386,-3.206631772143944,-1.8084463337958354,-4.024858995415422,-2.7537261924029286,-4.783028735834364,-4.038314598759974,1.7731003483312533,2.5849321591297665,90.67810498100457,162.16761651490353,-0.009158432821194218,0.36701083605186025,-0.3913233208550442,0.03598025723367204,0.32051847669305644,-0.12896760400856166,-0.08190946152282663,0.21955353657906063,-0.2745419127576372,-0.12801131370502716,0.10467036107418615,-0.645303113665697,-0.20359649556242232,0.028067500171433668,-0.5660914003233386,-0.11408525034392714,0.24070013098287468,-0.39092111998209944,-0.17633516906477298,-0.0020031470184733724,-0.5130023561386776,1.0
Train40.csv,-1.8190846125164986,-1.2180779192215017,-2.6758582747532262,-1.7782513953003736,-3.029772972817848,-1.9236358295694351,-2.613493192912098,-1.2817770771026726,-2.033823794464179,-0.44479944287764384,-2.678011748221964,-0.2614632157085535,1.8252305506426363,3.4385099680856817,158.78315045618783,274.5835755041575,-1.7433527892251028,-1.2722165871640894,-2.653316538040852,-2.0766020496190873,-3.074026931290245,-2.1580481039080857,-2.5381676593643325,-1.5099549734924476,-2.0165126589716342,-1.2820105928363439,-2.8426528580240156,-1.270432097055335,1.6851795962604648,2.5647825803519044,180.7067603581942,313.80980057618,-0.07573182329139572,0.13135943076730006,-0.5281639351901486,-0.02254173671237414,0.2055183053812848,-0.5685556943287722,0.04425395847239688,0.3349128699734729,-0.22152291947360503,-0.07532553354776539,0.14098394885412668,-0.44254241738902333,-0.017311135492544594,0.57743729998022,-0.7737844749555698,0.1646411098020515,0.5445763755306512,-0.17722808722170846,0.14005095438217152,0.9297280776122947,-0.3222162100524064,1.0
Train41.csv,-1.381588085307872,-0.7349241173098766,-1.8040315586417088,-1.1640312569580744,-2.290788558252955,-1.1644309226486504,-2.3437585735525923,-0.5008285070177825,-1.928762891530031,-0.2157201004511444,-1.875313111731713,-0.24968885575083957,1.9137482989816008,2.6979535443192253,167.0522514727787,374.382277835083,-1.3761701447747305,-0.7974374936647716,-1.7650652900935195,-1.225594575609808,-2.2920214608006453,-1.3244564617871064,-2.4662074351581023,-1.3838276724489644,-1.8644353032317915,-1.006254090381655,-1.654472473471206,-0.2930075397876169,1.8521232231726703,2.862213647962691,212.87363637147706,374.382277835083,-0.005417940533141374,0.25558612817106563,-0.31803475885568977,-0.0389662685481893,0.09206705918287073,-0.30838508599886216,0.0012329025476902622,0.08719713916997618,-0.0889689378637657,0.12244886160550994,0.8528928506233973,-0.22597187659161433,-0.06432758829823948,0.45148621962868485,-0.7758827509344912,-0.22084063826050704,0.3128640960192488,-0.6675544295691802,0.06162507580893051,0.6420385242873268,-0.45668741570081717,1.0
Train42.csv,-2.4233364632345142,-1.5400152319545388,-3.0675811864982623,-2.065177030978597,-3.2395703516843435,-2.060173252995951,-2.716932100664711,-1.1558664357314368,-2.1596674998836645,-0.7502288134961167,-3.2348900947523127,-0.5761632404232542,1.9208688767022735,2.92820663801672,196.87954008072884,313.95448006007865,-2.341342480062918,-1.640988542898771,-3.011179982272399,-2.0867763343403647,-3.1927743318521484,-2.0331850921570256,-2.73915456578841,-1.678947809107725,-2.229239162082229,-0.17337637425695132,-3.2946433648954496,-1.5333089444749028,1.6910510485314483,2.9026422389194524,196.50542670705534,269.103840051496,-0.08199398317159634,0.18999346181411814,-0.817555231173344,-0.05640120422586348,0.1751186193201737,-0.491060356611972,-0.04679601983219506,0.12109266020053955,-0.5902959887791854,0.022222465123698854,0.3823402079392282,-0.491742217591705,0.0695716621985647,1.1287579433960198,-0.8276968350243568,0.059753270143136916,0.7940373669244618,-0.7328420607197228,0.2298178281708252,1.1809376252702908,-0.9518138216890679,1.0
Train43.csv,-1.6723730928992198,-0.5800722048538272,-2.386239412987743,-0.9354762877395063,-2.6029726150243278,-1.0326856866632006,-1.7698548549920607,-0.01324331328165197,-1.5602833261980709,-0.26999760533927086,-1.6836026354704838,-0.144534134914334,1.8627587125036875,2.791585146517871,238.1242254170204,295.04969416398785,-1.661923073414529,-0.6285861509955624,-2.358153569384496,-1.0266149022280455,-2.672713306549087,-1.0942017564680238,-1.8711205210519077,-0.1312200462007003,-1.6275384295705335,-0.5505012754404736,-1.5396066571832656,0.05260612618999416,1.9469819351067708,2.6750132328019753,260.2787435365016,295.04969416398785,-0.01045001948469082,0.7122147007423754,-0.8097161706528724,-0.02808584360324673,0.7400426099991158,-0.6687727188604247,0.06974069152475915,0.6843707184171306,-0.47601076053468194,0.10126566605984699,1.216122969798442,-0.8643018875046669,0.06725510337246265,1.0300796333430653,-0.7016548237454852,-0.14399597828721822,0.7108686352849742,-0.804386672469038,-0.08422322260308324,0.3495761251725915,-0.4910557507629396,1.0
Train44.csv,-1.7866196868425719,-0.7406122462644694,-2.737564771904419,-0.8583475071613872,-2.9830410114165433,-1.2129077117848808,-1.949517875388748,-0.3749533191285721,-1.730167888719884,-0.49622200134951605,-2.383087979761414,-0.3865190736498965,1.9564467587664096,2.2532340460766354,190.00706497946277,328.89263677261465,-1.8622923259557884,-0.3815837132856037,-2.7598596953409897,-0.8767595067171043,-2.874697835294385,-1.162507261148002,-2.0217764807441316,-0.40455679742338685,-1.6990267326371322,-0.6206738927230488,-2.437450626388329,-0.06853253042729195,2.0016838101420134,2.4210880063001188,200.4133084290507,328.89263677261465,0.07567263911321653,0.5310453217117157,-0.35031307324198346,0.0222949234365708,0.25630889429504666,-0.14908696420651246,-0.10834317612215827,0.24919592702125604,-0.5164422198538916,0.07225860535538353,0.3936879005101037,-0.2663092482113534,-0.031141156082751698,0.5204605378868385,-0.5616189194653134,0.05436264662691492,0.6769149203011289,-0.42282156949172967,-0.04523705137560374,0.20685316412528532,-0.2747969835595143,1.0
Train45.csv,-1.675837315534668,-0.933931153405985,-2.3040347230358993,-1.3696887029987674,-2.801230488106077,-1.8665178440292156,-2.732636764163436,-1.666295457575995,-2.111495021542264,-1.0298340467156186,-1.6398721617818162,-0.13828473538834565,2.159098648048813,2.9222082503818885,218.36181086871915,397.0005038179059,-1.6612048586884836,-0.941999818551969,-2.256043340701307,-1.4761874323646422,-2.7410381230716485,-1.8555612935713932,-2.6751828250543674,-1.641302884255007,-2.0727968055807766,-0.891424150341189,-1.485289361517275,-0.1280399566836321,2.1587732883365445,3.0577023236579013,242.87906345668472,357.30045343611533,-0.014632456846184416,0.20501272542412163,-0.3748749591367888,-0.0479913823345921,0.19838304360737702,-0.41129670273173247,-0.06019236503442871,0.11478133148578173,-0.3169908119197249,-0.057453939109068486,0.1218857138124565,-0.2742688105535369,-0.03869821596148748,0.2952616380573512,-0.2934614992434694,-0.15458280026454108,0.18914926401962728,-0.6590588602866188,0.000325359712268547,0.41935591103949443,-0.278457386508455,1.0
Train46.csv,-1.8334103312054923,-0.8248094502876736,-2.6738278515424323,-1.370155536873816,-2.8123460709870756,-1.601491697125614,-1.9014026098904682,-0.48610479415813546,-1.7056209017410473,-0.5413045191155667,-2.2885421261483976,-0.29818749977453723,1.8257831144013317,2.3032137600846294,186.04318234329753,292.0114250021162,-1.8675155878155776,-1.02654482211321,-2.708375041604665,-1.3697788777442308,-2.8451200897722115,-1.614912026295251,-1.983546171061769,-0.7769802101456502,-1.6972110073148214,-0.7251840225260611,-2.305009098146733,-0.24198359045825724,1.9204589360316073,2.436904715445217,198.79212628457333,292.0114250021162,0.03410525661008523,0.6770860659696329,-0.7193847802588134,0.0345471900622325,0.6337705712290034,-0.4578349797483092,0.03277401878513597,0.5326318176546745,-0.9666963126932928,0.08214356117130084,0.6835640359968185,-0.5971760803924187,-0.008409894426225861,0.4654403287317721,-0.7426486429236254,0.016466971998335467,0.8355033076399971,-0.45225207708695603,-0.09467582163027566,0.19689459655583974,-0.3195452658334941,1.0
Train47.csv,-1.0034864780686497,-0.2609771227386209,-1.23750379857905,-0.612941355823222,-1.7450954806485484,-1.269090771725189,-2.040082041288885,-1.2225782476899016,-1.4867399107827812,-0.5339229542206786,-1.3955118046416422,-0.3740803222363149,1.669019707895018,2.7839080728976198,208.18850602692248,332.43728412813164,-1.0134852667098997,-0.17448183277128448,-1.2008667311535375,-0.4711486124734618,-1.7230013128449961,-1.0381664622836217,-2.004461348445604,-1.0535580632299584,-1.5324054837253334,-0.5281631342572607,-1.4504512631066118,-0.3665464003014591,1.6674591965754075,2.5163752546459452,184.53398444265258,362.65885541250725,0.009998788641250034,0.9630718638775663,-0.7133420357154086,-0.03663706742551254,1.1191266957381678,-0.6445095150091473,-0.022094167803552223,0.6326365424161873,-0.6108008563148246,-0.035620692843281176,1.008136533349024,-0.7202311103004431,0.045665572942552135,1.0891516475140537,-0.370329935702324,0.054939458464969615,1.8896011262206547,-1.0660405889242246,0.0015605113196104359,0.9819266811192271,-0.7338537644255485,1.0
Train48.csv,0.0,0.0,0.0,0.0,0.0,0.0,0.0,0.0,0.0,0.0,0.0,0.0,0.0,0.0,0.0,0.0,0.0,0.0,0.0,0.0,0.0,0.0,0.0,0.0,0.0,0.0,0.0,0.0,0.0,0.0,0.0,0.0,0.0,0.0,0.0,0.0,0.0,0.0,0.0,0.0,0.0,0.0,0.0,0.0,0.0,0.0,0.0,0.0,0.0,0.0,0.0,0.0,0.0,0.0
Train49.csv,0.0,0.0,0.0,0.0,0.0,0.0,0.0,0.0,0.0,0.0,0.0,0.0,0.0,0.0,0.0,0.0,0.0,0.0,0.0,0.0,0.0,0.0,0.0,0.0,0.0,0.0,0.0,0.0,0.0,0.0,0.0,0.0,0.0,0.0,0.0,0.0,0.0,0.0,0.0,0.0,0.0,0.0,0.0,0.0,0.0,0.0,0.0,0.0,0.0,0.0,0.0,0.0,0.0,0.0
Train50.csv,-3.2174734533916145,-2.1763243085765716,-4.561853829836748,-3.269417744084781,-4.641235588760078,-3.8102721462628875,-5.330472996052071,-4.547014113413881,-12.0,-12.0,-12.0,-12.0,0.6956819018700181,1.4469394403082334,29.042612732839505,96.4650458894274,-3.1047888575494857,-2.2116392398268006,-4.509042508458522,-3.114943908793772,-4.489117028459457,-3.3779738058849333,-5.137265408747237,-4.081790266121467,-12.0,-12.0,-12.0,-12.0,0.7339423561186142,1.630941094517448,27.959872977036746,35.07819850524633,-0.11268459584212875,0.11594664269425303,-0.6350258189080291,-0.05281132137822553,0.16422796799062578,-0.24545294108754856,-0.15211856030062076,0.044144839307594275,-0.5558853084495841,-0.19320758730483423,0.08012900926500333,-0.388158641118002,0.0,0.0,0.0,0.0,0.0,0.0,-0.03826045424859614,0.16822295070508053,-0.214395372932762,1.0
Train51.csv,-4.907749255609835,-3.4442779925196807,-5.56527153789826,-4.491720310013575,-5.524879480788058,-4.781649352557231,-12.0,-12.0,-12.0,-12.0,-12.0,-12.0,0.4134626563136579,0.7697555345943268,67.16107957040333,88.10980569428014,-4.826349561410046,-3.904936415365161,-5.448089303882531,-4.783644103493851,-5.3880815384557685,-4.787928831740163,-12.0,-12.0,-12.0,-12.0,-12.0,-12.0,0.3917263894729413,0.7606610953219083,70.098073093546,88.10980569428014,-0.08139969419978943,0.2737381250671316,-0.3914232839220748,-0.11718223401572914,0.10456121749326641,-0.4223105305622452,-0.13679794233228915,0.10448999499008949,-0.4332407247351213,0.0,0.0,0.0,0.0,0.0,0.0,0.0,0.0,0.0,0.02173626684071661,0.15838469942729427,-0.05658220339141601,1.0
Train52.csv,-2.373223059951566,-1.3468529551067079,-3.819152964045692,-2.578402023430826,-4.297608465808495,-3.2646602889705583,-12.0,-12.0,-12.0,-12.0,-12.0,-12.0,0.6567998848893066,1.327546237428752,27.94104827261505,44.05490284714007,-2.2816844717933416,-1.1776682793445494,-3.7254128740776684,-2.803148451036458,-4.172824855917478,-3.2859045571728505,-12.0,-12.0,-12.0,-12.0,-12.0,-12.0,0.6209548730964468,1.2934416991335786,28.198832903306716,44.05490284714007,-0.09153858815822424,0.162990701395207,-0.8506438387482869,-0.09374008996802363,0.08323625165918713,-0.5558816809813072,-0.12478360989101756,0.15716281095358564,-0.7077980873868697,0.0,0.0,0.0,0.0,0.0,0.0,0.0,0.0,0.0,0.035845011792859816,0.25099544723900247,-0.1446685478923012,1.0
Train53.csv,-1.3961096038900545,-0.6487990474871441,-2.035842381566345,-1.0147602002358815,-1.9735720892909128,-1.038201908632866,-1.4234587314597413,-0.541296281110542,-1.2523706086461828,-0.615953012996871,-1.7456790278581324,-0.6361805733610288,1.7713179224336457,2.6171756322918243,214.8788308559382,361.5540302627357,-1.2964600868577403,-0.4875826947838353,-1.7798922554314092,-0.8574891817651836,-1.7043425648599286,-0.6656308139487394,-1.1111641158520078,0.07844461946901213,-0.9393710235207264,0.14917764810126746,-1.6131320114391752,-0.8107332940608012,1.8250019792037688,2.3361890300617385,214.4148377627007,321.38136023354286,-0.09964951703231417,0.1320804871741681,-0.7771466519151888,-0.25595012613493573,0.15641027866687818,-0.9971422145633813,-0.26922952443098414,0.12993366793235483,-1.0838481766084587,-0.31229461560773353,0.25482202488351,-1.3118267170676445,-0.31299958512545634,0.3565591420626635,-1.681537589965173,-0.13254701641895728,0.3244485984349976,-0.8503538937000541,-0.05368405677012311,0.3646253345957604,-0.47805423300586347,1.0
Train54.csv,-2.1326866889034353,-1.0223889478561448,-2.9751163961618246,-1.645374427452603,-2.568176625206497,-1.2757812859125188,-1.7801873500215084,-0.307277262449547,-2.063256869298828,-1.11167674542106,-3.1882106520711764,-2.0525121965380935,2.004945716827784,2.763454681480922,142.40220569083544,354.4647355517017,-2.0865454124268377,-0.8917106624936955,-3.0006552457661964,-1.8580021867772298,-2.6705186871869815,-1.1061221824142085,-1.9292511473085505,-0.5956092758722484,-2.0500833859819974,-0.5411793553030282,-3.1194400474620902,-0.8707544759725501,1.9589751512375735,2.61429377207988,133.19556292114856,265.8485516637763,-0.046141276476597604,0.4207877900632231,-0.3819083402246817,0.025538849604371805,0.5088946643552128,-0.35745465170117896,0.10234206198048446,0.6776195773313698,-0.5591279575492822,0.1490637972870421,0.8089359712440913,-0.3103624879032876,-0.013173483316830659,0.7653780442933757,-0.6794682347672767,-0.06877060460908613,0.7589270113879145,-0.6729401572539637,0.04597056559021051,0.32076082434746045,-0.30487501679038065,1.0
Train55.csv,0.0,0.0,0.0,0.0,0.0,0.0,0.0,0.0,0.0,0.0,0.0,0.0,0.0,0.0,0.0,0.0,0.0,0.0,0.0,0.0,0.0,0.0,0.0,0.0,0.0,0.0,0.0,0.0,0.0,0.0,0.0,0.0,0.0,0.0,0.0,0.0,0.0,0.0,0.0,0.0,0.0,0.0,0.0,0.0,0.0,0.0,0.0,0.0,0.0,0.0,0.0,0.0,0.0,0.0
Train56.csv,-1.681744697847809,-0.919705446412921,-2.68490480772263,-1.5058503555943719,-2.8585285969029575,-1.8953260868663762,-2.1304385060090354,-0.7495604492693949,-1.86880758829586,-1.0482108044881686,-2.3444163442569215,-1.3846383742597608,1.9525389172581507,2.515014400033392,161.21583554304993,315.64240737222957,-1.7416912752737481,-0.7864954358530419,-2.748426021415644,-1.2865359836738945,-2.7804861618450136,-2.019949883503195,-2.2303479157218327,-1.3147833995049436,-1.9837818891077539,-0.31009032690625005,-2.488781403809143,-1.2008425075724332,1.9087344904604295,2.968751433069909,135.1410089925909,315.64240737222957,0.05994657742593912,0.6430195962103527,-0.5131603013186856,0.06352121369301411,0.40261782289429915,-0.47042524211989223,-0.07804243505794384,0.6229791597589296,-0.8052985007799296,0.09990940971279727,0.45072697225721603,-0.28941473851908484,0.11497430081189397,0.9576558950427847,-0.4796130231194833,0.14436505955222145,0.7031810600984152,-0.5664988497336356,0.04380442679772112,0.3443151940480025,-0.22384331071674568,1.0
Train57.csv,-2.466133419378111,-0.9679832221778448,-2.4724389502449267,-1.334986273539913,-2.0811391685481357,-1.218821000771657,-2.4257344689193014,-1.2058284216775375,-3.2899093985860297,-1.5543261395755172,-4.1302086164982725,-2.5266997211515956,1.6394816529567773,2.6870931282157597,87.45169898082433,127.60730479861262,-2.3278642518626986,-1.1866651532608563,-2.378252372590499,-1.230529316585486,-1.841347986111396,-0.6634559415733468,-2.291001976453071,-1.6289869379025823,-3.2035024917738673,-2.274315524767648,-4.07997466993319,-3.540275059573601,1.7105180984763995,2.9733855388577584,91.3736008933083,127.60730479861262,-0.1382691675154124,0.5573782663683309,-0.6380041536202321,-0.0941865776544275,0.17434981446571207,-0.38870337531408516,-0.2397911824367398,0.59019742124625,-0.9226904734657908,-0.13473249246623054,0.4899854040713387,-0.7400765857016267,-0.08640690681216245,0.6694282954672883,-0.6919959609601847,-0.05023394656508273,0.8543101692255881,-0.5498579596869946,-0.07103644551962218,0.18515330062259538,-0.46136370796644965,1.0
Train58.csv,-2.2674252638465964,-1.3996667473864055,-2.9592877613349464,-2.3561471799415816,-3.1517393871304624,-2.0507019524127976,-2.825117584786077,-2.005020825915666,-2.0232922695963826,-0.8720697332639371,-3.166853443706909,-1.2525818720940478,1.871113119569861,3.2410503040145295,189.66413955267993,275.1803783752394,-2.273604123913525,-1.7171102025794986,-2.929810689490777,-1.913228175328372,-3.1058814911817216,-1.6364353861448546,-2.7085371349034038,-1.1055481886120093,-2.0343074446815823,-0.3421121211208434,-3.129804321068499,-0.8848694056746301,1.7357891162990482,3.249224451575314,194.52960485308432,275.1803783752394,0.006178860066928582,0.33169601110842706,-0.4013324074585598,-0.029477071844169256,0.22117596418374408,-0.40288168633533594,-0.04585789594874079,0.20218985210390095,-0.32774430803401167,-0.11658044988267324,0.05861930096810708,-0.23355259708463105,0.011015175085199669,0.7166866277375088,-0.8274005689789361,-0.037049122638410203,0.779677030893136,-0.855093108431062,0.13532400327081273,0.9005481985459189,-0.8999135676835088,1.0
Train59.csv,-2.6321637119518915,-1.4616760463180702,-2.451627867606197,-1.4643147317184668,-2.565735836004425,-0.7392571605391148,-2.4507044276385033,-0.9311319092008071,-3.3487093815473985,-1.898490106784215,-3.8330579712778006,-2.001307713349508,1.450203149294588,2.5582804232846517,97.24102071024316,176.72598958220556,-2.6550793566520046,-1.3409631432778817,-2.391430455100285,-1.0587674664466946,-2.5003713618152124,-1.3045305462975942,-2.3350665405440534,-0.9313554486703302,-3.2916556175036775,-2.1663819108637274,-3.7967220375425477,-2.8134118136091057,1.5498760071719269,2.5574384639752683,95.84818210488555,176.72598958220556,0.02291564470011309,0.2315027999195851,-0.378176753847292,-0.06019741250591171,0.21303713566864402,-0.5811947455570694,-0.06536447418921254,0.459058451502528,-0.8107753559672668,-0.11563788709444989,0.203221631737172,-1.0497384505993153,-0.05705376404372098,0.3846822299965269,-0.8151533681811443,-0.0363359337352529,0.3440009443154448,-0.8526737517416909,-0.09967285787733893,0.16652113734130158,-0.5545244182581948,1.0
Train60.csv,-2.387371144902456,-1.1685861658898162,-3.177605588159918,-1.369065687237811,-2.5204278231892614,-1.078010538940655,-1.9406061509762496,-0.8416615864773586,-2.3871517414324006,-1.0076580316175232,-3.5000093254514457,-1.856288313423043,1.9897780637505513,2.832273768500516,123.22840894487413,163.0537783537828,-2.193307452149205,-0.8828212222883141,-3.039874460941594,-0.9242289774953002,-2.396694965966407,-0.3570746205055108,-1.8389130790040593,-0.31852910923755073,-2.2220094683896026,-0.20780811544436664,-3.279901075193477,-0.7764821805158302,1.993173076999563,2.7546050799699326,119.77889558409018,195.66453402453936,-0.19406369275325108,0.16011052776982293,-0.43584151200739196,-0.13773112721832392,0.33506824808980795,-0.5860418007528554,-0.12373285722285443,0.4536951338564159,-0.6887732808748723,-0.10169307197219024,0.4624918897713326,-0.6996775455096854,-0.16514227304279805,0.37976363956843473,-0.4806002477934048,-0.22010825025796876,0.48070253735501467,-0.6430901702725063,-0.0033950132490117024,0.20094911354763845,-0.31520796401610696,1.0
Train61.csv,-2.903979208435947,-1.8762160327131674,-3.0711881086755994,-2.2156473775879313,-2.938487935804562,-1.370331033839607,-2.522563563251945,-0.719493259013438,-3.5845770610549845,-1.6931548133348842,-4.2071576448203585,-2.350755568008529,1.8805459072327841,2.916623244282086,90.10004043746852,157.07851566876838,-2.8623964133840207,-2.1417912945336135,-3.0553749951258213,-1.8993708373583753,-2.9134743514659416,-1.3471402690724898,-2.4857017691966896,-0.14331941938685905,-3.544106271490823,-1.9232718869304535,-4.123874395522212,-2.602254264185635,1.7644431390493418,3.212289834981254,104.50635641620764,174.5316840764093,-0.04158279505192608,0.1939032429968086,-0.2826213987603423,-0.0158131135497781,0.6279898270737863,-0.33494221579781014,-0.025013584338620554,0.3462506835860113,-0.3254663300461864,-0.03686179405525536,0.10807741928344683,-0.421223764964588,-0.04047078956416161,0.16546778093081738,-0.3023977055415057,-0.08328324929814634,0.1674312525863133,-0.3159921451913732,0.11610276818344234,0.3288373415023247,-0.2190167860540717,1.0
Train62.csv,-1.6430195444267914,-0.6089169235632951,-2.5514803400475996,-1.310366913452419,-2.729741756080182,-1.435386996164018,-1.9060578102659274,-0.2803235421647589,-1.7034113101376294,0.4268131285728914,-2.5094051036666736,-1.1600818251119398,1.9150229322134376,2.8472842908968463,152.67919830395442,302.13898887502194,-1.7048663741437362,-0.8456761615543161,-2.468030787583061,-1.2999243106705431,-2.650898130697715,-1.1954844942472225,-1.7999335040381106,-0.3729726368909851,-1.6897726277865854,-0.279570979788753,-2.327965677512238,-0.287355782073471,1.9153088786209307,2.6882733182299074,185.35604556074247,339.9063624843997,0.06184682971694477,0.6567642743072182,-0.7626521438216987,-0.08344955246453845,0.8862292222468788,-0.9805172214116595,-0.07884362538246714,1.2312199756689957,-1.0330883261394779,-0.10612430622781677,1.0495258702495813,-1.0105255965600586,-0.01363868235104393,1.378843300368847,-0.7017682198821189,-0.18143942615443542,0.5869080119161709,-1.0690588877544662,-0.0002859464074931317,0.513590166436553,-0.32255274057534167,1.0
Train63.csv,-2.171089925832902,-1.0304573233992267,-2.9683441220522346,-1.3319424743185233,-2.7706742166801885,-1.1353481050239909,-2.1595553210884093,-0.6627028529490105,-2.0939721029399827,-0.5330060467586714,-3.5552539675697634,-2.352811236896475,2.1599819880112108,2.88383231191374,120.14746939974096,199.97335210864833,-2.2570434728785234,-1.0157120740293066,-2.9980256171885538,-1.5469340751001335,-2.867595697370656,-1.6474974420264783,-2.1929679874052788,-1.2484462693330736,-2.137749763462474,-0.9844420621630783,-3.512261170255601,-2.3385332493484556,2.0153602890339712,2.569396762677722,151.52078058381505,199.97335210864833,0.08595354704562119,0.5295905644552803,-0.7396312056726626,0.029681495136319125,0.5987584821914425,-0.5768423258595594,0.09692148069046747,0.8084412382652433,-0.5984237783904205,0.033412666316869455,0.8377901168912927,-0.6156795363734937,0.043777660522491324,1.3215083903994156,-0.47638238787195863,-0.04299279731416261,0.7178449102329707,-0.8513171878878096,0.14462169897723953,0.6942305438257759,-0.6522626273785752,1.0
Train64.csv,-2.989739043713761,-1.8785384028372067,-3.4343955860092965,-2.116014559508505,-4.373774802486476,-3.328813634231976,-4.716373874223982,-3.7654705692093526,-5.089397381527534,-4.32097293475679,-12.0,-12.0,0.9088711734885444,1.4848051618608873,36.963071791999624,54.99267182987829,-2.9751505808633274,-1.9193628362170103,-3.4270714284544037,-2.2623654448623083,-4.278146938662949,-3.0926924368656348,-4.75854749297274,-3.452315564299898,-5.118258267691667,-3.97123305114472,-12.0,-12.0,0.9055295612372452,1.3797450618834768,37.88991816638401,61.10296869986476,-0.014588462850433803,0.3959372265087593,-0.3973033092112912,-0.007324157554892796,0.36647030224501,-0.7067603232324768,-0.09562786382352773,0.3212651926367256,-0.871618342396772,0.042173618748758024,0.28477860852188286,-0.5250353591798032,0.02886088616413307,0.24010463565871554,-0.19562342660615606,0.0,0.0,0.0,0.003341612251299253,0.1516283023075361,-0.36276385763728547,1.0
Train65.csv,-1.8684872478291121,-1.1354466659180047,-2.889106357197091,-1.6807199435223874,-3.1638979733339454,-1.979418608288146,-2.1572654438113794,-1.3478155335119466,-1.8726704318581717,-0.9252586687606591,-2.5147115921709746,-1.130041398998804,1.9141887757357698,2.5828412089313275,190.55863557102862,263.41793633427886,-1.8459541707329952,-0.7397198372929241,-2.875953902674195,-1.5918790617971013,-3.068754262592588,-2.0164761909899074,-2.125560711923338,-0.5756518189542232,-1.8421159240476674,-0.663067773808407,-2.6820805392910305,-1.2239164258765811,1.96040035120127,2.8294960098345903,164.1612993674015,263.41793633427886,-0.02253307709611696,0.6035906026828428,-0.3098203235190393,-0.01315245452289604,0.31156417625174404,-0.289295242863437,-0.09514371074135752,0.28688364852868853,-0.6085103823376166,-0.03170473188804124,0.510907528542524,-0.4444435380166307,-0.030554507810504283,0.8036556965565147,-0.561458824102683,0.1673689471200559,1.0860200419161505,-0.5027734947567284,-0.04621157546550014,0.2839141367749589,-0.5409208977403428,1.0
Train66.csv,-1.9612940022541052,-1.2579087465185117,-2.662089538277661,-2.0639434190487473,-2.7105958534364087,-1.69141260823756,-1.740527544832492,-0.7678087384800597,-1.6228873690423278,-1.0264530608628635,-2.289512364024975,-1.107818553020087,2.008114140654527,2.7107832376947654,201.53804275490612,294.03693777669724,-1.9204779383972739,-1.0230071742661044,-2.619488139164743,-1.647189904258544,-2.576366172882782,-0.8491414514306798,-1.5450874581524252,-0.6461776753532184,-1.2708441500931735,-0.31914697871105374,-2.0362834291710152,-0.4574350226648868,2.2238781871660507,2.9090014511256084,205.24088091087458,264.6332439990275,-0.04081606385683134,0.27469802059478243,-0.7299574216893725,-0.04260139911291816,0.40761601549953275,-0.7084453497168255,-0.13422968055362672,0.37595286558464114,-1.2656817508983609,-0.19544008668006674,0.37596935406330556,-0.9559729621444415,-0.35204321894915425,0.15472775222366453,-1.092594210837997,-0.2532289348539596,0.0894753434278055,-1.1214918095728685,-0.2157640465115236,0.0908581966085471,-0.5925596337946559,1.0
Train67.csv,-2.2107334886716887,-1.3752904797966112,-2.8919700327538975,-2.172786158526935,-3.1926262006981245,-2.264319057723797,-2.8606328226401736,-1.7417114643540597,-2.0535823455601454,-0.2337083014047272,-3.150319432198886,-1.635845771615464,1.7463219691925906,3.0471288137988184,188.45299502955862,274.3123014718475,-2.224634783527891,-1.5996122486596254,-2.846337719668202,-2.0258483693776004,-3.1634708060285948,-2.2735442933257595,-2.7411678125152052,-1.367692284852363,-2.0360127955491567,-0.4991396422687251,-3.055451065331588,-0.5243957329401645,1.708766845353412,2.910460479781069,204.60462846093185,320.0310183838221,0.013901294856202284,0.44499241893769326,-0.7016383816048024,-0.045632313085695486,0.15086195805829217,-0.44380718306551925,-0.029155394669529766,0.18203275465921642,-0.46946690307663985,-0.11946501012496835,0.1265437368561546,-0.6477266555865957,-0.0175695500109887,0.7506103791921861,-0.8872391378579771,-0.09486836686729827,0.7638461864844768,-0.9393567394370153,0.037555123839178695,0.7878737609260953,-0.9954456008275123,1.0
Train68.csv,-1.9836195505779384,-1.2415826757770416,-2.2898491085030135,-1.3256746451469592,-2.139943790418525,-1.2159260696897993,-1.4166604696012288,-0.2644862286859025,-1.479448718166985,-0.2329104049274326,-2.732020430969801,-1.6881886016370584,2.1393166556126735,3.001988333124948,162.6847049741018,202.95638001303146,-1.96603781027599,-1.2413513460857317,-2.2481093532785836,-1.4550916993307081,-2.0893691128359575,-1.153035173889634,-1.3660416825368062,-0.7184041101687564,-1.3619602389622898,-0.30994677248503094,-2.594337887782799,-0.8559091190631918,2.1109777408637918,2.7592522688909034,172.2414936338081,225.5070889033683,-0.01758174030194848,0.14488206197628584,-0.5305532984713199,-0.04173975522442985,0.26026165183132766,-0.5220018522996757,-0.05057467758256751,0.38089601805032114,-0.733247509448431,-0.05061878706442258,0.5567601754765913,-0.4859720351131962,-0.1174884792046953,0.6066712072182396,-1.1538710839929422,-0.1376825431870019,0.2684031828256792,-0.8686864712184068,0.028338914748881727,0.4929273104360461,-0.46059706155347024,1.0
Train69.csv,0.0,0.0,0.0,0.0,0.0,0.0,0.0,0.0,0.0,0.0,0.0,0.0,0.0,0.0,0.0,0.0,0.0,0.0,0.0,0.0,0.0,0.0,0.0,0.0,0.0,0.0,0.0,0.0,0.0,0.0,0.0,0.0,0.0,0.0,0.0,0.0,0.0,0.0,0.0,0.0,0.0,0.0,0.0,0.0,0.0,0.0,0.0,0.0,0.0,0.0,0.0,0.0,0.0,0.0
Train70.csv,-2.6873206608689273,-1.4557290090595416,-2.3951662925040567,-1.1470704147559931,-2.5216836869547508,-0.3963140881328632,-2.760952617846129,-1.3393217685838066,-3.0417416820221947,-1.8649925761138901,-3.9830062879565418,-2.5982309646118225,1.3290124924274287,2.3354615038137427,93.43461510323345,166.59842570929982,-2.592111696642239,-1.548728235840871,-2.3392459409310984,-1.2645604989163413,-2.489942018232301,-1.5058411202331607,-2.603760475084468,-1.6117343195402878,-2.8811720293058594,-1.626911994174894,-3.8491972513016837,-2.183473574245511,1.450549375554718,2.21465488787648,101.37260524951212,249.8976385639497,-0.09520896422668823,0.3352000035138629,-0.9470827731400044,-0.05592035157295827,0.3687774857086099,-0.8078030591780689,-0.031741668722449656,0.6479200618425549,-0.8618839517775703,-0.15719214276166094,0.6335363979677635,-1.231530768806834,-0.1605696527163354,0.655127252314935,-1.3131302487634158,-0.1338090366548581,0.6625163087865911,-1.203829766350244,-0.12153688312728939,0.19575619396435884,-0.42582840312168035,1.0
Train71.csv,-2.366621377605912,-1.3429910275655195,-2.096562979606473,-1.0023540994443374,-2.0287512473283105,-0.968661357626537,-2.254471941763845,-1.2418493662931416,-3.588800188430013,-2.6707881456952403,-4.051422517679367,-3.1506640840832527,1.5349662714112635,2.67719001789115,80.89364311768715,157.55595796563395,-2.1772010512330917,-1.1285499631971803,-2.014722517418475,-0.9939681375270994,-1.9065585893342278,-1.0715767681518216,-2.0521413042269936,-0.8475267927416601,-3.443661415183283,-2.07178822342316,-3.8955508978704607,-2.385610142984383,1.4167918478200656,2.393159668592258,84.17191464165778,157.55595796563395,-0.18942032637282047,0.5110069960384596,-0.7206862747050535,-0.08184046218799779,0.13790197664861537,-0.46309860719249296,-0.12219265799408263,0.7826429835059494,-0.8815174146088032,-0.2023306375368512,0.40408901258744945,-0.8351701175459447,-0.14513877324672997,0.24583722877734404,-0.5910762567944898,-0.15587161980890585,0.3119485850717276,-0.45932407170414713,0.1181744235911979,0.49171333388428584,-0.28500828601233485,1.0
Train72.csv,-1.0582019794339206,-0.51245725645955,-1.3219340718378154,-0.5282611505610393,-1.6323384241081598,-0.5646263177741084,-1.8499277408046286,-1.1453791259453459,-1.261315297889972,-0.08074421112531377,-1.3726977644699705,-0.7953936232766243,1.604954085777464,2.35948665281557,221.05325315969728,338.07649583009055,-1.05984399120809,-0.405377011216703,-1.2889424067259383,-0.5889467796638679,-1.6154420731557375,-0.732713223397498,-1.8123644872077755,-0.8913797137227052,-1.0597007073816356,-0.14099812816275878,-1.082051273998875,0.27576905367124893,1.9128054843265634,2.944217902469867,236.3671770650387,371.8841454130996,0.0016420117741693385,0.760152139033388,-0.7632884620614035,-0.03299166511187712,0.7771643394750467,-0.5860187110883506,-0.016896350952422257,0.734703308841655,-0.4869084275482969,-0.037563253596853086,1.226482701823195,-0.7039896623359014,-0.2016145905083364,0.7848880570788397,-0.8297224980325293,-0.2906464904710955,1.2970289634705066,-1.4818666172243304,-0.3078513985490994,0.3350165384356336,-1.2037043572448687,1.0
Train73.csv,-2.2495314855768243,-1.5329600977121913,-2.934331830498755,-2.110000541070465,-3.172371900326093,-2.096226419149932,-2.6389983423864454,-1.2883510162609466,-2.050760358394351,-0.7540852554169332,-3.096027045946985,-1.3667158299973161,1.8831664429137316,3.055414311176737,179.86633196666895,272.1421092133677,-2.3017416209769648,-1.4537921985722726,-2.911462251040966,-1.62027945197558,-3.1383920695563843,-1.6784772323625399,-2.6143742898488256,-1.1174226893150576,-2.1260160706803273,-0.135479718078947,-3.1660714087474187,-0.48432956377659164,1.7054613788856194,2.864464437869592,195.31903861912454,272.1421092133677,0.05221013540014052,0.31065023131944036,-0.4242445260928118,-0.02286957945778889,0.25262280016519556,-0.3296100167482412,-0.03397983076970856,0.1557480951358925,-0.24282989023824975,-0.02462405253761979,0.34456371651944107,-0.3478027981129781,0.07525571228597627,1.1429475163795075,-0.7841346934245009,0.07004436280043347,0.7914787876284501,-0.6217131672429064,0.17770506402811215,1.1248541897006357,-0.7987482404365887,1.0
Train74.csv,-1.6748097173904368,-0.692144786670323,-2.4994647594162593,-1.324423670144553,-2.5331919796151903,-0.8882230224357065,-1.6875156638698683,-0.4646948600908621,-1.488300723036241,-0.20465548488720434,-2.0021305793687953,-0.5018582333570938,1.9616163249341954,2.6177896384486976,193.98052164709293,254.3031288486637,-1.6450490892924756,-0.8707913152343264,-2.469242846106762,-1.4188058282599505,-2.428958744728843,-0.9502907999249856,-1.5417538856200408,-0.5903579433520407,-1.2738208481804805,-0.20203892897565995,-1.8736970975307612,-0.6543091856595632,2.0512590428324886,2.7177254816736673,205.2745498351298,254.3031288486637,-0.029760628097961206,0.2901791236995157,-0.6256065720557074,-0.030221913309497417,0.38333547742726193,-0.5222501525729843,-0.10423323488634706,0.6572663054023411,-0.9475167063415237,-0.1457617782498275,0.3633198632141643,-0.4568570193035235,-0.2144798748557606,0.15840871587038285,-0.8544894900606934,-0.12843348183803416,0.42615996050874405,-0.9118141242318267,-0.08964271789829326,0.17649993363148875,-0.3403094311895325,1.0
Train75.csv,0.0,0.0,0.0,0.0,0.0,0.0,0.0,0.0,0.0,0.0,0.0,0.0,0.0,0.0,0.0,0.0,0.0,0.0,0.0,0.0,0.0,0.0,0.0,0.0,0.0,0.0,0.0,0.0,0.0,0.0,0.0,0.0,0.0,0.0,0.0,0.0,0.0,0.0,0.0,0.0,0.0,0.0,0.0,0.0,0.0,0.0,0.0,0.0,0.0,0.0,0.0,0.0,0.0,0.0
Train76.csv,-2.4617833983791764,-1.0873451089946198,-2.383090856405024,-0.8018348553672611,-2.059129953216521,-0.8658693889053107,-2.332828229332128,-1.2890340972671483,-3.2650438842217984,-2.3741319769208893,-4.062329264436586,-2.972587953397924,1.7263136322035,2.4523889494362696,88.27289310322422,128.282475723473,-2.2760619820921684,-1.0459994853821433,-2.3511474688087484,-0.7436547843953387,-1.8425899142473647,-0.7380981839722164,-2.275693607577865,-1.406394446518612,-3.158092940658441,-2.1655754539804795,-3.9218277158361126,-2.744776032776645,1.7107228570007114,2.469507385810644,88.39300616251859,128.282475723473,-0.185721416287008,0.5666301113717571,-0.8947905650351384,-0.031943387596275574,0.2459231153823649,-0.6239642204843059,-0.21654003896915608,0.37194638986565876,-1.03505803382041,-0.057134621754263204,0.4120524484642609,-0.4773554259998496,-0.10695094356335755,0.4074052716235852,-0.5621121335979904,-0.14050154860047304,0.3277374344513646,-0.5546998033296786,0.01559077520278862,0.3844022080568035,-0.2696734865572936,1.0
Train77.csv,-3.298040271723349,-2.5774351274234855,-2.8360470676902425,-1.8418093930945798,-2.7911739344105984,-1.5629497709801825,-3.710721494876645,-2.4698154419245815,-4.534947520282191,-3.2400203253738775,-4.990035703341636,-4.087550999763545,1.4720258774092314,2.472600635456098,63.97594377747519,90.8442479399647,-3.3342152651117356,-2.4484139450881495,-2.7661916430726037,-1.6687061771656897,-2.784101388173106,-1.586920610296034,-3.6749668533919095,-1.8764299968653186,-4.552062229908952,-3.6706210986302548,-4.9842739216325995,-3.866137806445035,1.4858296481240685,2.199819128422404,66.40095970235818,90.8442479399647,0.03617499338838659,0.7586996313832173,-0.3805989235272196,-0.06985542461763883,0.25507915151360994,-0.7904299311946925,-0.0070725462374925385,0.375708415244314,-0.8662708716166363,-0.035754641484735394,0.21880754916652467,-0.5823153333254156,0.017114709626760316,0.31072329457472225,-0.4768828046067721,-0.00576178170903674,0.7051557753011313,-0.5462997916701768,-0.013803770714837071,0.3521368875173252,-0.4421501034173776,1.0
Train78.csv,0.0,0.0,0.0,0.0,0.0,0.0,0.0,0.0,0.0,0.0,0.0,0.0,0.0,0.0,0.0,0.0,0.0,0.0,0.0,0.0,0.0,0.0,0.0,0.0,0.0,0.0,0.0,0.0,0.0,0.0,0.0,0.0,0.0,0.0,0.0,0.0,0.0,0.0,0.0,0.0,0.0,0.0,0.0,0.0,0.0,0.0,0.0,0.0,0.0,0.0,0.0,0.0,0.0,0.0
Train79.csv,-2.237382436611325,-1.4759579891225132,-3.025530672379171,-1.8145577685098941,-3.2483191590993603,-1.896045546589507,-2.5972384620728795,-0.9813818922637817,-2.08520609725523,-0.22974202689740117,-3.152795890556694,-0.8469904348328252,1.8278391291921685,2.9189183535996115,190.5419700073549,319.01826199653146,-2.2410394867494023,-1.5058211536147204,-2.9165822689849517,-1.9719630779332273,-3.2282041937311314,-1.947665783958515,-2.5693468601324883,-1.2523561272272008,-2.013902479359058,-0.6292332026604519,-3.0708730544444687,-1.153035656189478,1.7748279856122595,2.6424371901382666,207.96930834395778,273.4442245684556,0.003657050138077267,0.11566624572836082,-0.23543943559128522,-0.10894840339421918,0.15124637351281267,-0.44551745861225545,-0.020114965368228876,0.14877962550314372,-0.2552121038769939,-0.027891601940391197,0.3333583388962533,-0.29547813623941366,-0.0713036178961719,1.0377030817888153,-0.9183342275920754,-0.08192283611222528,0.6034612279459837,-0.7861727058035424,0.05301114357990899,1.0819975973744813,-0.9717258460720546,1.0
Train80.csv,-2.669244018578413,-1.4228791458433327,-3.4830305224504263,-2.538892477976678,-3.3936627825893186,-2.620113310550836,-2.5642020339407328,-1.609343318321186,-2.7672964052580515,-1.6498178720550851,-3.715085955738425,-2.632149032183569,1.9610054671567647,3.0121488289463065,146.37191569320274,185.61062516161834,-2.6598037174159046,-1.0752598145532217,-3.4690684932337916,-2.5473764739269296,-3.338951966341698,-2.5298602076379657,-2.42983742979167,-1.6341342552884397,-2.739516406311517,-1.7748752458954418,-3.70109456362718,-2.658469347307344,1.9851492604913146,3.037717080230778,139.4920394017239,185.61062516161834,-0.00944030116250838,0.1051773648788985,-0.17410382280846326,-0.013962029216634697,0.37011234297668727,-0.359602447663415,-0.05471081624762064,0.22575448521902253,-0.611878142583818,-0.13436460414906293,0.08339762714550014,-0.36948064355912535,-0.0277799989465346,0.27630019708586984,-0.6557456619444197,-0.013991392111245116,0.3759607313584752,-0.2461139382769706,-0.024143793334549857,0.21473793938958186,-0.2896345613000997,1.0
Train81.csv,-2.6190612100588675,-1.427830762012709,-2.309855119933628,-1.0472963608728278,-2.4196475921994685,-0.9303118689480384,-2.4686138880538784,-1.4449531040029369,-3.4320059314584666,-2.3676909090297933,-3.9226342151754974,-2.7124808134999054,1.4231034504385884,2.7181811776625775,85.5050211870368,157.9899964173299,-2.627052401079289,-1.2691496021592734,-2.335841221761762,-1.2470141553349483,-2.360011764299686,-1.4889920926338456,-2.4214620390834876,-1.5627683753257393,-3.3780235577901045,-2.040165225130823,-3.8908963359359405,-2.8565330431566296,1.531711659517472,2.6663789914702374,86.0163359623546,157.9899964173299,0.00799119102042134,0.357888034042086,-0.41063172435001727,0.02598610182813399,0.32479372943269835,-0.13052295060458707,-0.05963582789978261,0.24860336107874148,-0.6104896003619213,-0.04715184897039082,0.4989078189303613,-0.7990140489584894,-0.053982373668362005,0.4683935732629587,-0.7693861132444555,-0.03173787923955684,0.40499363760349727,-0.46615001254067234,-0.10860820907888358,0.10032177211791127,-0.4385101613797011,1.0
Train82.csv,-1.693333003674546,-0.9138412039877073,-2.4554407298316043,-1.2577893494803822,-2.9277408454085823,-2.1359830354098532,-2.748390231071453,-1.6484640622372244,-2.269830617960432,-1.1669094375028553,-1.7521116592054622,-0.27223492559655793,2.1510529032289614,3.063218452422016,208.17124116118043,390.248794569302,-1.6341804014269175,-0.9180482244272614,-2.2887475041940073,-1.7200367073464786,-2.799298317843158,-1.889398377984816,-2.607509901961864,-1.3119956205765226,-2.140993487358068,-0.9850486063104984,-1.510429213623292,-0.11343509829716944,2.2025903775589493,3.014230115319528,226.21552086748693,351.2239151123718,-0.05915260224762853,0.08939849147204515,-0.6500874094212801,-0.16669322563759703,0.26448035347469667,-0.7578763542975326,-0.1284425275654244,0.12266169064126276,-0.7921267299218431,-0.14088032910958903,0.07816906511133093,-0.6121667476508863,-0.1288371306023639,0.2258484075585483,-0.678647876552601,-0.24168244558217022,0.3592049733599063,-0.8173469084432972,-0.0515374743299879,0.37141032966127563,-0.3035898887122146,1.0
Train83.csv,-1.5483000895312236,-0.17992125791843266,-2.501055073356466,-1.416481145348297,-2.5904706452319184,-1.1449399283692374,-1.9510229260949061,-0.4504030578971788,-1.6868381992576853,0.17610135588697695,-2.1465314582078836,-0.9540089461421065,1.9102827889633889,2.5477133535621017,147.54044084854314,310.9162108982069,-1.6946388914543546,-0.7908390229812733,-2.5954023361200127,-1.6741607160273926,-2.6784467780767773,-1.3783068767727356,-2.0904339996769608,-0.6013880326497361,-1.8340711340301064,-0.5561238657308267,-2.1527693186546655,-0.278991330910308,1.877203859846045,2.664620906089807,176.28985041608456,310.9162108982069,0.1463388019231311,0.7307675429838574,-0.3563952945919442,0.09434726276354688,0.4171303785936229,-0.19263874928185354,0.08797613284485895,0.6420075624066919,-0.38191385705623304,0.13941107358205462,0.6342727872189329,-0.12134304112130323,0.14723293477242105,1.1284040043090622,-0.7316656262626702,0.006237860446781873,0.32895631608068787,-0.3560373594574897,0.03307892911734389,0.43574193600972766,-0.2896196471859249,1.0
Train84.csv,-2.150446031833566,-1.1845246173172252,-2.9493337988034085,-1.557065444124462,-2.8915547252734077,-1.297092275586611,-2.034297345260636,-0.6852351247605475,-2.061070176794276,-0.3933633365905569,-3.5615846597996503,-2.3335515285995023,2.0271397075680726,2.651925915596265,135.47799567891013,193.89681378490488,-2.141697060622306,-1.1251904230851217,-2.9477212592410558,-1.6404749633971567,-2.7771422717188035,-1.3457499085443618,-2.02542804874612,-0.43602475967594023,-1.9887769998100386,-0.5522626773077915,-3.3677078369409683,-2.0048454275062655,2.0376328050834864,2.995692492539191,144.18075414030616,213.28649516339536,-0.00874897121126006,0.4029981578990318,-0.38473535440428086,-0.0016125395623527439,0.5766170824391734,-0.3223367601722211,-0.11441245355460428,0.5106916110154534,-0.6103096542127839,-0.00886929651451629,0.6259784295895925,-0.6346464265833658,-0.07229317698423743,1.0769146684236452,-0.7116558501300241,-0.19387682285868202,0.3587279098915035,-0.9277956559250251,-0.01049309751541383,0.3270150325330423,-0.6887457037070974,1.0
Train85.csv,-2.451139972876118,-1.200658182991732,-2.175803499206466,-0.9344517719736385,-1.92152090757348,-1.042430116486731,-2.092855531389337,-0.754280326762572,-3.496917649711373,-2.5778236200283726,-3.932972699678843,-2.9558960922521793,1.7101762998932173,2.4791727911633528,84.77949916252528,124.23145017431068,-2.251162572510971,-1.0560702764860288,-2.0819160570790247,-1.0197985346863288,-1.799830672845651,-0.7324876962790204,-1.989242952171212,-1.0024458153286984,-3.4033840577892,-2.644358874515045,-3.792886814600026,-3.0704735615545276,1.6488973007518712,2.601961982858316,91.59139606494412,159.72615022411372,-0.19997740036514688,0.4016408157695883,-1.1495299161069417,-0.09388744212744138,0.14347419595614275,-0.6683628513877653,-0.12169023472782903,0.45729082088684647,-0.6991144857913911,-0.10361257921812506,0.5431648803833145,-0.7009215913240276,-0.09353359192217292,0.32039564397102227,-0.6878292796016781,-0.14008588507881736,0.21741346590761834,-0.8596912558524812,0.06127899914134605,0.5413178236977008,-0.25563425580686694,1.0
Train86.csv,0.0,0.0,0.0,0.0,0.0,0.0,0.0,0.0,0.0,0.0,0.0,0.0,0.0,0.0,0.0,0.0,0.0,0.0,0.0,0.0,0.0,0.0,0.0,0.0,0.0,0.0,0.0,0.0,0.0,0.0,0.0,0.0,0.0,0.0,0.0,0.0,0.0,0.0,0.0,0.0,0.0,0.0,0.0,0.0,0.0,0.0,0.0,0.0,0.0,0.0,0.0,0.0,0.0,0.0
Train87.csv,-4.280800048868825,-3.3114557200886354,-3.6788947885657937,-2.0274278294732597,-4.325954095549009,-2.0579386465341942,-4.574156116287325,-3.626601227867828,-5.201005256728497,-4.084440449124327,-5.378825285184599,-4.467806825106558,1.4633500441144638,2.2930118405293234,66.90782890359421,268.3804426320027,-4.243449888604646,-3.5724831095422447,-3.603369499030503,-2.702324224275329,-4.376507862152618,-3.3217519646577274,-4.615937303288998,-3.9452914281153575,-5.19170326266387,-4.351121474320052,-5.339225020817398,-4.619082895298513,1.3918068270336004,1.8294454470851278,58.25150481836002,134.19022131600136,-0.03735016026417881,0.42023508262831344,-0.2411056046714899,-0.0755252895352907,0.2643932941052989,-0.39213763909621235,0.050553766603608885,0.5576577156964126,-0.30043492623767065,0.041781187001673104,0.24129676108088294,-0.12255246319953272,-0.00930199406462684,0.13453032071316162,-0.19156555683302745,-0.03960026436720021,0.25235316942949737,-0.2670308892098543,0.07154321708086342,0.4245356453967817,-0.14828166393304798,1.0
Train88.csv,-2.7720907968521304,-1.3802232284982552,-2.5954419144730227,-1.2577343287405427,-2.69078411333384,-0.5396805009526812,-2.543962904805052,-0.9489804056353952,-3.0520197291073954,-1.7451513466873354,-4.021904500260482,-2.391189339754481,1.594762542349295,2.426577839720901,106.37804803237603,281.7994647636028,-2.648258007843295,-1.6348128454601003,-2.4808703451431366,-1.3640125865230635,-2.6034247600265013,-1.7748542788181796,-2.400006736966979,-1.2124567466805085,-2.9494679292769925,-1.8078914141091236,-3.9908510612755634,-2.9804084727758084,1.542442465025973,2.531896292077672,105.4974650796953,187.8663098424019,-0.12383278900883532,0.20612078782029197,-0.6437350519617362,-0.1145715693298861,0.19423848155878143,-0.8020501964625395,-0.08735935330733868,0.4253655244453105,-0.6980737212601653,-0.14395616783807297,0.2649232651608102,-1.0043494399973891,-0.10255179983040286,0.5883445339101785,-1.068772014498193,-0.031053438984918635,0.24388483540015216,-0.5015217136193879,0.05232007732332211,0.40327581400498214,-0.34441691994404966,1.0
Train89.csv,-0.9524069956276251,-0.2645334976138135,-1.0947248601092725,-0.5102747810913575,-1.5381782524443488,-0.6901481683993627,-1.7941346339764725,-0.9960042377928768,-1.1806121120621893,-0.05812225675834895,-1.2548899760056247,-0.42260004815143154,1.6811799178358506,2.5396454831550646,206.77792824289088,329.90539315990526,-0.9646583877143327,-0.48909046547281854,-1.0860536799922076,-0.4483860217984369,-1.5128286413552292,-0.760868236554698,-1.7670563134658304,-1.1327617310334976,-1.2305558263160812,-0.4877276544325074,-1.2058890216466642,-0.007492607301446088,1.7536541925229758,2.4001452321234638,216.99782494842424,304.5280552245279,0.012251392086707558,0.8911929159058893,-0.6881202670406081,-0.008671180117064914,1.0198109190785,-0.5273006554783203,-0.025349611089119595,0.5822981768535205,-0.33399459058214,-0.027078320510642184,0.9238167398577819,-0.6090515596365889,0.04994371425389188,0.8707733449029407,-0.6441571550805694,-0.04900095435896046,1.5638866621336651,-1.1358914652835541,-0.0724742746871252,0.9373337713062384,-0.8695054215765075,1.0
Train90.csv,0.0,0.0,0.0,0.0,0.0,0.0,0.0,0.0,0.0,0.0,0.0,0.0,0.0,0.0,0.0,0.0,0.0,0.0,0.0,0.0,0.0,0.0,0.0,0.0,0.0,0.0,0.0,0.0,0.0,0.0,0.0,0.0,0.0,0.0,0.0,0.0,0.0,0.0,0.0,0.0,0.0,0.0,0.0,0.0,0.0,0.0,0.0,0.0,0.0,0.0,0.0,0.0,0.0,0.0
Train91.csv,-2.097742366107559,-0.8566758776555158,-2.3241905028614287,-1.1464144870198014,-3.1363026042008872,-2.087938952291595,-3.8049738737529744,-2.7806792177014064,-4.4035220890538795,-3.685754301525413,-12.0,-12.0,1.0234416883969666,1.933278716802624,42.688973387731664,77.2588444018811,-2.1218095059711173,-0.7960052489582685,-2.32613322123149,-1.1395846892345018,-3.109967876407831,-2.246425162870588,-3.750338863472062,-2.9026601322577976,-4.387529754513714,-3.6832954336451755,-12.0,-12.0,0.9965723471379009,2.297619748073835,44.15777988793632,90.1353184688613,0.02406713986355813,0.4467122413869218,-0.43079938060760936,0.0019427183700613249,0.43972466268971644,-0.4182973528646232,-0.026334727793056345,0.24491365118441788,-0.24505505371263903,-0.05463501028091233,0.09521172397609101,-0.26174642826648364,-0.015992334540165132,0.35578852707344577,-0.2950642615518069,0.0,0.0,0.0,0.026869341259065704,0.22329741861965147,-0.33712480516969845,1.0
Train92.csv,0.0,0.0,0.0,0.0,0.0,0.0,0.0,0.0,0.0,0.0,0.0,0.0,0.0,0.0,0.0,0.0,0.0,0.0,0.0,0.0,0.0,0.0,0.0,0.0,0.0,0.0,0.0,0.0,0.0,0.0,0.0,0.0,0.0,0.0,0.0,0.0,0.0,0.0,0.0,0.0,0.0,0.0,0.0,0.0,0.0,0.0,0.0,0.0,0.0,0.0,0.0,0.0,0.0,0.0
Train93.csv,-1.3458711119196132,-0.10391290676226315,-2.083133594714619,-0.8620697098720048,-2.233388728175588,-0.7523330788945319,-2.247186052925221,-1.0357835400410986,-1.7089614526432726,-0.2924047664912684,-1.7415598818843743,-0.2548280021207552,1.7121318144212307,2.4354654760795067,201.42790107914553,302.7220910374013,-1.3217567673211037,-0.5530612314487507,-1.8218355544373086,-0.839368178908972,-2.141590977391042,-0.7713580754195529,-2.0735364199839266,-0.9806755015502067,-1.410926917433668,0.25207334254526315,-1.3521416230644885,0.34074928877902455,1.9629106712810376,2.894651800410278,219.08159458716278,332.9943001411414,-0.024114344598509474,0.4642832967337114,-0.7163762144280197,-0.2612980402773104,0.1284061643838974,-0.8068037043032059,-0.09179775078454577,0.49886264371022015,-0.7025815543861929,-0.1736496329412942,0.3676492266953546,-0.7903605321697027,-0.29803453520960455,0.7837172398845292,-1.1623715950165074,-0.3894182588198858,0.6445510528781431,-1.3666093474157948,-0.25077885685980683,0.6900953835200887,-1.3255133803533627,1.0
Train94.csv,-2.5427414395667434,-1.458108057414686,-2.30512628702327,-1.0953878086366244,-2.18172379741442,-0.8799928197264746,-2.2698287407711684,-1.2892874737989832,-3.660099056794327,-2.8247441103809403,-4.03983515905785,-3.0759842772869628,1.6162713821664991,2.316661973610476,88.22063019227525,159.29211177241777,-2.368070977364595,-1.0982055374869513,-2.180191649747649,-0.9174418199636781,-1.9412446147611582,-1.1724375021225257,-2.0974657640493746,-0.5792756431824346,-3.500182777902643,-1.863837615470619,-3.963238130908242,-2.2833843883811977,1.6878558325686006,2.571415077924867,87.57394776337547,111.50447824069245,-0.17467046220214844,0.5186939432567348,-1.1249888814674,-0.12493463727562126,0.21896033377021018,-0.6637112816224049,-0.24047918265326196,0.3952051371485503,-0.6631893993337956,-0.1723629767217938,0.17748846672972762,-0.5840683335372154,-0.15991627889168392,0.2480531596322071,-0.6482050594760373,-0.07659702814960756,0.5100316041028767,-0.4690876745867354,-0.07158445040210148,0.4106026108148333,-0.4338197051850512,1.0
Train95.csv,-2.497506216934645,-1.2759700943411023,-2.221172410893524,-1.094874299065578,-1.9805268964414746,-1.0812282927303747,-2.5167488344158646,-1.4975368750285263,-3.6766912291993084,-2.7099811250570522,-4.1038387154389255,-3.3217620555566776,1.5352136857376646,2.458417240256405,85.9679949457523,157.12191951393797,-2.2624866127431504,-1.158662775533098,-2.120351274869825,-1.0447407242805784,-1.7967079747374952,-0.49595004759124933,-2.319433448145915,-0.8038987714631196,-3.4068463742638864,-2.512613400331676,-3.8776766945931276,-2.760985350970257,1.5460303901616617,2.359214965342308,90.7601551597441,183.30890609959428,-0.23501960419149448,0.6393181210140986,-1.3363423289575955,-0.1008211360236988,0.10891642181433658,-0.895694006266512,-0.1838189217039794,0.7962271893296604,-0.7894097988471958,-0.1973153862699495,0.11723564545598553,-0.7572937705063896,-0.269844854935422,0.14847496974385344,-0.8325442718478198,-0.22616202084579795,0.3507928430639611,-0.7939019758164054,-0.01081670442399707,0.24302835470072415,-0.5061793206526803,1.0
Train96.csv,-2.322939553132803,-0.9453166014135763,-3.2350933683564307,-1.3130683665794411,-2.9828695561202005,-1.535083953516546,-2.1171867246401583,-0.13330892514759918,-2.3833670717625566,-1.1834248768354667,-3.6215586424268404,-2.0197027276421675,2.0533366741909083,3.002683230249265,124.20283498635666,183.95338743696104,-2.3164644550300455,-0.9429393584524288,-3.1780364731814075,-1.3651992748347264,-2.8160116670128046,-1.6237615425621938,-2.014802756229179,-0.8380365474437964,-2.335355678537389,-0.8763853400182117,-3.399364030130145,-2.1956464211356645,2.116991795255764,3.065229109344091,130.8393257230861,202.34872618065714,-0.006475098102757482,0.512001254551748,-0.637617005052419,-0.057056895175023215,0.6368264612545342,-0.5421419536574623,-0.16685788910739596,0.42482046566894116,-0.6620976784014903,-0.10238396841097952,0.6364491783961941,-0.5981995294103777,-0.04801139322516779,1.1434585284758079,-0.5022628313429998,-0.22219461229669557,0.8530230604472555,-0.9137566476584578,-0.06365512106485571,0.31154324093339625,-0.6967827284348223,1.0
Train97.csv,-1.801640048590449,-0.9445658425494131,-2.453798743810127,-1.2977219243803162,-2.7342788539731053,-1.6041672865051722,-1.8210537567987557,-0.9312969898849215,-1.611269967005735,-0.5661397819200729,-1.7689863731318702,-0.3257083007412279,2.0090897949613185,3.1314948102970326,239.15927068023308,330.4117713535505,-1.8383001136625616,-1.132833436995338,-2.531618953240329,-1.556994459574623,-2.8082830880065,-1.9525312751440247,-1.887473079640572,-0.823654462033279,-1.6631541498906715,-0.6827257356957028,-1.9743915357124817,-0.5168027812388782,1.9029212611935242,2.7413237418954606,231.365751164521,330.4117713535505,0.036660065072112724,0.7139385324022771,-0.4724894127312709,0.07782020943020163,0.6680487625456708,-0.35092858266715377,0.07400423403339484,0.6534021738383684,-0.5864775559093474,0.0664193228418164,0.6315898873822612,-0.7411617626683731,0.05188418288493635,0.7214512551905403,-0.7731917200093588,0.20540516258061148,0.6572381256675253,-0.5071739201060437,0.10616853376779423,0.48437909380080324,-0.27418576407444206,1.0
Train98.csv,-2.647295692311372,-1.1837629144961013,-2.4915337617314304,-1.2647910765410713,-2.1060224004431767,-0.749065359824417,-2.404909403994276,-1.3777606573474133,-3.4785494532415915,-2.6870639520793964,-4.280590210816594,-2.8485643301924424,1.8142607264244561,2.5240691614350084,88.59344250462831,114.84657431875135,-2.418306112635042,-1.2595362881873153,-2.2857707042374007,-1.190868970182043,-1.8089840890782765,-0.8511123551453411,-2.177261747620976,-0.791535152498635,-3.157597838505751,-1.5350606092010013,-3.989736926136234,-2.293102872991436,1.7512103468534406,2.8914553544731687,91.01820108438766,143.5582178984392,-0.22898957967632994,0.7298241619134809,-0.9872996957772708,-0.20576305749402968,0.03401635351474219,-0.6258699113879915,-0.2970383113649002,0.6934752508989668,-0.8550734014161758,-0.2276476563733003,0.29712162074676796,-0.9979541151041929,-0.32095161473584044,0.23141529894772273,-0.9632777761182836,-0.29085328468035954,0.31028315983966337,-0.6938524879674146,0.06305037957101556,0.4328418629594737,-0.3159838714058907,1.0
Train99.csv,-3.172791602693226,-2.2727495767875476,-3.296645526532571,-2.0161377102017966,-2.359680082991617,-1.2495758916441702,-2.158627955794372,-0.9536190292177184,-3.432357808022749,-1.777759405743162,-4.081055455541165,-2.4754946784907594,2.1979940165787384,3.077625486825193,110.74658915571084,159.00275280462046,-3.1145224070318163,-2.002095026716817,-3.1951188552916214,-1.7081808940984737,-2.320938020555617,-1.2079697452664353,-2.137343574400619,-0.7383774637901169,-3.3887421120202204,-1.4339605701685711,-4.026161689170776,-2.4554613409489336,2.0810099784220832,2.878433204420093,108.25851028742582,130.09316138559856,-0.05826919566140987,0.04202623138637129,-0.20114410516060044,-0.10152667124094972,0.27834015242665533,-0.6864081590678213,-0.03874206243599998,0.1702410187427077,-0.3132157426975617,-0.021284381393753105,0.2931850742586031,-0.678965123499292,-0.04361569600252846,0.36351179415731316,-0.5666983114060371,-0.05489376637038923,0.24640444486150148,-0.5396858249693217,0.11698403815665515,0.36886543202117705,-0.023311505307067826,1.0
Train100.csv,-1.6202036352224671,-0.6942661885143933,-2.2458908893414398,-1.1026678229154352,-2.4943825415882506,-1.0733577203874387,-1.719928057041912,-0.11640588624990046,-1.493244893836072,-0.2628616014487671,-1.6030618349042054,-0.0657137415300403,1.9546509757373207,2.9650663339703147,230.10749385275483,294.03693777669724,-1.6252045730400333,-0.6420660518481188,-2.3302240403744854,-1.0665399571244052,-2.6225620935134994,-1.2153612650126386,-1.8178881763776964,-0.32255949424133545,-1.5389330672982386,-0.5046750071751843,-1.6585656985445176,0.013749746383521482,1.939981179560283,2.537987943980975,255.04558449477958,294.03693777669724,0.0050009378175661645,0.5604433016109402,-0.5821171032261185,0.08433315103304562,0.5445191576358805,-0.4347884728258098,0.12817955192524888,0.74632548767339,-0.6422677346111656,0.09796011933578441,0.678969580675521,-0.6392890567028728,0.04568817346216658,0.8677328028202842,-0.8717171942348423,0.055503863640312234,0.6726523829494133,-0.477639464746499,0.014669796177037675,0.40839167978480884,-0.37255560991310155,1.0
Train101.csv,-2.725427808651512,-1.219522559132571,-2.505476139545288,-1.6761057439818112,-2.4747379192797636,-0.7451857585140168,-2.9011052479539727,-1.3816538795321123,-3.6867710869420875,-2.187427279438534,-4.191221595730702,-2.7511991593754,1.420426453800018,2.2077184867719963,76.30728943275255,203.56403384540585,-2.7832883360440253,-1.3996274354841582,-2.4228091000551877,-1.4227572897909782,-2.407716648133608,-0.6562299605502727,-2.9298611180489713,-1.5391991421923537,-3.7334268912819866,-2.4349449991416696,-4.19232304602493,-2.5842369316097615,1.4242514812975928,2.270237873045617,73.12931010320101,135.70935589693724,0.05786052739251346,0.24835806520776726,-0.23313826243783575,-0.08266703949010035,0.4572295585408024,-0.40916993217877407,-0.06702127114615575,0.5156330930122897,-0.7953527851697215,0.02875587009499858,0.8454044695146283,-0.861993525529476,0.04665580433989902,0.6430953135087218,-0.49816081670736256,0.0011014502942279236,0.5636259520673255,-0.4705183057336457,-0.003825027497574851,0.2302147350848771,-0.18453012880601638,1.0
Train102.csv,-1.98201084521826,-0.8306520577400942,-3.241238192008559,-2.551915399343374,-3.404603932947232,-1.9610240847983744,-2.570769952183829,-1.6481995543557744,-2.2729728901894677,-1.293852367654783,-3.383108827418698,-1.9869582974560276,2.202320497019103,3.6049686432617034,110.70301828485793,241.2385714526153,-2.012333780468659,-0.902440473188257,-3.1592335943477856,-2.634443889747931,-3.3998524119208957,-2.273332147569785,-2.509175543726716,-1.3903564117394644,-2.125222911645657,-1.3219462287677723,-3.180765876683602,-2.2029659873439673,2.2176667551202582,3.2615983063533487,127.85101788737532,219.30779222965026,0.030322935250398864,0.33146318297614075,-0.6251713724530883,-0.08200459766077328,0.13068296224103548,-0.7191197090558683,-0.004751521026336469,0.3635349940159145,-0.9213026378308475,-0.06159440845711295,0.20549995441429525,-0.6676876142328791,-0.14774997854381056,0.19903330874239122,-0.9700500331682096,-0.20234295073509623,0.14735566037035364,-0.7986388314265929,-0.015346258101155197,0.28425171380811776,-0.35868953733467435,1.0
Train103.csv,-1.2129230887061908,-0.43353362994482664,-1.731651848455666,-0.8001102488717552,-1.956611824794846,-0.7919112314239001,-2.0445013309916833,-0.8658980319272341,-1.5808659911505696,-0.2913469625314011,-1.4239738081877715,-0.00033128479445045236,1.7452928296952828,2.572465021075322,198.7559975769924,393.28706373117376,-1.2619282605475737,-0.5719970266323746,-1.709863741055104,-0.9238014248827302,-2.0017321018326673,-1.0038197833020297,-2.0541728003450626,-1.3932574157352675,-1.3115903003374472,-0.5324325144644653,-1.0715113824667748,0.257027257590802,2.0290577894670094,2.9089227677036855,242.5041889839316,321.7803248709603,0.049005171841382866,0.7252601715202105,-0.8061786910220259,-0.021788107400561918,0.6843762087066703,-0.8868637989094541,0.04512027703782118,0.7447175229332605,-0.7404366924616728,0.009671469353379258,0.7950521316029604,-0.93342693272584,-0.2692756908131224,0.6331206851731529,-1.219851785204601,-0.35246242572099673,0.7719818477127618,-1.4281835769353401,-0.28376495977172667,0.5623917541457635,-1.062734890280864,1.0
Train104.csv,-1.3303407132959055,-0.44984951838068576,-1.9216712425732316,-0.7425719626791387,-1.868448939614411,-0.877593841436466,-1.2498460610635727,0.01427430580176761,-1.1245042183912408,-0.24234354914698028,-1.6604387980778375,-0.5463745937872474,1.8057388091446032,2.4132478183377426,216.11024557318137,360.4146793270338,-1.200072995051463,-0.4747389335237199,-1.6580570180638028,-0.8400234839278528,-1.5742600321032547,-0.6422955877020752,-1.012136916798905,0.15398065962714802,-0.9113289225463379,0.3798086092013333,-1.6426769724558126,-0.4275813802790094,1.8083377577400264,2.366286462033973,215.09458349246012,360.4146793270338,-0.1302677182444425,0.04970466988498412,-0.7458479061408985,-0.26361422450942884,0.28689198009803407,-1.014939020294705,-0.29418890751115634,0.14428249439277874,-1.14020625523732,-0.23770914426466772,0.33885894349457213,-1.3365031761727728,-0.2131752958449029,0.30748696045358503,-1.445483070867582,-0.017761825622024885,0.2802740562651551,-0.38953524421043784,-0.0025989485954232006,0.3628843579290808,-0.5822725842301522,1.0
Train105.csv,0.0,0.0,0.0,0.0,0.0,0.0,0.0,0.0,0.0,0.0,0.0,0.0,0.0,0.0,0.0,0.0,0.0,0.0,0.0,0.0,0.0,0.0,0.0,0.0,0.0,0.0,0.0,0.0,0.0,0.0,0.0,0.0,0.0,0.0,0.0,0.0,0.0,0.0,0.0,0.0,0.0,0.0,0.0,0.0,0.0,0.0,0.0,0.0,0.0,0.0,0.0,0.0,0.0,0.0
Train106.csv,-1.6577641084379693,-0.6568492362812899,-2.3827683399145423,-1.1864120668383265,-2.5722177060990052,-1.3437803775567088,-1.6561933332301169,-0.43125277296175,-1.437626843168555,-0.5422112033243564,-1.8927090913296136,0.1062259418091681,1.8933405451014247,2.792480441900806,223.33336312214192,292.3490104645464,-1.6906423881915824,-0.6972742453569843,-2.390278345846876,-1.3276099769339056,-2.5577917645983623,-1.2194472832929242,-1.5827011786245462,-0.17137369162502766,-1.4453411259243314,-0.35916628415656576,-1.919256194362985,-0.32601778711120655,1.9075948059844097,3.1140580221285252,233.58205115882762,375.8772991687025,0.03287827975361313,0.8449213029251759,-0.723184593954864,0.007510005932333641,0.6878679097265588,-0.7064958166255413,-0.014425941500642914,0.7188441151563185,-0.652032967401309,-0.07349215460557068,0.57213867219994,-0.9387227842486643,0.007714282755776347,0.5441047173890623,-0.8657369751290613,0.026547103033371267,0.8433596479645722,-0.6725843679116403,-0.014254260882984982,0.38532475053175075,-0.3664538612636128,1.0
Train107.csv,-2.100607888422014,-1.119740303489467,-2.548418197918086,-1.4473593858962244,-1.8521338500146836,-0.6992254119739374,-1.4699321422765,-0.5065281454477116,-1.7997377114756479,-0.5253809029693465,-2.987754114169664,-1.3239457170227544,2.0392171764407605,2.601707350578985,138.958919378758,199.91811085115975,-2.066530816507454,-1.4262010016162767,-2.608634055692562,-1.5931337044683151,-1.840462490251528,-1.0122039989559515,-1.4944539246491673,-0.5526374854231032,-1.6437890289422248,-0.4617820701421269,-2.925679228904478,-1.8409397170832507,2.171579102950561,2.9131046720243075,149.04375112215837,199.91811085115975,-0.03407707191456,0.21887126144890146,-0.5753565908297,0.0602158577744758,0.3655941652719066,-0.4453060307575112,-0.011671359763155476,0.40232925860436763,-0.44522925773525657,0.024521782372667333,0.7722761389132262,-0.4380094598867166,-0.1559486825334231,0.3159707373466425,-0.8543193229115511,-0.06207488526518601,0.6218363765305797,-0.7763220862069264,-0.1323619265098004,0.1881409904608704,-0.6142567655193876,1.0
Train108.csv,-2.0984939797636404,-1.0816027866517406,-2.760222947182644,-1.4399317601656019,-2.487254162031481,-0.6511272376650263,-1.7297775584383421,-0.48549523851118737,-1.6122242732001122,-0.0031006889521097733,-2.648894663319454,-1.404323522181456,2.037085688475583,2.947514766411028,169.28396975035145,229.38932172131553,-1.891194731297554,-0.6502998285331059,-2.6450884276198607,-1.2941611175854297,-2.54066785564374,-0.44060793504946694,-1.7491098830136422,-0.38222896970230613,-1.7313749181402103,0.00044643852820577644,-2.660270351504931,-0.43343728483979393,1.989498363113154,2.5581888037380827,147.7003009619769,254.87702413479505,-0.20729924846608627,0.23418884673527662,-0.7866319131650585,-0.11513451956278331,0.09396342940136337,-0.6554420042622748,0.05341369361225867,0.7627580059277959,-0.5362520289672821,0.019332324575300097,0.42138980451555685,-0.840217510266057,0.11915064494009808,0.7501617193664945,-0.5928995956444543,0.011375688185477184,0.5812919456947667,-0.5566988706020297,0.047587325362429045,0.5447784791417751,-0.2263068036612439,1.0
Train109.csv,-1.61319492384311,-0.8072891207137722,-2.4328673926185718,-1.6040107712918827,-2.914106937171877,-2.2118224642188804,-2.649806306701761,-1.5344631282793906,-2.1360081728520264,-0.97698338374127,-1.8858459031257908,-0.5054191779998939,2.2760770757273288,2.95671440199756,148.96350259797634,338.7670115486978,-1.6185693779622672,-0.887069212824501,-2.3553039193768095,-1.874188736952777,-2.7944330570020783,-2.264595893393008,-2.6194206346555458,-2.087948168063027,-2.0394575934786614,-1.1906775426935283,-1.7547599036273698,-0.5561812538273798,2.2180655372396103,3.317780765985855,161.27207853800797,376.40779060966423,0.005374454119157157,0.380789247042848,-0.46249167302714733,-0.07756347324176227,0.2904577757741671,-0.6949373873520797,-0.11967388016979852,0.09387579250528466,-0.7156048316460124,-0.03038567204621545,0.1408179446898199,-0.19187635498957922,-0.09655057937336498,0.06255587462820089,-0.25431845089484795,-0.13108599949842104,0.32896296390596413,-0.7460100552219635,0.05801153848771845,0.544025827498432,-0.18655159082197725,1.0
Train110.csv,-2.003151628911665,-0.8457302497032053,-2.9194571797427105,-1.505185117970358,-3.000754690377493,-1.4150076006975318,-2.227789293236728,-0.3149951136052096,-1.9981757754737823,-0.704945200944128,-2.809885022004301,-1.4397078904624727,1.9129588869964862,2.866850267972439,171.06068094283904,300.7886470253012,-1.91097222567882,-1.0571090627027233,-2.782006030794395,-1.4565757777930333,-2.9139413538774814,-1.7953675385532306,-2.1482889658519526,-0.8189890315421423,-1.9449986140343218,-1.2067471326035315,-2.5708376965343414,-1.51068054148748,1.9338908244436395,2.811572967275665,184.15141923169347,300.7886470253012,-0.0921794032328449,0.15007579768388202,-0.6259116382865384,-0.13745114894831545,0.0658691335285031,-0.7741575517134272,-0.08681333650001166,0.24841758391941848,-0.5717038674363133,-0.0795003273847752,0.32536934278051444,-0.3751160415464816,-0.053177161439460496,0.29967076495998524,-0.23900616928642648,-0.23904732546995966,0.1470778331817808,-0.7428047620420077,-0.02093193744715327,0.27449719188163124,-0.21592522652228174,1.0
Train111.csv,-1.448378702279718,-0.6366497272012916,-2.029187379249678,-0.9704003832664606,-1.989159324462861,-1.1068744152501522,-1.4045310657226824,-0.48737424597698764,-1.2849387827824843,-0.6298833871180138,-1.7168302159887499,-0.6299767993971953,1.7545358938612445,2.610877644829358,218.36852557592178,360.79446297226775,-1.3619612882578833,-0.5461131489185858,-1.8108985874270245,-0.9098435191261511,-1.7411701396855772,-0.6640974852885759,-1.1325524490543377,0.09001510635842211,-0.9401296580421982,-0.034244072562450704,-1.428806430005841,0.03701426841155853,1.9081408410469254,2.408821062429274,229.67992940642068,320.70618930868244,-0.08641741402183478,0.1920828439514206,-0.5939083769946027,-0.2182887918226537,0.2310582945935904,-1.0273543833184118,-0.2479891847772837,0.09230208673425921,-1.0478101150531327,-0.27197861666834466,0.19058785786630672,-1.1166671306094698,-0.34480912474028613,0.2359399257203455,-1.4784458436243744,-0.2880237859829089,0.26777586642895024,-0.9101357552103297,-0.15360494718568085,0.3230549030507375,-0.4808227768493285,1.0
Train112.csv,0.0,0.0,0.0,0.0,0.0,0.0,0.0,0.0,0.0,0.0,0.0,0.0,0.0,0.0,0.0,0.0,0.0,0.0,0.0,0.0,0.0,0.0,0.0,0.0,0.0,0.0,0.0,0.0,0.0,0.0,0.0,0.0,0.0,0.0,0.0,0.0,0.0,0.0,0.0,0.0,0.0,0.0,0.0,0.0,0.0,0.0,0.0,0.0,0.0,0.0,0.0,0.0,0.0,0.0
Train113.csv,-1.8585721202111438,-1.251896800002249,-2.3772692931343276,-1.6322642691017564,-2.7117622009607096,-2.0589989401329967,-2.5655421475075757,-1.6349232736137145,-1.9388378616996933,-1.1845122086330118,-1.5051604698105296,-0.5889954992541147,2.2661838695085335,2.886905920940533,266.92856967331363,386.53535448256997,-1.82201424215041,-1.3863765771707797,-2.379715525659135,-1.6836224906065442,-2.628083520480187,-1.9526487005425885,-2.5370444724221457,-1.7513847480877784,-1.8806674861314128,-1.0961936819270348,-1.5800752197198338,-0.758689449518852,2.131927301422241,2.716572415872781,263.39923121909146,386.53535448256997,-0.03655787806073385,0.17647357384133944,-0.5368243304801288,0.002446232524807357,0.2965790446758132,-0.39091869861149453,-0.08367868048052252,0.09683676781873496,-0.3509857099701681,-0.028497675085429996,0.18623158216784486,-0.34972702895553454,-0.05817037556828053,0.2373105809521916,-0.3655554534993195,0.07491474990930413,0.6912554211032829,-0.8050153486444087,0.13425656808629238,0.6071728746522247,-0.5766160202507846,1.0
Train114.csv,-1.648293834142574,-0.950690102658421,-2.225876418484221,-1.2296817821830806,-2.193810850487984,-1.3337762875319272,-1.7526455736488953,-0.5123134420698945,-1.5146881972406527,-0.5460580998392789,-2.050035376857484,-0.43831020533230025,1.6720873949019788,2.5975567972102382,203.22476149422874,321.71894569597305,-1.5453039044306216,-0.8290473387413198,-1.9806697425646163,-1.2922981131438493,-2.001463907744891,-1.3067492175904922,-1.6994222302793405,-0.9659883432010461,-1.482546641036726,-0.7193763130614608,-1.8122189840174288,-0.5932342327890958,1.5724221474021869,2.4904069392680155,225.99272231159978,361.93381390796964,-0.10298992971195231,0.21013281185782917,-0.5712196894365387,-0.24520667591960477,0.357889215566467,-0.7866853156453748,-0.19234694274309305,0.10254957700862843,-0.5479492368027323,-0.05322334336955481,0.2753077825339145,-0.40251490671829604,-0.03214155620392667,0.2506546990818945,-0.34350985438384374,-0.2378163928400554,0.47663318960699597,-1.117759995270506,0.09966524749979189,0.5337785717285477,-0.28665221953146647,1.0
Train115.csv,-2.100607888422014,-1.119740303489467,-2.548418197918086,-1.4473593858962244,-1.8521338500146836,-0.6992254119739374,-1.4699321422765,-0.5065281454477116,-1.7997377114756479,-0.5253809029693465,-2.987754114169664,-1.3239457170227544,2.0392171764407605,2.601707350578985,138.958919378758,199.91811085115975,-2.066530816507454,-1.4262010016162767,-2.608634055692562,-1.5931337044683151,-1.840462490251528,-1.0122039989559515,-1.4944539246491673,-0.5526374854231032,-1.6437890289422248,-0.4617820701421269,-2.925679228904478,-1.8409397170832507,2.171579102950561,2.9131046720243075,149.04375112215837,199.91811085115975,-0.03407707191456,0.21887126144890146,-0.5753565908297,0.0602158577744758,0.3655941652719066,-0.4453060307575112,-0.011671359763155476,0.40232925860436763,-0.44522925773525657,0.024521782372667333,0.7722761389132262,-0.4380094598867166,-0.1559486825334231,0.3159707373466425,-0.8543193229115511,-0.06207488526518601,0.6218363765305797,-0.7763220862069264,-0.1323619265098004,0.1881409904608704,-0.6142567655193876,1.0
Train116.csv,-2.8199778605666097,-1.3433241110519933,-2.5695260767022967,-1.5564921878791849,-2.264749716369064,-0.8349868510345455,-2.9706262785357724,-1.7353390087620326,-3.7649196883869545,-2.232568899074282,-4.329986468538643,-2.70409748589403,1.3679446386248286,2.3038925576097227,81.49785224311267,149.88794531900527,-2.7437439695024066,-1.7333025622296407,-2.473304693309401,-1.5617011878730975,-2.1305298348819184,-0.7104364653816788,-2.80926260554968,-1.7849742088086775,-3.5770494351927073,-2.3356099787987095,-4.155233205456307,-2.7554634870378503,1.4290370559648107,2.4849002936160702,83.42397691506372,149.88794531900527,-0.07623389106420309,0.2520241814860169,-0.7493838188446862,-0.09622138339289554,0.19448916587508114,-0.648612062151475,-0.1342198814871458,0.2589413794376454,-0.8726111377401198,-0.16136367298609233,0.25264323876749106,-0.7596179188826082,-0.1878702531942471,0.2582458357113553,-0.7160202156295625,-0.1747532630823363,0.08809514778873506,-0.6262009480925164,-0.06109241733998205,0.19853155999535055,-0.2766801611736338,1.0
Train117.csv,-1.7361281271100637,-0.9622273134285183,-2.1351940869089434,-1.2339072172776169,-2.4324055302695724,-1.284551907251983,-2.040329857971289,-0.5965544079581534,-1.8169417489267796,-0.567686256361759,-1.9264088304223341,-0.029726075632128084,1.8293940167824456,2.788064145327772,198.99941541946123,349.40095361524885,-1.612105165831482,-0.8655529923320175,-2.167736019053915,-1.2546334082614148,-2.3473450288131996,-1.2417893611020854,-1.949393152832278,-0.35286508153118135,-1.4638936238352733,-0.32835789937837906,-1.6832476502183105,-0.05663050169429563,2.0739529894564956,2.7607805381226203,216.35148665139548,349.40095361524885,-0.1240229612785817,0.09512891044614946,-0.5360847866917586,0.032541932144971586,0.2932493866061525,-0.40778435637568977,-0.08506050145637278,0.18854887585317792,-0.5195465338162486,-0.09093670513901086,0.7190663140356288,-0.4725288973218835,-0.3530481250915063,0.36946870192769987,-1.3626076936243015,-0.24316118020402366,0.33334911814814183,-0.8958274835689701,-0.24455897267405002,0.33040468759821784,-1.1777755262643117,1.0
Train118.csv,-5.053569238640128,-4.188409937161119,-5.679386212912651,-4.975745066818672,-5.666596527356445,-4.885507665954604,-12.0,-12.0,-12.0,-12.0,-12.0,-12.0,0.37051623410531737,1.0145192763077662,65.89255729915335,91.14807485615185,-4.9431308600564074,-3.9117729173011186,-5.521643161408228,-4.875573596661094,-5.5047948291817494,-4.75308200215072,-12.0,-12.0,-12.0,-12.0,-12.0,-12.0,0.4066767838800672,0.871653243590306,65.77325837812613,91.14807485615185,-0.11043837858372019,-0.003965840907706131,-0.23705505592108445,-0.15774305150442292,0.06394224893584877,-0.35566389742498217,-0.16180169817469547,0.04077062275071697,-0.3880456515153128,0.0,0.0,0.0,0.0,0.0,0.0,0.0,0.0,0.0,-0.03616054977474986,0.05585458903959273,-0.1391694716061475,1.0
Train119.csv,-1.846131022952331,-0.8870617387424362,-2.559286210416762,-1.4816830149808056,-3.09372047405288,-1.6934535826937982,-2.4321599971217616,-1.354946637817242,-2.420658529162866,-0.9543960288691241,-1.8579911214913194,-0.4060903610989478,1.7675870690955695,2.9246963114034403,245.78385931938172,394.54095259162875,-1.7556998973398916,-0.9964024799051108,-2.4501271074970736,-1.5841470607254686,-3.016109414344215,-1.678440901187234,-2.4500059468211526,-1.4061801569201833,-2.375432820274584,-0.6381993205772345,-1.9041057977190337,-0.7142166728301754,1.6995019815954704,2.452943036937865,240.91172779310264,345.22333351767514,-0.09043112561243927,0.6336505886145949,-0.8438360478385625,-0.10915910291968833,0.6941152655153271,-1.0338267305914446,-0.07761105970866478,0.6305119123958329,-1.2267636266736712,0.017845949699391017,0.7415219198579317,-0.8441835993137345,-0.045225708888282146,0.688556037135438,-0.9155337373266013,0.04611467622771426,1.129950479645006,-0.8674245840901031,0.06808508750009912,0.44130379149372034,-0.6052842939294663,1.0
Train120.csv,-3.7141109745733076,-2.3667483036961476,-3.6066818106151777,-2.7552509108449987,-3.6283479341252147,-1.9429616159259733,-4.186430073471547,-3.1025955341087954,-4.977707864713342,-3.995369755428121,-5.259282194525239,-4.340133794096689,1.4316310730094348,2.3357334822677087,72.48808521461095,118.49249731299743,-3.7412424670947777,-2.1607596874425874,-3.519178159954561,-2.441238726881518,-3.3781063849465895,-1.7612588451292466,-4.0034155339323725,-2.385469102963305,-4.838513206232695,-3.751219631439952,-5.225771786037001,-4.557997211010759,1.5673452351434531,3.0570535438177076,71.47634960667632,118.49249731299743,0.02713149252147007,0.5268069330623093,-0.4735713135667474,-0.08750365066061683,0.17885942546521338,-0.5734265465610369,-0.2502415491786252,0.38132685595994475,-0.8401425978546264,-0.18301453953917424,0.20335002531927904,-0.6956091019333028,-0.1391946584806476,0.17345455150542222,-0.42715346589662495,-0.0335104084882385,0.23790711911371343,-0.3444378445515728,-0.13571416213401832,0.3163750327410615,-0.4950455422219471,1.0
Train121.csv,-1.9867162745618643,-0.9285615260608917,-2.937849830496738,-1.7038216111452853,-3.0420574398122566,-1.6016210387264542,-2.792626679424115,-0.9940089009704952,-2.0763781413805207,0.1637530787166644,-3.0546354052356266,-0.8043708620610557,1.6492133784584309,2.8051297778465565,181.7274358877321,283.86114740915866,-1.882573865001007,-1.3257881424014704,-2.889372866375912,-1.8795471904292445,-2.9987811285968453,-2.030973036351657,-2.672182793694879,-1.5001800411708337,-2.0172176979084795,-0.8999351429616548,-3.093625479011927,-1.3713467248331248,1.626551627484008,2.4362010421242126,165.45250262187088,283.86114740915866,-0.10414240956085719,0.24260036718626332,-0.701823426062965,-0.048476964120825805,0.3328714236010901,-0.5251216849349194,-0.04327631121541131,0.37083965236313343,-0.6193602127553737,-0.12044388572923603,0.41297893981828393,-0.4067735640428025,-0.05916044347204119,0.8018501634182137,-0.5447706715641043,0.03899007377630026,0.7225772766845926,-0.4658632301894374,0.022661750974422912,0.6991920856456426,-0.34618878981552914,1.0
Train122.csv,-2.002199558544739,-1.230122267658509,-2.6284074004628484,-1.7283129928562877,-2.637055248660535,-1.46309285492112,-1.7904138575008073,-0.6072284541131011,-1.3946844128373856,-0.10601783692157543,-2.275474939549409,-0.7260503384474659,2.2572226395609656,2.7622562212423416,184.33395710497612,237.288821542182,-1.9269734203165734,-1.1571683737940246,-2.515462322495134,-1.5640451834202618,-2.5228809559085397,-1.120618067106867,-1.6822464658824412,-0.638428694976285,-1.2118791321129887,-0.4288901545597219,-2.1894837430899283,-0.41905751630346216,2.3110109198417614,2.9942937288761757,190.51809479980142,263.65424615798,-0.0752261382281656,0.15834051197046928,-0.5719785854357364,-0.11294507796771436,0.19446290475863393,-0.6173192563816334,-0.11417429275199531,0.4375943792628467,-1.173315675492145,-0.10816739161836608,0.2293990758455966,-0.8395693261642911,-0.18280528072439695,0.23891410068151364,-1.1608481671155584,-0.08599119645948061,0.4125102758059316,-0.9899095078093971,-0.05378828028079585,0.3410967405598586,-0.350847382823529,1.0
Train123.csv,-1.4721899282357356,-0.6796900425896898,-1.6731710430406608,-0.8012300439728879,-2.1085138560652625,-1.288742630268511,-2.088031874412003,-0.7182065540830159,-1.378655976853636,-0.3286079145541763,-0.9651139229873068,0.14158738153874886,2.111282119333921,2.5955522444654453,319.75769132527387,377.04920298828154,-1.4178513294977293,-0.7494922734858698,-1.716958602179985,-0.7113328113585786,-2.1324333775676276,-1.2406988520942803,-2.0461435526454523,-0.6408219162850396,-1.3914488242842042,-0.4796122293123077,-0.8438136178333102,-0.0683173884669957,2.2121109651595576,2.7179219830941665,324.8212024369889,377.04920298828154,-0.05433859873800628,0.08329685972851963,-0.4436297579383637,0.043787559139324195,0.3160023688907736,-0.27509081129278057,0.023919521502365093,0.2805718791108198,-0.2023885442782971,-0.041888321766550884,0.5173708100489303,-0.5717014078222971,0.0127928474305683,0.21606665352024357,-0.3040810896788577,-0.12130030515399659,0.3394985120142231,-0.8714486525917331,-0.10082884582563656,0.31289631303419574,-0.3234884688038009,1.0
Train124.csv,-2.7593551851368217,-2.140044707925646,-3.5589267232280957,-2.78121028869637,-3.331603141925557,-2.3155153426747916,-2.320824816372394,-1.2786959732636582,-2.794452824820909,-1.5502280139519327,-3.8247452614178368,-2.6356451908962484,2.1139460199841302,2.897174882251666,136.79932000111847,186.43924402394697,-2.645082996609248,-1.876963625592143,-3.4589518879847256,-2.800719803782099,-3.094277559157665,-2.4178817186910475,-2.0795501932652454,-1.1759058486879554,-2.598074406942226,-1.6857722815807825,-3.662325270935413,-2.547700602712246,2.2309408944384232,2.9982188468432476,148.85707098433875,227.87018714037964,-0.1142721885275737,0.14134974248160104,-0.6990061893472532,-0.09997483524337003,0.14932381876082212,-0.5607891875233095,-0.23732558276789195,0.08623127122562746,-0.9571516261212052,-0.24127462310714876,0.2731474388613506,-1.0108522449133082,-0.19637841787868293,0.17173627243557865,-1.0268822995873097,-0.16241999048242395,0.08672977403169302,-0.8876591477115241,-0.11699487445429302,0.37466615757989175,-0.7272391591306873,1.0
Train125.csv,-2.8191596949060425,-1.4593059929187842,-2.694910089364595,-1.3802218457920996,-2.7496412685707465,-1.7098980739613112,-3.3414978394343615,-1.8769551701882665,-4.052070438618271,-2.4422183835872406,-4.539967834354288,-2.900734913976101,1.2672779844427724,2.070824111917099,66.92948027810107,160.42061174682726,-2.782903177478544,-1.6949176529347323,-2.601313902966746,-1.8643612205292186,-2.5435705622101965,-1.3031906892267642,-3.1775466844173383,-1.8058823568382825,-3.909158404091514,-2.683726632172494,-4.524317482522606,-2.9482424448667657,1.332821078269238,2.104174480223471,70.89868413720212,160.42061174682726,-0.03625651742749847,0.4905901207610879,-0.42295659650798045,-0.09359618639784895,0.4366492830211417,-0.6728166110550582,-0.20607070636055003,0.11281448352974488,-1.129078879518132,-0.16395115501702318,0.34890723786343303,-1.2617518094657934,-0.14291203452675694,0.20374784817019798,-1.0265095562432496,-0.015650351831681952,0.7424389180858375,-0.7863778533738826,-0.06554309382646561,0.24804353393652379,-0.5827126787472809,1.0
Train126.csv,-1.6812503604015798,-0.7993848601532553,-1.9596587162047836,-0.8602403302149428,-2.375306345679013,-1.3189646081700896,-2.4124195825262085,-1.2129672778439253,-1.657998117472275,-0.7569124243851902,-1.1244349809798617,-0.17297446731430685,2.2426839402892815,2.823304288299076,321.0071738661842,375.83389532353283,-1.60263097949765,-0.8044780279784299,-1.9407687608060349,-0.517634058685466,-2.3175951953122462,-1.0781268421062473,-2.2410811309245027,-0.7153358902344433,-1.5797610337514565,-0.4069511879097865,-1.1521331692417358,0.0006408807549994712,2.0914822334621554,2.5643099858269665,327.7713043766579,375.83389532353283,-0.07861938090392973,0.04473104491419311,-0.4675567482432643,-0.018889955398748715,0.1093974677654832,-0.22124872302869258,-0.057711150366766883,0.10402942073192412,-0.22765668572965625,-0.1713384516017058,0.23005391888302507,-0.43362364332428927,-0.07823708372081861,0.2457610015429128,-0.32066784019169225,0.02769818826187409,0.32719967946605566,-0.2589836664842591,0.15120170682712608,0.7457172026173617,-0.26130862248506004,1.0
Train127.csv,-1.3012973473259395,-0.4015866463350072,-1.8384901347088798,-0.784661030348363,-2.105732336886676,-0.719509336002123,-2.1386509152692246,-0.9230258514249843,-1.4254884522291333,-0.09084226054552508,-1.602330726592296,0.007967057534330382,1.7782472336253936,2.812440406621166,236.12290201921772,381.8091580085473,-1.321725096209302,-0.5018661477597985,-1.7325907737955346,-0.7454059080771654,-2.0589606446633013,-0.9265997273003717,-2.023067795621664,-0.9984587539542653,-1.1306351404998207,0.0680150245478688,-1.2204079800177128,0.0475818828754272,2.0236824651485072,2.6183398468096484,246.834756522468,312.38931109790235,0.020427748883362407,0.6132026414485101,-0.5150718348501473,-0.10589936091334518,0.2661078849618832,-0.5594167105618468,-0.04677169222337474,0.5227905738431113,-0.36417921647629203,-0.11558311964756074,0.5644788597279913,-0.7564415061757366,-0.2948533117293126,0.7754308183279219,-1.170245033183443,-0.38192274657458314,0.7293981446799304,-1.4461367117626596,-0.24543523152311364,0.6991025163682647,-1.1877752811323716,1.0
Train128.csv,-1.8095950538125425,-1.1426476977996138,-2.3182142478634944,-1.7823634701553803,-2.667944325747799,-2.0220337939755915,-2.611144441736564,-1.9019570884632035,-1.9637486983974486,-1.4198417508786154,-1.4957587661086889,-0.5471009524505678,2.1897724410244095,2.8036385658259455,268.15993326704216,393.9622346560342,-1.7339746804782208,-1.0001032223562676,-2.2564651025362403,-1.6661127215455542,-2.5749340358393855,-2.1343322851047675,-2.5675925838164835,-1.5966631528197421,-1.898749155985398,-1.1341495033796045,-1.4142447131920717,-0.4212684729658008,2.1538611774695937,3.0209085104549933,287.36836754997717,393.9622346560342,-0.0756203733343217,0.23494450592898164,-0.61822829482808,-0.06174914532725406,0.18927833297764285,-0.4445396418276033,-0.09301028990841331,0.08252685884306121,-0.5275308852191358,-0.04355185792008065,0.37141638691187406,-0.7113157133732133,-0.06499954241205064,0.3660601552476146,-0.5615338504174883,-0.08151405291661717,0.8755088545438996,-0.9400121770927312,0.035911263554815775,0.5424820003188593,-0.6611132788932428,1.0
Train129.csv,-1.6913945598028417,-0.8022700337867841,-2.27916444229696,-1.5107736366200244,-2.803792277073879,-1.5919438762073903,-2.0352411297647217,-1.0261731999909933,-1.9203358595282203,-0.6859757164389456,-1.9632403838711956,-0.9181918172873244,1.6857276335521896,2.3960701841166627,232.44096652407654,337.24787696776195,-1.6212662720287283,-0.6522909724660603,-2.2275700359841464,-1.254409048125751,-2.709235279844266,-1.4059847506361138,-1.9745864052311521,-0.7783931849626718,-1.9284693536824427,-0.5238803078597138,-1.9165741743202875,-0.6190132708681121,1.614767356257214,2.187956187630114,218.87185557444457,337.24787696776195,-0.0701282877741134,0.3304459227227865,-0.7388880987627908,-0.051594406312813756,0.35665976044304126,-0.5486835431606738,-0.09455699722961297,0.3727863157544644,-0.8118943085839185,-0.06065472453356957,0.29162703294929426,-0.39755919860201416,0.008133494154222376,0.6784648853499691,-0.7867213406877612,-0.046666209550908055,0.6762500866135974,-1.274265207713928,0.07096027729497556,0.30848715869029775,-0.3206609915541152,1.0
Train130.csv,-1.1467539478496505,-0.5702704829279948,-1.7073835766075565,-0.8922001328247879,-2.256071354146181,-1.1310572126595626,-2.147482883306994,-0.7125565349132629,-1.5589610430668652,-0.500393804346571,-1.110930845242894,-0.04728386278619485,2.0324714741672167,2.7405737526579257,291.42437912057403,381.30277981490195,-1.0782373844422166,-0.5562605660151657,-1.6447242521914927,-0.8471895327594199,-2.1599633043429827,-1.2293169841251417,-2.1081390297520572,-1.1381730710998734,-1.4523546768511415,-0.6677059737060156,-0.9106259298841327,-0.08254116771311576,2.09530059595925,2.7484645206381564,314.5493589815487,381.30277981490195,-0.06851656340743384,0.21178532503751368,-0.5780884663389523,-0.06265932441606381,0.24622509921170233,-0.4578243302971765,-0.09610804980319854,0.22470702076507654,-0.5827008040403259,-0.039343853554936636,0.5153347281111025,-0.6186462630537821,-0.10660636621572372,0.1215640559139799,-0.6228663329093393,-0.20030491535876138,0.2508111081110095,-0.7031602379932413,-0.06282912179203315,0.31904265206782556,-0.41502541044103136,1.0
Train131.csv,-3.362135490359755,-2.3951076860926683,-3.705474233368842,-2.4920095832369262,-3.144669573384716,-2.138485463170359,-3.2581583221262678,-2.188264881876602,-4.201159900627892,-3.435633769938347,-4.898753965663836,-4.05060100316889,1.58801470516744,2.4238952378459024,88.86630557624642,133.0761892899817,-3.2181096730778944,-1.9027095973507415,-3.6332977507993025,-2.5965970895571,-3.0221720084229204,-2.3622994595122977,-3.1806019314628657,-2.1042051761424507,-4.235068178756017,-3.349362419254658,-4.833646798748861,-3.9989798324277257,1.688422902725188,2.4319617652999614,84.32313720435339,133.0761892899817,-0.14402581728186048,0.24017884365440345,-0.6245479250477295,-0.07217648256953968,0.30094306069390564,-0.6659165333400674,-0.12249756496179565,0.38338807045232537,-0.47369893823876463,-0.07755639066340203,0.44031747672381183,-0.5149778854001252,0.03390827812812525,0.532508747214897,-0.22007697291018324,-0.06510716691497542,0.13850856598696026,-0.32180749204277426,-0.10040819755774799,0.26211721162270263,-0.4874105429280975,1.0
Train132.csv,-2.174613254303956,-1.7227078718958624,-2.506134557803901,-1.3573183325077582,-2.3801191700021755,-1.4061470749823994,-1.5416922421424388,-0.4170480106391392,-1.4005228729079007,-0.5301472077947755,-2.5982676209234223,-1.5056413379810563,2.2826674060982795,2.8804519915717592,169.24926623048157,223.81916159121738,-2.106821933107267,-1.3742799649415176,-2.4314270427095512,-1.5296165980357126,-2.2580452593015337,-1.0028013795695687,-1.510204938224279,-0.7031226303991989,-1.3718346047757892,-0.601152285351121,-2.512572468619447,-1.1091397712808198,2.1784198801853463,2.7384979160549587,171.34355313757223,251.79655679011955,-0.06779132119668896,0.22149995838299397,-0.5270876834350484,-0.07470751509434992,0.04066930235547339,-0.29241836299251656,-0.12207391070064189,0.4297993889817169,-0.47584599508197734,-0.03148730391815979,0.3881871527314269,-0.3563933973590532,-0.02868826813211145,0.399198611681568,-0.8681917008186975,-0.08569515230397551,0.2358808891753399,-0.6823579697434745,0.10424752591293318,0.2867321287030049,-0.14649514596703894,1.0
Train133.csv,-1.7352838872294498,-0.9164472987936203,-2.3996713815647954,-1.2400297590033378,-2.826771480053067,-1.9348930839437788,-2.6359228276130455,-1.6333294477102107,-2.0833898359633203,-0.8482083615764675,-1.6249069902915059,-0.14229438506167882,2.193761824141257,3.0151927482193552,230.36955362182624,361.85785717892287,-1.6141855267061633,-0.8816337255170824,-2.366821689347777,-1.4550559028451713,-2.805877248249846,-2.034122610916422,-2.6703381149595806,-1.511713680988383,-1.9688053008635025,-0.8058141753121876,-1.5596930024415885,-0.012791447928748468,2.296776318326016,3.2843062596212547,246.42089796952655,361.85785717892287,-0.12109836052328649,0.22030355670553936,-0.6652497352281777,-0.0328496922170185,0.3478987305808765,-0.5940908785020058,-0.02089423180322081,0.09843363569449615,-0.566739367620519,0.034415287346535095,0.4902866688518337,-0.4205529309057545,-0.11458453509981781,0.17702913800054354,-0.676046531532871,-0.06521398784991739,0.6265440103334884,-0.7060694936451326,-0.10301449418475928,0.5319419953011484,-0.68807243586842,1.0
Train134.csv,-1.602754988588702,-0.7005975019767351,-1.857055965109676,-0.8349831672065066,-2.274610072862554,-1.3655314018123395,-2.245340838857791,-1.2272798654422934,-1.5873450460986895,-0.6766364584328008,-1.0376838712854008,-0.27939087984106925,2.1719117914629322,2.697215055816766,319.60824637825897,377.960683736843,-1.5101731768736122,-0.8485516275298438,-1.779575456821111,-0.6659954132702897,-2.188236357127529,-1.072352186637582,-2.1249905769986155,-0.6154585161933568,-1.5247758616681966,-0.3960297042677993,-0.9655164050602252,0.08268404894983536,2.1492353891736533,2.825866125734017,324.80799600770035,377.960683736843,-0.09258181171508983,0.1930872470731535,-0.7477315025654789,-0.07748050828856501,0.1915939967366076,-0.6608300477662841,-0.08637371573502461,0.13130218706302665,-0.5952321147834239,-0.12035026185917541,0.21072082501682843,-0.6949145412098217,-0.06256918443049297,0.23838170880975063,-0.45196841085148654,-0.07216746622517567,0.22889489431239707,-0.599698464413505,0.02267640228927892,0.2658919774038415,-0.18479897301985826,1.0
Train135.csv,-2.342462068375079,-1.298535360390605,-3.291676944345781,-1.9836256898901334,-2.757399352111627,-1.3476746384940874,-2.065091085452221,-1.0422190399204205,-2.523168544589179,-1.392873517668233,-3.687010721571206,-2.2409875407046655,1.9460001505808702,2.471188447591885,120.08109614204587,172.62892965180276,-2.2842368066991594,-1.1120980982387645,-3.2122037378974566,-1.9199189485699484,-2.6914080897563166,-1.130676477540731,-1.964572183099653,-0.7170031550792809,-2.474884886581295,-1.249588454756304,-3.523540070614051,-2.369577714687171,2.0364595435274695,2.8248554076183,141.49836295103822,237.36477827122883,-0.05822526167591979,0.38970095713692876,-0.382643730977418,-0.07947320644832434,0.1809111157054768,-0.5904849529134948,-0.06599126235531028,0.14707557374198954,-0.46451162839286475,-0.1005189023525681,0.29606335793211924,-0.5906225107079441,-0.048283658007884256,0.8179967482116828,-0.48632186607882977,-0.16347065095715463,0.16925387228273703,-0.5903267158705621,-0.09045939294659933,0.1546031458731798,-0.3720173966873981,1.0
Train136.csv,-1.3185272352431037,-0.7757622137242556,-1.762008046329907,-1.2385640230760013,-2.1809321126273717,-1.1672499152779419,-2.4016960234918576,-0.7029958367103073,-1.9411890548707689,-0.4328911462995423,-1.76290975157289,-0.05894341434557282,1.8740478826304559,2.8984684703273893,178.16954275150485,385.52259809527936,-1.2495586815667905,-0.6592440740396469,-1.6631014074274701,-1.1359991523477153,-2.1695080767618857,-1.5893777213292357,-2.386419137161767,-1.410366346806634,-1.7875448091744617,-0.8706144626758456,-1.6611421126508024,-0.31131083147123456,1.9229618834963247,2.549792068094397,165.69917012741865,385.52259809527936,-0.06896855367631316,0.11603033266249807,-0.38455552974682083,-0.0989066389024369,0.06212492010773207,-0.5552372626117454,-0.011424035865486015,0.12193021688979977,-0.15911048717131715,-0.015276886330090722,0.5952090189915606,-0.2987306045933735,-0.1536442456963072,0.3170617534059601,-0.8642612957174682,-0.10176763892208762,0.41569853610172236,-0.9319507185947988,-0.048914000865868834,0.26404009213027946,-0.37433761991501013,1.0
Train137.csv,-1.7859715029967558,-0.9185490706211222,-2.484757304646951,-1.2523963754348106,-2.755827005659475,-1.3326639335735702,-1.9089189973062486,-0.3836350319777314,-1.8009419269071731,0.4448671929326679,-2.6100777700835174,-0.7745020646759035,1.9663618341571074,2.9987099567068567,157.56559407758584,318.6384783512976,-1.775692529371575,-1.0360102046425137,-2.422305911911926,-1.1727982159497752,-2.841845077809329,-1.6002530904881427,-1.8664382382808276,-0.7405320887723229,-1.781097475149247,-0.43501882204844844,-2.467207043178446,-0.5963752186497449,1.8979912778545758,2.912330426536885,138.75702860046948,318.6384783512976,-0.01027897362518071,0.5084086885183658,-0.5502643492136163,-0.06245139273502476,0.3122245910142296,-0.3712236060841678,0.0860180721498538,1.0101250649534474,-0.32612796878495676,-0.04248075902542103,0.41415713298097767,-0.4977505125394832,-0.01984445175792615,1.136248638532191,-0.6341279879016585,-0.14287072690507152,0.7321317582470601,-0.9869643454841326,0.06837055630253164,0.5135515092411806,-0.4374645948017495,1.0
Train138.csv,0.0,0.0,0.0,0.0,0.0,0.0,0.0,0.0,0.0,0.0,0.0,0.0,0.0,0.0,0.0,0.0,0.0,0.0,0.0,0.0,0.0,0.0,0.0,0.0,0.0,0.0,0.0,0.0,0.0,0.0,0.0,0.0,0.0,0.0,0.0,0.0,0.0,0.0,0.0,0.0,0.0,0.0,0.0,0.0,0.0,0.0,0.0,0.0,0.0,0.0,0.0,0.0,0.0,0.0
Train139.csv,-2.60315822777367,-1.4179958724350117,-2.3885866748837166,-1.2454719577010789,-2.331769778901057,-0.8264879801072121,-2.3131598429500873,-0.8817436978720042,-3.185254777223033,-1.72626733704659,-3.707681252473537,-1.9084479402145813,1.5225498685170198,2.6269496710397826,105.6650885623803,172.16858583939796,-2.5660412811663185,-1.413107014211989,-2.3316205243395753,-1.241832310103073,-2.2862398993481516,-0.8296207831219728,-2.248480837680436,-0.9294161737781587,-3.17282207798689,-1.858642545970559,-3.7242250419327476,-2.5436728949838954,1.5090666453833412,2.3185188137204427,111.33652757611222,206.60230300727756,-0.03711694660735132,0.37097082123313174,-0.70330868658007,-0.056966150544141225,0.14745610552520771,-0.5959148307560671,-0.04552987955290533,0.4730896672943845,-0.6506283500143653,-0.06467900526965131,0.506542494345195,-0.654325944349627,-0.012432699236143208,0.6459159941996808,-0.6952868040635458,0.016543789459210423,0.48451349704819924,-0.512048349399822,0.013483223133678557,0.3526874303375347,-0.1869134314433396,1.0
Train140.csv,-3.09472796924608,-2.3476208575742215,-3.125478056946574,-1.9507417281697226,-2.2816541364263085,-1.3100456519310453,-2.499632449652073,-1.3060587424646066,-3.9466979059350233,-2.3871918535552186,-4.224533799215889,-2.7640046688653834,1.9673206850840104,3.047692143489578,89.70151181084526,140.0979669085297,-3.0435146005708047,-2.4365460936199743,-2.9889994717458555,-1.8482764756349679,-2.131881921167812,-0.7532379127339226,-2.435544709598834,-1.3034019955640466,-3.8497616373889283,-2.268863399693475,-4.1134651301566665,-2.7890879242850297,1.9838078767277745,2.8271932150027776,89.0153595477174,114.62560928879704,-0.05121336867527537,0.44751736681178356,-0.6356840215582515,-0.13647858520071843,0.23385071987182915,-0.8839455565604091,-0.14977221525849638,0.20002650180704995,-1.1763925603472614,-0.06408774005323892,0.3671112910756955,-1.2168367116951617,-0.09693626854609505,0.2798354345934433,-0.9791654124524394,-0.11106866905922264,0.3271552877803008,-0.8481703244325978,-0.01648719164376411,0.3903275933868535,-0.5084131045467188,1.0
Train141.csv,-2.2185203115473078,-1.5877183458250275,-2.9695308918620604,-2.1242069012154428,-3.126158335385182,-1.8944969583581828,-2.7680112193058415,-1.574325041274151,-1.991389989319738,-0.7500991224171435,-2.9891463686464315,-0.4277746162912207,1.8361070821886818,2.882097870003508,190.2958806362782,323.0692875456938,-2.09441498424557,-1.5766185051471393,-2.931987941201667,-1.8052450285169768,-3.0610818443904213,-1.5030628711266576,-2.6913705326580093,-1.4212712760460162,-1.9945949281730693,-0.3350127045034327,-3.0131053113663224,-0.43042917185037094,1.7238423268512344,2.933840727994754,172.43459149265823,276.9165321820233,-0.12410532730173784,0.08111031878134156,-0.7687904153571781,-0.03754295066039326,0.25295712885709865,-0.4587712630354335,-0.06507649099476076,0.21399186132168158,-0.4847260540809848,-0.07664068664783219,0.4586932373183734,-0.6701381605701631,0.003204938853331285,0.8374570961586085,-1.019432831513825,0.023958942719890963,1.3366209077575217,-1.1578296425828765,0.1122647553374474,0.9347811732825373,-0.8720757778451749,1.0
Train142.csv,0.0,0.0,0.0,0.0,0.0,0.0,0.0,0.0,0.0,0.0,0.0,0.0,0.0,0.0,0.0,0.0,0.0,0.0,0.0,0.0,0.0,0.0,0.0,0.0,0.0,0.0,0.0,0.0,0.0,0.0,0.0,0.0,0.0,0.0,0.0,0.0,0.0,0.0,0.0,0.0,0.0,0.0,0.0,0.0,0.0,0.0,0.0,0.0,0.0,0.0,0.0,0.0,0.0,0.0
Train143.csv,-1.4883282839800094,-0.5337470878040818,-2.5047584983376687,-1.1842840310761258,-2.558708546319068,-0.985414059672382,-1.7402260609840512,-0.5144748362782444,-1.3570761492996501,-0.26968406819312263,-1.9146431901581005,-0.3333801189656163,1.9615102978056718,2.867574766324286,202.29650554538892,261.2911479209687,-1.4226425202775566,-0.6968352871232106,-2.5052049945466237,-1.5005417567023884,-2.4454289008448633,-1.3426472251362054,-1.5972999203925173,-0.7739953868507888,-1.1959785054252257,-0.46411903695152223,-1.8661179213664953,-0.5679397043328998,2.032268520726123,2.659991607858873,183.65314818463506,237.5374072008806,-0.06568576370245283,0.23256261722405147,-0.8950076051092626,0.0004464962089549829,0.7270488601476648,-0.9364437775617396,-0.11327964547420466,0.9165455484500196,-1.1055430712058842,-0.14292614059153386,0.6368866970404885,-1.122197756968489,-0.1610976438744245,0.595133257914286,-1.0224526063730186,-0.048525268791605125,1.0871315758958153,-1.0655159929496492,-0.07075822292045109,0.22775544916936807,-0.36318295732064154,1.0
Train144.csv,-3.089586984626237,-2.378591767068938,-3.4984876687311997,-2.419886903143385,-2.393925079249697,-1.7107610855266702,-2.335231290935212,-1.6447722645113954,-3.8354471869915416,-2.127913466027367,-4.487111618484078,-2.9091365107941027,2.2590373139892215,2.990643404597951,106.72680880036029,142.46106514554106,-2.9933333739002217,-2.5273144430064907,-3.474818557734091,-2.6667520883675913,-2.424089398356865,-1.6547485594239009,-2.2974028103554347,-1.5341804809926878,-3.803824221556207,-2.8133823371817384,-4.498288863318588,-3.5446321414036652,2.2592500520161662,3.1283868068661005,107.31802436320623,128.21495863098696,-0.09625361072601546,0.14740629056963472,-0.4371992786436949,-0.023669110997108778,0.30143346882644373,-0.8052423378719871,0.030164319107168325,0.3988698649571498,-0.6043784433666577,-0.0378284805797775,0.2646491531843904,-0.834520294255471,-0.03162296543533483,0.4835012469642508,-0.5396779339283535,0.011177244834509992,0.48009088273665146,-0.5721905729315777,-0.00021273802694476984,0.2947282697844327,-0.3065757576517494,1.0
Train145.csv,-2.919410351427082,-1.575815568288137,-2.703127660730209,-1.3277076841635842,-2.560252466463,-1.3013059423110835,-3.3158713023811557,-2.027602768630346,-3.9870799186414194,-2.3946890504757645,-4.500779170808739,-2.5691773439471346,1.3109820335040596,1.9199856024627298,81.68931357464032,224.83191797850787,-2.9553704763920208,-1.2859011239764697,-2.613685127262891,-1.59879405841942,-2.400125880562571,-0.6656513378591971,-3.2011573627009393,-1.6616595629859017,-3.8926349607035218,-2.459057963078338,-4.451021257426294,-3.3130256290413382,1.4516532384428356,2.1948070497766907,84.44400402560734,179.86553438280632,0.03596012496493861,0.4292795129475184,-0.31689956881358095,-0.0894425334673179,0.37493164253662004,-0.4758046815114345,-0.16012658590042905,0.3348933239851526,-0.817984602210537,-0.11471393968021637,0.1592060693034938,-0.7630808145113721,-0.09444495793789764,0.19678454233968612,-0.48205758060438875,-0.04975791338244484,0.26937153591562524,-0.42861797435640536,-0.14067120493877594,0.10645304087035767,-0.4957078191695332,1.0
Train146.csv,-1.884563660203139,-0.8800616857126676,-2.4909850727822542,-1.3531925560292941,-2.48893806674722,-1.191177132748096,-1.5319235584223954,-0.5907128575255592,-1.2670242216247058,-0.10378245962661396,-2.1772624062751875,-0.642532600573709,2.221017283611686,3.4693161092109257,180.36329536741664,256.2273659845158,-1.8729773535100094,-0.6615535044367296,-2.4501449858480555,-1.140423299530049,-2.5084138536393255,-1.0170977538025303,-1.5517032663580845,-0.5035654282285134,-1.2240786730928734,-0.2052618764831348,-2.0999738976728066,-0.9306600191956382,2.1596977516100213,2.8128322558490746,194.9920679977412,256.2273659845158,-0.011586306693129655,0.25880601862289976,-0.33432363175217383,-0.040840086934198716,0.19475954576175303,-0.25652818231474006,0.019475786892105607,0.42913964186665465,-0.47930016835309663,0.019779707935689173,0.20250849400730053,-0.15176899524167398,-0.04294554853183241,0.2279403177242466,-0.5840056699417899,-0.0772885086023809,0.43340209873865954,-0.8361648083792863,0.06131953200166462,0.48336612157426906,-0.3702105626051817,1.0
Train147.csv,-2.4818233608916875,-1.472766468028137,-3.426669554698343,-2.617746135196091,-3.3222838507965102,-2.34407472703904,-2.1880598325550347,-1.3455235508343983,-2.4971508160442797,-1.1758794720263581,-3.620582946967498,-2.454873806632373,2.1710308693896234,2.8563266803609024,135.24490416880514,203.56403384540582,-2.4826366680473893,-1.2598018593428075,-3.367170737491596,-2.6397619494335185,-3.3967472742806954,-2.593910346602314,-2.1534306015072002,-1.5488182337770284,-2.437540349039168,-1.2963656465942228,-3.6313319125465413,-2.4560132621721875,2.2177004857604894,3.076229280078482,141.02041314817944,223.9204372299464,0.0008133071557017146,0.40505188914541757,-0.5622961811698342,-0.05949881720674677,0.21600707064487024,-0.5088021848049475,0.07446342348418522,0.2849273878125671,-0.26134694093920663,-0.03462923104783444,0.20491151609960978,-0.4836899590456185,-0.059610467005111634,0.24439771887241513,-0.678514931184115,0.010748965579043368,0.3573828989755303,-0.25692535177706377,-0.046669616370865974,0.44489132554014876,-0.2926149899454975,1.0
Train148.csv,0.0,0.0,0.0,0.0,0.0,0.0,0.0,0.0,0.0,0.0,0.0,0.0,0.0,0.0,0.0,0.0,0.0,0.0,0.0,0.0,0.0,0.0,0.0,0.0,0.0,0.0,0.0,0.0,0.0,0.0,0.0,0.0,0.0,0.0,0.0,0.0,0.0,0.0,0.0,0.0,0.0,0.0,0.0,0.0,0.0,0.0,0.0,0.0,0.0,0.0,0.0,0.0,0.0,0.0
Train149.csv,-2.3532942461193342,-1.224864256138086,-2.309288406675646,-1.3093083623475978,-1.9635177069847174,-1.0135189747125373,-2.275063170280496,-1.0554083247655357,-3.0146065860219977,-1.3811937598178228,-3.95231461988585,-2.518190640686054,1.656313179653003,2.3942168475994428,97.66105872522171,190.90457900427361,-2.2169594336755156,-1.2343394508422083,-2.221638999729792,-1.0904475775630251,-1.6905635614838164,-0.7266250147333506,-2.098905544773561,-1.2399892884051065,-2.9468635576492495,-1.788684587019583,-3.7784355671879797,-2.4867767639199325,1.8006418817517336,2.4332487627156403,87.11202492389988,114.54274740256417,-0.13633481244381862,0.4361663708283241,-1.406565864245425,-0.08764940694585421,0.26044830524645657,-0.999905663155116,-0.272954145500901,0.161169939937017,-1.3085765592504939,-0.17615762550693503,0.373907161247812,-0.8470422322878233,-0.06774302837274826,0.34689076071440184,-0.612577903457943,-0.1738790526978704,0.3271221479815294,-0.5812954023857113,-0.1443287020987305,0.2039500629310773,-0.5476468291897372,1.0
Train150.csv,-1.6006505099559913,-0.6443483612159342,-2.2594825184159166,-1.2595602267230102,-2.5726015994584888,-1.1940022712937342,-1.69231506758182,-0.1496540669188552,-1.4764049935496424,-0.3563224503560822,-1.5592611935320617,0.016750915971181436,1.9624006650652555,2.5536229017209107,254.12377588917553,332.69047322495425,-1.640808684974218,-0.762720402081729,-2.2349080742792062,-1.26758538122904,-2.5316274003036083,-1.1775592536192658,-1.769904370477412,-0.2624180174922516,-1.5925576055883346,-0.3541818300517765,-1.3716138213981268,-0.03367893570278231,2.0163221077644193,2.9373717311353658,267.6314450777537,295.7248650888482,0.040158175018226716,0.6615662950703969,-0.4436026577286605,-0.024574444136710394,0.32765960380936576,-0.30804779780237235,-0.04097419915488043,0.36576953389499733,-0.6562868070456933,0.07758930289559207,0.6817603355363768,-0.29239653259955434,0.1161526120386922,1.178738260801413,-0.7314056379418452,-0.1876473721339349,0.4138240243210771,-1.0005723646643934,-0.05392144269916388,0.33261984497678476,-0.5192024546718201,1.0
Train151.csv,-2.5138118074456877,-1.5513729558748321,-3.133631931186711,-2.136790950975915,-3.4408429343469766,-2.1004437694609304,-2.553006505880016,-0.8661520300774866,-2.4986883669837523,-1.3743481826923105,-3.7685180471208817,-2.5802469157230106,1.8347902334419173,2.746256854406319,140.6875063194458,212.37501441483386,-2.4705479268607067,-1.523365658082365,-3.025929244006656,-1.9965171519341014,-3.463962788674026,-2.1461628198203386,-2.5502062458028725,-1.4875359721364494,-2.537011310950338,-1.498490406712489,-3.8521005071324215,-2.5758704929539147,1.8775271420353203,2.6234302890730907,113.91672440876502,212.37501441483386,-0.043263880584980985,0.1429826538461536,-0.28878589191812987,-0.10770268718005527,0.20433078137979255,-0.4139648376451692,0.02311985432704944,0.3618705086227103,-0.42641437754546274,-0.0028002600771435127,0.41927481167255753,-0.7310217768541798,0.038322943966585754,0.8111107725847972,-0.520017818780965,0.0835824600115398,0.4746273864048778,-0.43938700399490127,-0.04273690859340307,0.22731371499782416,-0.2109314946288774,1.0
Train152.csv,-1.81117386690102,-0.8694660042943609,-2.570664771913415,-1.7807326742361678,-2.75231681080674,-1.9752249598705383,-2.724016070295209,-1.6035560216432756,-2.0901438061351785,-1.260168479308517,-1.5813837479598725,-0.4191200702276591,2.2903976353248727,3.007869250236892,243.9138850772385,375.3950342223736,-1.7406239191307327,-0.8005165152860562,-2.409816632321469,-1.7170735247677413,-2.6390069151382187,-1.902427726877596,-2.6629042890800525,-1.6448657041334436,-2.0289890621396367,-1.3398233366614491,-1.6611317664174514,-0.5942682108736337,2.1169436597084497,3.157284118757101,227.00586502671436,375.3950342223736,-0.07054994777028734,0.1294033224531843,-0.6527948391293323,-0.16084813959194566,-0.01301711777093062,-0.6943291681909951,-0.11330989566852123,0.06756409080025705,-0.4763355367947568,-0.06111178121515648,0.14165741610718108,-0.29072466095868377,-0.06115474399554177,0.2715664251954011,-0.3973387061008511,0.07974801845757895,0.5196623408725967,-0.4310040210446644,0.17345397561642306,0.5607244036647208,-0.1752447588320647,1.0
Train153.csv,-2.5537514240502968,-1.1707059674551863,-2.201744896461155,-0.8266899042895905,-2.342534982249858,-0.5456298555140863,-2.4831169418254717,-1.1404911300824063,-2.8544896261658312,-1.7251368803272946,-3.791628115630779,-2.405598106124677,1.5261737459847997,2.6769637857843116,97.5882691079891,242.30196565927034,-2.543208214290277,-1.5568910717011832,-2.18191471533512,-1.0555658173868716,-2.2978827239661306,-0.9232505379216688,-2.3906784657793585,-1.2138649928943503,-2.7665091049955834,-1.7827330059293875,-3.6974363486552964,-2.488378836386971,1.5431878187915602,2.794731271129193,101.54219378817683,323.0692875456938,-0.010543209760019767,0.2989062671467595,-0.5991193358318592,-0.01983018112603485,0.2419794623476419,-0.32935919540741265,-0.04465225828372743,0.2590551953062059,-0.8171897579744085,-0.09243847604611322,0.20818203022060366,-1.0953251036430012,-0.0879805211702478,0.4164673180369669,-1.0549656059326677,-0.0941917669754826,0.42004035018721275,-0.8289996256898053,-0.017014072806760483,0.2497553125965679,-0.3317047218141198,1.0
Train154.csv,-1.4965405673346583,-0.6856917810720331,-2.233945345795335,-1.3803266074581404,-2.2035157173694513,-1.3462138668665558,-1.8995651976801757,-0.6438357756644443,-1.4516788701189316,-0.10018589440791838,-1.8487223369753494,-0.2645874556571523,1.8776216590866452,2.632154368985592,213.71869526890885,314.15703133753675,-1.5466410770658718,-0.9681173680793065,-2.3476865758151315,-1.5125259106019364,-2.2110358159056167,-1.3885218412525622,-1.9536521982710737,-0.7561808710016531,-1.5986241387712146,-0.6985041570172519,-1.8434483751944493,-0.4679729518705458,1.7705763174940348,2.4721271855302533,221.0394016477446,314.15703133753675,0.050100509731213494,0.8319758474686272,-0.6734477563045773,0.11374123001979664,0.8842824509028104,-0.37429548262151124,0.0075200985361654205,0.7473037673248633,-0.59396538755326,0.05408700059089799,0.595508580709073,-0.5826317540758978,0.14694526865228297,0.998359031260209,-0.7159282941345042,-0.005273961780900116,0.5863420825357486,-1.2164084751208903,0.10704534159261048,0.5478735143032949,-0.28490379915290887,1.0
Train155.csv,0.0,0.0,0.0,0.0,0.0,0.0,0.0,0.0,0.0,0.0,0.0,0.0,0.0,0.0,0.0,0.0,0.0,0.0,0.0,0.0,0.0,0.0,0.0,0.0,0.0,0.0,0.0,0.0,0.0,0.0,0.0,0.0,0.0,0.0,0.0,0.0,0.0,0.0,0.0,0.0,0.0,0.0,0.0,0.0,0.0,0.0,0.0,0.0,0.0,0.0,0.0,0.0,0.0,0.0
Train156.csv,-2.3164923915685156,-1.3129506870186014,-2.6030705007058668,-1.5883304735621864,-3.8005711863068448,-2.9428344599469605,-4.185551227176067,-3.450907927754733,-12.0,-12.0,-12.0,-12.0,0.9302936831401469,1.4499221876047441,38.38057173583165,59.02922943065073,-2.261136982469239,-1.1982858117264763,-2.5107950893676754,-1.186005179844592,-3.694968603993048,-2.805401669480172,-4.096182078956048,-3.358322840579449,-12.0,-12.0,-12.0,-12.0,0.9148040433059601,1.9271952842708995,37.50048801945525,59.02922943065073,-0.05535540909927672,0.3947179696463068,-0.6821651340975201,-0.0922754113381914,0.12036135117798619,-0.6762912080354067,-0.10560258231379693,0.22123554565710268,-0.6712338705562191,-0.08936914822001896,0.21882753515217246,-0.5851179184624753,0.0,0.0,0.0,0.0,0.0,0.0,0.01548963983418683,0.23596801133226597,-0.16856414487686378,1.0
Train157.csv,0.0,0.0,0.0,0.0,0.0,0.0,0.0,0.0,0.0,0.0,0.0,0.0,0.0,0.0,0.0,0.0,0.0,0.0,0.0,0.0,0.0,0.0,0.0,0.0,0.0,0.0,0.0,0.0,0.0,0.0,0.0,0.0,0.0,0.0,0.0,0.0,0.0,0.0,0.0,0.0,0.0,0.0,0.0,0.0,0.0,0.0,0.0,0.0,0.0,0.0,0.0,0.0,0.0,0.0
Train158.csv,-2.0396156570257946,-1.0180843794616181,-2.4294299550275107,-1.412954608649209,-2.3292346393903873,-1.3634239939681474,-1.5242836758310399,-0.4071519359386155,-1.6125312669603133,-0.6328954585917307,-2.764576268279584,-1.557107851046459,2.131083194570647,2.7318298312110696,166.9290301059615,203.867860761593,-2.031181763499043,-1.0719270383049453,-2.4078090178680025,-1.535254526934318,-2.2313399472574282,-1.2654219464802903,-1.380312480163485,-0.38021583968749295,-1.4531827174587186,-0.26463342892021635,-2.7332168220466553,-0.8844412122948856,2.209301253758813,2.967562529220439,165.30843789918575,203.867860761593,-0.008433893526751834,0.2470633013685144,-0.4395003654317877,-0.02162093715950819,0.17153156320509666,-0.5683293896129893,-0.0978946921329591,0.4265389228986223,-0.7700094933704085,-0.1439711956675549,0.36481154858289067,-0.519807474133416,-0.15934854950159472,0.32408000171778983,-1.1113579586807796,-0.03135944623292852,0.5294757659774088,-0.7483233546333703,-0.07821805918816604,0.1438777726767695,-0.40179976509545723,1.0
Train159.csv,-2.0661845674771855,-0.7506320399726811,-3.3170981911722963,-2.5048068331727986,-3.428040961004209,-2.6322530418538603,-2.2338006944362974,-1.1698926055759318,-2.2059609222704157,-1.1305158378366909,-3.362472930203823,-2.1532346447252273,2.3850382875766956,3.3351442894841754,113.55615215751502,219.03158594220739,-2.0801269223356273,-1.039707337070405,-3.199363651115001,-2.4584454402566407,-3.2894671901569623,-2.589325275518046,-2.2579128090387734,-1.8416524957983331,-2.0943696596902086,-1.253971637343119,-3.3283912748782734,-2.189318565220842,2.2262409188154333,3.122305808829471,112.69835037932594,240.93474453642813,0.013942354858441863,0.1913755024749748,-0.3328485665285563,-0.11773454005729533,0.08228850104151686,-0.4157525325949041,-0.13857377084724654,0.1814087757413998,-0.5933086287905027,0.024112114602476087,0.2742070842181561,-0.2975743629599683,-0.11159126258020713,0.19229516050642337,-0.40778887171656386,-0.03408165532554985,0.39977104823258136,-0.6238751035083725,0.15879736876126227,0.4644498033413922,-0.25313618824879613,1.0
Train160.csv,-2.010696462123235,-1.0055148596923125,-2.593187693492712,-1.656198624882403,-2.0700376317525944,-0.9874397693287874,-1.6649379082135414,-0.7645903702471634,-1.5782574518944954,-0.0040111056827339675,-2.8194005919458034,-1.21619317639667,2.053905302462182,2.812121587972353,156.38089176445158,231.2460417646816,-1.9801734403654803,-1.4183155898051691,-2.5604665042357713,-1.6752156566731637,-1.9952926117299987,-0.9714611107991677,-1.604143359523551,-0.8015168052140043,-1.5009139584880238,-0.5330039297803749,-2.7412490328033705,-1.131015791654122,2.1056326039380764,2.9416820919364555,151.53084627153976,208.1214375882134,-0.030523021757754787,0.35149630530773424,-0.2925090396988468,-0.032721189256940786,0.12011368487618057,-0.37943911293282007,-0.07474502002259564,0.35470991169140587,-0.4911888256432393,-0.060794548689990346,0.37424205294564183,-0.338170115889157,-0.07734349340647162,0.9714452620755141,-0.6669159369968445,-0.07815155914243288,0.809743043639767,-0.817109558819189,-0.05172730147589455,0.6766148871155846,-0.3760112610033757,1.0
Train161.csv,0.0,0.0,0.0,0.0,0.0,0.0,0.0,0.0,0.0,0.0,0.0,0.0,0.0,0.0,0.0,0.0,0.0,0.0,0.0,0.0,0.0,0.0,0.0,0.0,0.0,0.0,0.0,0.0,0.0,0.0,0.0,0.0,0.0,0.0,0.0,0.0,0.0,0.0,0.0,0.0,0.0,0.0,0.0,0.0,0.0,0.0,0.0,0.0,0.0,0.0,0.0,0.0,0.0,0.0
Train162.csv,0.0,0.0,0.0,0.0,0.0,0.0,0.0,0.0,0.0,0.0,0.0,0.0,0.0,0.0,0.0,0.0,0.0,0.0,0.0,0.0,0.0,0.0,0.0,0.0,0.0,0.0,0.0,0.0,0.0,0.0,0.0,0.0,0.0,0.0,0.0,0.0,0.0,0.0,0.0,0.0,0.0,0.0,0.0,0.0,0.0,0.0,0.0,0.0,0.0,0.0,0.0,0.0,0.0,0.0
Train163.csv,-1.6069377440602666,-0.2928347797496424,-2.3055098122191033,-1.2313221854222343,-2.648814066215071,-1.3308314937192884,-1.8108118802413442,-0.3759597583472739,-1.5908471948683456,0.3141470891079695,-2.5026314965405523,-0.5271541757305424,1.9542255604735532,2.812540571277716,158.21743160362192,264.3294170828404,-1.6562482351210157,-0.8927412739617628,-2.311335463598253,-1.237069955915856,-2.700046861153808,-1.5788852882961224,-1.8276050688551346,-0.5972112475821749,-1.5769033978067595,-0.04522244873835574,-2.391805301012456,-0.3707074351334578,1.9526799132096915,3.013445092106802,160.93691369652106,293.6993523142671,0.04931049106074914,0.39999154821687033,-0.3565245409040203,0.005825651379149477,0.5266821513288042,-0.2296474371275119,0.051232794938737225,1.0086486364917384,-0.3392892397292826,0.016793188613790422,0.432143533665287,-0.18920897294628336,-0.013943797061586105,1.1915800313930376,-0.594227123851327,-0.11082619552809625,0.8748264057780495,-0.9744154951189088,0.0015456472638617491,0.5149388959354522,-0.39004069541493847,1.0
Train164.csv,-1.0745697896312407,-0.3109686827409829,-1.2754281709045698,-0.4928278161814493,-1.5839780938555086,-0.7543853321618746,-1.847774504817675,-1.2226178178809815,-1.303871060014101,0.16397100995861869,-1.2248872708709264,-0.2500602953364541,1.58184962235745,2.243420557179461,240.08481948317143,344.7054467287198,-1.0745299086874893,-0.3313271316456375,-1.2436220813214156,-0.48423062456054866,-1.5735052976007515,-0.7414421743838201,-1.8342446474308451,-0.919846110973801,-1.2971510373541686,-0.5518502048410895,-1.0695522006281144,0.28459594418145684,1.826672509128885,3.127785291190244,243.23850811585896,379.1759914015918,-3.98809437514025e-05,1.073003950419868,-0.9253350709568549,-0.03180608958315423,1.1310608106481368,-0.819403554448563,-0.010472796254757055,0.8404825523786936,-0.6083377284506533,-0.01352985738682988,1.106256713421632,-0.683333642161656,-0.006720022659932434,1.2782606555660405,-0.7703364672278659,-0.155335070242812,1.310998291188262,-1.4648002299701166,-0.24482288677143482,0.3895394117065363,-1.1887983473399817,1.0
Train165.csv,0.0,0.0,0.0,0.0,0.0,0.0,0.0,0.0,0.0,0.0,0.0,0.0,0.0,0.0,0.0,0.0,0.0,0.0,0.0,0.0,0.0,0.0,0.0,0.0,0.0,0.0,0.0,0.0,0.0,0.0,0.0,0.0,0.0,0.0,0.0,0.0,0.0,0.0,0.0,0.0,0.0,0.0,0.0,0.0,0.0,0.0,0.0,0.0,0.0,0.0,0.0,0.0,0.0,0.0
Train166.csv,-2.8379591774397603,-2.385520926878165,-2.956059827809927,-2.02425703629984,-3.087433280835105,-2.3626416211389603,-2.5057985580077426,-1.5004553925629558,-2.945107539540282,-1.9398599660432183,-3.9477365756940186,-3.1182833640946046,1.825412398384894,2.8894916480206025,119.69845122383553,202.21369199568508,-2.706379935585237,-2.1431095081110576,-2.9930983583466135,-2.16379127315373,-2.9994276670018456,-2.296205633009439,-2.3986552124147473,-1.5552194500556606,-2.925901131046021,-1.9440482543466298,-3.8113856734072886,-3.061746849033739,1.7671965410450616,2.465162775681939,115.65216663428181,181.99232279611658,-0.1315792418545234,0.10837267814336649,-0.5969094042994336,0.03703853053668649,0.6510584949638676,-0.5667438279985881,-0.08800561383325922,0.1413866254409606,-0.3685803316743801,-0.10714334559299532,0.10097139105452779,-0.7083360682855329,-0.01920640849426114,0.25784135557430865,-0.46871264785418054,-0.13635090228672997,0.18331089214652696,-0.6368522862533759,0.058215857339832366,0.288246453878962,-0.2128704428556758,1.0
Train167.csv,-2.078717131230711,-1.4894732409796785,-2.68112926897937,-1.715733175944716,-2.8582071132178277,-1.7601838915718033,-2.1385770158348816,-0.7766223544329239,-1.886695654266048,-0.4412283133076959,-2.2567980616119456,-1.212531497310695,1.9971486758002188,2.641326881285154,212.9557466671604,323.0692875456938,-2.0073343093484164,-1.0972905095121375,-2.7171194666708285,-1.9301604386447744,-2.832929032031689,-2.257101508929486,-2.0602101247729583,-0.41616387183130515,-1.6431189223454064,-0.8842889255343077,-2.1123144010073878,-0.855391530054751,2.123760285232197,3.124498461232997,217.20014805735914,323.0692875456938,-0.0713828218822945,0.2099924565337572,-0.5612944288789947,0.03599019769145828,0.7219132866802074,-0.6313793254685023,-0.025278081186138834,0.16486413370273922,-0.28411675595905805,-0.0783668910619233,0.17486785656624182,-0.3261003836730916,-0.24357673192064166,0.001797653012220346,-0.4332599523411136,-0.14448366060455786,-0.029043980855700813,-0.41330674403296497,-0.12661160943197802,0.24113979467317748,-0.5360443646986839,1.0
Train168.csv,-2.0741049204508255,-1.2430440924537483,-2.472310355967366,-1.3348359944122243,-2.293202603201178,-1.0292835031732532,-1.5205246754647717,-0.36955618210898206,-1.5416809569451404,-0.5024051550724085,-2.7707398629706472,-1.2249150728748448,2.1635519115198356,2.815214414407833,168.2646262082119,226.51984529065888,-2.0936867428128645,-1.2941561568002913,-2.4044994779374975,-1.5432123435678513,-2.2559822334795028,-1.1178330846284075,-1.4800394271969917,-0.44120664492121686,-1.5034451092293355,-0.4828775761849843,-2.8785075135160483,-1.7358538018677716,2.1433619182989396,3.1338938386368342,169.6271089006532,226.51984529065888,0.01958182236203898,0.22804893855668307,-0.32828131649579007,-0.06781087802986852,0.29603638882459804,-0.6500240155142634,-0.037220369721675084,0.2989167482969568,-0.7485935174374465,-0.040485248267779994,0.4873191500226609,-0.4377620983319538,-0.038235847715804905,0.6773877647380137,-1.3587257002823199,0.10776765054540105,1.0879870380988144,-0.9644105419458335,0.020189993220895985,0.3962894355617541,-0.3114742327730644,1.0
Train169.csv,-1.368259070032301,-0.6627576222425731,-1.8362766005889322,-0.972277431352434,-2.0382585949304945,-1.2178820173216214,-1.685195489336714,-0.3485674577278114,-1.4661676379608153,-0.33701257102239995,-1.7692045155104263,-0.5406669169358348,1.9700803754940712,2.8536471327298507,146.85919499015262,331.7789924763927,-1.2482830568342322,-0.46315591456372596,-1.7540318895547853,-0.6065629261016442,-1.8772374140784296,-1.26567228149884,-1.3748696197085155,-0.5031115667819609,-1.181282357833805,0.09950263628086121,-1.577068884459891,-0.8434733780530181,2.049134360407704,3.064318838006195,183.44451696406827,331.7789924763927,-0.11997601319806872,0.3056130741014206,-0.5132509146917843,-0.08224471103414688,0.37126032314337465,-0.48511859001665614,-0.16102118085206496,0.17693259914641435,-0.6128555748583069,-0.3103258696281985,0.9466478280369456,-0.9964775101181804,-0.2848852801270103,0.3843379604735915,-1.0626581807977713,-0.19213563105053533,0.14886591990617748,-0.6956756092482703,-0.07905398491363291,0.37393864180535985,-0.40408431331138006,1.0
Train170.csv,-2.0242340248105566,-0.4578450681226554,-2.993155482377081,-1.1906280732915704,-3.013024290711566,-1.3855876465077253,-2.03336460484026,-0.47081158680133817,-1.9149585580754764,0.056114067562551107,-2.815991797351395,-1.546288583700972,2.0486828453547288,2.7569632850057797,163.1141060950004,336.488309677294,-1.9280588080778835,-0.8253558987825815,-2.9320933994150185,-1.6729706409233231,-2.9645647626148808,-1.8327927460971194,-2.1051067161151904,-1.5139641217676694,-1.9163649151452007,-0.8502907026167397,-2.726020952169725,-1.5298275179255152,2.042615636886837,2.8911757429722735,157.17701028660824,269.19064774183516,-0.09617521673267304,0.14121559613451562,-0.4207685936478456,-0.061062082962062725,0.21126740921448528,-0.43430415047946225,-0.0484595280966853,0.10470171128053352,-0.46736731195512915,0.07174211127493058,0.2570944104795654,-0.13386703771046893,0.0014063570697242511,0.2719920528684092,-0.308435652108515,-0.08997084518167009,0.4979009525805371,-0.6620524636755469,0.0060672084678916605,0.3655582492645244,-0.3551292893414404,1.0
Train171.csv,-4.369045655163218,-3.0440534806745756,-4.846505537038132,-3.203978320053174,-5.04476432682231,-4.117005278958036,-5.520711123825062,-4.9310667545646245,-5.673985166876789,-4.877985933875399,-12.0,-12.0,1.1933571633109747,1.777278790201928,52.57366991720629,135.96254499375985,-4.1285189994506455,-3.0686147562581754,-4.813236162130698,-3.699043813134079,-4.983021958530221,-4.324997554138875,-5.365893568065717,-4.688228317405235,-5.43303177271868,-4.699919676921333,-12.0,-12.0,1.2502879729466005,1.8896091950008975,53.909440799746754,135.96254499375985,-0.24052665571257226,0.3836735272236611,-0.6919695231004024,-0.03326937490743376,0.5424687255325042,-0.3956883310854904,-0.06174236829208901,0.20448856155598527,-0.3234666385635059,-0.15481755575934475,0.21575997504310251,-0.540905909451916,-0.240953394158109,0.2358839928835197,-0.7252108702034104,0.0,0.0,0.0,-0.0569308096356258,0.15634889972903876,-0.2994804641614872,1.0
Train172.csv,-2.500564740175609,-1.693643735983412,-2.383251025390427,-1.1743295438093113,-2.0582214866494892,-1.0417267143826476,-2.3034879583591947,-1.1043782194310066,-3.1266877325995877,-2.014885905412214,-3.996330597684208,-2.4339829710332648,1.7676704752121282,2.954464124628437,90.28720764645385,115.75805506731287,-2.2631542712175374,-1.0704526455010699,-2.304797706562149,-1.104558446563533,-1.774956735391217,-0.8117198365110257,-2.2719622768163523,-1.2808594481187432,-3.148179359179281,-1.9223485368515423,-3.9850970371782806,-2.6777249495871827,1.6796402564916963,2.445505596077273,92.86028675768074,115.75805506731287,-0.2374104689580716,0.2802397169595765,-1.0418483680572466,-0.0784533188282781,0.298626046205837,-0.7000700469308121,-0.2832647512582722,0.33691275067260307,-0.9966520250356621,-0.03152568154284241,0.43466882438250876,-0.37195344442789446,0.021491626579693168,0.7682549427885816,-0.471720285695409,-0.011233560505927276,0.4040486411935631,-0.43645047492510614,0.08803021872043182,0.28538725274391097,-0.17772716526286025,1.0
Train173.csv,-1.363283705567751,-0.8998598418028141,-1.7701959366029283,-1.1012195367763051,-2.2949111045176163,-1.545201939861376,-2.609670152489336,-1.6728950513428704,-2.075062630859472,-0.8971644143808414,-1.8334356061569295,-0.21832099591218218,1.8047217511779272,2.6115904766309366,156.33636771081518,395.9877474306153,-1.2941794137688025,-0.72514498381114,-1.656129750519789,-1.07075153203963,-2.238822716738113,-1.2850858183752276,-2.367985354511425,-0.5523652662397714,-1.8974935830977948,-0.35496598064338003,-1.5913308566919837,-0.4355106889688705,1.8334802349888,2.8054792705569143,190.17650908059966,356.38897268755375,-0.06910429179894839,0.13320411906442287,-0.4860157191119603,-0.11406618608313934,0.06474934541366917,-0.47608683713533706,-0.05608838777950309,0.031653354407352285,-0.2039777950933992,-0.2416847979779111,0.19445515174672323,-0.7318990876498188,-0.17756904776167737,0.1741170416992477,-0.6516236561884587,-0.24210474946494576,0.3819478454725178,-1.0389281747156713,-0.02875848381087276,0.28917605830189963,-0.29456654011672656,1.0
Train174.csv,-1.9184369970463293,-1.2036620450775908,-2.8494138037462537,-1.830844536996909,-3.1143925771606513,-1.5741182267861389,-2.099532708574962,-0.004032475941854724,-1.8802546149476496,-0.8062593128898589,-2.544164644998858,-0.5477202804411166,2.0556017985695187,2.8789865869225855,191.28455678658716,316.73956012512775,-2.034030315042019,-0.9096636113772131,-2.844805639327901,-1.6414363130050054,-3.012844200553039,-1.3386328628864521,-1.9832309322300121,-0.3012759169441607,-1.982816949649599,-0.47214791827539665,-2.63741414507911,-0.4294294551305858,2.0406277489809614,2.8890783761827556,177.50732802654795,281.5462756667802,0.11559331799568984,0.2627920583629284,-0.10671631007029037,-0.004608164418352878,0.18568757379301948,-0.20692784791994567,-0.1015483766076124,0.22191006260376955,-0.38943681147456255,-0.11630177634495009,0.20820268894694616,-0.6230301961205575,0.10256233470194953,0.6235507157791322,-0.43917555619557636,0.09324950008025201,0.5693060970806512,-0.18260822992653036,0.014974049588557303,0.4628322266359419,-0.311021877212702,1.0
Train175.csv,-1.4707060945048236,-0.47932684814418336,-2.3415346926559786,-1.232655712889755,-2.2916271655417852,-1.4041924852551244,-2.0531035249010983,-1.1793310955203429,-1.543803783224184,-0.03263958993723491,-1.9675492671653645,-0.6279429436466889,1.7914899161159372,2.5670580735952773,196.80194536224286,342.649244366645,-1.5311394194064092,-0.8794058834477957,-2.352724013214262,-1.6962113793529152,-2.281199018876544,-1.5233060067914925,-2.1023206805957884,-1.3400194349517813,-1.6490383579838357,-0.9565506442992093,-1.9636834272367656,-1.2099338181859451,1.669371443623819,2.4960399538155764,205.3013509506253,342.649244366645,0.060433324901585594,0.6307213082968961,-0.5156378667618766,0.011189320558283367,0.2154895438815707,-0.47022278602294687,-0.010428146665241389,0.40086096234009005,-0.5099214918536306,0.049217155694690096,0.5929964497803573,-0.546127068054131,0.1052345747596517,0.7751714275432506,-0.4577305784838053,-0.003865839928598902,0.48056167129012284,-0.7504828750665826,0.12211847249211827,0.5117353008030396,-0.39237501284877174,1.0
Train176.csv,-2.5383059948695816,-1.274527559153977,-3.374126168969159,-1.4953242590441014,-2.4901276203052043,-0.6919465422411963,-2.151362215118275,-0.8436877410885315,-2.6476522188241223,-1.3026417394215217,-3.4961606019489544,-1.6986485096909998,1.9621950921525104,2.7831027281024276,111.40276069392661,178.34639980187046,-2.445700200618637,-0.857703953208546,-3.1686288700038325,-0.8354651357534686,-2.3247805624582583,-0.37458090465780786,-1.9562951813085228,0.00033945874353317286,-2.437973797804861,-0.35662878759855626,-3.313101301293923,-0.7646399776027509,2.011076102774556,2.9839080068027917,121.3853221610265,198.16266644652273,-0.09260579425094484,0.30687161340170777,-0.7145427510358919,-0.20549729896532654,0.21831254858021865,-0.6909547534837364,-0.16534705784694603,0.11476923495432034,-0.7411901635569578,-0.1950670338097522,0.5747092339362228,-0.8542560337094067,-0.20967842101926149,0.5146119957289836,-0.7494852575057274,-0.18305930065503118,0.45212697137688185,-0.8399275288582535,-0.04888101062204564,0.3141560131705259,-0.4899841327036989,1.0
Train177.csv,-1.4224020283283818,-0.36628682663438034,-2.170454676853316,-1.0951799665509694,-2.155268483800225,-1.369342728829195,-1.8801399190675512,-0.6227838692930352,-1.3683664234927684,-0.1602252820602493,-1.716166541635845,0.02608270357893859,1.8722805259942497,2.4969266695450805,224.73214460829467,320.8412234936545,-1.446801102375907,-0.5119636434834401,-2.0636453396873327,-1.243331462087542,-2.095975207627139,-1.1842348056632692,-1.8694844345143635,-0.713434108262155,-1.4356071012694354,-0.3020876797712636,-1.665476984343333,-0.3683636856409479,1.7795292070100377,2.4087149557526724,223.47735537421056,356.4902483262828,0.024399074047525282,0.7796040684501054,-0.7485975436231238,-0.10680933716598329,0.5389893764539593,-0.6252612464679816,-0.059293276173085996,0.8630234811856403,-0.7971682798296928,-0.010655484553187655,1.0615215092104162,-0.9258951030096634,0.06724067777666698,0.7379665488686604,-0.6564834590753583,-0.0506895572925119,1.1045063096424739,-1.1565441795944515,0.09275131898421196,0.36574175802898323,-0.20621631923363903,1.0
Train178.csv,0.0,0.0,0.0,0.0,0.0,0.0,0.0,0.0,0.0,0.0,0.0,0.0,0.0,0.0,0.0,0.0,0.0,0.0,0.0,0.0,0.0,0.0,0.0,0.0,0.0,0.0,0.0,0.0,0.0,0.0,0.0,0.0,0.0,0.0,0.0,0.0,0.0,0.0,0.0,0.0,0.0,0.0,0.0,0.0,0.0,0.0,0.0,0.0,0.0,0.0,0.0,0.0,0.0,0.0
Train179.csv,-1.141033736810022,-0.2730986926359456,-1.7079062578815418,-0.7397585789069441,-1.6259075687857298,-0.7407619708691912,-0.9214333438155156,0.2220192330053063,-1.0423880607138465,-0.029952319107962925,-1.9646593932902867,-0.8805602735012348,1.712846776978568,2.647098083495349,172.73596539779837,342.5648480010374,-1.0640615387111914,-0.35902744373994566,-1.5613529511616655,-0.8089618176499315,-1.4377725085128175,-0.5311430871787236,-0.7209919308579231,0.30215968041568636,-0.7823405938787253,-0.070395702410574,-1.8221547592614091,-0.742467712556366,1.8052397588194071,2.287489421795751,175.9617676766212,391.50268342975704,-0.07697219809883071,0.2700061031930753,-0.7522318656225138,-0.14655330671987632,0.440358120152498,-1.0149742453972401,-0.18813506027291238,0.589924340671624,-1.3420671577391268,-0.20044141295759244,0.4522576446260754,-1.5434206912410422,-0.26004746683512114,0.49352971407289525,-1.6497251379859788,-0.14250463402887759,0.24858847616728408,-0.7299314676329471,-0.0923929818408391,0.3596652513440952,-0.5825331627203814,1.0
Train180.csv,-1.2660347331088775,-0.633894761668207,-1.8222093989643113,-1.0155786751719895,-2.3432518460161056,-1.462186547317523,-2.5192720826323454,-1.0041270932490634,-1.979877856989104,-0.5753579812869054,-1.3574824243965438,-0.02674265978423582,2.0182012593561147,2.900137627353968,276.1918065456877,379.7836452339661,-1.1913245249040214,-0.7534451746046482,-1.7743926008111677,-1.0639617771097882,-2.2549839933993674,-1.3318895290116965,-2.4504308596720206,-1.3908703130554958,-1.877830721495514,-0.7139101217518617,-1.2225740652215453,-0.24537371401686794,2.027764643516625,2.6860075240371666,312.0874282195598,379.7836452339661,-0.07471020820485608,0.11918441442751537,-0.6136194333687344,-0.04781679815314366,0.335849243076362,-0.512116201938748,-0.0882678526167382,0.28821509696303593,-0.43141933918275743,-0.0688412229603248,0.2732742773598109,-0.6195223364130766,-0.1020471354935899,0.0983907967838078,-0.7913680852423278,-0.13490835917499844,0.2715602457167784,-0.7990270199161518,-0.009563384160510502,0.2461106873449641,-0.27761375820516765,1.0
Train181.csv,0.0,0.0,0.0,0.0,0.0,0.0,0.0,0.0,0.0,0.0,0.0,0.0,0.0,0.0,0.0,0.0,0.0,0.0,0.0,0.0,0.0,0.0,0.0,0.0,0.0,0.0,0.0,0.0,0.0,0.0,0.0,0.0,0.0,0.0,0.0,0.0,0.0,0.0,0.0,0.0,0.0,0.0,0.0,0.0,0.0,0.0,0.0,0.0,0.0,0.0,0.0,0.0,0.0,0.0
Train182.csv,-2.5661765887232715,-1.3199550960334823,-2.455147343240614,-1.06479141499682,-2.160670886563684,-0.9172193735950394,-2.3956415012443575,-0.7773470918970011,-3.3950712444145745,-1.5680305815814548,-4.178885810876947,-2.3613899479203715,1.7349631259828506,2.7414296124844912,90.85752563928602,127.26971933618242,-2.263433612948078,-1.070729207297764,-2.325257366358257,-0.8125135331632586,-1.7869829906393075,-0.46910501973747326,-2.272164834366846,-0.7327609617882442,-3.173206483239109,-1.3813213772272084,-3.898415017297651,-2.2500944652235164,1.7523509849285963,2.743892203918028,89.01716451782164,114.54274740256417,-0.3027429757751934,0.21226854803136597,-1.459574887068947,-0.1298899768823567,0.2766105754195287,-0.8746737978328656,-0.37368789592437635,0.27027698826298385,-1.2261905074394734,-0.12347666687751158,0.2600197348528195,-0.6823347190734559,-0.22186476117546539,0.3924062457151867,-0.8828627489007208,-0.2804707935792963,0.16880386127063485,-0.9198923683713187,-0.017387858945745682,0.29970761236750887,-0.409577202975298,1.0
Train183.csv,-1.6151933050911476,-0.7934745644826363,-2.2250470206060395,-1.3787486852120412,-2.5808023428535307,-1.6023110549054946,-2.5770725496920597,-1.4814568840520845,-1.9850797074713897,-1.0272037085683536,-1.4627281719898404,-0.23326989634396011,2.1565804297216165,2.718617248519146,254.8251725443709,392.61189280631334,-1.545805682580474,-1.0353853348858846,-2.0922530773541728,-1.334533972668503,-2.425870182456082,-1.5969649622501811,-2.448779587455018,-1.4795442451905727,-1.8636384742596572,-0.8883349053833457,-1.324996366073917,-0.25595762587956705,2.0982627302773356,2.912429478318011,279.7219578592975,392.61189280631334,-0.06938762251067354,0.3772697443530755,-0.7214695353921343,-0.13279394325186678,0.16004234126603523,-0.7327456311320413,-0.15493216039744873,0.07885720648232875,-0.8199201740487323,-0.12829296223704167,0.36897354719740383,-0.8381079513355205,-0.1214412332117325,0.30675287566521314,-0.9317698248370321,-0.13773180591592338,0.6715312214917988,-0.8953056696393007,0.05831769944428089,0.45298617997861923,-0.17178898466930548,1.0
Train184.csv,0.0,0.0,0.0,0.0,0.0,0.0,0.0,0.0,0.0,0.0,0.0,0.0,0.0,0.0,0.0,0.0,0.0,0.0,0.0,0.0,0.0,0.0,0.0,0.0,0.0,0.0,0.0,0.0,0.0,0.0,0.0,0.0,0.0,0.0,0.0,0.0,0.0,0.0,0.0,0.0,0.0,0.0,0.0,0.0,0.0,0.0,0.0,0.0,0.0,0.0,0.0,0.0,0.0,0.0
Train185.csv,-1.2631524514497254,-0.6626578861869258,-1.9028036390265433,-1.0993564515242957,-2.4798122489968657,-1.7116317494928268,-2.697471877388925,-1.755932182473862,-2.1430874880575663,-0.7908533624562931,-1.5205595487762094,-0.03708407947934864,2.0657132671784195,2.980153829239216,246.43499964100158,376.74537607209436,-1.1846480198566853,-0.711217199137202,-1.808157819351178,-0.8736875521917052,-2.3511144302645253,-1.5772966265806645,-2.5852102684857825,-1.1554417104699317,-2.002411441801284,-0.5924577560766336,-1.4100172865949285,-0.33923348911718215,2.0203720464914703,2.585076768711244,261.0073944448693,376.74537607209436,-0.0785044315930401,0.12445643979098131,-0.6971237483155073,-0.09464581967536523,0.3028235185463357,-0.751272189629508,-0.12869781873234043,0.18597031814007625,-0.7683960429763919,-0.1122616089031423,0.21892014814135052,-0.4769249597609244,-0.14067604625628238,0.07594641620678955,-0.7997511878642332,-0.11054226218128083,0.004885942587085523,-0.4119345104921508,0.045341220686949235,0.36842719157957626,-0.21915770874729357,1.0
Train186.csv,-2.631702640433637,-1.3998785064528316,-2.416544924980997,-1.2157966984622153,-2.3626560352903696,-0.5001689846226811,-2.4013656901362794,-1.3955478340889096,-3.2230317678501663,-1.9818720959779383,-3.8088868810371626,-2.391328145184071,1.3671553694691183,2.159754005795128,107.7065033390859,189.5879957007959,-2.527252031279107,-1.5501491075186633,-2.332712384172356,-1.3016991632490065,-2.193974801287482,-1.0621529628475923,-2.2167143985136217,-1.510231401875511,-3.078911292798229,-1.7559609131955096,-3.6672720645744072,-2.1457768053471984,1.523609576520112,2.662918270965417,98.12629732605154,189.5879957007959,-0.10445060915452986,0.28642170583529825,-0.9540468939580617,-0.08383254080864111,0.21444615912352583,-0.6620176727575511,-0.1686812340028876,0.23215061085077782,-0.9938080137852852,-0.1846512916226577,0.28141484069797373,-1.2373185399841344,-0.14412047505193737,0.20396163987525284,-1.3032213887687791,-0.1416148164627553,0.31886540802696794,-1.4890792402214816,-0.15645420705099378,0.06620912426351366,-0.5139891222298347,1.0
Train187.csv,0.0,0.0,0.0,0.0,0.0,0.0,0.0,0.0,0.0,0.0,0.0,0.0,0.0,0.0,0.0,0.0,0.0,0.0,0.0,0.0,0.0,0.0,0.0,0.0,0.0,0.0,0.0,0.0,0.0,0.0,0.0,0.0,0.0,0.0,0.0,0.0,0.0,0.0,0.0,0.0,0.0,0.0,0.0,0.0,0.0,0.0,0.0,0.0,0.0,0.0,0.0,0.0,0.0,0.0
Train188.csv,-1.9626614664739053,-0.4085548927236586,-2.92390232238209,-1.0264748244700053,-3.225656868202688,-1.2934375217198217,-2.3894894955928194,-1.0107366694184972,-1.8815505384417877,-0.44620012212176774,-2.747005103682584,-0.9423040441089593,1.9678177903833682,2.9681317628365402,180.54959059793867,250.0495520220433,-2.010936719298761,-0.14896104777073096,-2.8424295665432293,-0.924226078432818,-3.2377808022653216,-1.1218285055161235,-2.338529830340386,-0.7108694168936485,-1.8440086068708308,0.7629327571740282,-2.786459650176927,0.08076976077424616,1.9830925676151239,2.789015213087103,179.1624384465164,250.0495520220433,0.048275252824855786,0.6800696812052385,-0.4929029449575033,-0.0814727558388606,0.31775064355642524,-0.5723819751390353,0.01212393406263379,0.5916349447090083,-0.583760803570764,-0.05095966525243334,0.6190893110280431,-0.6912795797325209,-0.037541931570956866,0.9744477543952419,-1.089328085443457,0.03945454649434321,0.9711448322702285,-0.5349728487880903,-0.015274777231755632,0.5005850289795941,-0.7268538154802662,1.0
Train189.csv,-3.3703460321017626,-2.6011150389088544,-2.9973001089730102,-2.2934699429842325,-2.6402949795007586,-1.7619721693611523,-3.4975618614645936,-2.66658969291119,-4.734610038456584,-3.3837109664081035,-5.22311819095635,-4.266566274254926,1.7904468989687,2.9226846959060793,72.73206551487868,104.98907881578972,-3.3129577789318025,-2.6447474615500117,-2.9776929308262567,-2.2685581522834726,-2.6945745921670103,-1.6369826402808512,-3.460046699243481,-2.620871638980511,-4.789678101062679,-3.864456303045048,-5.172783867729062,-4.265923085216661,1.695470347758842,2.5925813963076103,73.17363142437178,118.11271366776344,-0.0573882531699601,0.5141920230368524,-0.6330418080550206,-0.0196071781467535,0.12059072230219936,-0.22776926639436912,0.0542796126662517,0.4283887380689988,-0.4875106724917555,-0.03751516222111251,0.22583643402593045,-0.3719735749145965,0.05506806260609576,0.4524743947858729,-0.3278467523869022,-0.050334323227287925,0.29799021474069676,-0.3323576779000623,0.09497655120985793,0.41859071034166817,-0.26193714979591753,1.0
Train190.csv,-1.8548926555137872,-0.831629047030164,-2.7340819462252828,-1.919849337460396,-2.779942238916725,-1.2433750786154762,-1.7982928902738888,-0.7489005074834065,-1.5778962043772697,-0.46268103133225286,-2.105655228030713,-1.0857515584616264,2.018596104938528,2.5724141759954824,200.1312524520955,281.88386112921046,-1.7146778310457387,-0.7795052004954466,-2.5311383552546007,-1.526122373247373,-2.4850362448155456,-1.0310115242137186,-1.6316934422025116,-0.32152382484443065,-1.4304492181593664,-0.18332860963339853,-1.8790624062044363,-0.488111939223102,2.10466007721858,3.056319038981971,195.6209247374896,281.88386112921046,-0.14021482446804856,0.47160656387786526,-0.7953550813754384,-0.20294359097068204,0.1364836015560753,-1.0786227222671876,-0.29490599410117957,0.2574983483087845,-1.1734588988206034,-0.16659944807137728,0.3328729127234378,-0.9098571348173443,-0.1474469862179033,0.41374442376769993,-1.2124879952022192,-0.2265928218262767,0.48357985719935104,-1.3036546471176464,-0.0860639722800518,0.24563073889830012,-0.4850090240455289,1.0
Train191.csv,0.0,0.0,0.0,0.0,0.0,0.0,0.0,0.0,0.0,0.0,0.0,0.0,0.0,0.0,0.0,0.0,0.0,0.0,0.0,0.0,0.0,0.0,0.0,0.0,0.0,0.0,0.0,0.0,0.0,0.0,0.0,0.0,0.0,0.0,0.0,0.0,0.0,0.0,0.0,0.0,0.0,0.0,0.0,0.0,0.0,0.0,0.0,0.0,0.0,0.0,0.0,0.0,0.0,0.0
Train192.csv,0.0,0.0,0.0,0.0,0.0,0.0,0.0,0.0,0.0,0.0,0.0,0.0,0.0,0.0,0.0,0.0,0.0,0.0,0.0,0.0,0.0,0.0,0.0,0.0,0.0,0.0,0.0,0.0,0.0,0.0,0.0,0.0,0.0,0.0,0.0,0.0,0.0,0.0,0.0,0.0,0.0,0.0,0.0,0.0,0.0,0.0,0.0,0.0,0.0,0.0,0.0,0.0,0.0,0.0
Train193.csv,-2.7140890322219215,-1.5668257729626198,-2.4376171800713067,-1.273263657914005,-2.259456250972499,-0.8631890946277431,-2.200158144063417,-1.1128516342860202,-3.203836478716755,-1.7968598107437763,-3.756604653326871,-2.5324672338690926,1.7497748299899079,2.914971220895163,107.80746047793895,182.2961497123037,-2.611734144318815,-1.3231886699424746,-2.3971034344410618,-0.9160476582251144,-2.322335687016475,-1.1596685899602663,-2.3063377882675438,-1.0375796560939967,-3.3313178694127417,-1.7524047863552517,-3.8144563444515773,-2.4316421467670306,1.5827353700845603,2.2776128803338977,103.29252005715617,218.75537965476445,-0.10235488790310665,0.22202709593700964,-0.6861853248139855,-0.0405137456302449,0.2710426380042774,-0.6137761107715993,0.06287943604397617,0.6351051779442993,-0.25669923206874845,0.10617964420412696,0.694198642909106,-0.7048117919047696,0.12748139069598663,0.8178239623285362,-0.8321248565445658,0.05785169112470623,0.5310901971924884,-0.4493280295202471,0.16703945990534752,0.4148630786282792,-0.16633885333905885,1.0
Train194.csv,-1.3570903468780844,-0.040969027933147786,-2.173440214187778,-0.7799434176070358,-2.162497071661716,-0.453219610805489,-1.408490821944275,0.012720190474928828,-0.9714511057700416,0.014273958972956424,-1.7303593828116703,0.21208386883951807,2.028143526716482,2.4295213194599015,201.46377285082104,259.7720133400328,-1.4156592153687058,-0.4504431070156105,-2.1621296884529535,-1.2012622590101987,-2.2408959118671277,-1.1065487783918149,-1.4728350274665605,-0.25818696143433456,-1.160361143973577,-0.01372961995118058,-1.8629820039796974,-0.5686200311160858,1.9547924108922374,2.8190974814661875,196.47726457188017,259.7720133400328,0.05856886849062137,0.6473593132034225,-0.5865196253439406,-0.011310525734824495,0.4989035225170184,-0.6705538205021884,0.07839884020541188,0.6986310183523663,-0.5438247126718316,0.06434420552228537,0.40972497699865756,-0.7972088589125286,0.18891003820353547,0.8742216162482319,-0.9096685679645105,0.13262262116802703,0.6253335506308191,-0.8085360805376509,0.07335111582424458,0.7136209272090597,-0.30427127195086,1.0
Train195.csv,-2.2636779300796395,-1.2494654572701005,-2.9953533141107638,-1.8354022147065423,-3.0950505715273327,-1.5609210387344028,-2.718075750247092,-0.9602091866858224,-2.148022298000783,-0.62217772209678,-3.171661135720208,-0.9121940550403347,1.8145673923022911,2.7013541067839184,180.04032132731788,315.9799928346598,-2.228132699683055,-1.3993032351704286,-2.9650926277833243,-2.188718118678104,-3.0885015479570415,-1.9257995984041922,-2.752888498495701,-2.085086239210518,-2.166991064934776,-1.1854433420292247,-3.1704489984775717,-0.9432035995178372,1.6743610353401512,2.837722306075294,202.75236310198392,315.9799928346598,-0.035545230396584415,0.2112748246818772,-0.37872240333144536,-0.0302606863274395,0.1545985623227537,-0.2523979907865006,-0.00654902357029119,0.122284885970243,-0.10868507633949687,0.03481274824860936,0.2885843969300894,-0.13748063934614985,0.018968766933993297,0.6790371061789733,-0.9962596078848547,-0.0012121372426361354,0.41801287784957797,-0.679647186303562,0.1402063569621399,0.7539398777569191,-0.9066275049231725,1.0
Train196.csv,0.0,0.0,0.0,0.0,0.0,0.0,0.0,0.0,0.0,0.0,0.0,0.0,0.0,0.0,0.0,0.0,0.0,0.0,0.0,0.0,0.0,0.0,0.0,0.0,0.0,0.0,0.0,0.0,0.0,0.0,0.0,0.0,0.0,0.0,0.0,0.0,0.0,0.0,0.0,0.0,0.0,0.0,0.0,0.0,0.0,0.0,0.0,0.0,0.0,0.0,0.0,0.0,0.0,0.0
Train197.csv,-2.3239954047751787,-0.8563538896337808,-3.030459311770709,-1.000442013367705,-3.1745163394663543,-1.3028856963263327,-2.0305304858430646,-0.6477167916682249,-2.1301518489329636,-0.4567100910611246,-3.2843266842094003,-1.3486569659175573,2.2072275194613207,3.3634165053881158,154.67792915383123,372.69435052293204,-2.2782243141450307,-0.38698331248743884,-2.954557732367639,-0.7727915351310631,-3.0485892148789415,-0.6449475586746338,-1.9254805441389145,0.27453779835812425,-1.9385074335565686,-0.3102099258667809,-3.2780777873697784,-1.7295862595330878,2.1871662086786454,2.8684333013044956,162.3098803083231,248.46290034862136,-0.04577109063014806,0.15266190530384982,-0.1794313131207219,-0.07590157940306996,0.08912122988770887,-0.3248871409283929,-0.12592712458741273,0.4150920965304459,-0.6238589752710184,-0.10504994170415016,0.2930605669855879,-0.8100620033811163,-0.19164441537639498,0.5000399628796703,-0.842698992888258,-0.006248896839621931,0.19568895446751267,-0.323106345225356,0.020061310782675257,0.4142297025715589,-0.8486591271901609,1.0
Train198.csv,-1.4627266446732166,-0.5544068034650141,-2.3036802407312207,-1.0086014766555933,-2.516304268140374,-1.4113489641205326,-2.1268875571744963,-1.1467238364305368,-1.7165024676616896,-0.8597396032655734,-2.080741215095942,-1.0070588271267202,2.1281557129928905,3.1185250301779384,128.215981715216,358.515761100864,-1.3439526221390201,-0.1321418001901048,-2.2492678074967554,-0.7772652344549192,-2.367609363836431,-1.011781441099659,-1.9198171297111297,-0.2800298865780793,-1.379546517931204,0.4744951952771021,-1.9713556637348444,-1.0615514744713037,2.2500508505318244,3.0919949591919065,149.00920995463227,358.515761100864,-0.11877402253419644,0.5237677258352746,-0.8352025436893514,-0.05441243323446532,0.3443722027457312,-0.8698811008895999,-0.14869490430394272,0.14654528057251648,-1.0955167348521848,-0.20707042746336657,0.387684882508488,-1.4744869638987084,-0.3369559497304855,0.44408062713742247,-1.9749650656216613,-0.10938555136109773,0.6442074149180947,-0.9966687335263122,-0.12189513753893388,0.356974815342896,-0.7352782302669247,1.0
Train199.csv,-1.1970711756166257,-0.3768904781463879,-1.7572342585423597,-0.7900495126181382,-1.6420066447703108,-0.5928991215634383,-0.9096136099644532,0.2463022325561162,-1.0608093516583463,-0.3754238103472601,-1.668569348275773,0.03637713540355209,1.8207384474905166,2.44342279307418,188.7873603986261,284.9896473835681,-1.1206256391086638,-0.29209169619069725,-1.6099428090476366,-0.8210690308224234,-1.495210990002918,-0.564839023899185,-0.8002568664533403,0.3018480725567133,-1.0226710130893595,0.12176371160909555,-1.768147568372874,-0.8500246004270834,1.7982295831403527,2.3612540018566417,194.78899716427662,356.23705922946016,-0.07644553650796193,0.20540515027270945,-0.787896404863484,-0.14729144949472306,0.4530930501304491,-1.0835765320508672,-0.14679565476739276,0.5715731580358053,-1.044261772902204,-0.10935674351111291,0.5983570477118363,-1.4748079483136847,-0.03813833856898685,0.7058480799098499,-1.5615371113734522,0.09957822009710093,0.3902337666183404,-0.24149120133241375,0.02250886435016386,0.5038359120442304,-0.6125417882167719,1.0
Train200.csv,-4.234213596035293,-3.08640198822692,-4.819681640775485,-3.1752686528115555,-5.291134844057272,-4.643947347185658,-5.422675395233176,-4.10878768056283,-5.614058849829363,-4.704764461177579,-12.0,-12.0,1.0991681324333016,1.6728788726339219,47.45555485283114,100.26288234176705,-4.166576920532094,-2.792227449453146,-4.714590966990676,-2.5198550115671563,-5.179306366004189,-3.7975040466298107,-5.376957669802811,-3.763056332273643,-5.529285821194292,-4.315661199735287,-12.0,-12.0,1.1958383309234817,1.9268401757349654,46.002632552149876,83.55240195147253,-0.06763667550319852,0.26269906008740307,-0.4017498443940619,-0.10509067378480896,0.17060998933791716,-0.5391900884477243,-0.11182847805308249,0.2031486553906472,-0.462748729995865,-0.04571772543036445,0.25861885965538,-0.3708508949147227,-0.08477302863507141,0.14715043914951575,-0.36372431365710156,0.0,0.0,0.0,-0.0966701984901801,0.17787705318560387,-0.43385738276023655,1.0
Train201.csv,-2.1238228771123095,-1.1049284960794905,-2.5988436000678616,-1.8586303799291486,-2.534910231199553,-1.3659972719299385,-1.7609890970384918,-0.7040285486677998,-1.474567014079633,-0.4336887784048217,-2.780492096908831,-1.2399338472210977,2.113456815382679,2.9568031327371633,179.91256786188143,219.36303348713884,-2.0120631813781085,-1.1879477343654035,-2.5297260565037423,-1.8826120412656828,-2.404053993639889,-1.5633714037948723,-1.573749753932247,-0.6217076984175675,-1.253292034187902,-0.5685812457166669,-2.563135955605766,-0.9590834511698934,2.2722154328283874,2.8442219872960086,177.27941706343597,219.36303348713884,-0.11175969573420108,0.11693597710081272,-0.5649499992770219,-0.06911754356411937,0.11864905999043085,-0.8676328992793998,-0.13085623755966402,0.32455209826049747,-0.6339759660341153,-0.1872393431062449,0.09087007499244493,-0.7265686576240664,-0.22127497989173106,0.4336602042584131,-0.7315484323261191,-0.2173561413030649,0.8390037933456127,-1.087083064426867,-0.15875861744570852,0.3667888852585226,-0.43964596942271017,1.0
Train202.csv,-1.232187228301409,-0.670962096193727,-1.6642220520678577,-0.779514570896387,-2.199449823886381,-1.3650867705793477,-2.0916381131321145,-0.6656839147522442,-1.3613726729307747,-0.4211934988194873,-0.9214406650533294,0.13619214079227654,2.1394472979777364,2.681279284519125,328.60049550705,380.9989528987148,-1.14387462441112,-0.42498349451325657,-1.5630554039535771,-0.8152529846521915,-2.1244185992326523,-1.3300056646005984,-1.9062795573748268,-0.68145985038887,-1.3323992539249518,-0.5376059564407886,-0.6837843946156978,-0.10868734310282636,2.2001927630458047,2.9052406490187024,342.31068509999625,380.9989528987148,-0.08831260389028905,0.08614397434933596,-0.48364907231459653,-0.10116664811428056,0.0840671942413791,-0.39886390613005585,-0.07503122465372858,0.056225573774767446,-0.3532022569276463,-0.18535855575728766,0.24637165258034677,-0.711404193572192,-0.028973419005822842,0.2500634949688312,-0.32486533571087417,-0.2376562704376316,0.21115633981985726,-0.7910845422891791,-0.06074546506806833,0.24820210663462783,-0.22425943307121177,1.0
Train203.csv,-2.0324224033987095,-1.5489256425716795,-2.954377207084992,-1.986030673944454,-2.9816659221248774,-1.5191932618216588,-2.710597462197318,-1.5151075852210434,-1.9640806496945566,-0.12396059471727346,-2.9553104321039787,-0.7029956898136355,1.8623643521386573,3.0464211073598433,165.83923310240738,324.58842212662967,-1.9549277057602814,-1.1131365228953898,-2.940926002478008,-1.6232482724195445,-2.9549067584701345,-1.485400001708704,-2.6231887158726015,-1.5401714235200863,-1.9623075857931642,-0.7789842974912924,-2.936236407031463,-0.42108243351111774,1.7474434160833103,3.201896660283274,165.0543858411135,324.58842212662967,-0.07749469763842809,0.1294182742737633,-0.4351101523812604,-0.01345120460698368,0.30090325472135193,-0.4070243273992977,-0.026759163654742846,0.2104185040798936,-0.31044694510609405,-0.08740874632471662,0.17072822312322478,-0.5230534789648016,-0.0017730639013924243,0.6819674603931347,-0.8668399901154367,-0.019074025072515877,0.5915117571011734,-1.0684098747862711,0.11492093605534692,0.8224877615435582,-0.8795137998816887,1.0
Train204.csv,-1.5553262676707398,-0.636876443782821,-2.6745338367831826,-1.3497931132428018,-2.886636226373362,-1.8876571931950221,-2.2710721472300777,-1.7463320859824305,-1.9520926913347547,-0.9002414229573509,-2.4288503872947684,-1.3913662296524725,1.962245118057295,2.5822103810356385,136.65527364985007,287.11643579687836,-1.6098328879539539,-0.8006557554809782,-2.68818818172308,-1.3769281916693787,-2.7543575037635533,-1.894800379728367,-2.3231630124461735,-1.691817839127675,-1.991142466623379,-0.6037326436807345,-2.5198398119027683,-1.5314595783481755,1.8149285981977616,2.4968610932574973,117.53169970650606,287.11643579687836,0.05450662028321407,0.6202798451897524,-0.78017644262132,0.013654344939897367,0.3044528966208442,-0.8969806680974215,-0.13227872260980877,0.6111943655924721,-1.0812526048408144,0.05209086521609585,0.8673319635357633,-0.8161108461168949,0.0390497752886243,0.947822218728402,-0.5663371191664819,0.09098942460799986,0.951128899869278,-0.6920908133270616,0.14731651985953342,0.4420010972763746,-0.13720231588884335,1.0
Train205.csv,-1.7682624534321676,-0.8152224503454814,-2.0219410650428724,-0.7916517305236854,-2.4502398037113045,-1.07475185875293,-2.444235583340517,-0.8315360391107913,-1.772260956809057,-0.3563981513288333,-1.185679556707996,-0.11623364474563327,2.1917713616115115,3.457587526055644,321.15378724639123,398.6884311300568,-1.6826300915691994,-0.9033698093491921,-2.0240153314117584,-0.9661389780319749,-2.393838627522542,-1.5200967376455983,-2.3386411840764465,-1.1267621270121595,-1.652867350601432,-0.6497034063059354,-1.2281287112212351,-0.2701457647608519,2.0703463585283775,3.063347867563631,318.8897567262065,398.6884311300568,-0.08563236186296819,0.12551069283005067,-0.7075620103364384,0.0020742663688859686,0.26907848313136107,-0.3434856073531445,-0.05640117618876239,0.2426820008999695,-0.4384574998308959,-0.10559439926407066,0.35739156832504526,-0.5631332915491036,-0.11939360620762507,0.2664681018753803,-0.6555990430205285,0.04244915451323905,0.5602304821139144,-0.3748444270137026,0.12142500308313409,0.5637480055567141,-0.1868622056674818,1.0
Train206.csv,0.0,0.0,0.0,0.0,0.0,0.0,0.0,0.0,0.0,0.0,0.0,0.0,0.0,0.0,0.0,0.0,0.0,0.0,0.0,0.0,0.0,0.0,0.0,0.0,0.0,0.0,0.0,0.0,0.0,0.0,0.0,0.0,0.0,0.0,0.0,0.0,0.0,0.0,0.0,0.0,0.0,0.0,0.0,0.0,0.0,0.0,0.0,0.0,0.0,0.0,0.0,0.0,0.0,0.0
Train207.csv,-1.137815530322477,-0.3744104180625175,-1.6721963514386213,-0.8805361403895748,-1.61773769942188,-0.6982866965953688,-0.9191392136381689,0.17438325179102265,-1.0977193713322217,-0.3393560893145389,-1.828512782463515,-0.6780831778420277,1.681019024158063,2.2554299751743403,171.430721759525,280.12841672457336,-1.0849271304395058,-0.248630238129247,-1.5936375465849333,-0.8588964935354173,-1.4760353595915863,-0.6916826361140334,-0.7270125221553562,0.1961975022586969,-0.882535792891521,-0.09959082193375049,-1.7144785555232303,-0.8043307573456969,1.8256609526318075,2.519123518760253,186.80234650491388,350.16052090571674,-0.052888399882971227,0.3173256598459475,-0.7496832323857171,-0.07855880485368805,0.47065636564082647,-0.842556228836842,-0.14170233983029368,0.7370251907355712,-1.1553578679262564,-0.1921266914828127,0.543090040563136,-1.4843946398388286,-0.2151835784407008,0.735524223996693,-1.736283941352046,-0.11403422694028476,0.3819174500553948,-0.8114359424458355,-0.14464192847374457,0.1567715334084272,-0.5875855744178868,1.0
Train208.csv,-2.536782836919799,-1.5143930031562753,-2.2465911147591093,-1.252939253618335,-2.2892548565092783,-0.7566512931241323,-2.2438326409644453,-1.0991568187295406,-3.191096877995491,-2.110919241110281,-3.715037463039068,-2.6798589770716585,1.5350164126079076,2.3500743052202604,94.52409938726895,181.78977151865845,-2.5016909716894156,-1.5860765447785978,-2.2894662892586233,-1.2948514534509805,-2.348251813898329,-1.3670501381758615,-2.2416681624106065,-1.1816067015976264,-3.148264772881551,-1.8812839467783862,-3.6995280929763714,-1.9798477643852008,1.479917099296019,2.5325293731389813,109.56254966951548,272.68465727798764,-0.03509186523038332,0.2940195154140697,-0.4903843666868686,0.042875174499513946,0.3883550911886404,-0.3960703228503326,0.05899695738905075,0.8031365774440193,-0.3287206756625731,-0.0021644785538388334,0.5998556823755354,-0.758478645434006,-0.04283210511393998,0.5993502444634204,-0.8867597043091653,-0.015509370062696703,0.5417014037429064,-0.3871183647469514,0.055099313311888665,0.2921520414278005,-0.25894574417813465,1.0
Train209.csv,-2.4333375214320707,-1.1576110947416673,-2.249898980507134,-1.1764814726690007,-1.915159636309681,-0.8257796266069243,-2.235755857536569,-0.6537504718777938,-3.1243226091079865,-1.3227541427992946,-3.911573454974704,-2.303644893863143,1.796178742017914,2.6131746822822643,87.36699534125339,115.15040123493853,-2.275375919366941,-1.1893608671991867,-2.194411302044037,-1.051740635743088,-1.7827822423990751,-0.6213445121681483,-2.06359407436932,-0.7034187062588818,-2.951433906366526,-1.2806696642708932,-3.761825788994617,-1.9540549252456605,1.7149309576899383,2.6570728847787892,91.19146785124167,127.9448902610428,-0.15796160206512955,0.7198372811556084,-0.937962810985588,-0.0554876784630971,0.2884246140674518,-0.7601338989590463,-0.13237739391060588,0.4532792265404546,-0.7983143539997255,-0.17216178316724884,0.271149712918481,-0.8640128976286312,-0.1728887027414605,0.3765375478060866,-0.8075554370353255,-0.1497476659800867,0.3009650153111907,-0.6116305266254236,0.08124778432797575,0.3769344786106459,-0.3129658625814502,1.0
Train210.csv,-1.7440450936253737,-0.9477573440982271,-2.4431267948346136,-1.7825483932674162,-2.9507512442964985,-1.8657511678602727,-2.2717882284063053,-1.0133806718311449,-2.0764314776488444,-0.5976007967943162,-2.087890281468538,-0.6779813848214152,1.6782763374992957,2.9525981877475265,218.78939871862102,342.18506435580343,-1.6681589906304342,-0.9587404872754418,-2.3276240839613473,-1.6258717745836708,-2.85206241921676,-1.6998350644503972,-2.2255656364697773,-1.161240134560055,-2.080231507331458,-0.6064531242905163,-2.1021432554134436,-0.9131618212090399,1.671682037276907,2.51947884725804,211.4817426978321,342.18506435580343,-0.07588610299493959,0.34015824052621646,-0.7936283493381937,-0.11550271087326625,0.5930920933593891,-1.1006482568051559,-0.09868882507973842,0.29187517271406715,-1.20271236437282,-0.046222591936528,0.3328582852649229,-0.9870038032828465,0.003800029682613726,0.7204660586788767,-0.9251945518712326,0.014252973944905545,0.9667454778924622,-1.2997208587459523,0.006594300222388716,0.49254375571198405,-0.4700019894692311,1.0
Train211.csv,-2.4997475476776163,-1.040606577894212,-2.4081264684475725,-1.2676152251423298,-1.9512099578628637,-0.6042922423136097,-2.1988320060384945,-0.797917422146035,-3.1048480340664355,-1.54017075541127,-3.84748968925693,-2.2964671509059698,1.7453761402989816,2.637506325655704,94.18334248362999,144.6975688341411,-2.3355878454887824,-1.3522840825601432,-2.27476540454551,-1.007487339231163,-1.8958806420010212,-1.019150048832754,-2.13328834279968,-1.1056999000302994,-3.0411560904988155,-1.9799402607356824,-3.81814326906595,-2.5118511856226524,1.6993659997417419,2.581844273570996,94.56580365120372,144.6975688341411,-0.1641597021888339,0.5681158689583201,-1.0685204707381974,-0.1333610639020626,0.1457709196076138,-0.8199390520493908,-0.05532931586184242,0.45475203511374396,-0.7850148040232319,-0.06554366323881444,0.38284118682702584,-0.7236851605985928,-0.06369194356761998,0.5113126458420387,-0.7387931538326331,-0.029346420190980105,0.3744003677921235,-0.45567597981438857,0.04601014055723973,0.5775109492287536,-0.42801826204286786,1.0
Train212.csv,-1.3560072253061581,-0.5107406293527225,-2.3775986104816447,-1.1926457687824432,-2.413150426909613,-1.4339527614166556,-1.8131798222555089,-0.6893103287396628,-1.4839533846591078,-0.47293093737272573,-1.8391134767526758,-0.47480903449562706,1.858174598571894,2.61880086088265,182.98510594117988,255.76702217211104,-1.3182012834256156,-0.49396022206731854,-2.3803730995820986,-1.664897454168697,-2.2714860670015002,-1.2947438997179703,-1.597709517260064,-0.5013875075967169,-1.356590851046949,-0.4865072062861416,-1.7911879777572932,-0.6938709163701016,1.9544184274043626,2.8301573678909455,172.0806494498554,312.6041382103579,-0.03780594188054254,0.15970436399932586,-0.6133835461980635,0.0027744891004539696,0.5634632405710476,-0.6624217748710617,-0.14166435990811266,0.37616955194152535,-0.8838471609479619,-0.21547030499544495,0.2178709306883171,-0.8692649889677027,-0.12736253361215866,0.30215334444382624,-0.9038328630644592,-0.047925498995382565,0.6004015199168204,-0.9661839296545032,-0.09624382883246851,0.2720899691225409,-0.4279579529331463,1.0
Train213.csv,-1.825632256374404,-0.985739579908087,-2.722914037582273,-1.3991569472607006,-2.9511039223165407,-1.4140768776348764,-2.690735047670734,-0.780373817566163,-1.8950609465902484,0.14791272343738096,-2.772877299373851,-0.12623559762720116,1.8172451946923742,3.1179105983965965,157.9238820138616,298.1844163151254,-1.8144236658328499,-1.3140348195291172,-2.7140104252237496,-1.5517824997063108,-2.9770347119146945,-1.7977929901042593,-2.6570948756813015,-1.3753630659384983,-2.0003539784814093,-1.1751537469215692,-2.9361097615935527,-1.330573519308331,1.700878927122613,2.5162529939840077,179.96803119331747,298.1844163151254,-0.011208590541554209,0.2681931357428229,-0.21619775975545896,-0.00890361235852355,0.31776702539441626,-0.32497934358893765,0.02593078959815376,0.30413699419126017,-0.19482151631755062,-0.03364017198943259,0.11932241504781271,-0.2826253073878293,0.1052930318911609,0.671795441269537,-0.32633191746094514,0.1632324622197019,0.6393205348637285,-0.19162959651995726,0.1163662675697612,0.7159648072402529,-0.2274503898092355,1.0
Train214.csv,-1.5699284997410277,-0.6388909789712757,-2.3212603768202777,-1.4752554581902673,-2.5934774153587656,-1.1840005726499534,-2.0071462607686508,-0.9236132042127755,-1.8052288670487733,-1.1249515905909933,-2.0222877118391187,-0.7785147412407863,2.094674105648094,2.7159151384720333,137.64832086550678,353.7895646268413,-1.5409380274631368,-0.6885203302097215,-2.3780526972135294,-0.9190324269692108,-2.562223047433343,-1.035762103715228,-1.9525274747666868,-0.22537897572620597,-1.7382226481680623,-0.1502118043327916,-2.0257561809934295,-1.003773798562137,2.117377167828356,2.8435020687231063,147.70685353162298,353.7895646268413,-0.028990472277890866,0.3897660673797214,-0.5422640562439744,0.05679232039325166,0.6026851990841653,-0.585075211260764,-0.03125436792542269,0.2805613758065544,-0.6275041546321365,-0.054618786001964015,0.4061969171126427,-0.7672258537805636,-0.06700621888071101,0.43304205032991794,-0.9431827399245736,0.0034684691543107604,0.5905583498950255,-0.5732096356144345,-0.022703062180261746,0.5811666669694913,-0.45393521871403353,1.0
Train215.csv,-2.916505956631762,-2.1253188442093336,-2.8288411473685544,-1.7767110668635606,-2.2365354580362595,-1.086032835554866,-3.06403557713967,-1.7209375070477648,-4.113301539597085,-2.4661743503488442,-4.4918094777658055,-3.0470812802950498,1.7407684303770519,2.4733549949382034,71.04949992221394,98.60564461710975,-3.0700784936059486,-2.078986928877476,-2.9051531528863466,-1.7014854375335684,-2.315098987794871,-1.1065825179096043,-3.1124991357568454,-1.7308189382456767,-4.197382544218714,-2.8008960143664967,-4.537358007960325,-3.1515313331845114,1.6576172115174495,2.7010850185865434,76.49651830367827,98.60564461710975,0.1535725369741865,1.2993231304197943,-0.2926949036896218,0.07631200551779216,0.6155875430352729,-0.10835179926394112,0.07856352975861158,0.641487350508628,-0.41093253597460855,0.04846355861717555,0.5536668066483261,-0.3278422686997855,0.08408100462162871,0.6150082052395778,-0.3009128130666623,0.04554853019451954,0.5354288442046844,-0.46790439856396393,0.08315121885960242,0.4460136333816418,-0.2522489399224619,1.0
Train216.csv,-1.8792053272327374,-1.2365286028724496,-2.9273136694461765,-1.4595830118906734,-3.3569366811024213,-2.319209606950186,-2.5946975110326154,-1.4284515938278295,-2.4337388337919146,-1.531853251718245,-2.4188564909644787,-0.8660103441901382,2.0580724007976934,2.786671535370644,191.1015978452723,399.02601659248705,-1.8895041535808486,-1.4214977963951463,-2.862213331198668,-1.4281118282263738,-3.2353697523507865,-1.8796131533140092,-2.552123698644996,-1.2454143872928034,-2.213206854715652,-0.13529804313804958,-2.1988866908264026,0.19888416423094632,2.2464399396650214,3.5799371215778466,184.16387540144015,342.0222999364175,0.01029882634811119,0.156055564188621,-0.13623959650971296,-0.06510033824750838,0.05173734761823079,-0.21307083081078426,-0.12156692875163477,0.09129676541853593,-0.3328770075126801,-0.04257381238761937,0.24753022228236476,-0.3202843889354252,-0.22053197907626254,0.6938412459883345,-1.0731965973053956,-0.2199698001380761,0.49798925396366833,-0.8851349085284643,-0.18836753886732804,0.3915482669167283,-1.0690898501238748,1.0
Train217.csv,-1.6285349556993283,-0.6361833935547386,-2.2519618255453375,-1.2011206471360782,-2.679725044045469,-1.3715677254683398,-1.7800844186939742,-0.36489153605000246,-1.6139210952747334,-0.33178792268423035,-1.6979118976435845,0.06991345290908332,1.8158166024062439,2.5975534564292944,249.7023321716582,334.20960780589024,-1.629491833045733,-0.9063210812533438,-2.2041192120781767,-1.2593083042597684,-2.56828433862567,-1.201020020951089,-1.8110634889848747,-0.46004626506127355,-1.6603475445507245,-0.47736032887351565,-1.4411175939337864,0.022640053300269386,1.919087780822376,3.1953810634231457,251.08954434209306,334.20960780589024,0.0009568773464048164,0.5309542540334722,-0.5918618693663871,-0.04784261346716079,0.3447568806191419,-0.6346595599507336,-0.111440705419799,0.3372205246549904,-0.9126829934635023,0.030979070290900523,0.5003772213554032,-0.15595419222227802,0.046426449275991155,0.7796915423605694,-0.510877842931424,-0.25679430370979817,0.31455643438253733,-1.1365407103986864,-0.1032711784161322,0.2068561160229767,-0.6379000255262501,1.0
Train218.csv,-2.2067788213998156,-0.9442626580413339,-3.1133687382754553,-2.2318375185758685,-3.8134809953122,-2.663295544139929,-4.3429433725864985,-3.654197395153646,-12.0,-12.0,-12.0,-12.0,0.877869802045705,1.4844774560937457,33.4183988100558,49.04634504164361,-2.1198388776602304,-1.3221548534968446,-3.022346521517645,-1.9653307911518731,-3.7191874700570957,-2.8722818402933172,-4.314006222649942,-3.6407699225988464,-12.0,-12.0,-12.0,-12.0,0.8795882288060988,1.9045993077438232,35.56278759702349,68.66488305830106,-0.08693994373958525,0.501403516313446,-0.6377696492573122,-0.09102221675781053,0.09342732062784531,-0.5534093418347652,-0.09429352525510426,0.12882578522286714,-0.4471081062927822,-0.028937149936556494,0.2096230498979308,-0.33182113279935965,0.0,0.0,0.0,0.0,0.0,0.0,-0.0017184267603937986,0.22093196738639231,-0.36369694591364676,1.0
Train219.csv,0.0,0.0,0.0,0.0,0.0,0.0,0.0,0.0,0.0,0.0,0.0,0.0,0.0,0.0,0.0,0.0,0.0,0.0,0.0,0.0,0.0,0.0,0.0,0.0,0.0,0.0,0.0,0.0,0.0,0.0,0.0,0.0,0.0,0.0,0.0,0.0,0.0,0.0,0.0,0.0,0.0,0.0,0.0,0.0,0.0,0.0,0.0,0.0,0.0,0.0,0.0,0.0,0.0,0.0
Train220.csv,-1.4909140534385585,-0.8073441826727029,-2.159415557564461,-1.1407199372582266,-2.1432680895153107,-0.9420777848646277,-1.556166797440928,-0.5799963234571223,-1.3220943640681284,-0.43465585442659727,-1.7601697490105603,-0.6645043788137275,1.7241449495610959,2.1952875230890863,225.8898963185054,361.93381390796964,-1.4850300526045648,-0.8403964958422934,-2.149552147227145,-1.5338691122502617,-2.123873226775546,-1.399681669791728,-1.515586467897593,-0.850054191458699,-1.2586087733359812,-0.5832469528631558,-1.499295685789241,-0.6443717178131978,1.839393342509648,2.8357500002291087,241.12294022378808,321.71894569597305,-0.005884000833993763,0.31738597995495565,-0.5632728603492883,-0.009863410337315859,0.3066166910795378,-0.7078904541004856,-0.01939486273976465,0.17593841540792532,-0.4569542299994347,-0.0405803295433349,0.2725634884123296,-0.9065373510606849,-0.06348559073214721,0.34340723526714056,-0.7777305894893152,-0.26087406322131934,0.6213899147473438,-0.8517479916546886,-0.11524839294855216,0.16581643727942863,-0.47028478137397167,1.0
Train221.csv,-2.1904280969482004,-1.252504952065601,-2.5867649379531557,-1.6553057843667103,-2.3872304287043367,-1.655526857359606,-1.584225143575213,-0.5871863358012104,-1.5766472295177762,-0.715713874272041,-2.762705190071598,-1.5079557829696373,2.133538208858421,3.017751484353395,170.33622709828484,205.38699534252885,-2.1363035954016993,-1.4286106970856778,-2.4993168052919583,-1.8319837163926547,-2.311531978833874,-1.1999564378390886,-1.5227462577097413,-0.6943461259377527,-1.4866450196266376,-0.5785371223623834,-2.5460788046727325,-0.8840365232597801,2.1306164790646225,2.6786939630772655,178.4511828220274,293.4099933464698,-0.05412450154650106,0.21369526594280153,-0.5086073671882994,-0.08744813266119733,0.16774123545660302,-0.7229763000851537,-0.0756984498704627,0.4448293437707407,-0.5516695576529225,-0.06147888586547179,0.6156984769892695,-0.5383015791735286,-0.09000220989113861,0.4587322531632365,-0.8535380395036856,-0.21662638539886547,0.4295179833010394,-1.0884146325518687,0.0029217297937984554,0.5461815057540564,-0.44559167845774006,1.0
Train222.csv,-1.7109910010441272,-0.6736021808311522,-2.5063779424988812,-1.611132778934479,-2.3566307207276074,-0.867869830411769,-1.4577676341489858,-0.358230932991076,-1.1359966655353542,0.08457964157112777,-2.4247317686659438,-1.0539210261859395,2.257596431812858,2.796601605442987,187.00303199544135,245.4921482792357,-1.7847740544404669,-0.7787627380904074,-2.5340523956800443,-1.5573853318284454,-2.5064986918050205,-0.8443061385022361,-1.69202060127201,-0.39754111993867225,-1.2629881716701314,0.014853074455160317,-2.5680451501354655,-1.059963032845941,2.1064572088354323,2.874212968125629,176.5609250258144,245.4921482792357,0.07378305339633973,0.803582025149586,-0.3959209829384829,0.027674453181163017,0.4274368066624983,-0.20296637998509848,0.14986797107741312,0.6670474752080082,-0.4813509035839596,0.23425296712302424,0.7499140278419487,-0.22782245374194776,0.12699150613477728,0.5598189910390072,-0.651417747239281,0.14331338146952177,0.6871084687436615,-0.39480073626575374,0.15113922297742555,0.8077983037657863,-0.2548960741503201,1.0
Train223.csv,-4.278760494433458,-3.2452404717600642,-4.0155126605798745,-2.3869222962349608,-4.313043379681028,-2.5615072340924385,-4.6954355202805225,-3.883088508004242,-5.490467437945255,-4.6551507389683024,-5.51979642457534,-4.778813781266663,1.2972401876121147,1.947686928007729,62.99610927695312,128.62006118590318,-4.114869793544867,-3.1891505760017016,-3.8209911365288223,-1.983322628961227,-4.225154368121066,-2.5634677476070555,-4.621650911234974,-3.630545485604161,-5.358051490499264,-4.763010914303419,-5.434144980393297,-4.631450681360054,1.311938676209767,2.3444688768518307,60.47817810979483,128.62006118590318,-0.16389070088859103,0.12272206944881336,-0.482979055236993,-0.19452152405105227,0.47019767603582796,-0.5926816323876603,-0.08788901155996243,0.18837250655453275,-0.3943589944529098,-0.07378460904554807,0.08656791387575158,-0.3722118972794295,-0.13241594744599094,0.13426809209045132,-0.38114379115572206,-0.08565144418204262,0.2172109945972318,-0.5321689338021187,-0.014698488597652215,0.2343329017053537,-0.26171379351277246,1.0
Train224.csv,-1.9999023425971072,-1.003091134105223,-2.607031436238345,-1.3276046531878196,-2.5605149404684906,-1.165078100741619,-1.697028769592135,-0.781896836003546,-1.419593185057426,-0.16132872627442937,-2.4409691127826534,-0.7954773409288673,2.1830351675392077,3.253125209679476,174.37930100921108,214.05987276823544,-1.8321215423322932,-1.0219827368280547,-2.4789820461879417,-1.3541470944964722,-2.3231159998164204,-1.26826803135119,-1.5000582731220726,-0.37547483371825885,-1.1599543767498852,0.0849254905473849,-2.217753490858526,-0.5949609521308805,2.319152748544239,2.999226488985042,185.0569731079018,261.62873338339887,-0.167780800264814,0.012628667904225566,-0.5960663500238663,-0.1280493900504034,0.1434677638227,-0.7815724334867924,-0.23739894065207023,0.30951316173344745,-0.6090652185347101,-0.19697049647006226,0.3325239453007449,-0.9240161340210882,-0.2596388083075407,0.5016418496254653,-0.9770735587991979,-0.22321562192412747,0.380484185217957,-0.8031039259234709,-0.13611758100503124,0.5295989600492077,-0.6860732751566694,1.0
Train225.csv,-2.6541265333853397,-1.3311479784714,-2.552096781022793,-1.113078372607767,-2.293045336828779,-0.8048380526419698,-2.9385732555982136,-1.5169501792970639,-3.726922670403649,-2.3274953802599736,-4.199185556747487,-2.8646339144351867,1.5294603854235576,2.375555622137689,71.40749390698613,167.10480390294506,-2.5809604548747394,-1.446565630957099,-2.5417327135700996,-1.2758853341163388,-2.1467876104899632,-0.6757904448169382,-2.8192452674327977,-1.589231228549729,-3.6018754273075437,-2.465021679928694,-4.21273329043171,-2.800768653519118,1.6201569864386043,2.4555167729547023,72.35597201963601,119.36057421638932,-0.07316607851060031,0.3218386553524786,-0.523167814437254,-0.010364067452693249,0.5768483944990508,-0.3463846014255032,-0.14625772633881562,0.22428548925986025,-0.6147981741167736,-0.1193279881654159,0.3336131480345128,-0.7183754618512137,-0.12504724309610538,0.3755181428139984,-0.6494539555544461,0.013547733684222685,0.46833485322266366,-0.39170341382292406,-0.09069660101504673,0.05741516935918001,-0.22368974203403114,1.0
Train226.csv,-1.5224539294061874,-0.7298825866400689,-2.0034508582716457,-0.638961143809411,-2.3927502907561307,-1.2103740475655613,-2.2409223403754313,-1.034757400178013,-1.7363211544495532,-0.6602224292030935,-1.3201907993194137,-0.24491696400728613,2.0930320964277493,3.081340326432165,275.64055964385875,380.4588161588265,-1.4656045963977657,-0.8364814877033008,-1.94910589857904,-1.0498564598831126,-2.3125539178660324,-1.5975753966342061,-2.1513401786204254,-1.0271853454346982,-1.6003629658295253,-0.5614374502396158,-1.2365384025385044,-0.3707735401361525,2.0765762353307213,2.8025633536522347,291.7706614826815,380.4588161588265,-0.056849333008421654,0.3031261275832644,-0.5199225755437964,-0.054344959692605777,0.1144042442965516,-0.4661081509020166,-0.08019637289009829,0.16488670445978437,-0.5688857690967635,-0.08958216175500588,0.18871437540663205,-0.6432000205122304,-0.13595818862002784,0.13996617468837247,-0.7306681836346202,-0.0836523967809093,0.3064847842030075,-0.35631095175858585,0.016455861097028013,0.35291231818311464,-0.4176271776925131,1.0
Train227.csv,-2.4933285888641255,-1.3793331984228672,-2.1812034148647674,-1.2930469274065102,-2.1503738751169235,-1.0939260351828903,-2.3508729346641335,-0.9969054748227186,-3.2440797948723805,-2.293424325984764,-4.0971939561590816,-3.0917285531814507,1.5794191465384444,2.5949235109038225,82.66041948486091,125.24420656160126,-2.2935801455445235,-1.16128056534399,-2.0831932197142717,-0.9906858519339335,-1.9904648081219167,-1.1831921598989192,-2.0915234809809338,-0.7337264141010946,-2.9761862034539486,-1.3327609053448137,-3.899149223701233,-2.328866721489174,1.4814817732102334,2.3227496049008405,92.7383602404108,161.02826557920162,-0.19974844331960195,0.6221476233645231,-0.8784962190602281,-0.0980101951504957,0.17375927513233913,-0.5688551963043944,-0.15990906699500673,0.705521098428473,-0.6556077631663231,-0.2593494536831997,0.36710630922857224,-0.7283035558495721,-0.26789359141843194,0.14430130111230133,-0.7715628762793258,-0.19804473245784848,0.21479140780333505,-0.7125927067355353,0.09793737332821095,0.4578791479232076,-0.27039985935636257,1.0
Train228.csv,0.0,0.0,0.0,0.0,0.0,0.0,0.0,0.0,0.0,0.0,0.0,0.0,0.0,0.0,0.0,0.0,0.0,0.0,0.0,0.0,0.0,0.0,0.0,0.0,0.0,0.0,0.0,0.0,0.0,0.0,0.0,0.0,0.0,0.0,0.0,0.0,0.0,0.0,0.0,0.0,0.0,0.0,0.0,0.0,0.0,0.0,0.0,0.0,0.0,0.0,0.0,0.0,0.0,0.0
Train229.csv,0.0,0.0,0.0,0.0,0.0,0.0,0.0,0.0,0.0,0.0,0.0,0.0,0.0,0.0,0.0,0.0,0.0,0.0,0.0,0.0,0.0,0.0,0.0,0.0,0.0,0.0,0.0,0.0,0.0,0.0,0.0,0.0,0.0,0.0,0.0,0.0,0.0,0.0,0.0,0.0,0.0,0.0,0.0,0.0,0.0,0.0,0.0,0.0,0.0,0.0,0.0,0.0,0.0,0.0
Train230.csv,-1.8612239631615828,-0.9645084022380445,-2.5368112144851187,-1.455580999022327,-2.6538417396983656,-1.5016717567951956,-1.8972130514160985,-0.1810253566912471,-1.7520041724720077,-0.6965799365045834,-2.1236431062253884,-1.068145678223582,2.0974740811530532,2.7654395374550864,207.89222709177818,339.9485606672034,-1.809680868270165,-0.8993068964911296,-2.5321942159688557,-1.696623058566218,-2.629998258381871,-1.3200045603520822,-1.9731919369778033,-0.35815036874867984,-1.7779340442208214,-0.5301869665800876,-2.098633592402316,-1.086652077423111,2.018946974954062,2.7045651659817547,190.762346775792,339.9485606672034,-0.05154309489141773,0.39847979851746906,-0.3790111307745754,-0.00461699851626296,0.3691943006221021,-0.45027464453264665,-0.023843481316494497,0.1551231962684616,-0.309456548201954,0.07597888556170473,0.5267311649578876,-0.5363331510625461,0.02592987174881367,0.6045565208194916,-0.4890388081493666,-0.02500951382307237,0.46593389811193986,-0.42191562282219586,0.07852710619899117,0.5853435352877061,-0.3207024994691485,1.0
Train231.csv,-1.9791218220235254,-1.1781169238236144,-2.4655023670690466,-1.7175723990456226,-2.348635788771989,-1.4419962499354824,-1.4850806150699507,-0.7638148526717229,-1.409300897246046,-0.5556850883874959,-2.722487907412311,-1.4084968635151207,2.0841245332735605,2.9297193770415455,175.65601699664145,248.12531488619115,-1.8791789753295673,-1.0443291468422207,-2.413179127839082,-1.492143573772829,-2.316223318937608,-1.10559298670888,-1.4744684871904243,-0.6651093546789624,-1.1924625366876167,-0.04993557674952367,-2.483824570259388,-1.037750962888823,2.184569580788437,2.782481979772798,182.7164267520053,248.12531488619115,-0.09994284669395803,0.10698752562895875,-0.3635270958822341,-0.052323239229964624,0.21175503154478248,-0.3833293500048618,-0.032412469834381064,0.47114018918830936,-0.47138701251903226,-0.010612127879526367,0.3694047458661298,-0.26126392419021616,-0.2168383605584292,0.3155867356059705,-1.0971817781686757,-0.2386633371529232,0.6915698086377806,-1.3042088442493136,-0.1004450475148766,0.2528200556276241,-0.680222683756811,1.0
Train232.csv,-3.7357249054305726,-2.2857997210309517,-3.6119505769798446,-2.9086774924715995,-3.758639733562414,-2.6898019049258917,-4.1952782906456685,-2.649075242363575,-4.9553131438643785,-3.7359237345494902,-5.172014903896157,-4.315418573492698,1.3827052153792456,2.3765428819796393,69.97301698088646,115.45422815112569,-3.7133182243903944,-2.5716298993316733,-3.4979524252455567,-2.744950405557815,-3.77270290505155,-2.767361452636287,-4.271125374961178,-2.8141115144806275,-5.0219964150773935,-3.966518739882472,-5.107727035225576,-4.300532483669658,1.3233786231034659,1.9830274933391345,62.9485643722074,115.45422815112569,-0.022406681040178178,0.25931600825486933,-0.372902846980252,-0.11399815173428784,0.13815605391259078,-0.3430104014730557,0.01406317148913594,0.2893727062048037,-0.2750245103751725,0.07584708431550968,0.7412465996670665,-0.18487542649153088,0.06668327121301498,0.2575417296167455,-0.06658216171742826,-0.064287868670581,0.07051994178345034,-0.21951629042863452,0.059326592275779744,0.40385612807417903,-0.2348199615624622,1.0
Train233.csv,-2.014568574844163,-0.8897438132586745,-2.9005257486875435,-1.4298372492177505,-3.1820876808688316,-1.3306173386334281,-2.2741554268752124,-0.22974352582482255,-1.8918150461564567,-0.6295069583713901,-2.6161221759419484,-0.06502845948842008,1.9783491444084795,3.0752522748018474,188.60157219359962,325.094800320275,-1.9547203139082503,-0.6868805034721892,-2.8858051195555303,-1.4239807289540245,-3.1465153312581546,-1.1776361997864058,-2.1906554391962265,-0.2116018230034333,-1.9519596501001166,-0.2888986183301404,-2.702268717381905,-0.22173427485836156,1.8468161708976178,2.694068436442626,174.49879866453603,288.97315584024443,-0.05984826093591278,0.6341212683418762,-0.6177642085959318,-0.014720629132013219,0.47572995232682924,-0.4912879115271718,-0.03557234961067701,0.4686201012800435,-0.6466469222152136,-0.08349998767898592,0.5718796083797857,-0.9872523428912974,0.06014460394365995,0.8993960187378462,-0.6858104338531334,0.0861465414399567,1.1665173386817713,-0.4846434626566314,0.13153297351086168,0.8363841199756787,-0.2315487124850084,1.0
Train234.csv,-2.5768082028299504,-1.5208021350132404,-2.390884117499036,-1.5819251628559234,-2.4640011581688217,-1.3684125416171757,-2.4855520382142364,-1.4065292701100662,-2.7215031655386177,-1.6029987680721052,-3.6475801016320957,-2.0012183888795962,1.5334018631428363,2.358584227964247,116.6371819944197,224.22426414613358,-2.530025162297081,-1.6010463130979022,-2.394583963659289,-1.4772184849870476,-2.55633744815003,-1.016411728457554,-2.4533279684330846,-0.7711792894396219,-2.7410807356736866,-1.423265699541053,-3.6757410152496757,-2.3841638108513754,1.4059796548246712,2.2896881650809116,110.22392584896025,186.85355345511132,-0.046783040532869524,0.14751112242192432,-0.4460960222227208,0.003699846160253095,0.19544025120572694,-0.2947325909976808,0.09233628998120835,0.6563334750140708,-0.21691616188620122,-0.032224069781151776,0.6158555495319242,-0.7139571925725106,0.01957757013506889,0.5984519054115336,-0.5145905699757289,0.028160913617579997,0.5065316043217769,-0.24004758165848417,0.1274222083181651,0.6254222601335964,-0.3009769046907511,1.0
Train235.csv,-3.380052192674784,-2.327707853234727,-2.893767157304554,-1.9309742285735974,-3.3424633002825046,-2.220253543002292,-4.27166637229686,-3.2949699844116846,-4.944646552594532,-4.097794159049063,-12.0,-12.0,1.2140905475885382,1.9697999052944766,53.419630215834225,80.34534005838572,-3.3135817901890166,-2.831686553613823,-2.8736476341099415,-1.9731682673994442,-3.4089060873691324,-2.1561639911051214,-4.227597614243546,-3.0158608182116904,-4.866436827325763,-3.335356517896731,-12.0,-12.0,1.187234520325291,1.7564393048902085,48.50290936385263,72.31080605254715,-0.06647040248576763,0.5952418473552803,-0.716522614437062,-0.0201195231946123,0.5962526053683996,-0.7321013936724148,0.06644278708662776,0.6543843197811094,-0.6957157602468893,-0.04406875805331367,0.45811819918153285,-0.7486481614182905,-0.07820972526876879,0.33994915585907837,-0.53364572994521,0.0,0.0,0.0,0.026856027263247206,0.37184144308378986,-0.20575550281881183,1.0
Train236.csv,-2.614189959244966,-1.5087693087058605,-2.334706773146717,-1.1434825449668635,-2.174514658118473,-0.17066033699665847,-2.578091623281785,-1.3186645108435866,-3.05891515411979,-1.8533803017760115,-4.047274034682781,-2.7695338216968683,1.4448191645224648,2.2900422132767018,93.31770656346384,160.01550919191104,-2.560976332776923,-1.396633270823292,-2.283859155663021,-1.289311521224663,-2.1777473171396045,-1.3387133561485254,-2.624374745829206,-1.7351548095318072,-3.1372737355834857,-1.946771219915653,-4.003285847911007,-2.6843247158958414,1.4167105945231033,2.092324603829914,85.84772783840732,192.01861103029324,-0.053213626468043174,0.44515375305560534,-0.5484885602237042,-0.05084761748369626,0.6263477346745385,-0.8619770110789724,0.0032326590211315676,1.0414493268930545,-0.830229682977877,0.04628312254742095,1.0744429457692388,-0.5164718006149438,0.07835858146369556,1.1732905012910284,-0.28690506853725095,-0.04398818677177374,0.8952984387045002,-0.35042285867293055,0.02810856999936151,0.3473639947453424,-0.2996322163471139,1.0
Train237.csv,-1.7957854201547874,-1.025356377005583,-2.457831340665594,-1.351453397483396,-2.6117691779844563,-1.2631569208635176,-2.034653386873292,-0.26497758898393275,-1.952643630444915,-0.5297464768673389,-1.9272963120661404,-0.5028455179390584,1.9560451092418099,2.484066728468743,210.7534576059544,336.2351205804713,-1.698631811631153,-0.9439213668086893,-2.4011094060550837,-1.3610157944347128,-2.5079808079659083,-1.298208978283702,-1.9132968156915293,-0.45517364114860176,-1.599505073049808,-0.1114449866771494,-1.728207695130557,-0.04388334008887531,2.0854431938715394,3.1731857445725904,219.84478251334315,302.61160852242415,-0.09715360852363442,0.10969167364685717,-0.44206288113528736,-0.05672193461051034,0.4332083026906224,-0.4105418944944983,-0.10378837001854802,0.15028767012605426,-0.49047592851898303,-0.1213565711817628,0.4078890556578396,-0.7277242894018496,-0.35313855739510713,0.21822985469879685,-1.2204174638902132,-0.19908861693558344,0.450268670671629,-0.7206357659780731,-0.12939808462972957,0.29252681305961437,-0.962720340421767,1.0
Train238.csv,-2.861146491815726,-2.1360892674538783,-3.107427321811257,-1.9803441396383294,-3.0574583300140166,-2.2165231771776797,-2.3906519610503913,-1.5391525244645374,-2.900274358811381,-1.4515255518476793,-3.9326786805189404,-2.8285094787327125,1.9581672790426357,2.7077707134596647,128.32606007482718,183.20763046086526,-2.7909137151906505,-2.2006585870458344,-3.106714425240072,-2.21158075258879,-3.054124535289148,-2.4867864646531492,-2.375600657129108,-1.605736129278459,-2.9653523925619494,-1.8159900333652985,-3.9453901543620136,-3.037410868567047,1.9241017399580103,2.7529083223811477,110.44830258429977,183.20763046086526,-0.07023277662507565,0.11429312970077232,-0.3461098225806629,-0.0007128965711853397,0.41474593787623304,-0.5429110870980272,-0.0033337947248686106,0.25613902336349215,-0.3615247412189846,-0.015051303921283399,0.6854430799712863,-0.37134633958038465,0.06507803375056831,0.45978694359554506,-0.7917123474962988,0.01271147384307314,0.3027474842215474,-0.26971553186578756,0.034065539084625396,0.5086584358375243,-0.22240126181139064,1.0
Train239.csv,0.0,0.0,0.0,0.0,0.0,0.0,0.0,0.0,0.0,0.0,0.0,0.0,0.0,0.0,0.0,0.0,0.0,0.0,0.0,0.0,0.0,0.0,0.0,0.0,0.0,0.0,0.0,0.0,0.0,0.0,0.0,0.0,0.0,0.0,0.0,0.0,0.0,0.0,0.0,0.0,0.0,0.0,0.0,0.0,0.0,0.0,0.0,0.0,0.0,0.0,0.0,0.0,0.0,0.0
Train240.csv,-2.0250712995074602,-0.6841667929230313,-2.959189737586944,-1.2602252624707366,-3.2054090322892126,-1.517842731749213,-2.4685007970033688,-1.5201630933228047,-1.92997023319294,-1.1383587343212982,-2.7765087646068225,-1.3836144953285225,1.9028983427168265,2.597820065700933,192.4660382523506,267.063859328525,-1.9369891117739924,-0.39827525766323185,-2.86333273504167,-1.0497540699235073,-3.2338919376925936,-1.2027819043961416,-2.3841724448247366,-1.011577085843639,-1.8320266577669577,0.5806498891826213,-2.750473025513674,-0.729411601522295,2.0654501530067417,3.0466177949871978,168.74540142096475,267.063859328525,-0.08808218773346788,0.3651281890067013,-0.5544202726804852,-0.09585700254527385,0.043962863175469824,-0.43843397776647075,0.028482905403381054,0.4581352004252537,-0.4565386282748456,-0.08432835217863222,0.1295022180230725,-0.5175908076740829,-0.09794357542598231,0.9677415009250006,-1.5639714742754844,-0.026035739093148713,0.5368645087100665,-0.6235477730935441,-0.16255181028991528,0.15506884829253842,-1.4026100811051165,1.0
Train241.csv,-1.4051383562510449,-0.7902963801758199,-2.0620080377264833,-1.221350593583098,-2.071714188163777,-1.050356588908033,-1.529306104271775,-0.4159859883035331,-1.3189097879597265,-0.24705815127992786,-1.724538772975177,-0.6127840048707286,1.727641433433622,2.6499392392453056,216.02340223281135,289.8508780425629,-1.4052842749925394,-0.8370379750067507,-2.091935439071209,-1.3122392368758633,-1.973317357205834,-1.3624837419009819,-1.4957969656960448,-0.7500150334837241,-1.2138065840946681,-0.5822480438768711,-1.487742238447476,-0.6384590308184701,1.7601320248294665,2.7730722789003592,252.0763223635982,322.05653115840323,0.00014591874149449957,0.1656551801815398,-0.36169113235538974,0.029927401344725713,0.36914433046765494,-0.27555242351231435,-0.09839683095794305,0.18106636616428373,-0.6344665525154527,-0.033509138575730235,0.35977591877177506,-0.8665176369181609,-0.10510320386505834,0.314498048139485,-0.8580945752298437,-0.236796534527701,0.36024028095655525,-0.9482704870311114,-0.032490591395844426,0.49554092307015707,-0.29652510596131143,1.0
Train242.csv,-1.9365343743788965,-0.6701808740260092,-2.719519898408447,-1.399861545851714,-2.626517783049318,-1.2861295575626204,-1.8763163315709521,-0.08242166864175209,-1.6727118234649274,-0.15108850665441292,-2.510358786674339,-1.1696099927944281,1.9700167916173106,2.7526504954485462,182.87029674009722,322.73170208326366,-1.8242765362140068,-0.9193379550092562,-2.6377824113012247,-1.3989587982843223,-2.58209658883009,-1.5781384616440048,-1.9074995887744375,-0.5314298209788991,-1.7471415998035316,-1.0052153412721763,-2.393887231391636,-1.348021975307805,1.9261359196665144,2.548691197920547,176.05013771044622,290.45853187493725,-0.11225783816488977,0.16225228243578194,-0.4699385697862528,-0.0817374871072225,0.37045557445779664,-0.511034281371924,-0.04442119421922808,0.1507701673914832,-0.5031927518853472,0.03118325720348536,0.5387537675363696,-0.19163185102203095,0.07442977633860415,0.6164954139409983,-0.3705643847443092,-0.11647155528270314,0.12632254561903666,-0.6886569181440345,0.04388087195079615,0.43758210051056334,-0.3903587149698604,1.0
Train243.csv,-2.063393894125813,-1.2267871472562708,-2.649952244100377,-1.785723150458918,-2.725527365107255,-1.3543403466511257,-1.8945295912557163,-0.9055103512142495,-1.4989076340823433,-0.6354886794795346,-2.4130963471269955,-1.2106072041793108,2.0934363328353722,2.7622797695094436,193.6206096672575,259.9408060712479,-2.0207973607587686,-1.110138045182545,-2.5863192354072906,-1.8682025997823186,-2.613013322676914,-1.5971330582397136,-1.718430607048145,-0.7778681353514982,-1.255857544082827,-0.3262867017844412,-2.274425924335299,-0.9996890541348301,2.2627937460442267,2.889975073771593,179.89983561843076,233.94672546412312,-0.04259653336704439,0.2054540283106343,-0.37727969438077524,-0.06363300869308652,0.19261860624603466,-0.3054897515723831,-0.11251404243034102,0.14680397950736523,-0.8549862870209468,-0.1760989842075713,0.15286155858807415,-0.8648128364081569,-0.24305008999951627,0.03713280134859209,-0.9198113654074498,-0.1386704227916966,0.38294556016085424,-0.9264472559897681,-0.16935741320885445,0.05229475273811257,-0.4465998126729116,1.0
Train244.csv,0.0,0.0,0.0,0.0,0.0,0.0,0.0,0.0,0.0,0.0,0.0,0.0,0.0,0.0,0.0,0.0,0.0,0.0,0.0,0.0,0.0,0.0,0.0,0.0,0.0,0.0,0.0,0.0,0.0,0.0,0.0,0.0,0.0,0.0,0.0,0.0,0.0,0.0,0.0,0.0,0.0,0.0,0.0,0.0,0.0,0.0,0.0,0.0,0.0,0.0,0.0,0.0,0.0,0.0
Train245.csv,0.0,0.0,0.0,0.0,0.0,0.0,0.0,0.0,0.0,0.0,0.0,0.0,0.0,0.0,0.0,0.0,0.0,0.0,0.0,0.0,0.0,0.0,0.0,0.0,0.0,0.0,0.0,0.0,0.0,0.0,0.0,0.0,0.0,0.0,0.0,0.0,0.0,0.0,0.0,0.0,0.0,0.0,0.0,0.0,0.0,0.0,0.0,0.0,0.0,0.0,0.0,0.0,0.0,0.0
Train246.csv,-1.4926181352437102,-0.7218834074951048,-2.1261754777597126,-1.1869508323460622,-2.1086850918628053,-1.2663595560032292,-1.6403092461153355,-0.8517153080575086,-1.4529317560864405,-0.3275811526336238,-1.6193133056565072,-0.3704121753235129,1.6712444440140612,2.2790270344912367,218.41281748651826,322.3941166208334,-1.388219698273042,-0.9037291581292103,-1.9581409233066838,-1.311906498342773,-1.9616183411870087,-1.0342045599618022,-1.418999111644671,-0.524193678275668,-1.1953722930986004,-0.5881237658279134,-1.5421286778985914,-0.6010387187914954,1.7553970468284796,2.3016716219064457,233.01178095533334,322.3941166208334,-0.1043984369706683,0.1987679155869635,-0.4532022710537482,-0.16803455445302884,0.5341670726007943,-0.5457229365875849,-0.14706675067579655,0.3184535547307352,-0.5586394261575889,-0.2213101344706645,0.3762053582371152,-1.0588598591687146,-0.25755946298784016,0.6733341950555447,-0.8826668981579517,-0.07718462775791579,0.5929652354611363,-0.525181743691125,-0.08415260281441839,0.4046867014977351,-0.4093657854133239,1.0
Train247.csv,-2.949251687381829,-2.063469459801372,-3.090394305239366,-2.092145077760629,-2.973789995474185,-1.7781674543603665,-2.735227496589527,-1.5931043255401391,-3.7820041474283883,-2.7773075579671946,-4.244418551773973,-3.403896752971054,1.7037814622356584,2.8603889176503072,88.67964156410315,156.16703492020685,-2.937309442207826,-1.9078054579935964,-3.0094381514591877,-2.1219396479925536,-2.8814468111829,-1.9689298406821958,-2.5555256774462336,-1.403122419685463,-3.6612513092236783,-2.5974733138255877,-4.149320758522951,-3.1925932263799712,1.7136065114470638,2.7267843350308616,101.63157659270726,173.51892768911873,-0.011942245174003219,0.2129451258498838,-0.21297297093301504,-0.0809561537801784,0.5449813338092815,-0.476517450458946,-0.09234318429128496,0.12820832823108308,-0.3936461702955878,-0.1797018191432933,0.05119143909231161,-0.7034618848730783,-0.12075283820471006,0.11708675541990621,-0.5020782568285007,-0.09509779325102219,0.16466923312357373,-0.33360619298571326,-0.009825049211405368,0.1802937530371782,-0.22826769068840536,1.0
Train248.csv,-1.5271098250522908,-0.47219352950225146,-2.424494766196694,-0.7942655286031188,-2.589499612984661,-0.880268514499578,-2.2023947032509827,-1.0307624823852852,-1.7374922244158786,0.02513293338978328,-1.9253181575582943,-0.11740721642405465,1.9429023644623407,2.670818092706356,174.18345654599514,257.24012237180636,-1.5918848935717107,-0.34717887880216164,-2.3929949949418745,-1.3032915218677608,-2.594032806925119,-1.2564931828910815,-2.246563388216937,-0.7695512895205902,-1.6775737084783915,0.28192242053800926,-1.8697057352891675,0.3579118747613656,2.0239982954873703,3.381377545715336,185.86352718813995,308.6881468461677,0.06477506851941994,0.37454858830064075,-0.3860773620096256,-0.031499771254819287,0.32098850807215973,-0.33277103144551434,0.004533193940458258,0.23526164968400654,-0.2888937238048652,0.044168684965954164,0.27732084120820266,-0.2878520109429883,-0.059918515937487093,0.5732295853775822,-1.292474685160687,-0.05561242226912677,0.6512172790093714,-1.0872169725066305,-0.08109593102502966,0.4756419596456767,-1.1827724879660888,1.0
Train249.csv,0.0,0.0,0.0,0.0,0.0,0.0,0.0,0.0,0.0,0.0,0.0,0.0,0.0,0.0,0.0,0.0,0.0,0.0,0.0,0.0,0.0,0.0,0.0,0.0,0.0,0.0,0.0,0.0,0.0,0.0,0.0,0.0,0.0,0.0,0.0,0.0,0.0,0.0,0.0,0.0,0.0,0.0,0.0,0.0,0.0,0.0,0.0,0.0,0.0,0.0,0.0,0.0,0.0,0.0
Train250.csv,-2.136988588529153,-1.1042198512976094,-2.8360097853440345,-1.7163428793397002,-3.508911583435757,-2.456111739395529,-4.4283902862778195,-3.513090929477739,-12.0,-12.0,-12.0,-12.0,0.9430274266137472,1.908933077501884,36.22317198715249,55.990960268779,-2.129825996993315,-0.8971099983823884,-2.768314905509837,-1.6577778198125968,-3.4310024944182924,-2.483042854449394,-4.399090504081547,-3.3968029584957264,-12.0,-12.0,-12.0,-12.0,0.9985439032640049,2.634740753448045,37.28765323687965,55.990960268779,-0.007162591535838203,0.42193604880612523,-0.3381222588955701,-0.06769487983419742,0.22445786831761527,-0.36255780031320217,-0.07790908901746452,0.08690751416769027,-0.3264902814184536,-0.02929978219627216,0.29351549039420455,-0.26737147491833824,0.0,0.0,0.0,0.0,0.0,0.0,-0.05551647665025772,0.3347985070482421,-0.4416826780305021,1.0
Train251.csv,-1.3793479868227474,-0.46585596518406264,-2.3996633647738856,-1.0622778038828746,-2.308023333086859,-0.7843617531992977,-1.5583798340212154,-0.09067466066057737,-1.4200260084304497,-0.3660218006183263,-1.8420992017506175,0.15733366588330583,1.872349761913377,2.396646304301344,194.16281369783405,316.99274922195036,-1.421290835337314,-0.1161253987765053,-2.3116838459894713,-0.7806600781935892,-2.318395082621386,-0.6614641943158245,-1.6655027541853706,0.06983386462897465,-1.46870393848952,-0.18793285995085554,-1.8827534775880836,0.2539791121223021,1.6936378005510266,2.437412042875994,224.96388786639216,356.61684287469416,0.04194284851456653,1.103810068260657,-0.558655786958909,-0.08797951878441435,0.347772793475702,-0.5186944440959926,0.01037174953452702,0.6919662883657303,-0.5083942456530681,0.10712292016415526,0.7984447026748316,-0.39656585375198605,0.048677930059070285,0.9005592505283402,-0.8421519771520134,0.04065427583746617,0.608522085265232,-0.7990751294514986,0.17871196136235046,0.6574169071518063,-0.424304497414568,1.0
Train252.csv,0.0,0.0,0.0,0.0,0.0,0.0,0.0,0.0,0.0,0.0,0.0,0.0,0.0,0.0,0.0,0.0,0.0,0.0,0.0,0.0,0.0,0.0,0.0,0.0,0.0,0.0,0.0,0.0,0.0,0.0,0.0,0.0,0.0,0.0,0.0,0.0,0.0,0.0,0.0,0.0,0.0,0.0,0.0,0.0,0.0,0.0,0.0,0.0,0.0,0.0,0.0,0.0,0.0,0.0
Train253.csv,-2.2937807823928518,-1.5020953410236735,-2.3351572078763145,-1.1307173443132699,-3.332787354541689,-2.3121906044400875,-4.002689602731753,-3.318157024978498,-4.429917740371658,-3.3911867906873274,-12.0,-12.0,1.0440223621709377,1.8167499622032786,41.58998519291417,68.57807536796187,-2.2574021506094883,-1.4105930277140908,-2.317620323908086,-1.3723138278762497,-3.3578913246516047,-2.483205903197022,-3.997249555748395,-3.1693180073417744,-4.404837461691605,-3.853685831383089,-12.0,-12.0,0.8772025651067208,1.2673000294689287,39.8065955581267,68.57807536796187,-0.036378631783363424,0.3414632570239631,-0.7121207721893676,-0.01753688396822861,0.3318570432602761,-0.702295581152077,0.025103970109915608,0.3144770640351422,-0.16917984337791836,-0.00544004698335776,0.2748151700719941,-0.32089637226525536,-0.025080278680053247,0.13520256864797853,-0.2756661156124496,0.0,0.0,0.0,0.1668197970642169,0.38357115586166635,-0.14287664566435043,1.0
Train254.csv,-2.2761624868628787,-1.5080322787810119,-2.496618870207649,-1.440363124501256,-3.4063848259642913,-2.34122461512416,-4.2294944896476725,-3.2974858709286026,-12.0,-12.0,-12.0,-12.0,0.9877102528429622,1.642462360146566,39.09248176527935,67.275960012874,-2.295165688302653,-1.4457976878656462,-2.4068054372345444,-1.5418219857060986,-3.2875633325067346,-2.2190118514070516,-4.122855421902573,-3.526878121636208,-12.0,-12.0,-12.0,-12.0,0.8874132840090465,1.618491038638782,46.05117383027219,78.48862001501966,0.019003201439774298,0.5884687046366466,-0.4697728747953014,-0.0898134329731044,0.13746724181002934,-0.6009835424001282,-0.11882149345755666,0.12266663578662262,-0.30995315805737,-0.10663906774509968,0.23086764124404535,-0.29290057406115366,0.0,0.0,0.0,0.0,0.0,0.0,0.1002969688339157,0.3862815414450952,-0.24997243619492526,1.0
Train255.csv,-1.1197787388500435,-0.5264866409256802,-1.6498653382969288,-0.6659281015901077,-2.2207682287113535,-1.1830175165987213,-2.128396290430508,-0.7363108230961561,-1.3897231780184611,-0.2684717679149218,-0.9285329877232205,-0.07139457479947822,2.101731020480023,2.572220629116958,309.8523993468867,380.9989528987148,-1.0533710363919484,-0.585995093512593,-1.5864193829280664,-0.8584740113124353,-2.1068083750921254,-1.2647657411285234,-2.0023056661139744,-0.6398620289861677,-1.3408447925576328,-0.5652536919256879,-0.7261916128269756,-0.08561598547264448,2.171271397707299,2.8614716420882034,325.7830277570537,380.9989528987148,-0.06640770245809513,0.055876809709140995,-0.5687496761621338,-0.06344595536886244,0.1961850359551014,-0.5569573248446993,-0.11395985361922811,0.10440755880440955,-0.6870996265094296,-0.12609062431653362,0.2553322229111732,-0.59423017774755,-0.048878385460828344,0.12486628946488021,-0.43414882610097805,-0.20234137489624482,0.1981579339943429,-0.895366682615449,-0.06954037722727602,0.23864586868120807,-0.4799469644675294,1.0
Train256.csv,-1.759876841178499,-0.8684968085656823,-2.497019493737888,-1.7599224353217053,-2.8329192580014775,-1.5121214307422424,-2.314505295150493,-0.6193103815359019,-1.9407968637031123,-1.0306117733383,-2.147224992667171,-1.200365814620407,2.0686162465686686,3.125482386840089,169.16117405077108,357.8405901760036,-1.7049035508763348,-0.9857822064638175,-2.386542511295099,-1.8021753537287026,-2.7243981740816556,-2.1195653963154633,-2.291553076643359,-1.6409696321261362,-1.803125801666463,-0.8163940315949408,-1.8905875117990654,-0.8097954534238435,2.1503929202418823,2.8528032393416023,201.4776208830195,357.8405901760036,-0.054973290302164246,0.20880021214252942,-0.2923836774980839,-0.1104769824427887,0.47764384727461273,-0.6628400344798115,-0.10852108391982185,0.11327371148298271,-0.5037129919603558,-0.022952218507133804,0.4305768268256145,-0.4459312735131613,-0.13767106203664925,0.2757424018678578,-0.4044349227709849,-0.2566374808681058,0.21830453392994453,-1.0424973159481792,-0.08177667367321373,0.23510333497080005,-0.32216883855022305,1.0
Train257.csv,0.0,0.0,0.0,0.0,0.0,0.0,0.0,0.0,0.0,0.0,0.0,0.0,0.0,0.0,0.0,0.0,0.0,0.0,0.0,0.0,0.0,0.0,0.0,0.0,0.0,0.0,0.0,0.0,0.0,0.0,0.0,0.0,0.0,0.0,0.0,0.0,0.0,0.0,0.0,0.0,0.0,0.0,0.0,0.0,0.0,0.0,0.0,0.0,0.0,0.0,0.0,0.0,0.0,0.0
Train258.csv,-1.6698964791960007,-0.8951336521832157,-2.2255804671528985,-1.191179439217853,-2.2142312786347587,-1.280563200532278,-1.7599780349117125,-0.8067447833117836,-1.5536412373751918,-0.6027607083905471,-1.9958990707627113,-0.4533962019762387,1.7163179557139903,2.4277095177646135,216.51585942510627,321.0437747711127,-1.6298742539334141,-0.8344768968666885,-2.056878949913564,-1.1466665407337864,-2.0262567908108333,-1.4271765427309948,-1.6818680339809808,-0.6900338977045457,-1.4129456996724175,-0.6195604998076464,-1.7157065566425866,-0.4067084942874032,1.7640428480494803,3.053960349037279,214.6776123473573,361.17424661750175,-0.040022225262586586,0.2649224406161059,-0.6301722792403304,-0.16870151723933446,0.2907679945540842,-0.6453938124706964,-0.18797448782392534,0.24797367704508444,-0.6788265365366475,-0.07811000093073162,0.27602673021442836,-0.4350141108909238,-0.14069553770277432,0.5755075341280018,-0.5855825643829637,-0.2801925141201247,0.6385128136609981,-1.023290814870356,-0.04772489233549004,0.5240962496206651,-0.4695594829722025,1.0
Train259.csv,-2.7325827082857557,-1.4464854767590825,-2.446819191874981,-1.3254547404546415,-2.1910181084957325,-1.217978995817587,-2.47129396301606,-1.2144549436199408,-3.609662333424457,-2.5113385957861434,-4.13755736499,-2.7256651339393443,1.479974891983547,2.369044922747886,89.6712634111179,182.90380354467808,-2.7064523812392314,-1.6311596475241938,-2.389800592586943,-1.0989776317594406,-2.161385271934031,-0.7615350422872234,-2.5040959081018856,-1.141389395362381,-3.545388309585533,-2.1659039987981616,-4.094411827894986,-2.8316759013415402,1.5524422176833583,2.4844100371066253,92.38723703560265,182.90380354467808,-0.026130327046524293,0.4003934963151323,-0.7026120342003463,-0.05701859928803765,0.36808986114364917,-0.7245954247610285,-0.02963283656170157,0.48635304823405057,-1.035541607918514,0.03280194508582568,0.6269775967762223,-0.9377387409147317,-0.06427402383892389,0.6251698989437502,-0.8879380996645052,-0.043145537095013786,0.3501724210982511,-0.8665434143319111,-0.0724673256998114,0.1815894766305155,-0.3005221551911825,1.0
Train260.csv,-2.7422981619359232,-1.5953642734817388,-2.901383800760681,-1.8684738116665052,-3.032829124338445,-1.5532032439190364,-2.31037577244133,-0.8059772123291952,-2.771210586120229,-1.1026012247524555,-3.8608488727050196,-2.1547984076327835,1.951162339424667,2.681712263900895,124.29848729971677,181.6884958799294,-2.6535240815147336,-1.0514285604382736,-2.7685248967565688,-1.5351453760919096,-2.931094700729222,-0.7731593803848416,-2.237035807890849,-0.32628443158837284,-2.700176193546062,-1.369180359659572,-3.8475608444461127,-2.4595441930879964,1.8772806213923656,2.5502389290916665,121.74101863644538,181.6884958799294,-0.08877408042118962,0.17629999551168885,-0.3932955082707301,-0.13285890400411215,0.14675172608878295,-0.3515105972240904,-0.1017344236092228,0.13832221095893127,-0.4555842500555287,-0.07333996455048108,0.5769101433418091,-0.554006304185267,-0.071034392574167,0.21498371962107976,-0.5947090351687168,-0.013288028258906959,0.21733090539742728,-0.28687646420769397,0.07388171803230148,0.6785636724128212,-0.4498602731663066,1.0
Train261.csv,-1.9340237886279856,-1.3391293616715765,-3.0537489340201547,-1.9842559148067398,-3.1585183637731147,-1.7346169827915918,-2.318553693205386,-1.2788881073821834,-2.002194915856542,-0.43882686467338433,-2.745195414006451,-1.4709738006873707,2.161649414774864,2.7599961250931315,163.56063740012212,288.29798491538406,-1.898454549071133,-1.2507309726740923,-2.963982109787543,-1.6823828235034946,-3.085197014482647,-1.8708876353872803,-2.184812897174457,-1.0978731083989013,-1.8421282061917628,-0.31211951942432326,-2.5185765469298174,-1.0516134061320088,2.177571155184265,2.8412956736313886,168.0188126565144,259.4681864238457,-0.03556923955685254,0.10636118722408905,-0.2678878783261407,-0.08976682423261151,0.03629687676616555,-0.3658810438346176,-0.07332134929046763,0.3702777937638091,-0.39815390678192175,-0.13374079603092914,0.07885188439268909,-0.5115972618660216,-0.1600667096647792,0.2849089524765398,-1.2774370188925976,-0.2266188670766338,0.11673934098634131,-0.5554638614524299,-0.015921740409400975,0.2661527746586043,-0.636555287079339,1.0
Train262.csv,-1.70857773885291,-0.7447223792804797,-2.226997842326818,-1.2948947758870422,-2.2999797438213583,-1.5418332808719106,-1.776474272193238,-0.9766468461434606,-1.6023449334830162,-0.8058286218372102,-1.9649321941205407,-1.0163058105445868,1.6753711302130256,2.4425397741563013,203.42067271485897,288.93939729400137,-1.6534178207761803,-0.9896162965588978,-2.1378590705986573,-1.448830290459856,-2.0555573148640143,-1.3195770626482897,-1.5956894048156376,-0.9924843248665821,-1.3506908481410012,-0.5911132203011676,-1.629755534684493,-0.49281796289543345,1.8728131271566917,2.5989446495093467,232.79632596075328,321.0437747711127,-0.05515991807672971,0.22278538167980466,-0.635680958630138,-0.08913877172816065,0.5426807371925768,-0.5794224804367318,-0.244422428957344,0.3464134804535499,-0.7764654254002987,-0.18078486737760047,0.3288671969835113,-0.6817890611036437,-0.25165408534201505,0.7559760575883745,-0.976084408067631,-0.3351766594360477,0.7719521274351178,-0.9310572854075525,-0.19744199694366604,0.6150317224293633,-0.658690179674168,1.0
Train263.csv,-0.9731311386429089,-0.2903751751334947,-1.1758009012771333,-0.27696795636385585,-1.6585385688049123,-0.9268595140821925,-1.9574013712372256,-1.022265548422411,-1.3496893736745967,-0.17657763652777053,-1.386603946022192,-0.4776105037319546,1.6029204663260375,2.281784605215249,193.76854141108032,361.83023655017865,-1.0368552299580678,-0.5924436577954528,-1.1683061165349726,-0.5325226398838546,-1.6923314420063345,-0.9187270086379682,-1.90685397117269,-1.0233757326691608,-1.4236207404493935,-0.44921115204131146,-1.3569669483895086,-0.42317867063684994,1.6639717072214673,2.3088915566288697,199.77052788867263,306.1640463116896,0.06372409131515888,1.0255772570740558,-0.6796472347502154,-0.007494784742160698,1.2272777843514477,-0.6346744244316167,0.0337928732014221,0.9507952363151255,-0.3606358555843854,-0.05054740006453562,1.0709047855913603,-0.5901678102051646,0.07393136677479673,1.4129833190393914,-0.6842089325445715,-0.02963699763268335,1.8741311130810132,-1.152072152605161,-0.06105124089542979,0.793452071215017,-0.7606343416059391,1.0
Train264.csv,-4.238964352638963,-2.039157676506743,-4.131035896267472,-1.1074181804450844,-4.394570038620499,-1.2197279893490243,-4.717629883230298,-2.4713775905571875,-5.258223479569052,-3.533981112385107,-5.49423035561882,-3.9191006401145665,1.1998088389058224,2.1117928591884336,66.59966723848524,128.62006118590318,-4.121982488151412,-1.875202754374785,-3.997208153717751,-1.1067559863716379,-4.216648123697929,-0.7742147456204145,-4.6385104976310565,-2.459588957547253,-5.277464914666104,-3.3827076282325437,-5.415148032616793,-3.785506163289511,1.2346206513560893,1.9999506081930871,62.13429637006739,128.62006118590318,-0.11698186448755088,0.12295684962376008,-0.36449531037898986,-0.13382774254972052,0.26956390315027257,-0.6021217907929173,-0.17792191492256926,-0.06756004543085714,-0.41825587817321175,-0.07911938559924181,0.18123370604570566,-0.4994662066396893,0.019241435097051784,0.45830639094033376,-0.4462487098264285,-0.07908232300202656,0.2655038425655132,-0.42754475646260737,-0.03481181245026699,0.20381022285039818,-0.3128334457367101,1.0
Train265.csv,-1.8962915215616722,-0.4738655727515917,-2.7766226322925807,-1.1691375484473918,-2.8778492059668817,-1.235270305992574,-2.053804287147993,0.24921566711736767,-1.9099693703562655,0.24374053703533488,-2.373837139772455,-1.1730627972237393,2.0073429125692703,2.941434366070508,189.07599050851536,282.25520513788365,-1.810885929036648,-0.9253812321296679,-2.741557139834717,-1.566981792428006,-2.793274324705301,-1.4372529537134784,-2.0027590282512295,-0.14747850723497666,-1.8876068511875463,-0.9620191351958803,-2.2064562859986356,-1.1585689546560716,2.050416024931513,3.0058714343322857,198.3745085649929,313.6168945976485,-0.08540559252502433,0.12376532613105318,-0.36742811690182964,-0.03506549245786372,0.17862582854146547,-0.1693825204423769,-0.08457488126158053,0.14952076997310515,-0.37151590679358937,-0.05104525889676337,0.09087324477396663,-0.21650824906706578,-0.02236251916871912,0.337151231059442,-0.27688887338855706,-0.16738085377381928,0.2011736053008848,-0.388433423142418,-0.04307311236224276,0.5184404377552756,-0.2785574755995541,1.0
Train266.csv,-3.6961828048808156,-2.3033448371450973,-3.475754695433261,-2.359407087732361,-3.517951617842699,-2.1671013608932093,-4.129173154541002,-2.7047761958340937,-4.8866552620426695,-3.718419480883871,-5.111587685588366,-4.466759289941969,1.4196975040719308,2.082069128980163,70.04778256218627,206.60230300727756,-3.7621559308231545,-2.3396759942154004,-3.474226681225505,-2.031457865898496,-3.462905212946705,-1.7681305576861612,-3.980735427843069,-2.148924534332521,-4.812157589003337,-3.4566333651070424,-5.083926810516756,-4.559136168462396,1.5359482535415518,2.6009694725325745,72.96941036610698,129.12643937954846,0.06597312594233884,0.3803534829310311,-0.31086050164712464,-0.0015280142077558345,0.36551060038255967,-0.3616667187635958,-0.055046404895993994,0.47975986629980083,-0.4141037355980268,-0.14843772669793287,0.18541465841200733,-0.8273736383997892,-0.07449767303933275,0.34761759758667665,-0.39353810304795367,-0.02766087507160986,0.09771887614623065,-0.1780357369024248,-0.116250749469621,0.3234656442557158,-0.7260300421789778,1.0
Train267.csv,-1.088041068103656,-0.284860045672703,-1.4730126146408657,-0.5428106750498493,-1.7972152005236715,-0.5651488067189114,-1.8712215496677496,-0.989058734613195,-1.4812939589858134,-0.32778826513027687,-1.36761356027014,-0.41097284312375876,1.690303654844663,2.7471267371758334,178.10402761185196,363.3769917598588,-1.1214137134771456,-0.677132506759602,-1.4600190678885303,-0.6495445177003908,-1.7666835871806927,-0.9161679523083711,-1.855725157421527,-1.0211585819351827,-1.1432023033203553,-0.27522776684623124,-1.0070001144097145,0.3480060203038601,2.0311249407518206,3.0799442941178943,212.3962447904411,363.3769917598588,0.033372645373489496,0.7379340762981309,-0.8071963232138162,-0.012993546752335439,0.6629186152850548,-0.7434241100890471,-0.030531613342978714,0.6372094074693879,-0.835206994008105,-0.015496392246222568,0.9730635292410272,-0.827621525977233,-0.33809165566545807,0.6984457357189418,-1.3670232898079524,-0.36061344586042554,0.9840416379416919,-1.4996321933300862,-0.34082128590715755,0.3322924855897269,-1.1612977903828712,1.0
Train268.csv,-2.0698316540608612,-0.6827802410168677,-3.1658692482233812,-1.579099124927965,-3.142282461477702,-1.7457106364537665,-2.0858309711697447,-0.5185223382281277,-2.1676938343651226,-0.7858038065593095,-2.992950116041129,-1.6733772318142717,2.175099407227381,2.7171894471421423,131.24731813391094,255.8222634295996,-2.0255410423454765,-1.1535326613911916,-3.108768096549036,-1.957355024757329,-3.207413359385125,-2.434609565897466,-2.127880950689831,-1.5869779464001208,-2.214263422119628,-0.8663518724304399,-2.934378957096688,-1.817793407181028,2.125355699925421,3.1442296086917585,121.57280438630869,255.8222634295996,-0.04429061171538473,0.22738798006821082,-0.4856379779724902,-0.057101151674345374,0.15402311469355912,-0.5044767846923786,0.06513089790742299,0.4866437442277993,-0.1648517678005632,0.04204997952008638,0.29714195651961184,-0.21849729517582706,0.04656958775450537,0.3956556480027493,-0.3864571988860117,-0.058571158944441315,0.5136707090326951,-0.63638561256144,0.04974370730195998,0.5558195600853495,-0.2568291657228756,1.0
Train269.csv,-1.8438224562357197,-0.9633680385236473,-2.9485097022156657,-1.830989963586997,-3.011760831764004,-1.1579422624546996,-2.2127369763947593,-0.5584390516530026,-2.085733643241146,-0.9027772027554188,-2.2955401865243608,-0.2555382570139444,2.0047347099286785,2.745214662916446,170.89113309660632,275.2671860655786,-1.8623410044476356,-1.1472329116640974,-2.8342195210313506,-1.576382454403814,-2.935689757692049,-1.4114171163681908,-2.147468547862905,-0.7424344398500775,-1.8056334628708848,-0.5102240670308916,-2.1315345751818606,-0.7531173770389383,2.1177263294667603,2.773546475886554,193.38442604833477,305.852428961754,0.018518548211915897,0.3553224650149833,-0.14805063997024837,-0.11429018118431511,0.30815096701178746,-0.39904011215055446,-0.07607107407195501,0.31050048489607684,-0.4130136406567697,-0.0652684285318541,0.25626634522608827,-0.34650459501564157,-0.2801001803702612,0.34100950223289095,-1.1466573847604702,-0.16400561134250013,0.4870381781276265,-1.1003520721624436,-0.11299161953808179,0.3712949472016769,-1.1790459447058415,1.0
Train270.csv,-3.09840505266056,-2.610972843409054,-3.618944868462153,-2.3815980170227955,-2.516329601067829,-1.1295304405061604,-2.059868021280236,-1.1138660647427516,-3.420016094204052,-2.2673903501449835,-4.499567797718328,-3.0700480209160763,2.4272288764760006,3.4614152898414425,108.01247402953724,131.1979865353701,-3.004169504934798,-2.1203501918730674,-3.6565369516819493,-2.6204495828811627,-2.5836721096234387,-1.7537466022057364,-2.0317432535468165,-1.3560450185891075,-3.498701182477502,-2.583148750773785,-4.491786071977178,-3.2599893434559366,2.329842878307437,3.294942611306409,109.2192212931073,131.1979865353701,-0.09423554772576193,0.3773869205141085,-0.5500017139288134,0.03759208321979646,0.6337936732724065,-0.6863162120501651,0.06734250855560964,0.6632209449092965,-0.3365166025457942,-0.028124767733419542,0.6097658175070055,-0.7591459432232304,0.07868508827345,0.7193639437730819,-0.43499765954898173,-0.007781725741149437,0.666133758402724,-0.236554916372965,0.09738599816856341,0.5570570926831779,-0.28333816307938875,1.0
Train271.csv,-2.813596024596783,-1.5096879051673464,-2.7300180022739298,-1.5274569662278723,-2.540867407665548,-0.5481734795581414,-3.2233015999240315,-1.522286065518911,-3.981757409067665,-2.347683496015327,-4.4764052505865575,-3.0532945088431283,1.2946444487345938,2.3448481130559853,76.28817422044817,164.06653474107335,-2.674963866321959,-1.7432489484450857,-2.594052286616525,-1.4234076661597361,-2.224349855394407,-0.8779171084525136,-2.932569837758065,-1.7896024424241384,-3.6909019721719813,-2.3851180432540757,-4.205584438384719,-2.7666664523020414,1.38493798202434,2.746619928361136,74.51536969235211,136.7221122842278,-0.13863215827482378,0.16612508973932005,-0.6926257796837771,-0.13596571565740456,0.2530139285681541,-0.9123888805296168,-0.316517552271141,0.18603457021292824,-1.2543467720997015,-0.2907317621659664,0.1396133230436032,-1.0995025353321477,-0.2908554368956837,0.3171236203037999,-0.8771918226433244,-0.27082081220183873,0.1609266225790611,-0.7450760303423132,-0.0902935332897461,0.24242247759996338,-0.62910777187746,1.0
Train272.csv,-2.4503452252146296,-1.2149688084793528,-3.3398300453224774,-2.731303754310473,-3.3949086549240395,-1.8562105986458066,-2.4577254461422005,-1.6456372806774595,-2.4830855784296197,-1.5441574719328204,-3.5693297552161143,-2.2747508436359882,1.9083872846215972,2.9658798984304973,145.8670294700735,223.9204372299464,-2.440160855784449,-1.3498001558353017,-3.2861241944904984,-2.7331586132519443,-3.3303559333925037,-2.4871316131121595,-2.2657820095703425,-1.4589649030640515,-2.351063944353794,-1.3877672464869972,-3.5471484985533475,-2.452716551444656,2.0742639339475275,2.7217727155879743,128.65640888508113,203.56403384540582,-0.010184369430180418,0.3704548666906824,-0.4893133107119412,-0.053705850831978985,0.2037533530186466,-0.3324048397959394,-0.0645527215315358,0.3262789827662469,-0.3585964657420546,-0.19194343657185797,0.02351121670662204,-0.7465982300827196,-0.13202163407582557,0.3264472852649485,-0.903172510946092,-0.022181256662766824,0.3767680126493973,-0.6806253641844209,-0.16587664932593027,0.07510788979495597,-0.4468672255678454,1.0
